url,section,macro,seed,kind,stone,guide,status,priority,frame,title,meta_title,meta_description,words,batch,doc_id,doc_link,redirects,open_evidence_gaps
/angel-numbers/0,angel-numbers,M6 Angel Numbers (outer),S6.1 repeating numbers,article,,,new,LOW,Explanation,"Angel Number 0: Meaning, Potential & Spiritual Significance",Angel Number 0 Meaning: Numerology & Spiritual Contexts,"In angel number tradition, 0 is associated with infinite potential and divine wholeness. Learn its unique numerological role and meaning in love, career, and spirit.",1136,batch-102,1fW2j6_WyB_2RkjqII0tV5bTXzqjSjJw4bnEhOXY7Ddw,https://docs.google.com/document/d/1fW2j6_WyB_2RkjqII0tV5bTXzqjSjJw4bnEhOXY7Ddw/edit?usp=drivesdk,,Zero's role in numerology varies across traditions; some systems exclude it while others treat it as the foundational container of all numbers. This range is noted in the article.
/angel-numbers/100,angel-numbers,M6 Angel Numbers (outer),S6.2 mixed sequences,article,,,new,LOW,Explanation,"Angel Number 100: Meaning, Love & Spiritual Significance",Angel Number 100 Meaning: Numerology & Significance,Angel number 100 is linked in numerology to fresh starts and divine alignment. Learn how double zero amplifies the 1 and what the tradition associates with this number.,1252,batch-104,1p_7esHnHso_x5htDEEYtXbqUmlg2KKMVv81Ynxdb0AQ,https://docs.google.com/document/d/1p_7esHnHso_x5htDEEYtXbqUmlg2KKMVv81Ynxdb0AQ/edit?usp=drivesdk,,none
/angel-numbers/1010,angel-numbers,M6 Angel Numbers (outer),S6.2 mixed sequences,article,,,new,LOW,Explanation,"Angel Number 1010: Meaning, Love & Spiritual Significance",Angel Number 1010 Meaning: Numerology & Significance,"Angel number 1010 is linked in numerology to new beginnings, spiritual awakening, and the amplifying power of zero. Learn what the tradition says and why.",1113,batch-104,1kDd6mvhUPeGeHHw8dJC-iv92V54HXLUs1Pl4GMfmyZ8,https://docs.google.com/document/d/1kDd6mvhUPeGeHHw8dJC-iv92V54HXLUs1Pl4GMfmyZ8/edit?usp=drivesdk,,none
/angel-numbers/11,angel-numbers,M6 Angel Numbers (outer),S6.1 repeating numbers,article,,,new,LOW,Explanation,Angel Number 11: Meaning & Spiritual Significance,Angel Number 11 Meaning: Intuition & Awakening,"Angel number 11 is a master number associated in numerology with intuition, spiritual awakening, and heightened sensitivity. Learn what the tradition holds.",1042,batch-103,14y5F_aTEXLURT898JbpBLHePw3f3mav1_jRPS9wcrOo,https://docs.google.com/document/d/14y5F_aTEXLURT898JbpBLHePw3f3mav1_jRPS9wcrOo/edit?usp=drivesdk,,"Numerological associations are tradition with no empirical basis; cited sources (Millman 1995, Fontaine 2005, Virtue 2008) represent the tradition accurately."
/angel-numbers/111,angel-numbers,M6 Angel Numbers (outer),S6.1 repeating numbers,article,,,new,MEDIUM,Explanation,Angel Number 111: Meaning & Spiritual Significance,"Angel Number 111: Meaning, Love & Spiritual Significance","Angel number 111 is associated in spiritual traditions with new beginnings, alignment, and manifestation. Explore what practitioners believe it signals.",954,batch-101,1KUf2RNF8QFSmsCBAA9ShgP5yy1H-ZIA6YS2mPPJ2Bt0,https://docs.google.com/document/d/1KUf2RNF8QFSmsCBAA9ShgP5yy1H-ZIA6YS2mPPJ2Bt0/edit?usp=drivesdk,,"Angel number meanings are spiritual tradition, not empirical claims; no primary scientific or historical religious sources exist for this concept; the framework originates in modern New Age spirituality (1990s onward)."
/angel-numbers/1111,angel-numbers,M6 Angel Numbers (outer),S6.1 repeating numbers,article,,,new,MEDIUM,Explanation,"Angel Number 1111: Meaning, Awareness & Spiritual Significance",Angel Number 1111 Meaning: Numerology & Life Contexts,"In angel number tradition, 1111 is associated with heightened awareness and new beginnings. Learn its numerological construction and meaning in love, career, and spirit.",1112,batch-102,1hrTe7RIA_EVDVhgvq5Wd6Hx9Y-Ga6tT3d5Ja1VJrFcE,https://docs.google.com/document/d/1hrTe7RIA_EVDVhgvq5Wd6Hx9Y-Ga6tT3d5Ja1VJrFcE/edit?usp=drivesdk,,No peer-reviewed evidence supports angel number frameworks as predictive systems; associations are tradition only.
/angel-numbers/1122,angel-numbers,M6 Angel Numbers (outer),S6.2 mixed sequences,article,,,new,LOW,Explanation,"Angel Number 1122: Meaning, Love & Spiritual Significance",Angel Number 1122 Meaning: Numerology & Significance,Angel number 1122 contains master numbers 11 and 22. Learn what the tradition associates with this sequence and how numerologists interpret its construction.,1191,batch-104,17GclcE6363IWjPcBzWtSrCxsC1RkqwL0XjJrfiDJ-WY,https://docs.google.com/document/d/17GclcE6363IWjPcBzWtSrCxsC1RkqwL0XjJrfiDJ-WY/edit?usp=drivesdk,,none
/angel-numbers/1212,angel-numbers,M6 Angel Numbers (outer),S6.2 mixed sequences,article,,,new,LOW,Explanation,"Angel Number 1212: Meaning, Love & Spiritual Significance",Angel Number 1212 Meaning: Numerology & Significance,"Angel number 1212 is linked in numerology to balance, harmony, and spiritual growth. Learn how the number is constructed and what the tradition associates with it.",1169,batch-104,1U86lZ3dVc6KltEhEhIGt0s8MkA_iIYNNg3R9FrO7OqU,https://docs.google.com/document/d/1U86lZ3dVc6KltEhEhIGt0s8MkA_iIYNNg3R9FrO7OqU/edit?usp=drivesdk,,none
/angel-numbers/1234,angel-numbers,M6 Angel Numbers (outer),S6.2 mixed sequences,article,,,new,LOW,Explanation,"Angel Number 1234: Meaning, Love & Spiritual Significance",Angel Number 1234 Meaning: Numerology & Significance,Angel number 1234 is linked in numerology to sequential progress and step-by-step momentum. Learn the numerological basis and common life-context interpretations.,1179,batch-104,1hFgDgeHFlVN2XI_66O92vK0T5COluQHfBcXLniRrUPA,https://docs.google.com/document/d/1hFgDgeHFlVN2XI_66O92vK0T5COluQHfBcXLniRrUPA/edit?usp=drivesdk,,none
/angel-numbers/200,angel-numbers,M6 Angel Numbers (outer),S6.2 mixed sequences,article,,,new,LOW,Explanation,Angel Number 200: Meaning & Spiritual Significance,"Angel Number 200: Meaning, Love & Spiritual Significance","Angel number 200 is associated in numerological tradition with balance, patience, and partnership. Learn what practitioners believe it signals and how it is interpreted.",1067,batch-105,1GgY1Al9vb_I4uwywErCNMPbvTI3vdDVEEnHl4xLGsCo,https://docs.google.com/document/d/1GgY1Al9vb_I4uwywErCNMPbvTI3vdDVEEnHl4xLGsCo/edit?usp=drivesdk,,"Angel number meanings are spiritual tradition, not empirical claims; the framework originates in modern New Age numerology popularized from the 1990s onward; no primary scientific sources exist for these associations."
/angel-numbers/22,angel-numbers,M6 Angel Numbers (outer),S6.1 repeating numbers,article,,,new,LOW,Explanation,Angel Number 22: Meaning & Spiritual Significance,Angel Number 22 Meaning: The Master Builder Number,"Angel number 22 is called the Master Builder in numerology, associated with turning ambitious visions into practical reality. Learn what the tradition holds.",944,batch-103,1ZGnq4-rMe66XxyDEDR_Zg-a9UKjofZ3JRZdIFIG3lWM,https://docs.google.com/document/d/1ZGnq4-rMe66XxyDEDR_Zg-a9UKjofZ3JRZdIFIG3lWM/edit?usp=drivesdk,,Numerological associations are tradition with no empirical basis; cited sources represent the tradition accurately.
/angel-numbers/222,angel-numbers,M6 Angel Numbers (outer),S6.1 repeating numbers,article,,,new,MEDIUM,Explanation,Angel Number 222: Meaning & Spiritual Significance,"Angel Number 222: Meaning, Love & Spiritual Significance","Angel number 222 is associated in spiritual traditions with balance, partnership, and patience. Explore what practitioners believe this sequence signals.",938,batch-101,1_BKfnAUuezH4qqYFyeRGje28AC-PK63d7_OJQwmJmHY,https://docs.google.com/document/d/1_BKfnAUuezH4qqYFyeRGje28AC-PK63d7_OJQwmJmHY/edit?usp=drivesdk,,"Angel number meanings are spiritual tradition, not empirical claims; no primary scientific or historical religious sources exist for this concept."
/angel-numbers/300,angel-numbers,M6 Angel Numbers (outer),S6.2 mixed sequences,article,,,new,LOW,Explanation,Angel Number 300: Meaning & Spiritual Significance,"Angel Number 300: Meaning, Love & Spiritual Significance","Angel number 300 is associated in numerological tradition with creativity, expression, and spiritual expansion. Learn what practitioners believe it signals.",1055,batch-105,1P0ZyQGjE0bOByievLJDamC9MVXafWG38Otq1NfKUK6Q,https://docs.google.com/document/d/1P0ZyQGjE0bOByievLJDamC9MVXafWG38Otq1NfKUK6Q/edit?usp=drivesdk,,"Angel number meanings are spiritual tradition, not empirical claims; the framework originates in modern New Age numerology popularized from the 1990s onward; no primary scientific sources exist for these associations."
/angel-numbers/33,angel-numbers,M6 Angel Numbers (outer),S6.1 repeating numbers,article,,,new,LOW,Explanation,Angel Number 33: Meaning & Spiritual Significance,Angel Number 33 Meaning: Compassion & the Master Teacher,"Angel number 33 is called the Master Teacher in numerology, associated with compassion, nurturing, and service to others. Learn what the tradition holds.",974,batch-103,1nwPJaBLMY0dq3IxYYSGUD1mX8sGlsrSCE5iJbxusQJA,https://docs.google.com/document/d/1nwPJaBLMY0dq3IxYYSGUD1mX8sGlsrSCE5iJbxusQJA/edit?usp=drivesdk,,Numerological associations are tradition with no empirical basis; cited sources represent the tradition accurately.
/angel-numbers/333,angel-numbers,M6 Angel Numbers (outer),S6.1 repeating numbers,article,,,new,MEDIUM,Explanation,Angel Number 333: Meaning & Spiritual Significance,"Angel Number 333: Meaning, Love & Spiritual Significance","Angel number 333 is associated in spiritual traditions with creativity, growth, and self-expression. Explore what practitioners believe this sequence signals.",923,batch-101,1SRgoDvEQDVaBG_9EPbhwkD_bB2fyTd43h4WgDMZHohA,https://docs.google.com/document/d/1SRgoDvEQDVaBG_9EPbhwkD_bB2fyTd43h4WgDMZHohA/edit?usp=drivesdk,,"Angel number meanings are spiritual tradition, not empirical claims; no primary scientific or historical religious sources exist for this concept."
/angel-numbers/400,angel-numbers,M6 Angel Numbers (outer),S6.2 mixed sequences,article,,,new,LOW,Explanation,Angel Number 400: Meaning & Spiritual Significance,"Angel Number 400: Meaning, Love & Spiritual Significance","Angel number 400 is associated in numerological tradition with stability, groundedness, and diligent effort. Learn what practitioners believe it signals.",1104,batch-105,1BwwwKSUnLkEqWxiq9Wm1BDxvqWihqfsBb8-MT2PqyoM,https://docs.google.com/document/d/1BwwwKSUnLkEqWxiq9Wm1BDxvqWihqfsBb8-MT2PqyoM/edit?usp=drivesdk,,"Angel number meanings are spiritual tradition, not empirical claims; the framework originates in modern New Age numerology popularized from the 1990s onward; no primary scientific sources exist for these associations."
/angel-numbers/44,angel-numbers,M6 Angel Numbers (outer),S6.1 repeating numbers,article,,,new,LOW,Explanation,Angel Number 44: Meaning & Spiritual Significance,"Angel Number 44 Meaning: Stability, Effort & Foundation","Angel number 44 is associated in numerology with discipline, building solid foundations, and the rewards of sustained effort. Learn what the tradition holds.",978,batch-103,17T6y2H8bO_3bUNdZ9nEs2gR_SrUi-IUR6jUF2NfLZBA,https://docs.google.com/document/d/17T6y2H8bO_3bUNdZ9nEs2gR_SrUi-IUR6jUF2NfLZBA/edit?usp=drivesdk,,Whether 44 qualifies as a master number varies by numerological tradition; both interpretations are noted in the draft.
/angel-numbers/444,angel-numbers,M6 Angel Numbers (outer),S6.1 repeating numbers,article,,,new,MEDIUM,Explanation,Angel Number 444: Meaning & Spiritual Significance,"Angel Number 444: Meaning, Love & Spiritual Significance","Angel number 444 is associated in spiritual traditions with stability, protection, and grounded effort. Explore what practitioners believe this sequence signals.",1079,batch-101,1IG5XVMAE2z5liIWVUkoFjhp4HBbFcBwa6DjcmWyZOeE,https://docs.google.com/document/d/1IG5XVMAE2z5liIWVUkoFjhp4HBbFcBwa6DjcmWyZOeE/edit?usp=drivesdk,,"Angel number meanings are spiritual tradition, not empirical claims; no primary scientific or historical religious sources exist for this concept."
/angel-numbers/500,angel-numbers,M6 Angel Numbers (outer),S6.2 mixed sequences,article,,,new,LOW,Explanation,Angel Number 500: Meaning & Spiritual Significance,"Angel Number 500: Meaning, Love & Spiritual Significance","Angel number 500 is associated in numerological tradition with significant change, personal freedom, and transformation. Learn what practitioners believe it signals.",1135,batch-105,18Yfy73YVk1uBt1StEXSBwlHJ1MrLM2e0TpqY02Jl1oM,https://docs.google.com/document/d/18Yfy73YVk1uBt1StEXSBwlHJ1MrLM2e0TpqY02Jl1oM/edit?usp=drivesdk,,"Angel number meanings are spiritual tradition, not empirical claims; the framework originates in modern New Age numerology popularized from the 1990s onward; no primary scientific sources exist for these associations."
/angel-numbers/55,angel-numbers,M6 Angel Numbers (outer),S6.1 repeating numbers,article,,,new,LOW,Explanation,Angel Number 55: Meaning & Spiritual Significance,"Angel Number 55 Meaning: Change, Freedom & Transition","Angel number 55 is associated in numerology with major life change, freedom, and adaptability. Learn what the tradition holds about this amplified number.",1012,batch-103,1kUJ-SorSr-6uMxV-v36C5pvsRjHgH8Is74NyOCsZpYc,https://docs.google.com/document/d/1kUJ-SorSr-6uMxV-v36C5pvsRjHgH8Is74NyOCsZpYc/edit?usp=drivesdk,,Whether 55 is treated as a master number depends on the tradition; this is noted clearly in the draft.
/angel-numbers/555,angel-numbers,M6 Angel Numbers (outer),S6.1 repeating numbers,article,,,new,MEDIUM,Explanation,"Angel Number 555: Meaning, Change & Spiritual Significance",Angel Number 555 Meaning: Numerology & Life Contexts,"In angel number tradition, 555 is associated with significant change and personal freedom. Learn its numerological meaning in love, career, and spiritual practice.",985,batch-102,1qLKrxX0sYmwbUjclmMLbEPSYJzo1MDkRrnobpKH4_TQ,https://docs.google.com/document/d/1qLKrxX0sYmwbUjclmMLbEPSYJzo1MDkRrnobpKH4_TQ/edit?usp=drivesdk,,No peer-reviewed evidence exists linking angel numbers to predictable life outcomes; associations are tradition only.
/angel-numbers/66,angel-numbers,M6 Angel Numbers (outer),S6.1 repeating numbers,article,,,new,LOW,Explanation,Angel Number 66: Meaning & Spiritual Significance,"Angel Number 66 Meaning: Harmony, Home & Heart","Angel number 66 is associated in numerology with family, emotional harmony, and nurturing relationships. Learn what the tradition holds about this number.",967,batch-103,1xZ1tOVxMzujNmVMn_oQo7fMQCRhf-kGFeo1FuP9YR_Y,https://docs.google.com/document/d/1xZ1tOVxMzujNmVMn_oQo7fMQCRhf-kGFeo1FuP9YR_Y/edit?usp=drivesdk,,Numerological associations are tradition with no empirical basis; cited sources represent the tradition accurately.
/angel-numbers/666,angel-numbers,M6 Angel Numbers (outer),S6.1 repeating numbers,article,,,new,LOW,Explanation,"Angel Number 666: Meaning, Balance & Spiritual Significance",Angel Number 666 Meaning: Numerology & Life Contexts,"In numerology, 666 is associated with balance, compassion, and home life — not the fearful cultural connotations. Learn its meaning in love, career, and spirituality.",961,batch-102,13TkYCBuV2PAubCdpHYgjfWTsTvHfw9JxtxPcLUCHZxE,https://docs.google.com/document/d/13TkYCBuV2PAubCdpHYgjfWTsTvHfw9JxtxPcLUCHZxE/edit?usp=drivesdk,,"No peer-reviewed evidence supports angel number frameworks as predictive systems; cultural fear associations with 666 are religious/literary in origin, not numerological."
/angel-numbers/77,angel-numbers,M6 Angel Numbers (outer),S6.1 repeating numbers,article,,,new,LOW,Explanation,Angel Number 77: Meaning & Spiritual Significance,Angel Number 77 Meaning: Inner Wisdom & Spiritual Inquiry,"Angel number 77 is associated in numerology with deep spiritual inquiry, inner wisdom, and meaningful synchronicity. Learn what the tradition holds.",1068,batch-103,1H4fxorzpZUnODwiEEdw8ODDoglmb4B1M9oQdQp9udFo,https://docs.google.com/document/d/1H4fxorzpZUnODwiEEdw8ODDoglmb4B1M9oQdQp9udFo/edit?usp=drivesdk,,Numerological associations are tradition with no empirical basis; cited sources represent the tradition accurately.
/angel-numbers/777,angel-numbers,M6 Angel Numbers (outer),S6.1 repeating numbers,article,,,new,MEDIUM,Explanation,"Angel Number 777: Meaning, Wisdom & Spiritual Significance",Angel Number 777 Meaning: Numerology & Life Contexts,"In angel number tradition, 777 is associated with spiritual alignment and inner wisdom. Learn its numerological construction and meaning in love, career, and spirit.",962,batch-102,1LDn5NVSDY9LPDxXnVU4NZpkM8DxWXWguQcWkQkTpaWs,https://docs.google.com/document/d/1LDn5NVSDY9LPDxXnVU4NZpkM8DxWXWguQcWkQkTpaWs/edit?usp=drivesdk,,No peer-reviewed evidence supports angel number frameworks as predictive systems; associations are tradition only.
/angel-numbers/88,angel-numbers,M6 Angel Numbers (outer),S6.1 repeating numbers,article,,,new,LOW,Explanation,"Angel Number 88: Meaning, Love & Spiritual Significance",Angel Number 88 Meaning: Numerology & Significance,"Angel number 88 is linked in numerology to abundance, material balance, and karmic cycles. Learn the numerological construction and what people believe it signals.",1087,batch-104,1iHzigHblyyW9ojfqWPHzznRF9BGqgEvDBWU6h2-kveE,https://docs.google.com/document/d/1iHzigHblyyW9ojfqWPHzznRF9BGqgEvDBWU6h2-kveE/edit?usp=drivesdk,,none
/angel-numbers/888,angel-numbers,M6 Angel Numbers (outer),S6.1 repeating numbers,article,,,new,LOW,Explanation,"Angel Number 888: Meaning, Abundance & Spiritual Significance",Angel Number 888 Meaning: Numerology & Life Contexts,"In angel number tradition, 888 is associated with abundance and material reciprocity. Learn its numerological construction and meaning in love, career, and spirituality.",1039,batch-102,1n12DPPWTxPFeRPJvozkrg0Nrgwt0VhN6VR_gLth3TD8,https://docs.google.com/document/d/1n12DPPWTxPFeRPJvozkrg0Nrgwt0VhN6VR_gLth3TD8/edit?usp=drivesdk,,No peer-reviewed evidence supports angel number frameworks as predictive systems; abundance associations are tradition only.
/angel-numbers/911,angel-numbers,M6 Angel Numbers (outer),S6.2 mixed sequences,article,,,new,LOW,Explanation,Angel Number 911: Meaning & Spiritual Significance,"Angel Number 911: Meaning, Love & Spiritual Significance",Angel number 911 is associated in numerological tradition with completion and spiritual leadership. This page also addresses the emergency-number association plainly.,1379,batch-105,1f1jR6b9OaB0Zd9tSJF3xSYi10FBKxOvlIy_AuBC7tlg,https://docs.google.com/document/d/1f1jR6b9OaB0Zd9tSJF3xSYi10FBKxOvlIy_AuBC7tlg/edit?usp=drivesdk,,"Angel number meanings are spiritual tradition, not empirical claims; the framework originates in modern New Age numerology popularized from the 1990s onward; no primary scientific sources exist for these associations."
/angel-numbers/99,angel-numbers,M6 Angel Numbers (outer),S6.1 repeating numbers,article,,,new,LOW,Explanation,"Angel Number 99: Meaning, Love & Spiritual Significance",Angel Number 99 Meaning: Numerology & Significance,"Angel number 99 is linked in numerology to completion, humanitarian purpose, and spiritual wisdom. Learn the numerological basis and common interpretations.",1129,batch-104,1CGXjCAij1TSVP8Sj1ciMahTXnZl1tv6BxJWJcFow7Io,https://docs.google.com/document/d/1CGXjCAij1TSVP8Sj1ciMahTXnZl1tv6BxJWJcFow7Io/edit?usp=drivesdk,,none
/angel-numbers/999,angel-numbers,M6 Angel Numbers (outer),S6.1 repeating numbers,article,,,new,LOW,Explanation,"Angel Number 999: Meaning, Completion & Spiritual Significance",Angel Number 999 Meaning: Numerology & Life Contexts,"In angel number tradition, 999 is associated with completion and cycle endings. Learn its numerological construction and meaning in love, career, and spiritual practice.",1093,batch-102,1uiQOsysHLgat6VVkwEGbkJdWQLEM2tqJCPsXkvEL7ak,https://docs.google.com/document/d/1uiQOsysHLgat6VVkwEGbkJdWQLEM2tqJCPsXkvEL7ak/edit?usp=drivesdk,,No peer-reviewed evidence supports angel number frameworks as predictive systems; associations are tradition only.
/compare/black-tourmaline-vs-obsidian,compare,"M4 Gemstone Science, Identification and Buying",S4.1 comparisons,article,,,rewrite,LOW,Comparison,Black Tourmaline vs Obsidian: Key Differences,Black Tourmaline vs Obsidian: Key Differences,"Black tourmaline (Mohs 7–7.5) is a crystalline mineral; obsidian (Mohs 5–5.5) is volcanic glass. Both are black but differ in hardness, fracture, and durability.",974,batch-100,1jiAQn-A8YxuJlumz58Uc-yuso-SMZ22PWG6Y9zehPcI,https://docs.google.com/document/d/1jiAQn-A8YxuJlumz58Uc-yuso-SMZ22PWG6Y9zehPcI/edit?usp=drivesdk,,none
/compare/citrine-vs-yellow-topaz,compare,"M4 Gemstone Science, Identification and Buying",S4.1 comparisons,article,,,new,LOW,Comparison,Citrine vs Yellow Topaz: How to Tell Them Apart,Citrine vs Yellow Topaz: Key Differences,"Citrine is quartz (Mohs 7); yellow topaz is aluminum fluorosilicate (Mohs 8). Colors overlap completely, but refractive index and specific gravity separate them reliably.",1025,batch-100,15vKsIycEaKVS4NWkCrbsiDHDSm_Au82kI7Le2bhnyKs,https://docs.google.com/document/d/15vKsIycEaKVS4NWkCrbsiDHDSm_Au82kI7Le2bhnyKs/edit?usp=drivesdk,,"Much of the citrine sold commercially is heat-treated amethyst; prevalence figure is not precisely quantifiable from public sources, but GIA notes heat treatment is common in the trade."
/compare/lab-created-vs-natural-gemstones,compare,"M4 Gemstone Science, Identification and Buying",S4.1 comparisons,article,,,new,LOW,Comparison,Lab-Created vs Natural Gemstones: Key Differences,Lab-Created vs Natural Gemstones: What to Know,"Lab-created gems share the same chemistry and crystal structure as natural ones but cost much less. They differ in origin, price, detectability, and ethical trade-offs.",1120,batch-100,16kdLtP8itNkpZJIoTfARFXtNAz4XUEymbzRu6XQ-l5Y,https://docs.google.com/document/d/16kdLtP8itNkpZJIoTfARFXtNAz4XUEymbzRu6XQ-l5Y/edit?usp=drivesdk,,"Retail price premium for natural vs. lab-created varies substantially by gem type, grade, and market conditions; price ranges current as of September 2026 are illustrative — exact figures change with supply."
/compare/larvikite-vs-labradorite,compare,"M4 Gemstone Science, Identification and Buying",S4.1 comparisons,article,,,rewrite,LOW,Comparison,Larvikite vs Labradorite: Key Differences Explained,Larvikite vs Labradorite: Differences & Comparison,"Larvikite is a Norwegian igneous rock; labradorite is a feldspar mineral. Both show labradorescence but differ in structure, origin, and gem use. How to tell them apart.",878,batch-100,1_USepxt0boiSWDI4T60iRIO_3ELJya0PdftJ4iisBOo,https://docs.google.com/document/d/1_USepxt0boiSWDI4T60iRIO_3ELJya0PdftJ4iisBOo/edit?usp=drivesdk,,Mohs hardness of larvikite as a whole rock is not standardized — depends on proportion of feldspar vs. other minerals; estimate 6–6.5 based on dominant feldspar component.
/compare/moonstone-vs-opal,compare,"M4 Gemstone Science, Identification and Buying",S4.1 comparisons,article,,,new,LOW,Comparison,Moonstone vs Opal: Key Differences Explained,"Moonstone vs Opal: Properties, Optical Effects & Which to Buy","Moonstone and opal both show internal light effects but work by different mechanisms. Compare their hardness, composition, care requirements, and price.",1314,batch-101,1pKYrgIFKESx5VK6qUUXw9ZRksYfaUovh654WZHms4MM,https://docs.google.com/document/d/1pKYrgIFKESx5VK6qUUXw9ZRksYfaUovh654WZHms4MM/edit?usp=drivesdk,,Retail price ranges described qualitatively; not verified against current (September 2026) primary retail sources.
/compare/purple-quartz-vs-amethyst,compare,"M4 Gemstone Science, Identification and Buying",S4.1 comparisons,article,,,rewrite,LOW,Comparison,Amethyst vs Purple Quartz: Are They the Same?,Amethyst vs Purple Quartz: Key Differences,"Amethyst is the mineralogically specific name for purple quartz. Learn what sets gem-quality amethyst apart, how color forms, and what else is sold as purple quartz.",826,batch-100,1agPVoJcRluyIhrgR-nGx8bbtYw01s1HNYF4DaEKzcoA,https://docs.google.com/document/d/1agPVoJcRluyIhrgR-nGx8bbtYw01s1HNYF4DaEKzcoA/edit?usp=drivesdk,,none
/compare/rose-quartz-vs-pink-quartz,compare,"M4 Gemstone Science, Identification and Buying",S4.1 comparisons,article,,,new,LOW,Comparison,Rose Quartz vs Pink Quartz: What Is the Difference?,Rose Quartz vs Pink Quartz: Key Differences,Rose quartz is translucent massive SiO2 colored by nanofibers; pink quartz forms rare transparent euhedral crystals with a different color mechanism. Both are Mohs 7.,919,batch-100,1CVoJspEn9oFRfR56LfgCAXVvs4H1irB-gAz9q5uIGQs,https://docs.google.com/document/d/1CVoJspEn9oFRfR56LfgCAXVvs4H1irB-gAz9q5uIGQs/edit?usp=drivesdk,,The exact mineral identity of the color-causing nanofibers in rose quartz remains technically unresolved — Goreva et al. (2001) confirmed dumortierite-related structure but noted FTIR/Raman spectra do not exactly match standard dumortierite; described as a closely related material.
/compare/ruby-vs-garnet,compare,"M4 Gemstone Science, Identification and Buying",S4.1 comparisons,article,,,new,LOW,Comparison,Ruby vs Garnet: Key Differences Explained,Ruby vs Garnet: Key Differences & How to Tell Them Apart,"Ruby and garnet share a red color but differ in hardness, chemistry, rarity, and price. Compare their properties side by side and learn to tell them apart.",1167,batch-101,1uPWs8oBLfXNnjqcFUXwDteqZg43mrXQwQszVlHHkLdQ,https://docs.google.com/document/d/1uPWs8oBLfXNnjqcFUXwDteqZg43mrXQwQszVlHHkLdQ/edit?usp=drivesdk,,Retail price ranges not verified against current (September 2026) primary retail sources; described qualitatively with price drivers instead.
/compare/sapphire-vs-tanzanite,compare,"M4 Gemstone Science, Identification and Buying",S4.1 comparisons,article,,,new,LOW,Comparison,Sapphire vs Tanzanite: Key Differences Explained,"Sapphire vs Tanzanite: Properties, Price & Which to Buy","Sapphire and tanzanite both appear blue-violet but differ in hardness, origin, durability, and price. Compare their properties and find out which suits your needs.",1118,batch-101,1qEUsBGjoDFqm7nb5fY1aNF_ORZm7u3mT3EovBbldkL0,https://docs.google.com/document/d/1qEUsBGjoDFqm7nb5fY1aNF_ORZm7u3mT3EovBbldkL0/edit?usp=drivesdk,,Tanzanite does not have a hub page in the site inventory so it was not linked to a hub. Retail price ranges described qualitatively; not verified against current (September 2026) primary retail sources.
/compare/tree-agate-vs-moss-agate,compare,"M4 Gemstone Science, Identification and Buying",S4.1 comparisons,article,,,rewrite,LOW,Comparison,Tree Agate vs Moss Agate: Key Differences,Tree Agate vs Moss Agate: Differences & Comparison,Tree agate is opaque with manganese dendrites in surface fissures; moss agate is translucent with chlorite inclusions locked inside. Transparency is the fastest test.,918,batch-100,1LlMiqLQX-9QbNTV4NK1M4j3jZ2zq3RPhGkM3M9DQOAg,https://docs.google.com/document/d/1LlMiqLQX-9QbNTV4NK1M4j3jZ2zq3RPhGkM3M9DQOAg/edit?usp=drivesdk,,"Specific inclusion mineral in tree agate dendrites varies by locality (manganese oxide, iron oxide, or both); no single authoritative source resolves the exact ratio across all commercial material."
/crystals/amazonite-and-rose-quartz-together,crystals,M5 Crystal Combinations,S5.amazonite,article,,,new,MEDIUM,Evaluation,Amazonite and Rose Quartz Together: Meaning & Benefits,Amazonite and Rose Quartz Together: Meaning & Benefits,"Amazonite and rose quartz are paired for heart-centered communication and self-love. Learn hardness, water safety, and how to use and store this pair safely.",914,batch-093,1eS3zLqj-4QRZmYMo079LaZqGzhu6xcYZDh3bWN2Pq_Y,https://docs.google.com/document/d/1eS3zLqj-4QRZmYMo079LaZqGzhu6xcYZDh3bWN2Pq_Y/edit?usp=drivesdk,,Amazonite color-fading rate in direct sunlight not quantified in primary sources reviewed. Exact Mohs for amazonite/microcline is 6.0–6.5; some sources cite 6.5.
/crystals/amethyst-and-clear-quartz-together,crystals,M5 Crystal Combinations,S5.amethyst,article,,,new,MEDIUM,Evaluation,Amethyst and Clear Quartz Together: Meaning & Benefits,Amethyst and Clear Quartz Together: Meaning & Uses,"Amethyst and clear quartz are paired in crystal tradition to combine calm and intuition with amplification. Learn the physical facts, goals, and how to use them together.",731,batch-091,1nCx3XMTAp-XNQkLtXWUn_yOPAdNReLVSjRRMQUzVURE,https://docs.google.com/document/d/1nCx3XMTAp-XNQkLtXWUn_yOPAdNReLVSjRRMQUzVURE/edit?usp=drivesdk,,Retail evidence for herkimer diamond hub URL not in known_urls; no open gaps for this pair
/crystals/amethyst-and-moonstone-together,crystals,M5 Crystal Combinations,S5.amethyst,article,,,new,MEDIUM,Evaluation,Amethyst and Moonstone Together: Benefits & Care,Amethyst and Moonstone Together,"Amethyst and moonstone are paired for intuition, calm, and sleep. Learn the hardness difference, amethyst fading risk, water rules, and how practitioners use both.",1224,batch-092,1rcbCJoiWuZjVeE2YfMdorwLLpUFX2AYx1DqDYPf-RsA,https://docs.google.com/document/d/1rcbCJoiWuZjVeE2YfMdorwLLpUFX2AYx1DqDYPf-RsA/edit?usp=drivesdk,,none
/crystals/aquamarine-and-moonstone-together,crystals,M5 Crystal Combinations,S5.aquamarine,article,,,new,MEDIUM,Evaluation,Aquamarine and Moonstone Together: Meaning & Benefits,Aquamarine and Moonstone Together: Meaning & Benefits,"Aquamarine and moonstone are paired for calm, intuition, and emotional balance. Learn their physical differences, how to use them, and what to watch out for.",882,batch-094,1b050MafKnIbtz_x33b_QNZ1pCri8k9CKlm715U-9lM0,https://docs.google.com/document/d/1b050MafKnIbtz_x33b_QNZ1pCri8k9CKlm715U-9lM0/edit?usp=drivesdk,,Moonstone adularescence fading under prolonged UV is reported anecdotally in trade sources but precise conditions are not well-documented.
/crystals/aventurine-and-citrine-together,crystals,M5 Crystal Combinations,S5.aventurine,article,,,new,MEDIUM,Evaluation,Aventurine and Citrine Together: Meaning & Benefits,Aventurine and Citrine Together: Uses & Care Tips,"Aventurine and citrine are paired for prosperity. Both are quartz-family stones at Mohs 7. Learn their traditional goals, citrine's sunlight fading, and how to use them.",759,batch-091,1alS8Pt0XInTEFsAh6if1aYp2EIuFBBZ8q9v6Hyr5r3Q,https://docs.google.com/document/d/1alS8Pt0XInTEFsAh6if1aYp2EIuFBBZ8q9v6Hyr5r3Q/edit?usp=drivesdk,,none
/crystals/black-tourmaline-and-amethyst-together,crystals,M5 Crystal Combinations,S5.black-tourmaline,article,,,new,MEDIUM,Evaluation,Black Tourmaline and Amethyst Together: Pairing Guide,Black Tourmaline and Amethyst Together: Pairing Guide,"Black tourmaline and amethyst are paired for protection and calm. Learn their hardness difference, water safety, traditional uses, and how to store them safely.",835,batch-089,17TjxjOLy9UvcywafxV1Q-hBiQz_7W00i3x8YcNPgfgE,https://docs.google.com/document/d/17TjxjOLy9UvcywafxV1Q-hBiQz_7W00i3x8YcNPgfgE/edit?usp=drivesdk,,none
/crystals/bloodstone-and-carnelian-together,crystals,M5 Crystal Combinations,S5.bloodstone,article,,,new,MEDIUM,Evaluation,Bloodstone and Carnelian Together: Meaning & Benefits,Bloodstone and Carnelian Together: Meaning & Uses,"Bloodstone and carnelian are paired for vitality, courage, and action. Both are chalcedony-family stones with similar hardness and simple care needs.",924,batch-095,1YwzKxHlrK5s7JnWA6R9HddH5CyKDa3Q8VQ47iUTXAB4,https://docs.google.com/document/d/1YwzKxHlrK5s7JnWA6R9HddH5CyKDa3Q8VQ47iUTXAB4/edit?usp=drivesdk,,No bloodstone hub page exists on the site; hub link omitted from article.
/crystals/calcite-and-clear-quartz-together,crystals,M5 Crystal Combinations,S5.calcite,article,,,new,MEDIUM,Evaluation,Calcite and Clear Quartz Together: Meaning & Benefits,Calcite and Clear Quartz Together: Meaning & Uses,Calcite and clear quartz are paired for clarity and amplified intention. A 4-point hardness gap and opposite water safety mean they need separate care routines.,1037,batch-095,1no1PiWh4Iryw5PHXiAPUYgUP6eetSDE1Hbda9IfsdFM,https://docs.google.com/document/d/1no1PiWh4Iryw5PHXiAPUYgUP6eetSDE1Hbda9IfsdFM/edit?usp=drivesdk,,none
/crystals/carnelian-and-citrine-together,crystals,M5 Crystal Combinations,S5.carnelian,article,,,new,MEDIUM,Evaluation,Carnelian and Citrine Together: Meaning & Benefits,Carnelian and Citrine Together: Benefits & Care,"Carnelian and citrine are paired for motivation, creativity, and abundance. Learn their shared hardness, sun-fading risk, water safety, and how to use them together.",920,batch-090,1NlQa4w-dXZodIDhmr0aVg47u__hBSLapuIlE-g6K-CU,https://docs.google.com/document/d/1NlQa4w-dXZodIDhmr0aVg47u__hBSLapuIlE-g6K-CU/edit?usp=drivesdk,,none
/crystals/carnelian-and-rose-quartz-together,crystals,M5 Crystal Combinations,S5.carnelian,article,,,new,MEDIUM,Evaluation,Carnelian and Rose Quartz Together: Benefits & Care,Carnelian and Rose Quartz Together,"Carnelian and rose quartz are paired for creative energy and heart-centered love. Learn their physical compatibility, water rules, fading facts, and how to use them.",1106,batch-092,1Ptp6CUL7mK4bSF6m1krPx6GQmv0FzhO-CTCGtbWdBRQ,https://docs.google.com/document/d/1Ptp6CUL7mK4bSF6m1krPx6GQmv0FzhO-CTCGtbWdBRQ/edit?usp=drivesdk,,none
/crystals/chrysocolla-and-lapis-lazuli-together,crystals,M5 Crystal Combinations,S5.chrysocolla,article,,,new,MEDIUM,Evaluation,Chrysocolla and Lapis Lazuli Together: Meaning & Benefits,Chrysocolla and Lapis Lazuli Together: Uses,Chrysocolla and lapis lazuli are paired for communication and calm. Both are soft and water-sensitive — avoid submerging either and store them separately.,1022,batch-095,1HCje4HhzFXb4-H5L8iVoh2T05ik_T_VBxrNxBT7sIIk,https://docs.google.com/document/d/1HCje4HhzFXb4-H5L8iVoh2T05ik_T_VBxrNxBT7sIIk/edit?usp=drivesdk,,No chrysocolla hub page exists on the site; hub link omitted from article.
/crystals/citrine-and-amethyst-together,crystals,M5 Crystal Combinations,S5.citrine,article,,,new,MEDIUM,Evaluation,Citrine and Amethyst Together: Pairing Guide,Citrine and Amethyst Together: Pairing Guide,"Citrine and amethyst are widely paired in crystal practice for clarity and abundance. Learn their physical compatibility, traditional uses, and what to avoid.",831,batch-089,1MBk9yfoQ7Fpdy7BFfPDkSNY6YPWwPFx7h7L7x4uELq0,https://docs.google.com/document/d/1MBk9yfoQ7Fpdy7BFfPDkSNY6YPWwPFx7h7L7x4uELq0/edit?usp=drivesdk,,none
/crystals/citrine-and-pyrite-together,crystals,M5 Crystal Combinations,S5.citrine,article,,,new,MEDIUM,Evaluation,Citrine and Pyrite Together: Meaning & Benefits,Citrine and Pyrite Together: Meaning & Benefits,"Citrine and pyrite are widely paired in prosperity practice. Learn their physical compatibility, traditional goals, and how to use and store them safely.",906,batch-093,1w1ueC8vz9R1fETB3uQB_IzxtBTDSlHUoW23zhAkOBRk,https://docs.google.com/document/d/1w1ueC8vz9R1fETB3uQB_IzxtBTDSlHUoW23zhAkOBRk/edit?usp=drivesdk,,Natural versus heat-treated citrine sun-fading rate not quantified in primary sources; minor variation in published Mohs for pyrite (6.0–6.5) noted.
/crystals/clear-quartz-and-rose-quartz-together,crystals,M5 Crystal Combinations,S5.clear-quartz,article,,,new,MEDIUM,Evaluation,Clear Quartz and Rose Quartz Together: Meaning & Benefits,Clear Quartz and Rose Quartz Together: Meaning & Benefits,"Clear quartz and rose quartz are a widely used pairing in love and healing practice. Learn their physical compatibility, traditional goals, and how to use them.",888,batch-093,1yt5uFUxQ_9AT7UctsLQOjQ8VQqBdjJ3a11cHHBKiQzE,https://docs.google.com/document/d/1yt5uFUxQ_9AT7UctsLQOjQ8VQqBdjJ3a11cHHBKiQzE/edit?usp=drivesdk,,Rose quartz sun-fading rate varies by specimen; no quantified primary source found. Prolonged salt exposure effects on rose quartz surface not quantified.
/crystals/crystals-for-anxiety,crystals,M2 Crystals by Purpose,S2.1 Emotional wellbeing,article,,,rewrite,MEDIUM,Evaluation,Crystals for Anxiety: Which Stones People Use and Why,Crystals for Anxiety: A Practical Guide,"People reach for amethyst, lepidolite, blue lace agate, and rose quartz when managing anxiety. Learn which crystals are traditionally used and how to work with them.",1110,batch-084,1ya2yFMwqRLWDchaJCXAW8-x7M4SyVWbZiMcsqyuvcoo,https://docs.google.com/document/d/1ya2yFMwqRLWDchaJCXAW8-x7M4SyVWbZiMcsqyuvcoo/edit?usp=drivesdk,,"Retail prices for lepidolite, blue lace agate, and sodalite tumbled stones not confirmed from a single US retailer; described qualitatively. No peer-reviewed evidence that crystals reduce anxiety symptoms beyond placebo."
/crystals/crystals-for-beginners,crystals,M2 Crystals by Purpose,S2.5 Practice and spirituality,article,,,new,MEDIUM,Evaluation,Crystals for Beginners: Six Stones to Start With,Crystals for Beginners: Six Stones to Start With,"Clear quartz, amethyst, rose quartz, black tourmaline, carnelian, and citrine make the strongest beginner set. Here is why each earns its place and how to use them.",1659,batch-088,1k6CRsBhWkCvvrobALm6MMjjtFG98JA19p-bGZVx5fOA,https://docs.google.com/document/d/1k6CRsBhWkCvvrobALm6MMjjtFG98JA19p-bGZVx5fOA/edit?usp=drivesdk,,"Retail prices for all six stones vary widely by grade and source; current single-source price evidence not confirmed, so prices described qualitatively only."
/crystals/crystals-for-concentration,crystals,M2 Crystals by Purpose,"S2.4 Confidence, focus and success",article,,,new,MEDIUM,Evaluation,Crystals for Concentration: Stones Used in Focus Practice,Crystals for Concentration: A Practical Stone Guide,"Fluorite, clear quartz, tiger's eye, hematite, and sodalite are the stones most used in concentration-focused crystal practice. Learn what each offers and who it suits.",1409,batch-086,1iai3-PBuCU70B-8y59rBeg88IJOm1XSNzcKI1YhkiOc,https://docs.google.com/document/d/1iai3-PBuCU70B-8y59rBeg88IJOm1XSNzcKI1YhkiOc/edit?usp=drivesdk,,No clinical evidence that crystals improve cognitive concentration or focus. Retail prices not confirmed from a single current source; omitted.
/crystals/crystals-for-confidence,crystals,M2 Crystals by Purpose,"S2.4 Confidence, focus and success",article,,,new,MEDIUM,Evaluation,Crystals for Confidence: Stones Used in Empowerment Practice,Crystals for Confidence: A Practical Stone Guide,"Carnelian, tiger's eye, citrine, sunstone, and black tourmaline are the stones most used in confidence-focused crystal practice. Learn what each offers and who it suits.",1486,batch-086,1dxLkzEbomRQ1DatjPDvVsF-rYj9EZV34Iytst8ADcNs,https://docs.google.com/document/d/1dxLkzEbomRQ1DatjPDvVsF-rYj9EZV34Iytst8ADcNs/edit?usp=drivesdk,,No clinical evidence that crystals affect confidence or self-perception. Retail prices not confirmed from a single current source; omitted. Sunstone variety (oligoclase vs. labradorite feldspar) not always specified by sellers.
/crystals/crystals-for-connection,crystals,M2 Crystals by Purpose,S2.2 Relationships,article,,,rewrite,MEDIUM,Evaluation,Crystals for Connection: Stones Used in Relationship Practice,Crystals for Connection: A Practical Stone Guide,"Rose quartz, lapis lazuli, blue lace agate, labradorite, carnelian, and sodalite are the stones most used for connection. Learn what each offers and who it suits.",1433,batch-086,1syZX-j4f-eVzVzzNNnDLgmRfeSpmV5kCwwKOvkZy9bw,https://docs.google.com/document/d/1syZX-j4f-eVzVzzNNnDLgmRfeSpmV5kCwwKOvkZy9bw/edit?usp=drivesdk,/crystals/best-crystals-for-connection-with-others -> /crystals/crystals-for-connection,No clinical evidence that crystals improve social bonds or communication. Retail prices not confirmed from a single current source; omitted.
/crystals/crystals-for-creativity,crystals,M2 Crystals by Purpose,"S2.4 Confidence, focus and success",article,,,new,MEDIUM,Evaluation,Crystals for Creativity: Stones Used in Creative Practice,Crystals for Creativity: A Practical Stone Guide,"Carnelian, labradorite, citrine, moonstone, and blue lace agate are the stones most used in creativity-focused crystal practice. Learn what each offers and who it suits.",1550,batch-086,1cVyNyBs9axFA9oJCIU1-MQo2Wtuc9Ga0bY-aqLu6JhM,https://docs.google.com/document/d/1cVyNyBs9axFA9oJCIU1-MQo2Wtuc9Ga0bY-aqLu6JhM/edit?usp=drivesdk,,No clinical evidence that crystals affect creativity or artistic output. Retail prices not confirmed from a single current source; omitted.
/crystals/crystals-for-grief,crystals,M2 Crystals by Purpose,S2.1 Emotional wellbeing,article,,,rewrite,MEDIUM,Evaluation,Crystals for Grief: Stones Practitioners Use for Loss,Crystals for Grief and Loss: A Practical Guide,"Practitioners reach for rose quartz, rhodonite, smoky quartz, and obsidian when navigating grief. Learn what each stone offers and how to work with them safely.",1039,batch-084,1gWCdx9kQFBWYfUNuZcY3lYlcemzhJN8kFKAKcnvJlXU,https://docs.google.com/document/d/1gWCdx9kQFBWYfUNuZcY3lYlcemzhJN8kFKAKcnvJlXU/edit?usp=drivesdk,/crystals/11-best-crystals-for-grief -> /crystals/crystals-for-grief,No clinical evidence that crystals assist grief processing; all claims framed as tradition. Retail prices not confirmed across all stones listed; omitted.
/crystals/crystals-for-grounding,crystals,M2 Crystals by Purpose,S2.3 Protection and grounding,article,,,new,MEDIUM,Evaluation,Crystals for Grounding: Which Stones Practitioners Use,Crystals for Grounding: A Practical Stone Guide,"Black tourmaline, hematite, smoky quartz, and red jasper are the grounding stones practitioners reach for most. Learn which suits your needs and how to use them.",1639,batch-085,1nigGKZZlkcCN2VcCBBq3MbmMGkh1rpfPfjPvWi3Bf-Y,https://docs.google.com/document/d/1nigGKZZlkcCN2VcCBBq3MbmMGkh1rpfPfjPvWi3Bf-Y/edit?usp=drivesdk,,No clinical studies confirm that specific crystals produce grounding effects. Retail price ranges not confirmed from a single current US source; omitted.
/crystals/crystals-for-healing,crystals,M2 Crystals by Purpose,S2.5 Practice and spirituality,article,,,new,MEDIUM,Evaluation,Crystals for Healing: A Beginner's Wellbeing Set,Crystals for Healing: A Beginner's Wellbeing Set,"Crystal healing is a complementary wellness practice. This guide explains what it is, picks five starter stones, and links to the evidence on how it works.",1345,batch-088,1iDO73aNa5KgQxC-vPguBe6-L3pXEQnEDfYZR_d7crUM,https://docs.google.com/document/d/1iDO73aNa5KgQxC-vPguBe6-L3pXEQnEDfYZR_d7crUM/edit?usp=drivesdk,,No randomized controlled trials demonstrate that specific crystals produce health outcomes beyond placebo; noted in article with link to /learn/crystal-healing-science.
/crystals/crystals-for-independence,crystals,M2 Crystals by Purpose,"S2.4 Confidence, focus and success",article,,,rewrite,MEDIUM,Evaluation,Crystals for Independence: Stones for Autonomy and Self-Reliance,Crystals for Independence: Stones for Autonomy and Personal Power,"Carnelian, tiger's eye, sunstone, and citrine are the stones most associated with independence. Learn the criteria and which suits your path.",1503,batch-087,1hqMcUY6cidziBiTyNmIQooG_bw4oTmQrfjQCdDv2oNk,https://docs.google.com/document/d/1hqMcUY6cidziBiTyNmIQooG_bw4oTmQrfjQCdDv2oNk/edit?usp=drivesdk,,No clinical evidence links specific stones to increased self-reliance. Sunstone inclusion chemistry (copper vs. iron oxide) differs by origin; retail labeling rarely specifies this distinction. Retail prices not confirmed.
/crystals/crystals-for-jealousy,crystals,M2 Crystals by Purpose,S2.2 Relationships,article,,,rewrite,MEDIUM,Evaluation,Crystals for Jealousy: Stones Used in Emotional Work,Crystals for Jealousy: A Practical Stone Guide,"Rose quartz, amethyst, lepidolite, peridot, and aventurine are the stones most often used when working through jealousy. Learn what to choose and how to use each.",1218,batch-086,13OlxuaNIMqRtMTFVWFJI-KahZv9RnNq-VOoA-HPAgeg,https://docs.google.com/document/d/13OlxuaNIMqRtMTFVWFJI-KahZv9RnNq-VOoA-HPAgeg/edit?usp=drivesdk,,No clinical evidence that crystals affect jealousy or emotional states. Chrysoprase is mentioned in tradition but has no hub page on this site. Retail prices not confirmed from current source; omitted.
/crystals/crystals-for-love,crystals,M2 Crystals by Purpose,S2.2 Relationships,article,,,new,MEDIUM,Evaluation,Crystals for Love: Which Stones Practitioners Choose,Crystals for Love: A Practical Stone Guide,"Rose quartz, rhodonite, garnet, and moonstone are the stones most often used in love-focused crystal practices. Learn what practitioners look for and how to use each.",1478,batch-086,1lVVJubzda2IwjvPnc_w0vEZkikAMIu-v4pa2CAVP1Kk,https://docs.google.com/document/d/1lVVJubzda2IwjvPnc_w0vEZkikAMIu-v4pa2CAVP1Kk/edit?usp=drivesdk,,No clinical evidence that crystals affect emotional states or relationships. Retail price ranges not confirmed from a single current source; omitted. Exact Mindat URLs for some varieties may redirect to parent species pages.
/crystals/crystals-for-meditation,crystals,M2 Crystals by Purpose,S2.5 Practice and spirituality,article,,,new,MEDIUM,Evaluation,Crystals for Meditation: How to Choose the Right Stone,Crystals for Meditation: Choosing the Right Stone,"Amethyst, clear quartz, selenite, and labradorite are the stones most commonly used in meditation. Learn which suits your practice and how to use them.",1636,batch-088,1VQeH0VKqlMOTCdN_lFbTFjVhbu398okxfQy3d-w29f8,https://docs.google.com/document/d/1VQeH0VKqlMOTCdN_lFbTFjVhbu398okxfQy3d-w29f8/edit?usp=drivesdk,,No clinical studies confirm that specific crystals alter meditation outcomes. Retail prices omitted — no current single-source evidence confirmed.
/crystals/crystals-for-money,crystals,M2 Crystals by Purpose,"S2.4 Confidence, focus and success",article,,,new,MEDIUM,Evaluation,Crystals for Money: Stones Used in Prosperity Practice,Crystals for Money: A Practical Stone Guide,"Citrine, pyrite, green aventurine, jade, and tiger's eye are the stones most used in money and prosperity practice. Learn what each offers and who it suits.",1556,batch-086,1LxfAKx-TPOV9t-WZAAmKqCJBvKzOGNoWmhOJNmgLjSA,https://docs.google.com/document/d/1LxfAKx-TPOV9t-WZAAmKqCJBvKzOGNoWmhOJNmgLjSA/edit?usp=drivesdk,,No evidence that crystals produce financial outcomes. Most commercial citrine is heat-treated amethyst; distinction noted but prices not confirmed from a single current US source and are omitted. Malachite dust toxicity noted.
/crystals/crystals-for-new-home,crystals,M2 Crystals by Purpose,S2.3 Protection and grounding,article,,,new,MEDIUM,Evaluation,Crystals for a New Home: Which Stones Practitioners Use,Crystals for a New Home: A Practical Stone Guide,"Black tourmaline, selenite, clear quartz, and rose quartz are the new-home stones practitioners use most. Learn where to place them and which suits each room.",1865,batch-085,1CXSX8JS01r9noTrxm7lkzFLaUR7vl17aIQ1HHFO37Gk,https://docs.google.com/document/d/1CXSX8JS01r9noTrxm7lkzFLaUR7vl17aIQ1HHFO37Gk/edit?usp=drivesdk,,No clinical studies confirm that crystals affect the energy or atmosphere of a home. Retail prices vary widely by size and form; not confirmed from a single current US source; omitted.
/crystals/crystals-for-nightmares,crystals,M2 Crystals by Purpose,S2.1 Emotional wellbeing,article,,,new,MEDIUM,Evaluation,Crystals for Nightmares: What Practitioners Place in the Bedroom,Crystals for Nightmares: A Stone-by-Stone Guide,"Amethyst, black tourmaline, smoky quartz, and labradorite are the stones most commonly used in tradition for nightmares. Learn which to choose and how to place them.",1181,batch-084,1Mfj07r181E29mTsmSBKwVPO2Ie2Y-vQbpLjAe0HIz08,https://docs.google.com/document/d/1Mfj07r181E29mTsmSBKwVPO2Ie2Y-vQbpLjAe0HIz08/edit?usp=drivesdk,,No clinical evidence supports crystals as a treatment for nightmares or trauma-related sleep disturbance. Retail prices not confirmed across all listed stones; omitted.
/crystals/crystals-for-nurses,crystals,M2 Crystals by Purpose,"S2.4 Confidence, focus and success",article,,,rewrite,MEDIUM,Evaluation,Crystals for Nurses: Stones for Protection and Compassion,"Crystals for Nurses: Protection, Grounding, and Compassion","Black tourmaline, amethyst, rose quartz, and hematite are the stones most used by nurses. Learn the criteria and which suits each challenge of nursing.",1538,batch-087,143gN0KLkmzkh2NJ83iJP6BOea05Uf440N1o2CLLXRIw,https://docs.google.com/document/d/143gN0KLkmzkh2NJ83iJP6BOea05Uf440N1o2CLLXRIw/edit?usp=drivesdk,,"No clinical studies confirm crystals reduce nursing burnout or improve patient outcomes. Prehnite does not have a hub page in the gemstone directory, so no internal link was added for it. Angelite (anhydrite, CaSO4, Mohs 3.5) was carried in legacy content but is not in the stone directory; dropped from rewrite per contract section 6."
/crystals/crystals-for-pregnancy,crystals,M2 Crystals by Purpose,S2.1 Emotional wellbeing,article,,,new,MEDIUM,Evaluation,Crystals for Pregnancy: What Practitioners Use and Why,Crystals for Pregnancy: A Practical Guide,"Moonstone, rose quartz, carnelian, and red jasper are the crystals most commonly used in pregnancy. Learn what each offers and which to handle with caution.",1028,batch-084,1jgq2e25wzf5CxfFcxZQkHJQ50qBm54E9MX29gBf1Rps,https://docs.google.com/document/d/1jgq2e25wzf5CxfFcxZQkHJQ50qBm54E9MX29gBf1Rps/edit?usp=drivesdk,,"No clinical evidence supports crystal use during pregnancy. Which crystals are 'safe' or 'unsafe' in pregnancy is based entirely on tradition, not toxicology, except where mineral chemistry indicates real hazards (noted inline). Retail prices not confirmed across all listed stones."
/crystals/crystals-for-protection,crystals,M2 Crystals by Purpose,S2.3 Protection and grounding,article,,,rewrite,MEDIUM,Evaluation,Crystals for Protection: Which Stones Practitioners Use,Crystals for Protection: A Practical Stone Guide,"Black tourmaline, obsidian, and smoky quartz lead most protection lists. Learn what criteria matter, which stone suits your situation, and where to place them.",1548,batch-085,1ZSJJiyygywyMQgUuoYLgIjzp_NkDCzdtASaZbjAWnJY,https://docs.google.com/document/d/1ZSJJiyygywyMQgUuoYLgIjzp_NkDCzdtASaZbjAWnJY/edit?usp=drivesdk,,No clinical studies confirm crystals provide protection from external threats. Retail price ranges not confirmed from a single current US source; omitted.
/crystals/crystals-for-self-love,crystals,M2 Crystals by Purpose,S2.1 Emotional wellbeing,article,,,new,MEDIUM,Evaluation,Crystals for Self-Love: Stones Practitioners Use,Crystals for Self-Love: A Practical Stone Guide,"Rose quartz, rhodonite, citrine, and carnelian are the stones most used in self-love practices. Learn which crystal fits which aspect of self-compassion work.",1136,batch-084,1Jx9LwQ5hWg60sHZko4Pvjwv_YaiHJizws9C1mF8MYzM,https://docs.google.com/document/d/1Jx9LwQ5hWg60sHZko4Pvjwv_YaiHJizws9C1mF8MYzM/edit?usp=drivesdk,,No clinical evidence supports crystals as a tool for self-esteem or self-compassion. Retail prices for most stones in this guide not confirmed from a single current US source; omitted except amethyst/rose quartz range cited for anxiety piece.
/crystals/crystals-for-sleep,crystals,M2 Crystals by Purpose,S2.1 Emotional wellbeing,article,,,rewrite+consolidate,MEDIUM,Evaluation,Crystals for Sleep: Which Stones Practitioners Use,Crystals for Sleep: A Practical Stone Guide,"Amethyst, selenite, lepidolite, and howlite are the stones most commonly used in sleep routines. Learn which to choose and where to place them safely.",1082,batch-084,1fBgxhrcoQzZmqhiDO3MIZBc4BxZoXfQd8mnAUfM_jI4,https://docs.google.com/document/d/1fBgxhrcoQzZmqhiDO3MIZBc4BxZoXfQd8mnAUfM_jI4/edit?usp=drivesdk,/crystals/best-crystals-for-sleep-enhance-sleep-quality-naturally -> /crystals/crystals-for-sleep ; /learn/crystals-to-sleep-with-under-your-pillow -> /crystals/crystals-for-sleep,No clinical studies confirm that specific crystals improve sleep outcomes. Retail prices for howlite and lepidolite not confirmed from a single current US source; omitted.
/crystals/crystals-for-students,crystals,M2 Crystals by Purpose,"S2.4 Confidence, focus and success",article,,,new,MEDIUM,Evaluation,Crystals for Students: Stones for Focus and Exam Prep,"Crystals for Students: Focus, Calm, and Exam Confidence","Fluorite, clear quartz, amethyst, and sodalite are the stones most used by students. Learn which suits your study challenge and how to use them.",1464,batch-087,1JsquDJFL2GyAjJfO7QCC7NgSaD8RdjfbAL3At2vk0Ko,https://docs.google.com/document/d/1JsquDJFL2GyAjJfO7QCC7NgSaD8RdjfbAL3At2vk0Ko/edit?usp=drivesdk,,No clinical studies confirm that specific crystals improve memory or academic performance. The environmental-cueing mechanism (Godden/Baddeley 1975; Gollwitzer/Sheeran 2006) is plausible but not tested specifically with stones. Retail prices not confirmed from a single current source.
/crystals/crystals-for-tarot,crystals,M2 Crystals by Purpose,S2.5 Practice and spirituality,article,,,new,MEDIUM,Evaluation,Crystals for Tarot: Which Stones Practitioners Use and Why,Crystals for Tarot: Stones for Readings and Practice,"Amethyst, labradorite, clear quartz, and moonstone are the stones most used alongside tarot. Learn which suits your practice and how to place them during readings.",1813,batch-088,11DfGq9bNzmqdrAkvC8B2KraU226UecnfgstrZ9cJB9M,https://docs.google.com/document/d/11DfGq9bNzmqdrAkvC8B2KraU226UecnfgstrZ9cJB9M/edit?usp=drivesdk,,No studies confirm crystals affect tarot reading accuracy or quality. Retail prices omitted — no current single-source evidence confirmed.
/crystals/crystals-for-travel,crystals,M2 Crystals by Purpose,S2.3 Protection and grounding,article,,,new,MEDIUM,Evaluation,Crystals for Travel: Which Stones Practitioners Pack,Crystals for Travel: A Practical Stone Guide,"Aquamarine, black tourmaline, moonstone, and turquoise are the travel stones practitioners use most. Learn which suits your trip and how to carry them safely.",1642,batch-085,1i3UM5zPfYO8-dVqkX91lsOVIocGRg4RGVip06c1DXbI,https://docs.google.com/document/d/1i3UM5zPfYO8-dVqkX91lsOVIocGRg4RGVip06c1DXbI/edit?usp=drivesdk,,No clinical studies confirm crystals influence travel safety or outcomes. Retail price ranges for aquamarine and turquoise vary widely by grade; not confirmed from a single current US source; omitted.
/crystals/crystals-for-workplace,crystals,M2 Crystals by Purpose,"S2.4 Confidence, focus and success",article,,,new,MEDIUM,Evaluation,Crystals for the Workplace: Which Stones Practitioners Use,Crystals for the Workplace: A Practical Stone Guide,"Fluorite, black tourmaline, citrine, and smoky quartz are the stones most placed on work desks. Learn which suits your work challenge and where to put them.",1510,batch-087,1lTRC4cJaP5sgU9ZwbZWh49AWmMVHpBTiQWCIc0RPQMQ,https://docs.google.com/document/d/1lTRC4cJaP5sgU9ZwbZWh49AWmMVHpBTiQWCIc0RPQMQ/edit?usp=drivesdk,,No clinical studies confirm that desk crystals improve work performance or reduce measurable stress. Environmental cueing as a mechanism is plausible from behavioral psychology but not tested specifically with stones. Retail prices not confirmed from a single current source.
/crystals/fluorite-and-amethyst-together,crystals,M5 Crystal Combinations,S5.fluorite,article,,,new,MEDIUM,Evaluation,Fluorite and Amethyst Together: Meaning & Benefits,Fluorite and Amethyst Together: Meaning & Benefits,"Fluorite and amethyst are paired for mental clarity and calm. Learn their hardness difference, water safety, sun-fading risk, and how to use them together safely.",982,batch-093,1y4-M4d4Zi_qXgi0oS7sXfl9wFrizjUJ46Xv2RMpzYMw,https://docs.google.com/document/d/1y4-M4d4Zi_qXgi0oS7sXfl9wFrizjUJ46Xv2RMpzYMw/edit?usp=drivesdk,,Fluorite fading in sunlight is well-documented; exact rate by color variety not quantified in sources reviewed.
/crystals/garnet-and-rose-quartz-together,crystals,M5 Crystal Combinations,S5.garnet,article,,,new,MEDIUM,Evaluation,Garnet and Rose Quartz Together: Meaning & Benefits,Garnet and Rose Quartz Together: Meaning & Benefits,"Garnet and rose quartz are paired for passionate love and heart energy. Learn their hardness, water safety, how to use them together, and what to avoid.",1032,batch-093,1GsXSx2FnUSxvpePPMDgX5CeFo-6jCW8OEa464d0V28U,https://docs.google.com/document/d/1GsXSx2FnUSxvpePPMDgX5CeFo-6jCW8OEa464d0V28U/edit?usp=drivesdk,,Garnet Mohs varies by species (6.5–7.5 across the garnet group); almandine and pyrope (most common red garnets) typically cited at 7.0–7.5. Rose quartz fading rate in sun not quantified in primary sources.
/crystals/hematite-and-black-tourmaline-together,crystals,M5 Crystal Combinations,S5.hematite,article,,,new,MEDIUM,Evaluation,Hematite and Black Tourmaline Together: Meaning & Benefits,Hematite and Black Tourmaline Together: Uses & Care,"Hematite and black tourmaline are paired as a grounding and protection combination. Learn the hardness gap, water rules, traditional uses, and storage advice.",754,batch-091,1cCbMe_wlDPf2v5nV17759rmv4xwhQBjP6gvodQM1GKo,https://docs.google.com/document/d/1cCbMe_wlDPf2v5nV17759rmv4xwhQBjP6gvodQM1GKo/edit?usp=drivesdk,,none
/crystals/howlite-and-amethyst-together,crystals,M5 Crystal Combinations,S5.howlite,article,,,new,MEDIUM,Evaluation,Howlite and Amethyst Together: Meaning & Benefits,Howlite and Amethyst Together: Meaning & Benefits,"Howlite and amethyst are paired for calm, sleep, and stress relief. Learn the hardness gap, water safety for each, and practical ways to use this combination.",1081,batch-094,1DQwHEEBJiRI2crpyu_3lxggTcllw7j5G6fGnUvOLI-c,https://docs.google.com/document/d/1DQwHEEBJiRI2crpyu_3lxggTcllw7j5G6fGnUvOLI-c/edit?usp=drivesdk,,Howlite is frequently dyed to simulate turquoise; dye stability under water or sunlight varies by dye type. Readers should be advised to check whether their howlite is dyed before any water or sun exposure.
/crystals/jade-and-pyrite-together,crystals,M5 Crystal Combinations,S5.jade,article,,,new,MEDIUM,Evaluation,Jade and Pyrite Together: Meaning & Benefits,Jade and Pyrite Together: Benefits & Care,"Jade and pyrite are paired for prosperity and protection. Pyrite must never get wet. Learn hardness, water safety, storage, and traditional uses for this pair.",1093,batch-090,1kbOcOhFJOd6fj0iclKLc_R6Xc-A9fxjnZp-Rfd10NDY,https://docs.google.com/document/d/1kbOcOhFJOd6fj0iclKLc_R6Xc-A9fxjnZp-Rfd10NDY/edit?usp=drivesdk,,none
/crystals/jade-and-rose-quartz-together,crystals,M5 Crystal Combinations,S5.jade,article,,,new,MEDIUM,Evaluation,Jade and Rose Quartz Together: Meaning & Benefits,Jade and Rose Quartz Together: Meaning & Benefits,"Jade and rose quartz are paired in crystal tradition for love, harmony, and emotional healing. Learn their physical facts, storage tips, and how to use the pair.",960,batch-094,1q2wQuF2Brl5AFCnJLj7xp8mf5T-XeR14nEXkFF100NQ,https://docs.google.com/document/d/1q2wQuF2Brl5AFCnJLj7xp8mf5T-XeR14nEXkFF100NQ/edit?usp=drivesdk,,"Jade in commerce refers to both nephrite (Mohs ~6.0) and jadeite (Mohs ~6.5-7.0); hardness comparison with rose quartz depends on jade variety. Seed data value of 6.5 used as representative. The commercial jade simulant problem (treated stone, dyed material) is noted but not exhaustively catalogued."
/crystals/kunzite-and-rose-quartz-together,crystals,M5 Crystal Combinations,S5.kunzite,article,,,new,MEDIUM,Evaluation,Kunzite and Rose Quartz Together: Meaning & Benefits,Kunzite and Rose Quartz Together: Meaning & Uses,"Kunzite and rose quartz are paired for love, self-compassion, and emotional openness. Both fade in sunlight — learn the shared care rules before combining them.",959,batch-095,1FYEHOymdl5D09zdf37J2Qf_98hCRTy7TSSBE9Ip2aWI,https://docs.google.com/document/d/1FYEHOymdl5D09zdf37J2Qf_98hCRTy7TSSBE9Ip2aWI/edit?usp=drivesdk,,No kunzite hub page exists on the site; hub link omitted from article.
/crystals/kyanite-and-selenite-together,crystals,M5 Crystal Combinations,S5.kyanite,article,,,new,MEDIUM,Evaluation,Kyanite and Selenite Together: Pairing Guide,Kyanite and Selenite Together: Uses and Care Tips,Kyanite and selenite are paired in crystal tradition for clarity and calm. Learn safe storage rules and how practitioners use this combination.,1082,batch-096,1tICmLJZpfr5ZtPSy9oJiVzWO4DE5ufekyU3wJuhgdnE,https://docs.google.com/document/d/1tICmLJZpfr5ZtPSy9oJiVzWO4DE5ufekyU3wJuhgdnE/edit?usp=drivesdk,,Mindat pages for kyanite (min-2330) and selenite/gypsum (min-1785) were inaccessible during research due to server timeouts. Hardness values (kyanite anisotropic 4.5–7 Mohs; selenite/gypsum Mohs 2) and selenite water-solubility are well-established mineralogical facts consistent with site seed data and confirmed by the site's own water-safety content for selenite. No gaps affect article accuracy.
/crystals/labradorite-and-amethyst-together,crystals,M5 Crystal Combinations,S5.labradorite,article,,,new,MEDIUM,Evaluation,Labradorite and Amethyst Together: Meaning & Benefits,Labradorite and Amethyst Together: Meaning & Benefits,"Labradorite and amethyst are paired for intuition and spiritual practice. Learn their hardness difference, water safety, fading risk, and how to use them together.",925,batch-093,1dbyq7udrg3vWeJoSwCzk0fsK9ffMAk0HE1jrAm-JH8k,https://docs.google.com/document/d/1dbyq7udrg3vWeJoSwCzk0fsK9ffMAk0HE1jrAm-JH8k/edit?usp=drivesdk,,Labradorite fading rate in sunlight not quantified in primary sources; some variation in published Mohs range (6.0–6.5 for labradorite feldspar) noted.
/crystals/lapis-lazuli-and-amethyst-together,crystals,M5 Crystal Combinations,S5.lapis-lazuli,article,,,new,MEDIUM,Evaluation,Lapis Lazuli and Amethyst Together: Meaning & Benefits,Lapis Lazuli and Amethyst Together: Benefits & Care,"Lapis lazuli and amethyst are paired for intuition and wisdom. Learn their hardness difference, water safety, traditional goals, and how to use them safely.",897,batch-090,1fkVfPbN23XfRK2QLOcedvKR8eWuzSaGpHY33rdzT4po,https://docs.google.com/document/d/1fkVfPbN23XfRK2QLOcedvKR8eWuzSaGpHY33rdzT4po/edit?usp=drivesdk,,none
/crystals/lapis-lazuli-and-sodalite-together,crystals,M5 Crystal Combinations,S5.lapis-lazuli,article,,,new,MEDIUM,Evaluation,Lapis Lazuli and Sodalite Together: Meaning & Benefits,Lapis Lazuli and Sodalite Together: Uses & Care,"Lapis lazuli and sodalite are paired for communication and truth. Both are soft blue stones at Mohs 5.5. Learn water rules, hardness facts, and how to use them together.",839,batch-091,19qyWJET9yu-HcRCeiWjNQKRxlMUuBhqPKEIS_dObO6U,https://docs.google.com/document/d/19qyWJET9yu-HcRCeiWjNQKRxlMUuBhqPKEIS_dObO6U/edit?usp=drivesdk,,"Lapis lazuli is a rock aggregate (lazurite, calcite, pyrite, sodalite); Mohs rating represents surface hardness of the aggregate; individual component hardness varies."
/crystals/lava-stone-and-black-tourmaline-together,crystals,M5 Crystal Combinations,S5.lava-stone,article,,,new,MEDIUM,Evaluation,Lava Stone and Black Tourmaline Together: Meaning & Benefits,Lava Stone and Black Tourmaline Together: Meaning & Benefits,"Lava stone and black tourmaline are paired for grounding and protection. Learn the hardness gap between them, water safety for each, and how to use them together.",1027,batch-094,1FRleABbfbBSarK7DPn6q_HvFEZaa6OFvct0fvyQvEYM,https://docs.google.com/document/d/1FRleABbfbBSarK7DPn6q_HvFEZaa6OFvct0fvyQvEYM/edit,,Lava stone Mohs corrected to 5–6 (seed value 3.5 wrong)
/crystals/lepidolite-and-amethyst-together,crystals,M5 Crystal Combinations,S5.lepidolite,article,,,new,MEDIUM,Evaluation,Lepidolite and Amethyst Together: Meaning & Benefits,Lepidolite and Amethyst Together: Meaning & Uses,"Lepidolite and amethyst are paired for calm, sleep, and anxiety support. A 3+ point hardness gap means separate storage is essential — learn the care rules.",996,batch-095,1WS4epFCPANOhN4q3pVQ-RcaVDZadc-KlzxaOOpOjUhE,https://docs.google.com/document/d/1WS4epFCPANOhN4q3pVQ-RcaVDZadc-KlzxaOOpOjUhE/edit?usp=drivesdk,,none
/crystals/malachite-and-rose-quartz-together,crystals,M5 Crystal Combinations,S5.malachite,article,,,new,MEDIUM,Evaluation,Malachite and Rose Quartz Together: Meaning & Benefits,Malachite and Rose Quartz Together: Meaning & Uses,Malachite and rose quartz are paired in crystal tradition for emotional healing and heart-centered transformation. Learn care rules before combining them.,949,batch-095,1QzNLBvdUaud2yNW8Dciktd05Zjn5XkUJKrr2aniRDl8,https://docs.google.com/document/d/1QzNLBvdUaud2yNW8Dciktd05Zjn5XkUJKrr2aniRDl8/edit?usp=drivesdk,,none
/crystals/moldavite-and-amethyst-together,crystals,M5 Crystal Combinations,S5.moldavite,article,,,new,MEDIUM,Evaluation,Moldavite and Amethyst Together: Benefits & Care,Moldavite and Amethyst Together,"Moldavite and amethyst are paired for spiritual growth and intuition. Learn the hardness difference, water rules, fading risk, and how to use this combination.",992,batch-092,1DFRcsgIqgIw0eiGRqnTPF1Lh-98Yqz6bynqOSy1-jaw,https://docs.google.com/document/d/1DFRcsgIqgIw0eiGRqnTPF1Lh-98Yqz6bynqOSy1-jaw/edit?usp=drivesdk,,none
/crystals/moldavite-and-black-tourmaline-together,crystals,M5 Crystal Combinations,S5.moldavite,article,,,new,MEDIUM,Evaluation,Moldavite and Black Tourmaline Together: Benefits & Care,Moldavite and Black Tourmaline Together,"Moldavite and black tourmaline are paired for transformation and grounding. Learn the physical care rules, traditional uses, and what to avoid.",915,batch-092,1im9p6veuTyd6XTGHVZYs0wJ09Lbdf1LE9ApP8-rybVU,https://docs.google.com/document/d/1im9p6veuTyd6XTGHVZYs0wJ09Lbdf1LE9ApP8-rybVU/edit?usp=drivesdk,,none
/crystals/moldavite-and-citrine-together,crystals,M5 Crystal Combinations,S5.moldavite,article,,,new,MEDIUM,Evaluation,Moldavite and Citrine Together: Benefits & Care,Moldavite and Citrine Together,"Moldavite and citrine are paired for transformation and abundance. Learn the hardness mismatch, fading risk for citrine, water rules, and how practitioners use both.",1057,batch-092,1TehweYKb1wgDMgJfYWibd5EdWmQA2wdKf7X2VWB7fO4,https://docs.google.com/document/d/1TehweYKb1wgDMgJfYWibd5EdWmQA2wdKf7X2VWB7fO4/edit?usp=drivesdk,,Most commercial citrine is heat-treated amethyst; fading behavior differs slightly from natural citrine but both require care in direct sunlight. Sellers rarely disclose treatment status.
/crystals/moldavite-and-herkimer-diamond-together,crystals,M5 Crystal Combinations,S5.moldavite,article,,,new,MEDIUM,Evaluation,Moldavite and Herkimer Diamond Together: Meaning & Benefits,Moldavite and Herkimer Diamond Together: Uses & Care,Moldavite and Herkimer diamond are paired as a high-vibration combination. Herkimer (Mohs 7.5) can scratch moldavite (Mohs 5.5). Learn care rules and traditional uses.,943,batch-091,1FgbRfAykJLBPPhto6Z6PcFVcVp_wNOsaHw1TgD-aFDU,https://docs.google.com/document/d/1FgbRfAykJLBPPhto6Z6PcFVcVp_wNOsaHw1TgD-aFDU/edit?usp=drivesdk,,"No hub page exists for Herkimer diamond in known_urls; linked only at first mention as named entity without hub link. Herkimer diamond is a doubly-terminated quartz variety mined in Herkimer County, NY; Mohs hardness as quartz is 7; some sources cite 7–7.5 for the specific crystal habit."
/crystals/moldavite-and-rose-quartz-together,crystals,M5 Crystal Combinations,S5.moldavite,article,,,new,MEDIUM,Evaluation,Moldavite and Rose Quartz Together: Pairing Guide,Moldavite and Rose Quartz Together: Pairing Guide,Moldavite and rose quartz are paired to soften moldavite's intensity with love and compassion. Rose quartz can scratch moldavite — learn how to store them safely.,968,batch-089,1rkK0MLMqKSIlhrLR4zS4qpdpJEGRBu5V4QjIbDiIfYA,https://docs.google.com/document/d/1rkK0MLMqKSIlhrLR4zS4qpdpJEGRBu5V4QjIbDiIfYA/edit?usp=drivesdk,,none
/crystals/moonstone-and-labradorite-together,crystals,M5 Crystal Combinations,S5.moonstone,article,,,new,MEDIUM,Evaluation,Moonstone and Labradorite Together: Meaning & Benefits,Moonstone and Labradorite Together: Benefits & Care,"Moonstone and labradorite are paired for intuition and transformation. Both are feldspars at Mohs 6.5. Learn water safety, storage tips, and traditional uses.",990,batch-090,1HZCEAqp0Mxklf4NuR3PGJXnSjuLvrFcEmzusWKP_MG0,https://docs.google.com/document/d/1HZCEAqp0Mxklf4NuR3PGJXnSjuLvrFcEmzusWKP_MG0/edit?usp=drivesdk,,none
/crystals/obsidian-and-black-tourmaline-together,crystals,M5 Crystal Combinations,S5.obsidian,article,,,new,MEDIUM,Evaluation,Obsidian and Black Tourmaline Together: Meaning & Benefits,Obsidian and Black Tourmaline Together: Benefits & Care,"Obsidian and black tourmaline are paired for protection and grounding. Learn their hardness difference, water safety, traditional uses, and practical care tips.",906,batch-090,1mPi6QCPkGRMaxx5y7OBOhPabhmDkkN_pDMdWweFlEkc,https://docs.google.com/document/d/1mPi6QCPkGRMaxx5y7OBOhPabhmDkkN_pDMdWweFlEkc/edit?usp=drivesdk,,none
/crystals/obsidian-and-selenite-together,crystals,M5 Crystal Combinations,S5.obsidian,article,,,new,MEDIUM,Evaluation,Obsidian and Selenite Together: Meaning & Benefits,Obsidian and Selenite Together: Meaning & Benefits,"Obsidian and selenite are paired for protection and energetic clearing. Learn their major hardness gap, water safety issues, and how to use and store them safely.",1020,batch-093,1sEmOPRjC0K2vTiqkGWLV7RBilWwzvql0LJ3ZKaCZg4U,https://docs.google.com/document/d/1sEmOPRjC0K2vTiqkGWLV7RBilWwzvql0LJ3ZKaCZg4U/edit?usp=drivesdk,,Obsidian Mohs is commonly cited as 5–5.5; exact figure varies slightly by source due to its glassy amorphous nature. Selenite dissolution rate in humid air versus water not quantified in sources reviewed.
/crystals/peridot-and-citrine-together,crystals,M5 Crystal Combinations,S5.peridot,article,,,new,MEDIUM,Evaluation,Peridot and Citrine Together: Meaning & Benefits,Peridot and Citrine Together: Meaning & Benefits,"Peridot and citrine are paired in crystal tradition for abundance and confidence. Learn their physical facts, how to use them together, and what to avoid.",838,batch-094,1Qi72SfNOLDicjcIwswpkwcYhOWFFL8UdZteCA-OzKoI,https://docs.google.com/document/d/1Qi72SfNOLDicjcIwswpkwcYhOWFFL8UdZteCA-OzKoI/edit?usp=drivesdk,,Peridot sunlight fading rate not precisely quantified in available sources; general guidance to limit prolonged UV exposure applies to most colored stones.
/crystals/pyrite-and-citrine-together,crystals,M5 Crystal Combinations,S5.pyrite,article,,,new,MEDIUM,Evaluation,Pyrite and Citrine Together: Pairing Guide,Pyrite and Citrine Together: Pairing Guide,"Pyrite and citrine are a popular prosperity pairing. Citrine is harder and can scratch pyrite, and pyrite must never go in water — learn how to handle both safely.",952,batch-089,1AasZW5bDo76qSkzwGiR9nRXXyjecQqGPOcXR0tGrAK8,https://docs.google.com/document/d/1AasZW5bDo76qSkzwGiR9nRXXyjecQqGPOcXR0tGrAK8/edit?usp=drivesdk,,none
/crystals/rhodonite-and-black-tourmaline-together,crystals,M5 Crystal Combinations,S5.rhodonite,article,,,new,MEDIUM,Evaluation,Rhodonite and Black Tourmaline Together: Meaning & Benefits,Rhodonite and Black Tourmaline Together: Uses,Rhodonite and black tourmaline are paired for emotional healing with protective grounding. A 1.5-point hardness gap means separate storage is recommended.,997,batch-095,1qwBDSVMzOKkf1HuadhBc5FBKcIvz-7228CkfcE1wzHQ,https://docs.google.com/document/d/1qwBDSVMzOKkf1HuadhBc5FBKcIvz-7228CkfcE1wzHQ/edit?usp=drivesdk,,none
/crystals/rose-quartz-and-amethyst-together,crystals,M5 Crystal Combinations,S5.rose-quartz,article,,,new,MEDIUM,Evaluation,Rose Quartz and Amethyst Together: Pairing Guide,Rose Quartz and Amethyst Together: Pairing Guide,"Rose quartz and amethyst are a widely used pairing for emotional calm and love. Learn their physical compatibility, traditional goals, and storage guidance.",795,batch-089,1UyYMOG46ic4C8jOux8RCUwaoY8YiZbP18dgUDfe2SfM,https://docs.google.com/document/d/1UyYMOG46ic4C8jOux8RCUwaoY8YiZbP18dgUDfe2SfM/edit?usp=drivesdk,,none
/crystals/rose-quartz-and-citrine-together,crystals,M5 Crystal Combinations,S5.rose-quartz,article,,,new,MEDIUM,Evaluation,Rose Quartz and Citrine Together: Meaning & Benefits,Rose Quartz and Citrine Together: Benefits & Care,"Rose quartz and citrine are paired for love and abundance. Both are Mohs 7 and both can fade in sun. Learn water safety, storage tips, and traditional uses.",996,batch-090,1KreeDdj3teetubLCO9LRac61W_kzw41zZZc2dU_HKKg,https://docs.google.com/document/d/1KreeDdj3teetubLCO9LRac61W_kzw41zZZc2dU_HKKg/edit?usp=drivesdk,,none
/crystals/rose-quartz-and-moonstone-together,crystals,M5 Crystal Combinations,S5.rose-quartz,article,,,new,MEDIUM,Evaluation,Rose Quartz and Moonstone Together: Benefits & Care,Rose Quartz and Moonstone Together,"Rose quartz and moonstone are paired for love, emotional balance, and intuition. Here are the hardness difference, water rules, fading facts, and how to use both.",1077,batch-092,1h4V2RdH4TXJLt46EFmIvUDfaqKXbVtBfpb1S6CIClz0,https://docs.google.com/document/d/1h4V2RdH4TXJLt46EFmIvUDfaqKXbVtBfpb1S6CIClz0/edit?usp=drivesdk,,none
/crystals/rose-quartz-and-rhodonite-together,crystals,M5 Crystal Combinations,S5.rose-quartz,article,,,new,MEDIUM,Evaluation,Rose Quartz and Rhodonite Together: Meaning & Benefits,Rose Quartz and Rhodonite Together: Uses & Care,Rose quartz and rhodonite are paired for emotional healing and self-love. Rose quartz (Mohs 7) can scratch rhodonite (Mohs 6). Learn care rules and traditional uses.,802,batch-091,1yFxMzN9Nh9W-o15znqkQYmu8pXo44O44OmOp5nTFDSw,https://docs.google.com/document/d/1yFxMzN9Nh9W-o15znqkQYmu8pXo44O44OmOp5nTFDSw/edit?usp=drivesdk,,none
/crystals/selenite-and-amethyst-together,crystals,M5 Crystal Combinations,S5.selenite,article,,,new,MEDIUM,Evaluation,Selenite and Amethyst Together: Meaning & Benefits,Selenite and Amethyst Together: Benefits & Care,"Selenite and amethyst are paired for calm and clarity. Learn their hardness difference, why selenite cannot go in water, and how to use them safely together.",1052,batch-090,1STYXnCd6tGzLcu1fT5qcf3dhf_IHTgluNvPWOij5VbY,https://docs.google.com/document/d/1STYXnCd6tGzLcu1fT5qcf3dhf_IHTgluNvPWOij5VbY/edit?usp=drivesdk,,none
/crystals/selenite-and-black-tourmaline-together,crystals,M5 Crystal Combinations,S5.selenite,article,,,new,MEDIUM,Evaluation,Selenite and Black Tourmaline Together: Benefits & Care,Selenite and Black Tourmaline Together,"Selenite and black tourmaline are paired for protective clearing. Learn the critical hardness gap, water rules, and how to store them safely.",1137,batch-092,1JDZ9XOrwYilnXN3BW3xvUgK7gDm8aO6_4IKE36mlVWA,https://docs.google.com/document/d/1JDZ9XOrwYilnXN3BW3xvUgK7gDm8aO6_4IKE36mlVWA/edit?usp=drivesdk,,none
/crystals/sodalite-and-amethyst-together,crystals,M5 Crystal Combinations,S5.sodalite,article,,,new,MEDIUM,Evaluation,Sodalite and Amethyst Together: Meaning & Benefits,Sodalite and Amethyst Together: Meaning & Benefits,"Sodalite and amethyst are paired for calm, clarity, and intuition. Learn their hardness difference, water safety, how people use them, and what to avoid.",1015,batch-094,1l47VJ7z6EbWqRLjjIRfKjzdUdnBbBrwRdN74za5VRoc,https://docs.google.com/document/d/1l47VJ7z6EbWqRLjjIRfKjzdUdnBbBrwRdN74za5VRoc/edit?usp=drivesdk,,Sodalite water sensitivity (surface hazing with repeated exposure) is reported in trade sources but a precise exposure threshold is not documented. Site guidance of 'technically possible but not recommended' followed.
/crystals/tiger-eye-and-black-tourmaline-together,crystals,M5 Crystal Combinations,S5.tiger-eye,article,,,new,MEDIUM,Evaluation,Tiger Eye and Black Tourmaline Together: Meaning & Benefits,Tiger Eye and Black Tourmaline Together: Meaning & Benefits,"Tiger eye and black tourmaline are paired for protection, courage, and grounding. Learn their physical facts, how to store and use them together, and what to avoid.",1042,batch-094,1lvDj4sN3qtjwxdMKUcLs5iCQHBS2GMerLoDaJRho0yU,https://docs.google.com/document/d/1lvDj4sN3qtjwxdMKUcLs5iCQHBS2GMerLoDaJRho0yU/edit?usp=drivesdk,,Tiger eye's historical crocidolite asbestos replacement is noted; polished commercial specimens are generally considered safe for handling. Precise water-exposure threshold for tiger eye is not uniformly established in sources.
/crystals/tiger-eye-and-citrine-together,crystals,M5 Crystal Combinations,S5.tiger-eye,article,,,new,MEDIUM,Evaluation,Tiger Eye and Citrine Together: Pairing Guide,Tiger Eye and Citrine Together: Pairing Guide,"Tiger eye and citrine are paired for confidence and abundance. Both measure Mohs 7, are water-safe briefly, and share Solar Plexus associations in crystal tradition.",874,batch-089,1tqNR4kKTLDaH-2a-4aX5svVVWn6Pi4LtJd-58PvBhcg,https://docs.google.com/document/d/1tqNR4kKTLDaH-2a-4aX5svVVWn6Pi4LtJd-58PvBhcg/edit?usp=drivesdk,,none
/crystals/tiger-eye-and-hematite-together,crystals,M5 Crystal Combinations,S5.tiger-eye,article,,,new,MEDIUM,Evaluation,Tiger Eye and Hematite Together: Meaning & Benefits,Tiger Eye and Hematite Together: Uses & Care Tips,"Tiger eye and hematite are paired for grounding, courage, and focus. Tiger eye (Mohs 7) can scratch hematite (Mohs 6). Hematite must not go in water. Learn care and uses.",837,batch-091,1sbOWvF5p1EqDeCAgzvWzQU8Qh7wNjHs0jfNBZfSvA5I,https://docs.google.com/document/d/1sbOWvF5p1EqDeCAgzvWzQU8Qh7wNjHs0jfNBZfSvA5I/edit?usp=drivesdk,,none
/crystals/turquoise-and-amethyst-together,crystals,M5 Crystal Combinations,S5.turquoise,article,,,new,MEDIUM,Evaluation,Turquoise and Amethyst Together: Pairing Guide,Turquoise and Amethyst Together: Pairing Guide,Turquoise and amethyst are paired for communication and calm. Turquoise is softer and water-sensitive — learn the handling differences and traditional uses.,875,batch-089,1iYXkasLqxrn-HW7XPnzuS72P1HDU2HP3G8NBeTqTELk,https://docs.google.com/document/d/1iYXkasLqxrn-HW7XPnzuS72P1HDU2HP3G8NBeTqTELk/edit?usp=drivesdk,,none
/gemstones/agate/affirmations,gemstones,M1 Stone Atlas,S1.8 affirmations,subpage,agate,affirmations,new,P3,Instruction,Agate Affirmations — How to Use Them With the Stone,Agate Affirmations — Phrases and Practice Guide,"Agate is traditionally linked to grounding and stability. Here are affirmations suited to those themes, with a simple method for using them alongside the stone.",909,batch-050,1uuVYEU9Zk2xX1HtSNUk-FqIBDc7uW9F6jORyRcDAJNo,https://docs.google.com/document/d/1uuVYEU9Zk2xX1HtSNUk-FqIBDc7uW9F6jORyRcDAJNo/edit?usp=drivesdk,,No clinical evidence for affirmation-crystal combination effects; all practice guidance is tradition.
/gemstones/agate/combinations,gemstones,M1 Stone Atlas,S1.7 combinations,subpage,agate,combinations,new,P3,Evaluation,Agate Crystal Combinations — What Pairs Well and Why,Agate Crystal Combinations — Best Pairings by Goal,"Agate pairs well with amethyst, clear quartz, black tourmaline, and others. Learn which combinations practitioners use for which intentions and what to avoid.",955,batch-050,1CmHbHhMBCdleGocQ3epI-8yyuz43ATkmdu5pcg1SKmA,https://docs.google.com/document/d/1CmHbHhMBCdleGocQ3epI-8yyuz43ATkmdu5pcg1SKmA/edit?usp=drivesdk,,No scientific evidence supports crystal combination effects; all pairing rationale is tradition.
/gemstones/agate/how-to-cleanse,gemstones,M1 Stone Atlas,S1.6 how-to-cleanse,subpage,agate,how-to-cleanse,new,P3,Instruction,How to Cleanse and Recharge Agate,How to Cleanse Agate — Safe Methods That Work,"Agate is water-safe and durable, so most cleansing methods work. Here is what is safe, what to avoid with dyed stones, and how to recharge after cleansing.",902,batch-050,1-4eXEtPGn_fonIoFTrLN2wRDFpjA-U00GG1XtcwJ0Tc,https://docs.google.com/document/d/1-4eXEtPGn_fonIoFTrLN2wRDFpjA-U00GG1XtcwJ0Tc/edit?usp=drivesdk,,none
/gemstones/agate/how-to-identify,gemstones,M1 Stone Atlas,S1.4 how-to-identify,subpage,agate,how-to-identify,new,P3,Instruction,How to Identify Real Agate and Spot Fakes,"How to Identify Real Agate — Fakes, Dyes, and Glass","Agate is widely faked with glass, plastic, and dyed quartz. Learn which physical tests distinguish genuine agate from imitations and what dyed material looks like.",1087,batch-050,1v9PX2MEPR78jRXaRPgg6SAazanrmHPNcEJQdu-U4jBE,https://docs.google.com/document/d/1v9PX2MEPR78jRXaRPgg6SAazanrmHPNcEJQdu-U4jBE/edit?usp=drivesdk,,No independent lab test data for specific online sellers; identification recommendations based on established gemological properties.
/gemstones/agate/meaning,gemstones,M1 Stone Atlas,S1.1 meaning,subpage,agate,meaning,new,P3,Explanation,"Agate Meaning, Properties, and Traditional Uses",Agate Meaning — What It Is and What It Is Used For,"Agate is a banded chalcedony with Mohs hardness 6.5–7. Traditionally associated with grounding and protection, it has been used across cultures for thousands of years.",945,batch-050,14qN7E3ShrjKClTqLN3HzKHQU_1CTvp_iUp3at-ruXDs,https://docs.google.com/document/d/14qN7E3ShrjKClTqLN3HzKHQU_1CTvp_iUp3at-ruXDs/edit?usp=drivesdk,,Historical attributions to specific ancient cultures vary by source and cannot always be independently verified.
/gemstones/agate/price-guide,gemstones,M1 Stone Atlas,S1.9 price-guide,subpage,agate,price-guide,new,P3,Explanation,Agate Price Guide — What It Costs and Why,Agate Price Guide — Retail Ranges and Value Drivers,"Agate tumbled stones cost $1–5 at retail; fire agate cabochons reach $300+. Learn what drives agate prices, which varieties cost more, and how to avoid overpaying.",878,batch-050,1j1Qf7qFeXWS7SjbFWovViUpQ1Ngg0XUsYMhttw9Xtkg,https://docs.google.com/document/d/1j1Qf7qFeXWS7SjbFWovViUpQ1Ngg0XUsYMhttw9Xtkg/edit?usp=drivesdk,,"No standardized industry price index for agate exists. Ranges from one retail aggregator (crystalalmanac.com, September 2026); prices vary significantly by seller, origin, and grade. A human should verify ranges against additional retail sources."
/gemstones/agate/sleeping-with,gemstones,M1 Stone Atlas,S1.5 sleeping-with,subpage,agate,sleeping-with,new,P3,Explanation,"Sleeping With Agate: Pillow, Bedside, and Nighttime Use",Sleeping With Agate — What Practitioners Say,Agate is physically safe to keep near the bed or under the pillow. Learn how crystal tradition approaches nighttime use and which varieties are most often chosen.,879,batch-050,1aVTOwL_RkvZZ4jVbPFE833yw21RKdGng-B6l0EOpm6w,https://docs.google.com/document/d/1aVTOwL_RkvZZ4jVbPFE833yw21RKdGng-B6l0EOpm6w/edit?usp=drivesdk,,No clinical evidence for any sleep effects from proximity to agate; all such associations are tradition.
/gemstones/agate/who-should-not-wear,gemstones,M1 Stone Atlas,S1.2 who-should-not-wear,subpage,agate,who-should-not-wear,new,P3,Evaluation,Who Should Be Cautious About Wearing Agate,Who Should Not Wear Agate — Safety & Tradition,"Agate is physically safe for almost everyone, but some crystal traditions and astrological systems advise caution. Here is what the evidence actually says.",895,batch-050,1N8PMlOA05h6-1L2Pe8GYDAPvQdQfGzSFW5ybOcJDGTA,https://docs.google.com/document/d/1N8PMlOA05h6-1L2Pe8GYDAPvQdQfGzSFW5ybOcJDGTA/edit?usp=drivesdk,,No peer-reviewed evidence for astrological or metaphysical contraindications; astrological associations vary by tradition and source.
/gemstones/amazonite/affirmations,gemstones,M1 Stone Atlas,S1.8 affirmations,subpage,amazonite,affirmations,new,P3,Instruction,Amazonite Affirmations — What to Say and How to Use Them,Amazonite Affirmations — Phrases and How to Use the Stone,"Amazonite affirmations focus on truth, calm communication, and self-expression. Learn which phrases fit the stone's traditions and a simple daily practice.",941,batch-036,1ZNPJpPZHe82CfoGzLnjoIFOL3Uk3xmA5J9KA-we42BY,https://docs.google.com/document/d/1ZNPJpPZHe82CfoGzLnjoIFOL3Uk3xmA5J9KA-we42BY/edit?usp=drivesdk,,No peer-reviewed evidence for affirmations producing outcomes via crystal use; the practice is tradition-based. Affirmation effectiveness in general psychology is a separate and contested field not addressed here.
/gemstones/amazonite/combinations,gemstones,M1 Stone Atlas,S1.7 combinations,subpage,amazonite,combinations,new,P3,Evaluation,Amazonite Crystal Combinations — Which Stones to Pair,Amazonite Combinations — Best Crystal Pairings and Which to Avoid,"Pair Amazonite with rose quartz for emotional calm, lapis lazuli for communication, or black tourmaline for grounding. See the full pairing table and cautions.",1122,batch-036,1YRWX9xgqtj1QZNbLDos2KmY6-mF0JRk5vsiizzyzxds,https://docs.google.com/document/d/1YRWX9xgqtj1QZNbLDos2KmY6-mF0JRk5vsiizzyzxds/edit?usp=drivesdk,,Crystal pairing traditions vary between practitioners and schools; no peer-reviewed evidence supports energetic synergy between stones. All pairings stated as tradition.
/gemstones/amazonite/how-to-cleanse,gemstones,M1 Stone Atlas,S1.6 how-to-cleanse,subpage,amazonite,how-to-cleanse,new,P3,Instruction,How to Cleanse Amazonite Without Damaging It,How to Cleanse Amazonite Safely — Methods That Work,"Amazonite can be rinsed briefly, but never used for water elixirs due to lead content. Learn safe cleansing methods: smoke, sound, moonlight, and more.",911,batch-036,1gOTiC6n9DAANHgdXQQHUK62JpZEXJNRSw76gAf1urYg,https://docs.google.com/document/d/1gOTiC6n9DAANHgdXQQHUK62JpZEXJNRSw76gAf1urYg/edit?usp=drivesdk,,none
/gemstones/amazonite/how-to-identify,gemstones,M1 Stone Atlas,S1.4 how-to-identify,subpage,amazonite,how-to-identify,new,P3,Instruction,How to Identify Real Amazonite,How to Identify Real Amazonite — Spot Fakes and Imitations,"Identify real Amazonite by its blue-green color, cross-hatch pattern, two-direction cleavage, and hardness of 6–6.5. Learn how to spot dyed stones and imitations.",1070,batch-036,1tZqbZO-wDjpV70Q26m7JZBqoFaN-fBLyAcxWH7Jh6Ic,https://docs.google.com/document/d/1tZqbZO-wDjpV70Q26m7JZBqoFaN-fBLyAcxWH7Jh6Ic/edit?usp=drivesdk,,No standardized consumer-grade test for lead-caused color differentiation from iron-caused color exists at home; gemological lab testing required for definitive chemical confirmation.
/gemstones/amazonite/meaning,gemstones,M1 Stone Atlas,S1.1 meaning,subpage,amazonite,meaning,new,P3,Explanation,"Amazonite Meaning, History, and Traditional Uses",Amazonite Meaning — What It Is and What It's Used For,"Amazonite is a blue-green feldspar with over 2,000 years of documented use. Learn its mineral identity, history in ancient Egypt, and traditional associations.",1110,batch-036,13sLHC9wme2ztzVN6bHrJKipy9NtAtCOG0kcBYFXTweg,https://docs.google.com/document/d/13sLHC9wme2ztzVN6bHrJKipy9NtAtCOG0kcBYFXTweg/edit?usp=drivesdk,,"The exact ancient name used for amazonite in Egyptian or Mesopotamian records, as distinct from other green stones (turquoise, malachite), would require specialist Egyptological sources not accessed here."
/gemstones/amazonite/price-guide,gemstones,M1 Stone Atlas,S1.9 price-guide,subpage,amazonite,price-guide,new,P3,Explanation,Amazonite Price Guide — How Much It Costs and Why,Amazonite Price Guide — What It Costs and What Drives Value,"Amazonite ranges from under $5 to around $30 per carat depending on color, clarity, and cut. Learn what drives price and how to avoid overpaying.",1005,batch-036,1g1X4iKGLHMYWvLevt0RSiHROuuYyblDU6HqC7fHHD54,https://docs.google.com/document/d/1g1X4iKGLHMYWvLevt0RSiHROuuYyblDU6HqC7fHHD54/edit?usp=drivesdk,,Retail price data is from a January 2024 survey source; prices checked in September 2026 may differ. No GIA or gem-trade price list for amazonite was located — the stone is not tracked in major graded pricing indices. Prices for top Colorado collector specimens were not formally surveyed.
/gemstones/amazonite/sleeping-with,gemstones,M1 Stone Atlas,S1.5 sleeping-with,subpage,amazonite,sleeping-with,new,P3,Explanation,Sleeping With Amazonite — What to Expect,Sleeping With Amazonite — Is It Safe and How to Do It,"Sleeping with Amazonite near the bed poses no physical risk. Learn how practitioners place it, what they report, and when to skip it.",815,batch-036,1_tnNEKpOmzGsgWiP7uUoA9AJthCGac10mrGottHtUWU,https://docs.google.com/document/d/1_tnNEKpOmzGsgWiP7uUoA9AJthCGac10mrGottHtUWU/edit?usp=drivesdk,,No clinical or peer-reviewed evidence exists for Amazonite affecting sleep quality; all sleep-related benefits are traditional accounts.
/gemstones/amazonite/who-should-not-wear,gemstones,M1 Stone Atlas,S1.2 who-should-not-wear,subpage,amazonite,who-should-not-wear,new,P3,Evaluation,Who Should Not Wear Amazonite,Who Should Not Wear Amazonite — Cautions Explained,"Most people can wear Amazonite safely. See who should be cautious: children, ring wearers, and those who want water elixirs, with astrological notes.",845,batch-036,1GtN5glQ15agUzi7WwZ1u_HEmuLozcr1QOawpHV-Z4co,https://docs.google.com/document/d/1GtN5glQ15agUzi7WwZ1u_HEmuLozcr1QOawpHV-Z4co/edit?usp=drivesdk,,"No peer-reviewed study on lead bioavailability from skin contact with amazonite jewelry found; the lead-leaching concern is documented for water elixir use, not for normal wear."
/gemstones/amethyst/affirmations,gemstones,M1 Stone Atlas,S1.8 affirmations,subpage,amethyst,affirmations,new,P1,Instruction,Amethyst Affirmations: Phrases and How to Use Them,Amethyst Affirmations — Phrases to Use With the Stone,"Amethyst is traditionally linked to calm, intuition, and clarity. Learn which affirmations match its associations and how to use them in practice.",866,batch-002,1smEfGNj_lsmWXFL9AijTMthxZC-Ks51JX7hxFqkyRCo,https://docs.google.com/document/d/1smEfGNj_lsmWXFL9AijTMthxZC-Ks51JX7hxFqkyRCo/edit?usp=drivesdk,,Affirmation content is drawn from crystal practice tradition; no empirical studies on the effect of affirmations combined with crystals were reviewed.
/gemstones/amethyst/combinations,gemstones,M1 Stone Atlas,S1.7 combinations,subpage,amethyst,combinations,new,P1,Evaluation,Amethyst Crystal Combinations: Pairings by Goal,Amethyst Crystal Combinations — Best Pairings and Why,"Amethyst pairs well with clear quartz, rose quartz, black tourmaline, and citrine in crystal tradition. Learn which combinations suit which goals.",903,batch-002,1iBxMBqlKCxXE5yXzo0ceoxq6mBWFIRAesqIFvkbM1Xs,https://docs.google.com/document/d/1iBxMBqlKCxXE5yXzo0ceoxq6mBWFIRAesqIFvkbM1Xs/edit?usp=drivesdk,,All pairing recommendations are within crystal tradition; no controlled evidence exists for energetic interactions between stones.
/gemstones/amethyst/how-to-cleanse,gemstones,M1 Stone Atlas,S1.6 how-to-cleanse,subpage,amethyst,how-to-cleanse,new,P1,Instruction,How to Cleanse Amethyst Without Damaging It,How to Cleanse Amethyst Safely — Methods That Work,"Amethyst is water-safe but fades in prolonged sunlight. Learn which cleansing methods work — water, smoke, sound, moonlight — and which to avoid.",875,batch-002,1DObnmfZD80O0Xoto56cbYvJeKlciQ6n2lHuIueKFL1k,https://docs.google.com/document/d/1DObnmfZD80O0Xoto56cbYvJeKlciQ6n2lHuIueKFL1k/edit?usp=drivesdk,,none
/gemstones/amethyst/how-to-identify,gemstones,M1 Stone Atlas,S1.4 how-to-identify,subpage,amethyst,how-to-identify,new,P1,Instruction,How to Identify Real Amethyst: Tests and Red Flags,How to Identify Real Amethyst — Tests That Work,"Real amethyst is quartz with Mohs 7, vitreous luster, and natural color zoning. Learn how to spot glass, dyed material, and synthetic amethyst.",1060,batch-002,10BThE4gljfzg9DJhwwbp4JSjm_Y70AxaNUjEVS691Vc,https://docs.google.com/document/d/10BThE4gljfzg9DJhwwbp4JSjm_Y70AxaNUjEVS691Vc/edit?usp=drivesdk,,At-home hardness and temperature tests are widely cited in crystal communities but have not been validated in controlled gemological studies reviewed here; their reliability is physically plausible but not formally confirmed for consumer use.
/gemstones/amethyst/price-guide,gemstones,M1 Stone Atlas,S1.9 price-guide,subpage,amethyst,price-guide,new,P1,Explanation,Amethyst Price Guide: What It Costs and Why,Amethyst Price Guide — Cost Per Carat and Value Factors,"Amethyst ranges from $3 to $250+ per carat depending on color, cut, and origin. Learn what drives price, what to pay, and how to avoid overpaying.",859,batch-002,1rcHHVQHrt1VdWOX8nkgP4S2B2PiIMx31eykZM2lC6yk,https://docs.google.com/document/d/1rcHHVQHrt1VdWOX8nkgP4S2B2PiIMx31eykZM2lC6yk/edit?usp=drivesdk,,Tumbled stone and raw specimen retail prices not systematically sourced from a single verifiable retail dataset; ranges are synthesized from general market observation. Crystal cluster and geode prices are specimen-specific and not given.
/gemstones/angel-aura-quartz/affirmations,gemstones,M1 Stone Atlas,S1.8 affirmations,subpage,angel-aura-quartz,affirmations,new,P3,Instruction,Affirmations for Angel Aura Quartz and How to Use Them,Angel Aura Quartz Affirmations — Phrases and Practice,"Angel Aura Quartz is traditionally used with affirmations centered on peace, clarity, and spiritual connection. Here are 10 phrases and a simple practice method.",701,batch-051,1olCpF3RkmYgupJMPo062JLP1zQfy-hExEYc67pCwb-I,https://docs.google.com/document/d/1olCpF3RkmYgupJMPo062JLP1zQfy-hExEYc67pCwb-I/edit?usp=drivesdk,,Affirmation effectiveness is not subject to gemological evidence; all guidance reflects crystal practice tradition. No clinical evidence for crystal-based affirmation outcomes.
/gemstones/angel-aura-quartz/can-go-in-water,gemstones,M1 Stone Atlas,S1.3 can-go-in-water,subpage,angel-aura-quartz,can-go-in-water,new,P3,Explanation,Can Angel Aura Quartz Go in Water?,Can Angel Aura Quartz Go in Water? What You Risk,"The quartz in Angel Aura Quartz is water-stable, but the iridescent metallic coating is not. Prolonged soaking and salt water can dull or degrade the finish.",640,batch-051,1-uWTdmTZlJz9IK_nW9wGiz4R5Nf5I-HotTZsZbMgANM,https://docs.google.com/document/d/1-uWTdmTZlJz9IK_nW9wGiz4R5Nf5I-HotTZsZbMgANM/edit?usp=drivesdk,,No independent laboratory data on the precise rate of coating degradation under water exposure; guidance reflects consistent position across crystal-care references and is supported by the known physical properties of the coating metals.
/gemstones/angel-aura-quartz/combinations,gemstones,M1 Stone Atlas,S1.7 combinations,subpage,angel-aura-quartz,combinations,new,P3,Evaluation,Crystal Pairings for Angel Aura Quartz,Best Crystal Combinations for Angel Aura Quartz,"Angel Aura Quartz pairs with selenite, amethyst, and lepidolite for calm; with citrine or clear quartz for amplification. Find the right combination for your intention.",773,batch-051,1i8mKzDVd-9dUpT_oJoebBW95zK7iDmT_3D8JXEjQrYw,https://docs.google.com/document/d/1i8mKzDVd-9dUpT_oJoebBW95zK7iDmT_3D8JXEjQrYw/edit?usp=drivesdk,,All pairing recommendations are based on crystal practice tradition; no scientific evidence for energetic interactions between stones.
/gemstones/angel-aura-quartz/how-to-cleanse,gemstones,M1 Stone Atlas,S1.6 how-to-cleanse,subpage,angel-aura-quartz,how-to-cleanse,new,P3,Instruction,How to Cleanse Angel Aura Quartz Without Damaging It,Cleansing Angel Aura Quartz — Safe Methods Only,"Angel Aura Quartz's iridescent coating scratches and dulls with abrasives, salt, and prolonged water. Learn which cleansing methods keep the finish intact.",818,batch-051,1xQv5BtK-FWV00zSbzm6UHW6ZBLg3VgM4Vv8l1MFZ4WA,https://docs.google.com/document/d/1xQv5BtK-FWV00zSbzm6UHW6ZBLg3VgM4Vv8l1MFZ4WA/edit?usp=drivesdk,,No independent peer-reviewed data on long-term durability of platinum-silver vapor coatings on quartz under crystal-care conditions; guidance is consistent with known physical properties of the materials involved.
/gemstones/angel-aura-quartz/how-to-identify,gemstones,M1 Stone Atlas,S1.4 how-to-identify,subpage,angel-aura-quartz,how-to-identify,new,P3,Instruction,How to Identify Real Angel Aura Quartz,How to Identify Real Angel Aura Quartz vs. Fakes,"Real Angel Aura Quartz is natural quartz with a bonded platinum-silver coating. Learn how to spot glass imitations, dyed fakes, and other aura varieties.",770,batch-051,1YbFKCOds4JB_F4IfWCJCgOTJuhpVH56H2gmL31oFeIw,https://docs.google.com/document/d/1YbFKCOds4JB_F4IfWCJCgOTJuhpVH56H2gmL31oFeIw/edit?usp=drivesdk,,No standardized gemological test protocol specifically for aura quartz coatings; identification criteria are consistent across crystal-trade references and supported by the physical properties of the constituent materials.
/gemstones/angel-aura-quartz/price-guide,gemstones,M1 Stone Atlas,S1.9 price-guide,subpage,angel-aura-quartz,price-guide,new,P3,Explanation,Angel Aura Quartz Price Guide,Angel Aura Quartz Price Guide — What to Expect,Angel Aura Quartz tumbled stones run $5–60 per piece; clusters reach $80–250+. Learn what drives the price and how to avoid overpaying for imitations.,628,batch-051,19B1ItFQMv9MRvFbiqV51zQsZODnaKBtHkt8_8WCisKo,https://docs.google.com/document/d/19B1ItFQMv9MRvFbiqV51zQsZODnaKBtHkt8_8WCisKo/edit?usp=drivesdk,,"Retail price data is from commercial and reference sites (September 2026), not independently audited market data. Wholesale/bulk prices were not independently verified."
/gemstones/angel-aura-quartz/sleeping-with,gemstones,M1 Stone Atlas,S1.5 sleeping-with,subpage,angel-aura-quartz,sleeping-with,new,P3,Explanation,Sleeping with Angel Aura Quartz: Placement and Cautions,Sleeping with Angel Aura Quartz — What to Know,"Angel Aura Quartz suits bedside use, but its uplifting traditional associations mean placement matters. Learn where to put it and who should start cautiously.",598,batch-051,1TJETniFhvr1N4_tjjkMHsvQrmerH6fazD4n-BW0EClI,https://docs.google.com/document/d/1TJETniFhvr1N4_tjjkMHsvQrmerH6fazD4n-BW0EClI/edit?usp=drivesdk,,No clinical research on effects of Angel Aura Quartz during sleep; all sleep-related observations are from crystal practice tradition.
/gemstones/angel-aura-quartz/who-should-not-wear,gemstones,M1 Stone Atlas,S1.2 who-should-not-wear,subpage,angel-aura-quartz,who-should-not-wear,new,P3,Evaluation,Who Should Be Cautious About Wearing Angel Aura Quartz,Who Should Not Wear Angel Aura Quartz?,Angel Aura Quartz has a delicate metallic coating that can wear in contact sports or abrasive work. Learn who should take care with it physically and in tradition.,716,batch-051,1Oa0ZaUcFCCf6uZuMejlp-TGibk5IWYYHqX1ozRUbwAI,https://docs.google.com/document/d/1Oa0ZaUcFCCf6uZuMejlp-TGibk5IWYYHqX1ozRUbwAI/edit?usp=drivesdk,,No peer-reviewed data on metal vapor coating durability under wear; coating softness inferred from known Mohs values of platinum (~3.5–4) and silver (~2.5–3).
/gemstones/aquamarine/affirmations,gemstones,M1 Stone Atlas,S1.8 affirmations,subpage,aquamarine,affirmations,new,P2,Instruction,"Aquamarine Affirmations — Phrases for Calm, Clarity, and Courage",Aquamarine Affirmations — Phrases for Calm and Clarity,"Affirmations aligned with aquamarine's traditional associations — serenity, honest speech, and courage — and a simple method for using them with the stone.",712,batch-010,1oVeswcrPEh5c9wneCFOlbk7QRJ6PWc9Rbjm5N3WPlBM,https://docs.google.com/document/d/1oVeswcrPEh5c9wneCFOlbk7QRJ6PWc9Rbjm5N3WPlBM/edit?usp=drivesdk,,none
/gemstones/aquamarine/combinations,gemstones,M1 Stone Atlas,S1.7 combinations,subpage,aquamarine,combinations,new,P2,Evaluation,Aquamarine Crystal Combinations — Pairings by Goal,Aquamarine Crystal Combinations — Best Pairings,"Which crystals pair well with aquamarine and which goals each pairing serves, based on traditional associations for calm, communication, and emotional clarity.",797,batch-010,13v90fSuzKL6yuIZZ163B60UMY0BH8QiNg2oDD2Jw1bg,https://docs.google.com/document/d/13v90fSuzKL6yuIZZ163B60UMY0BH8QiNg2oDD2Jw1bg/edit?usp=drivesdk,,none
/gemstones/aquamarine/how-to-cleanse,gemstones,M1 Stone Atlas,S1.6 how-to-cleanse,subpage,aquamarine,how-to-cleanse,new,P2,Instruction,How to Cleanse and Recharge Aquamarine,How to Cleanse Aquamarine Safely — Best Methods,Aquamarine's Mohs hardness of 7.5 to 8 makes water cleansing safe. Learn the best methods for cleansing and recharging aquamarine without damaging the stone.,844,batch-010,1qyUQC1pO6Hmof6xBFL7wjQcQ53H98fUa_Axdk_yL2-k,https://docs.google.com/document/d/1qyUQC1pO6Hmof6xBFL7wjQcQ53H98fUa_Axdk_yL2-k/edit?usp=drivesdk,,none
/gemstones/aquamarine/how-to-identify,gemstones,M1 Stone Atlas,S1.4 how-to-identify,subpage,aquamarine,how-to-identify,new,P2,Instruction,How to Identify Real Aquamarine — Tests and Telltale Signs,How to Identify Real Aquamarine — Tests and Signs,"Real aquamarine is a beryl with Mohs hardness 7.5–8 and strong dichroism. Learn to tell it from glass, blue topaz, dyed imitations, and lab-grown beryl.",870,batch-010,1MwgTPHBhKKGCbp1hO8xG9OUsv2ZxzLcwZMtZiZGM10I,https://docs.google.com/document/d/1MwgTPHBhKKGCbp1hO8xG9OUsv2ZxzLcwZMtZiZGM10I/edit?usp=drivesdk,,Definitive identification of heat treatment vs unheated in aquamarine typically requires spectroscopy not available to consumers; noted in text.
/gemstones/aquamarine/meaning,gemstones,M1 Stone Atlas,S1.1 meaning,subpage,aquamarine,meaning,new,P2,Explanation,"Aquamarine Meaning, History, and Traditional Uses",Aquamarine Meaning — What It Is and What It Stands For,"Aquamarine is a blue beryl linked in crystal tradition to serenity, clear communication, and courage. Covers its mineral identity, historical use, and symbolism.",787,batch-010,1oAr92tkPB2kRqumPkeoQ5W4RB226--Tp1H9XWlDoZxE,https://docs.google.com/document/d/1oAr92tkPB2kRqumPkeoQ5W4RB226--Tp1H9XWlDoZxE/edit?usp=drivesdk,,none
/gemstones/aquamarine/price-guide,gemstones,M1 Stone Atlas,S1.9 price-guide,subpage,aquamarine,price-guide,new,P2,Explanation,Aquamarine Price Guide — What It Costs and Why,Aquamarine Price Guide — What to Expect in 2026,"Aquamarine retail prices in 2026 range from around $20 per carat for commercial stones to over $1,000 for exceptional saturated blue. Learn what drives the price.",938,batch-010,1KvpjdPo0dbPq6YVCF8ZSelf1NKfzaQ0379xagqJpcN4,https://docs.google.com/document/d/1KvpjdPo0dbPq6YVCF8ZSelf1NKfzaQ0379xagqJpcN4/edit?usp=drivesdk,,Tumbled stone and rough crystal retail prices are widely variable and not well-reported in trade sources; ranges given are for faceted loose gems unless noted.
/gemstones/aquamarine/sleeping-with,gemstones,M1 Stone Atlas,S1.5 sleeping-with,subpage,aquamarine,sleeping-with,new,P2,Explanation,Sleeping With Aquamarine — What Tradition Says and What to Know,Sleeping With Aquamarine — What to Know,"Sleeping with aquamarine is a common crystal practice. Learn what tradition says about bedtime use, physical considerations, and how to position the stone safely.",736,batch-010,1NuTLswO_9hs5QcI26aEoMQhvhZLLLlCgZMonpnHysb4,https://docs.google.com/document/d/1NuTLswO_9hs5QcI26aEoMQhvhZLLLlCgZMonpnHysb4/edit?usp=drivesdk,,No clinical or peer-reviewed evidence exists for crystal effects on sleep quality; page is framed as tradition throughout.
/gemstones/aventurine/affirmations,gemstones,M1 Stone Atlas,S1.8 affirmations,subpage,aventurine,affirmations,new,P3,Instruction,Aventurine Affirmations and How to Use Them,Aventurine Affirmations — Words That Match the Stone's Tradition,"Affirmations for aventurine draw on its traditional associations with luck, opportunity, and confidence. Here are 15 examples and a simple method for using them.",958,batch-016,1OYzDgc6UNZuNDesCriH6LxhtXyW9UGX849wpGFDzz7Y,https://docs.google.com/document/d/1OYzDgc6UNZuNDesCriH6LxhtXyW9UGX849wpGFDzz7Y/edit?usp=drivesdk,,Affirmation-crystal pairing is a personal practice tradition with no unified written canon; affirmations drawn from the stone's documented traditional associations and are not sourced from a single authoritative text.
/gemstones/aventurine/combinations,gemstones,M1 Stone Atlas,S1.7 combinations,subpage,aventurine,combinations,new,P3,Evaluation,Aventurine Crystal Combinations — Pairings by Goal,Aventurine Crystal Pairings — Which Stones Work Together,"Aventurine pairs well with citrine, rose quartz, and pyrite in tradition. Learn which combinations practitioners use for which goals, and what to be aware of physically.",1016,batch-016,10a_HD0y2VuGgOJmpj9rl7pHvLflEDZPzr98x4abZNbU,https://docs.google.com/document/d/10a_HD0y2VuGgOJmpj9rl7pHvLflEDZPzr98x4abZNbU/edit?usp=drivesdk,,Crystal pairing traditions are not systematically documented in a single authoritative source; associations compiled from widely repeated crystal practice literature. No scientific evidence for energetic interactions between stones.
/gemstones/aventurine/how-to-cleanse,gemstones,M1 Stone Atlas,S1.6 how-to-cleanse,subpage,aventurine,how-to-cleanse,new,P2,Instruction,How to Cleanse Aventurine Without Damaging It,How to Cleanse Aventurine Safely — All Methods,Aventurine tolerates brief water rinsing but extended soaks can dull treated stones. Learn the safest cleansing methods and what to avoid.,1019,batch-016,1JO4ADqjvJyYMNSq-OxJBiUDVSDp9WiY0ShYdEsXn6cA,https://docs.google.com/document/d/1JO4ADqjvJyYMNSq-OxJBiUDVSDp9WiY0ShYdEsXn6cA/edit?usp=drivesdk,,No peer-reviewed study on the specific effect of extended water exposure on dyed aventurine pigment migration; practical advice sourced from gemological care guidelines.
/gemstones/aventurine/how-to-identify,gemstones,M1 Stone Atlas,S1.4 how-to-identify,subpage,aventurine,how-to-identify,new,P3,Instruction,How to Identify Real Aventurine vs Fakes and Glass,How to Identify Real Aventurine — Fakes & Imitations,"Real aventurine has soft, uneven sparkle and subtle color zones. Goldstone glass and dyed quartz are the most common substitutes — here's how to tell them apart.",1160,batch-016,1ITpwQlw3PliOxw87V_-2vxWKGhu_i7dmAzz87oYwe3A,https://docs.google.com/document/d/1ITpwQlw3PliOxw87V_-2vxWKGhu_i7dmAzz87oYwe3A/edit?usp=drivesdk,,No published standardized visual test protocols for consumer-level aventurine identification; all tests based on established gemological properties documented in reference sources.
/gemstones/aventurine/price-guide,gemstones,M1 Stone Atlas,S1.9 price-guide,subpage,aventurine,price-guide,new,P3,Explanation,Aventurine Price Guide — What It Costs and Why,Aventurine Price Guide: What to Pay and What Drives Cost,"Green aventurine sells for $1–10 per carat loose. Learn what drives price, how retail formats differ, and how to avoid overpaying for imitation material.",1133,batch-016,1nqVDn9SqBlWI-qJA9Kaz3tl5b2URyHGI_7He26_INHo,https://docs.google.com/document/d/1nqVDn9SqBlWI-qJA9Kaz3tl5b2URyHGI_7He26_INHo/edit?usp=drivesdk,,"Retail price data for tumbled stones and carvings is difficult to standardize across sellers; ranges reflect multiple retail sources checked September 2026 but will vary by seller, grade, and market. No independent wholesale price publication for aventurine was found."
/gemstones/aventurine/who-should-not-wear,gemstones,M1 Stone Atlas,S1.2 who-should-not-wear,subpage,aventurine,who-should-not-wear,new,P3,Evaluation,Who Should Be Cautious About Wearing Aventurine,Who Should Not Wear Aventurine — Safety & Tradition,"Aventurine poses minimal physical risk for most people. Learn the physical safety facts, astrological cautions in tradition, and who may want to choose differently.",945,batch-016,18kYABHoDHhgH5HBlWcHzZBjdT27GGJ-bpzI4fPgEliw,https://docs.google.com/document/d/18kYABHoDHhgH5HBlWcHzZBjdT27GGJ-bpzI4fPgEliw/edit?usp=drivesdk,,No peer-reviewed evidence for astrological or chakra-based cautions; stated as tradition only. No published data on adverse reactions to wearing aventurine jewelry.
/gemstones/black-agate/affirmations,gemstones,M1 Stone Atlas,S1.8 affirmations,subpage,black-agate,affirmations,new,P3,Instruction,Black Agate Affirmations and How to Use Them,Black Agate Affirmations — Practice Guide,"Black Agate is traditionally linked to grounding, protection, and courage. Find 12 affirmations matched to those themes and a step-by-step practice to use them.",757,batch-044,1RU_x69XFc9p56Cs2qH5tkmdWP3l1_4pPBbpTuzaYqgU,https://docs.google.com/document/d/1RU_x69XFc9p56Cs2qH5tkmdWP3l1_4pPBbpTuzaYqgU/edit?usp=drivesdk,,none
/gemstones/black-agate/can-go-in-water,gemstones,M1 Stone Atlas,S1.3 can-go-in-water,subpage,black-agate,can-go-in-water,new,P3,Explanation,Can Black Agate Go in Water?,Can Black Agate Go in Water? Safe Handling Guide,"Black Agate is water-safe as a mineral, but most commercial black agate is dyed. Learn what brief contact means vs. prolonged soaking and how to clean it safely.",776,batch-044,18xCwObVR1z6LLbke7PtQIiLAmpllSIkKnJtYsVItC48,https://docs.google.com/document/d/18xCwObVR1z6LLbke7PtQIiLAmpllSIkKnJtYsVItC48/edit?usp=drivesdk,,The specific rate at which commercial black agate dye fades under soaking has not been quantified in peer-reviewed literature; the precaution is based on the chemistry of the sugar-acid dyeing process.
/gemstones/black-agate/combinations,gemstones,M1 Stone Atlas,S1.7 combinations,subpage,black-agate,combinations,new,P3,Evaluation,Black Agate Crystal Combinations,Black Agate Crystal Combinations — What Pairs Well,"Black Agate pairs well with amethyst, black tourmaline, clear quartz, and citrine depending on your goal. See the pairing table, goal-by-goal guidance, and storage notes.",816,batch-044,1iGrq7VDS-lrOmx9Kym_ewCeErsNITCFBq4vXbLSg1uk,https://docs.google.com/document/d/1iGrq7VDS-lrOmx9Kym_ewCeErsNITCFBq4vXbLSg1uk/edit?usp=drivesdk,,All pairing recommendations are based on crystal tradition; no controlled evidence supports or refutes any energetic combination effect.
/gemstones/black-agate/how-to-cleanse,gemstones,M1 Stone Atlas,S1.6 how-to-cleanse,subpage,black-agate,how-to-cleanse,new,P3,Instruction,How to Cleanse Black Agate Without Damaging It,How to Cleanse Black Agate — Safe Methods That Work,"Black Agate is safe for water and most cleansing methods. Learn which approaches work, plus the one caveat for dyed stones that affects brief soaking.",921,batch-044,1o1NripZ66PlgalkK2Qo8uSlzaYHtHVKvnbIZ5GWx9tw,https://docs.google.com/document/d/1o1NripZ66PlgalkK2Qo8uSlzaYHtHVKvnbIZ5GWx9tw/edit?usp=drivesdk,,The rate at which dye fades in prolonged-soaking conditions is not documented in peer-reviewed literature; the caveat is based on the nature of the dyeing process rather than controlled tests.
/gemstones/black-agate/how-to-identify,gemstones,M1 Stone Atlas,S1.4 how-to-identify,subpage,black-agate,how-to-identify,new,P3,Instruction,How to Identify Real Black Agate,How to Identify Real Black Agate — Tests and Tell-Tales,"Most black agate is dyed chalcedony — genuine but treated. Learn how to spot glass, plastic, and dyed vs. natural material using simple at-home tests.",867,batch-044,1TnMfHojsu-HoyTtO5fPRql8rYAg2-iBf4vw2fFKmiyk,https://docs.google.com/document/d/1TnMfHojsu-HoyTtO5fPRql8rYAg2-iBf4vw2fFKmiyk/edit?usp=drivesdk,,"Definitive dyed-vs-natural determination for commercial black agate requires gemological equipment (spectroscope, immersion); at-home tests are indicators, not proof."
/gemstones/black-agate/price-guide,gemstones,M1 Stone Atlas,S1.9 price-guide,subpage,black-agate,price-guide,new,P3,Explanation,Black Agate Price Guide,Black Agate Price Guide — What It Costs and Why,"Black Agate is an affordable gemstone. Tumbled stones retail from $2–15, bracelets $8–20. Learn what drives the price and how to avoid overpaying.",747,batch-044,1QF2IhxYPXbB8SAx2UJ4E10J0kq-nDZYdUPe4ZM1bECk,https://docs.google.com/document/d/1QF2IhxYPXbB8SAx2UJ4E10J0kq-nDZYdUPe4ZM1bECk/edit?usp=drivesdk,,Retail prices for unmounted raw natural (undyed) black agate specimens are not well-documented in publicly accessible listings; the premium for natural vs. dyed is estimated qualitatively based on trade norms rather than a surveyed price point.
/gemstones/black-agate/sleeping-with,gemstones,M1 Stone Atlas,S1.5 sleeping-with,subpage,black-agate,sleeping-with,new,P3,Explanation,Sleeping with Black Agate: What to Expect,Sleeping with Black Agate — Placement and Tradition,"Black Agate is physically safe to keep by the bed or under the pillow. Learn how tradition uses it for sleep, how to place it, and who may want to keep it elsewhere.",740,batch-044,1fMNYyYyzpYL32a0r6VGjdq5GSkqQdb8q3cnysah0T24,https://docs.google.com/document/d/1fMNYyYyzpYL32a0r6VGjdq5GSkqQdb8q3cnysah0T24/edit?usp=drivesdk,,No clinical evidence links black agate or any crystal to measurable sleep outcomes; all sleep-related claims are tradition.
/gemstones/black-agate/who-should-not-wear,gemstones,M1 Stone Atlas,S1.2 who-should-not-wear,subpage,black-agate,who-should-not-wear,new,P3,Evaluation,Who Should Not Wear Black Agate?,Who Should Not Wear Black Agate — Cautions Explained,"Black Agate is physically safe for most people, but tradition, astrology, and a few practical notes suggest caution for specific situations. Full guide.",716,batch-044,1kYAnUDW6a02WYzfawI6yilVrCGXPJjozeKE6wlImtz4,https://docs.google.com/document/d/1kYAnUDW6a02WYzfawI6yilVrCGXPJjozeKE6wlImtz4/edit?usp=drivesdk,,No peer-reviewed evidence exists for or against any metaphysical caution; astrological guidance reflects varying traditions and is not universal.
/gemstones/black-moonstone/affirmations,gemstones,M1 Stone Atlas,S1.8 affirmations,subpage,black-moonstone,affirmations,new,P3,Instruction,Black Moonstone Affirmations and How to Use Them,Black Moonstone Affirmations: Phrases and Practice,Black Moonstone's associations with intuition and shadow work suggest specific affirmation themes. Here are phrased examples and a step-by-step practice method.,709,batch-052,1ScHp7MAmcQixQt9fQpQ3Hx-YRkcUfO8ZZMxAC-W-Q8g,https://docs.google.com/document/d/1ScHp7MAmcQixQt9fQpQ3Hx-YRkcUfO8ZZMxAC-W-Q8g/edit?usp=drivesdk,,No clinical evidence connects crystal-specific affirmation practice to measurable outcomes beyond general positive self-talk psychology.
/gemstones/black-moonstone/can-go-in-water,gemstones,M1 Stone Atlas,S1.3 can-go-in-water,subpage,black-moonstone,can-go-in-water,new,P3,Explanation,Can Black Moonstone Go in Water?,Can Black Moonstone Go in Water? Safe Handling Guide,"Black Moonstone can handle brief water rinsing safely. Prolonged soaking, salt water, and steam cleaners are the limits to know before you cleanse it.",667,batch-052,1KRDQWrkoqp1gil6iUJzA5GKnmavJ1cuBCiTLIoVRtFY,https://docs.google.com/document/d/1KRDQWrkoqp1gil6iUJzA5GKnmavJ1cuBCiTLIoVRtFY/edit?usp=drivesdk,,none
/gemstones/black-moonstone/combinations,gemstones,M1 Stone Atlas,S1.7 combinations,subpage,black-moonstone,combinations,new,P3,Evaluation,Black Moonstone Crystal Combinations,Black Moonstone Crystal Combinations: What Pairs Well,"Black Moonstone pairs well with labradorite, smoky quartz, and black tourmaline depending on your intention. Here are the pairings practitioners use and why.",741,batch-052,1nC2t6SJHT-MRznzHsrVnb5dKoldWdrWAysqePgvgsOw,https://docs.google.com/document/d/1nC2t6SJHT-MRznzHsrVnb5dKoldWdrWAysqePgvgsOw/edit?usp=drivesdk,,Crystal energetic pairings are traditional; no evidence base for interaction between stones beyond physical compatibility.
/gemstones/black-moonstone/how-to-cleanse,gemstones,M1 Stone Atlas,S1.6 how-to-cleanse,subpage,black-moonstone,how-to-cleanse,new,P3,Instruction,How to Cleanse Black Moonstone Without Damaging It,How to Cleanse Black Moonstone Safely,Black Moonstone tolerates brief water rinsing but has feldspar cleavage that limits some methods. Here are the safe cleansing options and what to skip.,805,batch-052,1F7Soh-RsHEvm7uwrZ9-nfsxOxR6f4ZKcSuV68ajYDls,https://docs.google.com/document/d/1F7Soh-RsHEvm7uwrZ9-nfsxOxR6f4ZKcSuV68ajYDls/edit?usp=drivesdk,,none
/gemstones/black-moonstone/how-to-identify,gemstones,M1 Stone Atlas,S1.4 how-to-identify,subpage,black-moonstone,how-to-identify,new,P3,Instruction,How to Identify Real Black Moonstone,How to Identify Real Black Moonstone vs Fakes,"Real Black Moonstone shows a floating internal sheen, feldspar cleavage, and hardness around 6 to 6.5. Here is how to separate it from glass, dyed stone, and look-alikes.",832,batch-052,1kE-YYR-TIVvffcfLRy1UPODHPeVplCjKJnp2N64R5aI,https://docs.google.com/document/d/1kE-YYR-TIVvffcfLRy1UPODHPeVplCjKJnp2N64R5aI/edit?usp=drivesdk,,"Exact mineralogical identity of trade material varies; laboratory XRD/EDX is the only definitive test, impractical for most buyers."
/gemstones/black-moonstone/price-guide,gemstones,M1 Stone Atlas,S1.9 price-guide,subpage,black-moonstone,price-guide,new,P3,Explanation,Black Moonstone Price Guide,Black Moonstone Price Guide: What to Pay in 2026,Black Moonstone tumbles cost roughly $5–$40 per piece; cut stones run $2–$15 per carat. Learn what drives the price and how to avoid overpaying.,729,batch-052,1vaVfIbqHH8SA928qZA1IRMJGgAr0ArRcneB77_rEGPU,https://docs.google.com/document/d/1vaVfIbqHH8SA928qZA1IRMJGgAr0ArRcneB77_rEGPU/edit?usp=drivesdk,,Wholesale/trade prices not publicly accessible; retail ranges approximate from online platforms September 2026.
/gemstones/black-moonstone/sleeping-with,gemstones,M1 Stone Atlas,S1.5 sleeping-with,subpage,black-moonstone,sleeping-with,new,P3,Explanation,Sleeping with Black Moonstone: What to Know,Sleeping with Black Moonstone: Placement and Precautions,Black Moonstone is safe to keep near the bed or under a pillow. Learn the traditional reasons people use it at night and the practical points to consider.,678,batch-052,1x6I42Za3V3d_F-0_MbysZbIdqu5mEqkFx4EPzculqlk,https://docs.google.com/document/d/1x6I42Za3V3d_F-0_MbysZbIdqu5mEqkFx4EPzculqlk/edit?usp=drivesdk,,No clinical evidence supports crystal use for sleep quality; associations are traditional only.
/gemstones/black-moonstone/who-should-not-wear,gemstones,M1 Stone Atlas,S1.2 who-should-not-wear,subpage,black-moonstone,who-should-not-wear,new,P3,Evaluation,Who Should Not Wear Black Moonstone,Who Should Not Wear Black Moonstone,"Black Moonstone is fragile for ring wear and tradition flags a few cautions. Learn which physical, astrological, and energetic factors apply.",756,batch-052,1DBQjIxNVRolLJqRDdgIHyT4cIAxs2DtG8aHqgqp8WPY,https://docs.google.com/document/d/1DBQjIxNVRolLJqRDdgIHyT4cIAxs2DtG8aHqgqp8WPY/edit?usp=drivesdk,,No peer-reviewed evidence exists for astrological or energetic contraindications; stated as tradition only.
/gemstones/black-obsidian/affirmations,gemstones,M1 Stone Atlas,S1.8 affirmations,subpage,black-obsidian,affirmations,new,P3,Instruction,Black Obsidian Affirmations and How to Use Them,Black Obsidian Affirmations — Phrases and Practice Guide,"Black obsidian is traditionally linked to protection, truth, and grounding. Learn which affirmations suit it and how to use them with the stone in daily practice.",739,batch-028,1hsJoBUMdjKWM8fjH7HOweRhP8FwRY5IrGlKn7_Qce4s,https://docs.google.com/document/d/1hsJoBUMdjKWM8fjH7HOweRhP8FwRY5IrGlKn7_Qce4s/edit?usp=drivesdk,,Affirmation traditions vary across practices; no single authoritative source; examples reflect common themes in crystal communities.
/gemstones/black-obsidian/can-go-in-water,gemstones,M1 Stone Atlas,S1.3 can-go-in-water,subpage,black-obsidian,can-go-in-water,new,P2,Explanation,Can Black Obsidian Go in Water?,Can Black Obsidian Go in Water? Safe Cleaning Guide,"Black obsidian can handle brief water contact, but prolonged soaking dulls polish and risks chipping. Learn what is safe and what to avoid.",675,batch-028,1jZl1CpbuER6S9qpUrKlJwm7WkGzD9RREsaGl8-WjZ4c,https://docs.google.com/document/d/1jZl1CpbuER6S9qpUrKlJwm7WkGzD9RREsaGl8-WjZ4c/edit?usp=drivesdk,,No peer-reviewed studies specifically addressing prolonged water immersion effects on obsidian polish; recommendation based on general glassy mineraloid properties.
/gemstones/black-obsidian/combinations,gemstones,M1 Stone Atlas,S1.7 combinations,subpage,black-obsidian,combinations,new,P3,Evaluation,Black Obsidian Crystal Combinations,Black Obsidian Crystal Combinations — What Pairs Well,"Black obsidian pairs well with grounding and protective stones. Learn which crystals tradition links to protection, clarity, and emotional balance when used together.",779,batch-028,1AKTuY9TU0DWkJwr2dzRBsZY_iy5c4hHDKxXWwnFJlck,https://docs.google.com/document/d/1AKTuY9TU0DWkJwr2dzRBsZY_iy5c4hHDKxXWwnFJlck/edit?usp=drivesdk,,Crystal pairings are entirely within tradition; no physical or scientific basis for specific combinations; traditions vary by practice and culture.
/gemstones/black-obsidian/how-to-cleanse,gemstones,M1 Stone Atlas,S1.6 how-to-cleanse,subpage,black-obsidian,how-to-cleanse,new,P3,Instruction,How to Cleanse Black Obsidian,How to Cleanse Black Obsidian — Safe Methods That Work,"Black obsidian can handle a brief water rinse, unlike some stones. Smoke, sound, moonlight, and dry earth are all safe. Learn each method step by step.",839,batch-028,1NidGBa5JMAGZN7UulL25OyOQAYTlipfysOfbaEYw8k8,https://docs.google.com/document/d/1NidGBa5JMAGZN7UulL25OyOQAYTlipfysOfbaEYw8k8/edit?usp=drivesdk,,none
/gemstones/black-obsidian/how-to-identify,gemstones,M1 Stone Atlas,S1.4 how-to-identify,subpage,black-obsidian,how-to-identify,new,P3,Instruction,How to Identify Real Black Obsidian,How to Identify Real Black Obsidian vs Fakes and Glass,"Real black obsidian is opaque, shows flow lines and gas bubbles in light, and fractures conchoidally. Bright, flawless, or transparent ""obsidian"" is almost always glass.",959,batch-028,1hGyAFEgaLB_5PMtdYVA0xA_TOJn6XVaTnLcgu2Hflyw,https://docs.google.com/document/d/1hGyAFEgaLB_5PMtdYVA0xA_TOJn6XVaTnLcgu2Hflyw/edit?usp=drivesdk,,No standardized retail authentication guide exists for obsidian; criteria based on physical gemology references.
/gemstones/black-obsidian/price-guide,gemstones,M1 Stone Atlas,S1.9 price-guide,subpage,black-obsidian,price-guide,new,P3,Explanation,Black Obsidian Price Guide,Black Obsidian Price Guide — What to Expect to Pay,"Black obsidian is one of the most affordable stones in the crystal market. Tumbled pieces sell for $1–5, bracelets for $10–35, spheres for $10–60 depending on size.",827,batch-028,1K0rHEoPX9xprweTzHmycVDPl0kpqRy73-sRGID679PI,https://docs.google.com/document/d/1K0rHEoPX9xprweTzHmycVDPl0kpqRy73-sRGID679PI/edit?usp=drivesdk,,"Retail price evidence is from a limited seller sample (September 2026); prices vary significantly by seller, origin region, and carving quality. Per-carat pricing for gem-grade faceted obsidian was not found in retail sources consulted."
/gemstones/black-obsidian/sleeping-with,gemstones,M1 Stone Atlas,S1.5 sleeping-with,subpage,black-obsidian,sleeping-with,new,P3,Explanation,Sleeping with Black Obsidian: What to Know,Sleeping with Black Obsidian — Risks and Placement Tips,Black obsidian under a pillow poses physical risk from its sharp fracture. On a bedside table is safer. Learn what crystal tradition says about night-time use.,688,batch-028,1sqPP6XqsR45TYaXXhTtOYnWDY1rev1pPwskOKsL9a3w,https://docs.google.com/document/d/1sqPP6XqsR45TYaXXhTtOYnWDY1rev1pPwskOKsL9a3w/edit?usp=drivesdk,,No clinical evidence on sleep outcomes from obsidian placement; all sleep-related claims stated as tradition.
/gemstones/black-obsidian/who-should-not-wear,gemstones,M1 Stone Atlas,S1.2 who-should-not-wear,subpage,black-obsidian,who-should-not-wear,new,P3,Evaluation,Who Should Be Cautious About Wearing Black Obsidian,Who Should Not Wear Black Obsidian? Safety & Tradition,Black obsidian poses physical risks due to its brittle nature and sharp fracture. Some crystal traditions also suggest caution for certain emotional states.,712,batch-028,1L_abIuQ7NVIgV2mMgcWmXXTcLJNOK01pYqD8tuuJ5Ek,https://docs.google.com/document/d/1L_abIuQ7NVIgV2mMgcWmXXTcLJNOK01pYqD8tuuJ5Ek/edit?usp=drivesdk,,Astrological cautions vary significantly across traditions; no single authoritative source; presented as tradition only.
/gemstones/black-onyx/affirmations,gemstones,M1 Stone Atlas,S1.8 affirmations,subpage,black-onyx,affirmations,new,P2,Instruction,Black Onyx Affirmations — Phrases and How to Use Them,"Black Onyx Affirmations — Phrases, Timing, and Practice","Black onyx is traditionally linked to protection, grounding, and inner strength. Here are 12 affirmations suited to it, with guidance on how to use them with the stone.",792,batch-009,1uV2KYq3NTzTW1_WCl17AGancFo8cD3lntj8OnVw7Vds,https://docs.google.com/document/d/1uV2KYq3NTzTW1_WCl17AGancFo8cD3lntj8OnVw7Vds/edit?usp=drivesdk,,none
/gemstones/black-onyx/combinations,gemstones,M1 Stone Atlas,S1.7 combinations,subpage,black-onyx,combinations,new,P2,Evaluation,Black Onyx Crystal Combinations — Pairings by Goal,Black Onyx Crystal Combinations — What to Pair It With,"Black onyx pairs well with clear quartz for clarity, smoky quartz for grounding, and labradorite for intuitive protection. Learn goal-based pairings and what to avoid.",942,batch-009,1HMwMieSMEsTOmkydNR31JPuIesGnvLb_ZuvqVnoWFpQ,https://docs.google.com/document/d/1HMwMieSMEsTOmkydNR31JPuIesGnvLb_ZuvqVnoWFpQ/edit?usp=drivesdk,,Crystal pairing recommendations are entirely traditional; no peer-reviewed evidence exists for energetic interactions between stones.
/gemstones/black-onyx/how-to-cleanse,gemstones,M1 Stone Atlas,S1.6 how-to-cleanse,subpage,black-onyx,how-to-cleanse,new,P2,Instruction,How to Cleanse Black Onyx Without Damaging It,How to Cleanse Black Onyx — Safe Methods That Work,"Most black onyx is dyed — prolonged water and salt water can affect the finish. Learn safe cleansing methods: smoke, sound, moonlight, breath, and dry earth.",980,batch-009,1lEHDdHgn8xGk8FoE71na6Suk3DuG2eCLI563_OuDpis,https://docs.google.com/document/d/1lEHDdHgn8xGk8FoE71na6Suk3DuG2eCLI563_OuDpis/edit?usp=drivesdk,,none
/gemstones/black-onyx/how-to-identify,gemstones,M1 Stone Atlas,S1.4 how-to-identify,subpage,black-onyx,how-to-identify,new,P2,Instruction,How to Identify Real Black Onyx,How to Identify Real Black Onyx vs Fakes and Glass,"Nearly all commercial black onyx is dyed chalcedony — that is genuine, not fake. Learn how to spot glass, plastic, and lower-quality imitations using simple tests.",913,batch-009,1qQHusNSYDhgwpolxnWv4Mzj5g1P0dV4DCCHKFQYF1q8,https://docs.google.com/document/d/1qQHusNSYDhgwpolxnWv4Mzj5g1P0dV4DCCHKFQYF1q8/edit?usp=drivesdk,,none
/gemstones/black-onyx/price-guide,gemstones,M1 Stone Atlas,S1.9 price-guide,subpage,black-onyx,price-guide,new,P2,Explanation,Black Onyx Price Guide — What It Costs and Why,"Black Onyx Price Guide — Costs, Grades, and Value",Dyed black onyx tumbled stones cost $1–$10 per carat retail; jewelry ranges from $50 to $500+. Learn what drives the price and how to avoid overpaying.,849,batch-009,1QellfoUZsrefVHo0Djta-5vzeE-05YoLm04-3rBHlVA,https://docs.google.com/document/d/1QellfoUZsrefVHo0Djta-5vzeE-05YoLm04-3rBHlVA/edit?usp=drivesdk,,"Price ranges sourced from secondary retail guides rather than verified gemological price databases (e.g., GIA price reports); ranges are consistent across multiple sources but should be treated as indicative. Natural (undyed) black onyx retail prices are rarely listed separately by major benchmarks."
/gemstones/black-onyx/sleeping-with,gemstones,M1 Stone Atlas,S1.5 sleeping-with,subpage,black-onyx,sleeping-with,new,P2,Explanation,Sleeping with Black Onyx — What to Know,Sleeping with Black Onyx — Placement and Practice,"Black onyx is non-toxic and physically safe for bedside or under-pillow use. This page covers placement, traditional associations, and who should consider caution.",770,batch-009,1hHv-RhD2KTsGLYhfq5l62m_1GRn4265wo78XVtF8jaI,https://docs.google.com/document/d/1hHv-RhD2KTsGLYhfq5l62m_1GRn4265wo78XVtF8jaI/edit?usp=drivesdk,,none
/gemstones/black-tourmaline/affirmations,gemstones,M1 Stone Atlas,S1.8 affirmations,subpage,black-tourmaline,affirmations,new,P2,Instruction,Black Tourmaline Affirmations — What to Say and How to Use Them,Black Tourmaline Affirmations — Phrases and Practice Guide,"Black tourmaline affirmations focus on protection, grounding, and boundaries. Ready-to-use phrases and a simple practice method for using them with the stone.",911,batch-011,1Ly3u5rxa3lNXu01F_9eOpdSdOsOOeGtWPbcyrmnAgXE,https://docs.google.com/document/d/1Ly3u5rxa3lNXu01F_9eOpdSdOsOOeGtWPbcyrmnAgXE/edit?usp=drivesdk,,"No scientific evidence supports affirmations spoken with a stone being more effective than affirmations spoken alone. Practice benefits, if any, come from the affirmation practice itself."
/gemstones/black-tourmaline/combinations,gemstones,M1 Stone Atlas,S1.7 combinations,subpage,black-tourmaline,combinations,new,P2,Evaluation,Black Tourmaline Crystal Combinations,Best Crystal Combinations for Black Tourmaline,"Black tourmaline pairs well with clear quartz, amethyst, and citrine for different goals. Avoid stacking with selenite in jewelry. A practical pairing guide.",1203,batch-011,1UoKW5RkpHvq5apuZAZCt9i182zDNTUzkgX_mGShgnx4,https://docs.google.com/document/d/1UoKW5RkpHvq5apuZAZCt9i182zDNTUzkgX_mGShgnx4/edit?usp=drivesdk,,No physical or scientific basis exists for crystal pairing effects. All pairing descriptions reflect traditional and contemporary crystal practice only.
/gemstones/black-tourmaline/how-to-cleanse,gemstones,M1 Stone Atlas,S1.6 how-to-cleanse,subpage,black-tourmaline,how-to-cleanse,new,P2,Instruction,How to Cleanse Black Tourmaline Without Damaging It,How to Cleanse Black Tourmaline — Safe Methods Explained,"Black tourmaline tolerates a brief water rinse but should not be soaked. Learn which cleansing methods are safe — smoke, sound, moonlight, selenite, and more.",1063,batch-011,1_9Eof64JFskSeOuzKjAcTTVdB5IzFt8jSUkw3Uo1dkM,https://docs.google.com/document/d/1_9Eof64JFskSeOuzKjAcTTVdB5IzFt8jSUkw3Uo1dkM/edit?usp=drivesdk,,none
/gemstones/black-tourmaline/how-to-identify,gemstones,M1 Stone Atlas,S1.4 how-to-identify,subpage,black-tourmaline,how-to-identify,new+absorb legacy,P2,Instruction,How to Identify Real Black Tourmaline,How to Tell If Black Tourmaline Is Real — Tests That Work,"Real black tourmaline has vertical striations, a triangular cross-section, and scratches glass. Learn how to spot fakes, glass, obsidian, and other imitations.",1043,batch-011,1ljSi6UM_Bnt636ooCsteKABfd1dH37G5jZCM9qurvsw,https://docs.google.com/document/d/1ljSi6UM_Bnt636ooCsteKABfd1dH37G5jZCM9qurvsw/edit?usp=drivesdk,/learn/how-to-tell-if-black-tourmaline-is-real -> /gemstones/black-tourmaline/how-to-identify,"Synthetic black tourmaline for the mass metaphysical market is not documented as commercially produced; main imitation risk is misidentified natural minerals (obsidian, onyx) and glass, not lab-grown material."
/gemstones/black-tourmaline/price-guide,gemstones,M1 Stone Atlas,S1.9 price-guide,subpage,black-tourmaline,price-guide,new,P2,Explanation,Black Tourmaline Price Guide,Black Tourmaline Price Guide — What It Costs and Why,Black tourmaline is one of the most affordable protective stones. Raw bulk runs $20–$50/kg; tumbled pieces retail around $3–$15 each. Learn what drives the price.,956,batch-011,1CYGwREhQl4_PFCyXfDe3rkDJMgOPESeIgx2zL2hSFTI,https://docs.google.com/document/d/1CYGwREhQl4_PFCyXfDe3rkDJMgOPESeIgx2zL2hSFTI/edit?usp=drivesdk,,Precise wholesale-to-retail markup data and pricing for specific mine-origin premium specimens were not findable in current sources. Ranges given reflect commonly observed retail prices September 2026.
/gemstones/black-tourmaline/who-should-not-wear,gemstones,M1 Stone Atlas,S1.2 who-should-not-wear,subpage,black-tourmaline,who-should-not-wear,new,P2,Evaluation,Who Should Be Cautious About Wearing Black Tourmaline,Who Should Not Wear Black Tourmaline? Cautions & Advice,"Black tourmaline is safe to touch and wear, but certain people in crystal tradition and Vedic astrology are advised to approach it cautiously. Here is what to know.",1023,batch-011,1VeSQBITDjLUr08hYP8CyeXcv-2bucoYMnkE2fz2q-Xg,https://docs.google.com/document/d/1VeSQBITDjLUr08hYP8CyeXcv-2bucoYMnkE2fz2q-Xg/edit?usp=drivesdk,,"No clinical evidence exists for or against physical effects of wearing black tourmaline. Vedic astrology cautions are traditional, not verifiable by scientific study."
/gemstones/blue-lace-agate/affirmations,gemstones,M1 Stone Atlas,S1.8 affirmations,subpage,blue-lace-agate,affirmations,new,P3,Instruction,Blue Lace Agate Affirmations: A Practical Guide,Blue Lace Agate Affirmations: Words and How to Use Them,"Blue Lace Agate is traditionally used with affirmations for calm, communication, and self-expression. Here are 12 affirmations and a simple practice method.",723,batch-040,1d_1yXI3molNfXk9NHlvNgllHNc7qjpkGW-n4dYpk0s0,https://docs.google.com/document/d/1d_1yXI3molNfXk9NHlvNgllHNc7qjpkGW-n4dYpk0s0/edit?usp=drivesdk,,none
/gemstones/blue-lace-agate/combinations,gemstones,M1 Stone Atlas,S1.7 combinations,subpage,blue-lace-agate,combinations,new,P3,Evaluation,Blue Lace Agate Crystal Combinations,Blue Lace Agate Combinations: Best Crystal Pairings,"Blue Lace Agate pairs well with Lapis Lazuli for communication, Amethyst for calm, and Rose Quartz for emotional ease. Learn which pairings work and why.",862,batch-040,1Na5LMG-GBWo4eEqBUf7N6mrzRSZUpWe6xiT1PbPhrEE,https://docs.google.com/document/d/1Na5LMG-GBWo4eEqBUf7N6mrzRSZUpWe6xiT1PbPhrEE/edit?usp=drivesdk,,"All pairing recommendations are based on crystal-practice tradition, not controlled evidence. No primary astrological or mineralogical source formally codifies incompatible crystal pairs."
/gemstones/blue-lace-agate/how-to-cleanse,gemstones,M1 Stone Atlas,S1.6 how-to-cleanse,subpage,blue-lace-agate,how-to-cleanse,new,P3,Instruction,How to Cleanse Blue Lace Agate Without Damaging It,How to Cleanse Blue Lace Agate Safely,Blue Lace Agate is water-safe for a brief rinse but fades in prolonged sunlight. Learn which cleansing methods protect its color and polish.,870,batch-040,13ZS_aU2UmI77ZiiUnOMCVB3BY_6Wyh2IRi6nC8cGKMs,https://docs.google.com/document/d/13ZS_aU2UmI77ZiiUnOMCVB3BY_6Wyh2IRi6nC8cGKMs/edit?usp=drivesdk,,none
/gemstones/blue-lace-agate/how-to-identify,gemstones,M1 Stone Atlas,S1.4 how-to-identify,subpage,blue-lace-agate,how-to-identify,new,P3,Instruction,How to Identify Real Blue Lace Agate,How to Identify Real Blue Lace Agate vs Fakes,"Real Blue Lace Agate has soft pale blue wavy banding, Mohs 7 hardness, and no dye in fractures. Learn to spot dyed, glass, and imitation material.",887,batch-040,1iovtg9mqYiPhVHXkQwM1p6kv1LJ7Vd-wzJrAdEzyiew,https://docs.google.com/document/d/1iovtg9mqYiPhVHXkQwM1p6kv1LJ7Vd-wzJrAdEzyiew/edit?usp=drivesdk,,UV fluorescence (green under shortwave UV in some Namibian specimens) is documented in the Wikipedia mineralogical entry; useful secondary test but requires shortwave UV lamp not commonly available to consumers.
/gemstones/blue-lace-agate/price-guide,gemstones,M1 Stone Atlas,S1.9 price-guide,subpage,blue-lace-agate,price-guide,new,P3,Explanation,Blue Lace Agate Price Guide,Blue Lace Agate Price Guide: What to Expect to Pay,"Blue Lace Agate cabochons typically run $8–$30 per carat. Supply from Namibia is constrained, pushing prices up. Learn what drives value and how to avoid overpaying.",785,batch-040,1nhwZNh54bvDjSC91PzP4kopjf6PSg7VATlewd6s8Uhw,https://docs.google.com/document/d/1nhwZNh54bvDjSC91PzP4kopjf6PSg7VATlewd6s8Uhw/edit?usp=drivesdk,,Retail price data varies significantly across sources and markets; ranges given reflect multiple retail data points checked September 2026 but individual sellers may price outside these ranges. No single authoritative wholesale price index exists for Blue Lace Agate.
/gemstones/blue-lace-agate/sleeping-with,gemstones,M1 Stone Atlas,S1.5 sleeping-with,subpage,blue-lace-agate,sleeping-with,new,P3,Explanation,Sleeping with Blue Lace Agate: What to Expect,Sleeping with Blue Lace Agate: Benefits and How-To,Blue Lace Agate is physically safe to keep by the bed or under the pillow. Learn what tradition says about its effect on sleep and how to use it.,754,batch-040,1tzRmjUCU6Wc8pjrh115o3gLnXp1h3OLFJEDewHu5w2A,https://docs.google.com/document/d/1tzRmjUCU6Wc8pjrh115o3gLnXp1h3OLFJEDewHu5w2A/edit?usp=drivesdk,,No clinical evidence that Blue Lace Agate affects sleep; all sleep-related associations are traditional. No formal sources specifically contraindicate night-time use for named zodiac signs.
/gemstones/blue-lace-agate/who-should-not-wear,gemstones,M1 Stone Atlas,S1.2 who-should-not-wear,subpage,blue-lace-agate,who-should-not-wear,new,P3,Evaluation,Who Should Not Wear Blue Lace Agate?,Who Should Not Wear Blue Lace Agate?,"Blue Lace Agate is physically safe for almost everyone. Learn which physical, astrological, and traditional cautions apply before wearing it.",708,batch-040,1DXDi2_ZJgElrC18H-jjwHvSwMOdE507pJlteDARyUIc,https://docs.google.com/document/d/1DXDi2_ZJgElrC18H-jjwHvSwMOdE507pJlteDARyUIc/edit?usp=drivesdk,,"No peer-reviewed Vedic or Western astrology sources specifically contraindicate Blue Lace Agate for named zodiac signs; traditional cautions drawn from crystal-practice literature, not primary astrological texts."
/gemstones/blue-onyx/affirmations,gemstones,M1 Stone Atlas,S1.8 affirmations,subpage,blue-onyx,affirmations,new,P3,Instruction,Blue Onyx Affirmations — Phrases and How to Use Them,Blue Onyx Affirmations — How to Use Them with the Stone,"Blue Onyx is traditionally linked to voice, calm, and self-expression. These affirmations align with those associations and include a simple step-by-step routine.",820,batch-053,1hV04uXnwi0kbhcuKnkt-uiKIFoW8PYkrYPJxTytH28s,https://docs.google.com/document/d/1hV04uXnwi0kbhcuKnkt-uiKIFoW8PYkrYPJxTytH28s/edit?usp=drivesdk,,No peer-reviewed evidence exists for affirmation effects being altered by holding a crystal; the routine described here is tradition-based practice only.
/gemstones/blue-onyx/can-go-in-water,gemstones,M1 Stone Atlas,S1.3 can-go-in-water,subpage,blue-onyx,can-go-in-water,new,P3,Explanation,Can Blue Onyx Go in Water?,Can Blue Onyx Go in Water? Safety and Care Guide,"Blue Onyx is physically water-tolerant at Mohs 6.5–7, but most specimens are dyed. A brief rinse is safe; prolonged soaking risks color damage. Here is what to know.",652,batch-053,1Kkydeamoui4nqgPwNmWbnTS7FHhyjNGd8opsa2UgWDM,https://docs.google.com/document/d/1Kkydeamoui4nqgPwNmWbnTS7FHhyjNGd8opsa2UgWDM/edit?usp=drivesdk,,No independent lab data on dye stability under water exposure for commercial blue onyx was found; guidance on dye risk is based on general gem-trade practice for dyed chalcedony.
/gemstones/blue-onyx/combinations,gemstones,M1 Stone Atlas,S1.7 combinations,subpage,blue-onyx,combinations,new,P3,Evaluation,Blue Onyx Crystal Combinations — Pairings and Goals,Blue Onyx Crystal Pairings — Which Stones Work Together,"Blue Onyx pairs well with communication and calming stones. Learn which crystals practitioners combine with it, for which goals, and which pairings to think twice about.",761,batch-053,1sWZFOoA1foidYBRVq6zf6l96gR2WTHIfkA3ENRhCh8c,https://docs.google.com/document/d/1sWZFOoA1foidYBRVq6zf6l96gR2WTHIfkA3ENRhCh8c/edit?usp=drivesdk,,Crystal pairing effects have no peer-reviewed evidence base; all pairings described here are drawn from practitioner traditions and crystal reference sources. No scientific basis exists for synergistic crystal effects.
/gemstones/blue-onyx/how-to-cleanse,gemstones,M1 Stone Atlas,S1.6 how-to-cleanse,subpage,blue-onyx,how-to-cleanse,new,P3,Instruction,How to Cleanse Blue Onyx Without Damaging It,How to Cleanse Blue Onyx — Safe Methods Explained,"Blue Onyx is physically water-tolerant, but dye may bleed with prolonged soaking. Learn which cleansing methods are safe, which to limit, and how to recharge.",834,batch-053,1Bfk1HWKk7rjpfW1Mh4b-kpx68wQZDGkIg1t4t6JNAQc,https://docs.google.com/document/d/1Bfk1HWKk7rjpfW1Mh4b-kpx68wQZDGkIg1t4t6JNAQc/edit?usp=drivesdk,,No independent laboratory data on dye stability in water for commercial blue onyx specimens was found; the advice on brief vs. prolonged water exposure is based on general gem-trade guidance for dyed chalcedony.
/gemstones/blue-onyx/how-to-identify,gemstones,M1 Stone Atlas,S1.4 how-to-identify,subpage,blue-onyx,how-to-identify,new,P3,Instruction,How to Identify Real Blue Onyx,How to Identify Real Blue Onyx vs. Fakes and Imitations,"Most Blue Onyx is dyed chalcedony — that is not fake, but glass and plastic are. Learn which tests distinguish genuine stone from imitations, and what to look for.",804,batch-053,1b3NdVNObyvXFIW0403peZIZWbx8NEyydZRIGiKI_3eM,https://docs.google.com/document/d/1b3NdVNObyvXFIW0403peZIZWbx8NEyydZRIGiKI_3eM/edit?usp=drivesdk,,Definitive identification of dyed vs. natural-color chalcedony requires spectroscopic lab testing not available to most consumers. No retail testing kits specific to blue onyx dye detection were found.
/gemstones/blue-onyx/price-guide,gemstones,M1 Stone Atlas,S1.9 price-guide,subpage,blue-onyx,price-guide,new,P3,Explanation,Blue Onyx Price Guide — What It Costs and Why,"Blue Onyx Price Guide — Cost, Value Factors, and Tips",Blue Onyx is an affordable gemstone. Tumbled stones start under $5; quality carvings can reach hundreds. Learn what drives price and how to avoid overpaying.,704,batch-053,1paoe3AjSXKdjBltg3EHpkRBOviqwnqSK-oSI1Uog-to,https://docs.google.com/document/d/1paoe3AjSXKdjBltg3EHpkRBOviqwnqSK-oSI1Uog-to/edit?usp=drivesdk,,"Precise per-carat retail pricing for Blue Onyx was not found in a standardized gem-price database (GIA, AGTA) as of September 2026; this stone is not tracked by major grading labs. Price ranges stated are drawn from retail and wholesale listings and should be verified against current seller prices. Natural-color (undyed) Blue Onyx pricing was not found with confidence."
/gemstones/blue-onyx/sleeping-with,gemstones,M1 Stone Atlas,S1.5 sleeping-with,subpage,blue-onyx,sleeping-with,new,P3,Explanation,Sleeping with Blue Onyx — What to Expect,Sleeping with Blue Onyx — Tradition and Practical Guide,Blue Onyx is physically safe to keep beside the bed or under the pillow. Crystal tradition links it to calm and emotional steadiness. Here is how to do it well.,651,batch-053,1YZ5_p3hfDL7Ayd7kKWqL5_vA0LGyFerqkf8nZRQmie4,https://docs.google.com/document/d/1YZ5_p3hfDL7Ayd7kKWqL5_vA0LGyFerqkf8nZRQmie4/edit?usp=drivesdk,,No clinical evidence exists for crystal influence on sleep quality; all sleep-related effects described here are tradition-based. No evidence was found on whether dye migration occurs through pillow fabric in normal use.
/gemstones/blue-onyx/who-should-not-wear,gemstones,M1 Stone Atlas,S1.2 who-should-not-wear,subpage,blue-onyx,who-should-not-wear,new,P3,Evaluation,Who Should Not Wear Blue Onyx?,Who Should Not Wear Blue Onyx — Physical & Tradition,"Blue Onyx has no physical toxicity, but tradition names a few cautions. Learn who crystal practice and astrology suggest should approach it carefully.",669,batch-053,1mnRyOcA8tdOC21K8r1Ng7C5_PmY5qdElhdvJ_9kvtU8,https://docs.google.com/document/d/1mnRyOcA8tdOC21K8r1Ng7C5_PmY5qdElhdvJ_9kvtU8/edit?usp=drivesdk,,No peer-reviewed astrological contraindication data exists; astrological cautions are based on practitioner tradition only. No documented physical health risk from wearing Blue Onyx as jewelry.
/gemstones/blue-sandstone/affirmations,gemstones,M1 Stone Atlas,S1.8 affirmations,subpage,blue-sandstone,affirmations,new,P3,Instruction,Blue Sandstone Affirmations — Wording and Practice,Blue Sandstone Affirmations — How to Use Them,"Blue Sandstone is traditionally linked to ambition, confidence, and clarity. These 8 affirmations align with those associations, with a step-by-step practice guide.",659,batch-054,1WoKbtAIcCafZjC9kQ1RymidEnZaqLNQGtZxACx1RShg,https://docs.google.com/document/d/1WoKbtAIcCafZjC9kQ1RymidEnZaqLNQGtZxACx1RShg/edit?usp=drivesdk,,No scientific evidence for affirmation effects specific to any stone; all practice described is tradition.
/gemstones/blue-sandstone/can-go-in-water,gemstones,M1 Stone Atlas,S1.3 can-go-in-water,subpage,blue-sandstone,can-go-in-water,new,P3,Explanation,Can Blue Sandstone Go in Water?,Can Blue Sandstone Go in Water? The Facts,"Blue Sandstone is a glass, so it does not dissolve in water. A brief rinse is safe. Avoid salt water, ultrasonic cleaners, and prolonged soaking. Full explanation here.",611,batch-054,1x3x25ltE2QyjRhH2BEOccsu4NfHBS51bftg9vb9jqiw,https://docs.google.com/document/d/1x3x25ltE2QyjRhH2BEOccsu4NfHBS51bftg9vb9jqiw/edit?usp=drivesdk,,No peer-reviewed study specifically on water effects on polished blue goldstone surface finishes; glass water-stability is well-established in materials science.
/gemstones/blue-sandstone/combinations,gemstones,M1 Stone Atlas,S1.7 combinations,subpage,blue-sandstone,combinations,new,P3,Evaluation,Best Crystal Combinations for Blue Sandstone,Blue Sandstone Crystal Combinations — Pairings Guide,"Blue Sandstone pairs well with amethyst, lapis lazuli, black tourmaline, and citrine in tradition. Which goals each pairing serves and which to approach with care.",768,batch-054,1eDZvolf8pO_l5jq7O7UDfXECVGV5I8BT14ytRIpJydY,https://docs.google.com/document/d/1eDZvolf8pO_l5jq7O7UDfXECVGV5I8BT14ytRIpJydY/edit?usp=drivesdk,,All pairing claims are tradition; no controlled evidence for interaction effects between stones.
/gemstones/blue-sandstone/how-to-cleanse,gemstones,M1 Stone Atlas,S1.6 how-to-cleanse,subpage,blue-sandstone,how-to-cleanse,new,P3,Instruction,How to Cleanse Blue Sandstone Without Damaging It,How to Cleanse Blue Sandstone Safely,"Blue Sandstone is a glass that tolerates a brief water rinse, smoke, sound, and moonlight. Avoid salt, ultrasonic cleaners, and harsh chemicals. Full guide inside.",766,batch-054,1Hm4IGnwTNSUC_QCYNSas9TeOM7wC5b1_QGq5LdGskcs,https://docs.google.com/document/d/1Hm4IGnwTNSUC_QCYNSas9TeOM7wC5b1_QGq5LdGskcs/edit?usp=drivesdk,,No scientific basis for energetic cleansing; all metaphysical cleansing claims are tradition only.
/gemstones/blue-sandstone/how-to-identify,gemstones,M1 Stone Atlas,S1.4 how-to-identify,subpage,blue-sandstone,how-to-identify,new,P3,Instruction,How to Identify Real Blue Sandstone,How to Identify Real Blue Sandstone vs Fakes,"Blue Sandstone is manufactured glass — ""real"" means genuine aventurine glass with copper inclusions, not plastic or resin. Visual and physical tests explained.",781,batch-054,13ffiZ6jjl6BIfky8F31NLHaQT496Nh1v6h3zfrKF6yM,https://docs.google.com/document/d/13ffiZ6jjl6BIfky8F31NLHaQT496Nh1v6h3zfrKF6yM/edit?usp=drivesdk,,none
/gemstones/blue-sandstone/price-guide,gemstones,M1 Stone Atlas,S1.9 price-guide,subpage,blue-sandstone,price-guide,new,P3,Explanation,Blue Sandstone Price Guide,Blue Sandstone Price Guide — What It Costs,Blue Sandstone is affordable manufactured glass. Tumbled stones $1–3 each; bracelets $5–15; bead strands $5–10. Explains what drives price and how to avoid overpaying.,700,batch-054,1ETkYj9MXEN1QLN2ep7FZyM-l-_fcS9tOz8vM0hlzGHQ,https://docs.google.com/document/d/1ETkYj9MXEN1QLN2ep7FZyM-l-_fcS9tOz8vM0hlzGHQ/edit?usp=drivesdk,,No per-carat pricing data found; Blue Sandstone is not priced per carat in any retail source consulted. Fine carved or large sphere retail pricing found only at wholesale level.
/gemstones/blue-sandstone/sleeping-with,gemstones,M1 Stone Atlas,S1.5 sleeping-with,subpage,blue-sandstone,sleeping-with,new,P3,Explanation,Sleeping With Blue Sandstone — What to Expect,Sleeping With Blue Sandstone — Practical Guide,Blue Sandstone is physically safe near the bed. Tradition links it to ambition and the third eye. Some find it stimulating at night; learn how to place it sensibly.,670,batch-054,1gUqVPUcG7OP8YciLDxRFYP62Oh7mkEgvf-_xu9hrVT0,https://docs.google.com/document/d/1gUqVPUcG7OP8YciLDxRFYP62Oh7mkEgvf-_xu9hrVT0/edit?usp=drivesdk,,No controlled studies on crystal placement during sleep; all claims about sleep effects are tradition only.
/gemstones/blue-sandstone/who-should-not-wear,gemstones,M1 Stone Atlas,S1.2 who-should-not-wear,subpage,blue-sandstone,who-should-not-wear,new,P3,Evaluation,Who Should Not Wear Blue Sandstone,Who Should Not Wear Blue Sandstone — Cautions,"Blue Sandstone is manufactured glass with few physical hazards. Children, sensitive wearers, and some astrological placements warrant caution. Full guide here.",619,batch-054,1yOzrmf6D222FSCNKjVZw8lT5XffSDEN95dgAEmsOwbM,https://docs.google.com/document/d/1yOzrmf6D222FSCNKjVZw8lT5XffSDEN95dgAEmsOwbM/edit?usp=drivesdk,,No peer-reviewed evidence for any astrological or metaphysical cautions; all such claims are tradition only.
/gemstones/blue-tigers-eye/affirmations,gemstones,M1 Stone Atlas,S1.8 affirmations,subpage,blue-tigers-eye,affirmations,new,P3,Instruction,Blue Tiger's Eye Affirmations — How to Use Them,Blue Tiger's Eye Affirmations — Phrases & Practice,"Affirmations for Blue Tiger's Eye draw on its traditional associations with clarity, calm focus, and inner vision. Learn how to use them effectively with the stone.",810,batch-039,1XHfdOJ0sUK9ttl9aIBgNHr1fT_kumaNNHaaCd4SwxZ0,https://docs.google.com/document/d/1XHfdOJ0sUK9ttl9aIBgNHr1fT_kumaNNHaaCd4SwxZ0/edit?usp=drivesdk,,Affirmation practice outcomes are not clinically established for crystal use; stated as tradition and personal practice throughout.
/gemstones/blue-tigers-eye/can-go-in-water,gemstones,M1 Stone Atlas,S1.3 can-go-in-water,subpage,blue-tigers-eye,can-go-in-water,new,P3,Explanation,Can Blue Tiger's Eye Go in Water?,Can Blue Tiger's Eye Go in Water? — Safe Limits,Blue Tiger's Eye can be briefly rinsed but should not be soaked or put in salt water. Learn why and how to clean it safely without damage.,783,batch-039,19Vix7-5hi9hDM4Gj86VeHlEEj2NLkRdj42MrirsT7To,https://docs.google.com/document/d/19Vix7-5hi9hDM4Gj86VeHlEEj2NLkRdj42MrirsT7To/edit?usp=drivesdk,,none
/gemstones/blue-tigers-eye/combinations,gemstones,M1 Stone Atlas,S1.7 combinations,subpage,blue-tigers-eye,combinations,new,P3,Evaluation,Best Crystal Combinations for Blue Tiger's Eye,Blue Tiger's Eye Crystal Combinations — Pairs & Pairings,"Blue Tiger's Eye pairs well with blue lace agate, sodalite, amazonite, and aquamarine. Learn which combinations practitioners use, for which goals, and what to avoid.",819,batch-039,1J-tcmF4lfDg4ztkl-DPNERKRFW5CIdBjy_5QBQFf88Q,https://docs.google.com/document/d/1J-tcmF4lfDg4ztkl-DPNERKRFW5CIdBjy_5QBQFf88Q/edit?usp=drivesdk,,All pairing associations are tradition; no physical incompatibility data exists or is claimed.
/gemstones/blue-tigers-eye/how-to-cleanse,gemstones,M1 Stone Atlas,S1.6 how-to-cleanse,subpage,blue-tigers-eye,how-to-cleanse,new,P3,Instruction,How to Cleanse Blue Tiger's Eye Without Damaging It,How to Cleanse Blue Tiger's Eye — Safe Methods,Blue Tiger's Eye tolerates a brief rinse but should not be soaked. Learn which cleansing methods are safe and which to avoid for this chatoyant quartz.,869,batch-039,1NJZ_q0pwl1grpuE8sj8JzI2QS7f1ucZvAwLr5Fapx5A,https://docs.google.com/document/d/1NJZ_q0pwl1grpuE8sj8JzI2QS7f1ucZvAwLr5Fapx5A/edit?usp=drivesdk,,none
/gemstones/blue-tigers-eye/how-to-identify,gemstones,M1 Stone Atlas,S1.4 how-to-identify,subpage,blue-tigers-eye,how-to-identify,new,P3,Instruction,How to Identify Real Blue Tiger's Eye,How to Identify Real Blue Tiger's Eye vs Fake,"Real Blue Tiger's Eye shows chatoyancy, a cool weight, and fibrous texture. Learn to distinguish it from glass, dyed quartz, and synthetic imitations.",886,batch-039,1svSizuGOazHMrZ_GRag-4TkeGqN5SZYkSf05sLi-wXk,https://docs.google.com/document/d/1svSizuGOazHMrZ_GRag-4TkeGqN5SZYkSf05sLi-wXk/edit?usp=drivesdk,,none
/gemstones/blue-tigers-eye/price-guide,gemstones,M1 Stone Atlas,S1.9 price-guide,subpage,blue-tigers-eye,price-guide,new,P3,Explanation,Blue Tiger's Eye Price Guide,Blue Tiger's Eye Price Guide — What to Pay in 2026,Blue Tiger's Eye tumbled stones retail from around $2–8 each; bracelets typically $8–30. Learn what drives price and how to avoid overpaying.,880,batch-039,1I1pO3lsCJT__lskBfl1U8WB9IHNVqUFFU9UaKeo_Vlg,https://docs.google.com/document/d/1I1pO3lsCJT__lskBfl1U8WB9IHNVqUFFU9UaKeo_Vlg/edit?usp=drivesdk,,Per-carat pricing for gem-grade Blue Tiger's Eye not found in gem-trade databases. Ranges given are for retail tumbled and beaded forms (September 2026). Faceted or collector-grade per-carat benchmarks require a specialist dealer or gemological lab quote.
/gemstones/blue-tigers-eye/sleeping-with,gemstones,M1 Stone Atlas,S1.5 sleeping-with,subpage,blue-tigers-eye,sleeping-with,new,P3,Explanation,Sleeping with Blue Tiger's Eye — What to Expect,Sleeping with Blue Tiger's Eye — Pillow or Bedside?,"Blue Tiger's Eye is traditionally linked to calm focus and reduced anxiety. Learn whether sleeping with it suits you, where to place it, and who should be cautious.",761,batch-039,1f5iXUoDbVKW5TBSTSy4tL33UJGy2r9ZV4zomZdK7A_E,https://docs.google.com/document/d/1f5iXUoDbVKW5TBSTSy4tL33UJGy2r9ZV4zomZdK7A_E/edit?usp=drivesdk,,No clinical evidence exists for crystal effects on sleep quality; stated as tradition throughout.
/gemstones/blue-tigers-eye/who-should-not-wear,gemstones,M1 Stone Atlas,S1.2 who-should-not-wear,subpage,blue-tigers-eye,who-should-not-wear,new,P3,Evaluation,Who Should Not Wear Blue Tiger's Eye,Who Should Avoid Blue Tiger's Eye — Physical & Tradition,"Most people can wear Blue Tiger's Eye safely. Learn who should be cautious based on physical facts, lapidary safety, and traditional astrology.",838,batch-039,1z3q8cLZekbhvoe-XZCMpeW32oXT_WoGRiEQ5a6X7kLs,https://docs.google.com/document/d/1z3q8cLZekbhvoe-XZCMpeW32oXT_WoGRiEQ5a6X7kLs/edit?usp=drivesdk,,Vedic gemology assignment of Blue Tiger's Eye to Saturn is not universal across all lineages; treated as tradition. No peer-reviewed clinical evidence for crystal effects cited (not applicable to this page type).
/gemstones/botswana-agate/affirmations,gemstones,M1 Stone Atlas,S1.8 affirmations,subpage,botswana-agate,affirmations,new,P3,Instruction,Botswana Agate Affirmations — 15 Phrases and How to Use Them,Botswana Agate Affirmations — 15 Phrases and How to Use,"Botswana Agate is used in tradition for grounding, emotional calm, and transitions. Here are 15 affirmations that match its associations, with a simple practice.",808,batch-045,1dOBJG3gRchpscup0KzUGkXtO-9GPqvcfubErBvFM2m0,https://docs.google.com/document/d/1dOBJG3gRchpscup0KzUGkXtO-9GPqvcfubErBvFM2m0/edit?usp=drivesdk,,none
/gemstones/botswana-agate/can-go-in-water,gemstones,M1 Stone Atlas,S1.3 can-go-in-water,subpage,botswana-agate,can-go-in-water,new,P3,Explanation,Can Botswana Agate Go in Water?,Can Botswana Agate Go in Water? Yes — With Care,"Botswana Agate is safe in water. It's a stable silica mineral, Mohs 6.5–7, not soluble. Learn how to clean it and what to avoid in longer soaks.",775,batch-045,1R-EqEUqIdlcJBMmVqpruIgU07R2nQQWzrZDeYdnp5FM,https://docs.google.com/document/d/1R-EqEUqIdlcJBMmVqpruIgU07R2nQQWzrZDeYdnp5FM/edit?usp=drivesdk,,none
/gemstones/botswana-agate/combinations,gemstones,M1 Stone Atlas,S1.7 combinations,subpage,botswana-agate,combinations,new,P3,Evaluation,Botswana Agate Crystal Combinations,Best Crystals to Pair with Botswana Agate,"Botswana Agate pairs well with rose quartz, amethyst, and smoky quartz for grounding and calm. Learn which combinations suit which intentions, and what to avoid.",766,batch-045,17MDceMROy-S47_JmFC7jfTvuuE5mKhvCa7N9Ow9ykHE,https://docs.google.com/document/d/17MDceMROy-S47_JmFC7jfTvuuE5mKhvCa7N9Ow9ykHE/edit?usp=drivesdk,,none
/gemstones/botswana-agate/how-to-cleanse,gemstones,M1 Stone Atlas,S1.6 how-to-cleanse,subpage,botswana-agate,how-to-cleanse,new,P3,Instruction,How to Cleanse and Recharge Botswana Agate,How to Cleanse Botswana Agate — Safe Methods,"Botswana Agate is water-safe and durable. Learn the best cleansing methods — water, smoke, sound, moonlight — and how to recharge it safely.",917,batch-045,1ez5MKBCj_-aaEzg0V5N6AtL2LGCa-sxKfIoE4jT7SHM,https://docs.google.com/document/d/1ez5MKBCj_-aaEzg0V5N6AtL2LGCa-sxKfIoE4jT7SHM/edit?usp=drivesdk,,none
/gemstones/botswana-agate/how-to-identify,gemstones,M1 Stone Atlas,S1.4 how-to-identify,subpage,botswana-agate,how-to-identify,new,P3,Instruction,How to Identify Real Botswana Agate,How to Identify Real Botswana Agate vs Fakes,"Genuine Botswana Agate has fine parallel banding in muted gray-pink. Learn how to spot fakes, glass, dyed agate, and other imitations with simple checks.",990,batch-045,1pSelWuRDyZBUqYVLa5X9gLq7eG4chaPbHm95YPkxJeU,https://docs.google.com/document/d/1pSelWuRDyZBUqYVLa5X9gLq7eG4chaPbHm95YPkxJeU/edit?usp=drivesdk,,No UV fluorescence reference specific to Botswana Agate located; general agate fluorescence behavior applied.
/gemstones/botswana-agate/price-guide,gemstones,M1 Stone Atlas,S1.9 price-guide,subpage,botswana-agate,price-guide,new,P3,Explanation,Botswana Agate Price Guide,Botswana Agate Price Guide — What It Costs and Why,Small Botswana Agate cabochons retail from $2–10 per piece depending on size and grade. Learn what drives the price and how to avoid overpaying.,830,batch-045,1px0fBeEy9jlrOyWGxMEO_fr5p9K6pyAgAvZcUtICcf8,https://docs.google.com/document/d/1px0fBeEy9jlrOyWGxMEO_fr5p9K6pyAgAvZcUtICcf8/edit?usp=drivesdk,,Retail price data for large (50mm+) raw slabs and museum-quality specimens was not located. Price ranges from late 2024 to early 2025 retail evidence; September 2026 market prices may differ.
/gemstones/botswana-agate/sleeping-with,gemstones,M1 Stone Atlas,S1.5 sleeping-with,subpage,botswana-agate,sleeping-with,new,P3,Explanation,Sleeping with Botswana Agate: What to Expect,Sleeping with Botswana Agate — What Practitioners Say,"Botswana Agate is physically safe to sleep near. Learn what tradition says about using it at the bedside or under a pillow, and how to try it yourself.",747,batch-045,1kUE6tiC5WPFYwON8QEaTI7adDXdxKcVvs9sTP8Tkcjc,https://docs.google.com/document/d/1kUE6tiC5WPFYwON8QEaTI7adDXdxKcVvs9sTP8Tkcjc/edit?usp=drivesdk,,none
/gemstones/botswana-agate/who-should-not-wear,gemstones,M1 Stone Atlas,S1.2 who-should-not-wear,subpage,botswana-agate,who-should-not-wear,new,P3,Evaluation,Who Should Not Wear Botswana Agate?,Who Should Not Wear Botswana Agate?,"Botswana Agate poses no physical hazard for most wearers. Learn the physical, traditional, and astrological cautions that practitioners discuss.",698,batch-045,1tu_yaGFQWy5g1FqJGKP5HEvrQPb1fgxtTuk4_4ahsvo,https://docs.google.com/document/d/1tu_yaGFQWy5g1FqJGKP5HEvrQPb1fgxtTuk4_4ahsvo/edit?usp=drivesdk,,No peer-reviewed Vedic astrology texts specifically addressing Botswana Agate located; astrological section draws on widely circulated practitioner tradition.
/gemstones/brazilian-agate/affirmations,gemstones,M1 Stone Atlas,S1.8 affirmations,subpage,brazilian-agate,affirmations,new,P3,Instruction,Brazilian Agate Affirmations,Brazilian Agate Affirmations: How to Use Them,Brazilian Agate is traditionally used for grounding and stability. These affirmations align with those qualities and include a simple how-to practice.,667,batch-055,1lo9s-Nay1ILjSnXuX2gZlJ0d-i2ah7EvsyBSGKqyAlM,https://docs.google.com/document/d/1lo9s-Nay1ILjSnXuX2gZlJ0d-i2ah7EvsyBSGKqyAlM/edit?usp=drivesdk,,No empirical evidence for affirmation effects being enhanced by crystal use; all claims stated as tradition and personal practice.
/gemstones/brazilian-agate/can-go-in-water,gemstones,M1 Stone Atlas,S1.3 can-go-in-water,subpage,brazilian-agate,can-go-in-water,new,P3,Explanation,Can Brazilian Agate Go in Water?,Can Brazilian Agate Go in Water? Safe or Not?,"Brazilian Agate is water-safe at Mohs 6.5-7 and SiO2 chemistry, but vivid dyed pieces can bleed color. Here is what to check before rinsing yours.",732,batch-055,1wP9SnZkwhneRC8hdAdweJ9KI8ZIGROE-dIo32ca7Ho4,https://docs.google.com/document/d/1wP9SnZkwhneRC8hdAdweJ9KI8ZIGROE-dIo32ca7Ho4/edit?usp=drivesdk,,"Dye bleed rate varies by manufacturer, dye chemistry, and finish quality; no industry-standard test data for commercial dyed agates."
/gemstones/brazilian-agate/combinations,gemstones,M1 Stone Atlas,S1.7 combinations,subpage,brazilian-agate,combinations,new,P3,Evaluation,Brazilian Agate Crystal Combinations,Brazilian Agate Crystal Combinations,"Brazilian Agate pairs well with grounding and protective stones like black tourmaline, and with amplifiers like clear quartz. Here are the traditional pairings by goal.",698,batch-055,1uPkRPq83kcUW-SZ6O9iwbJJqpBlJlYVC5ifN7KzMTFY,https://docs.google.com/document/d/1uPkRPq83kcUW-SZ6O9iwbJJqpBlJlYVC5ifN7KzMTFY/edit?usp=drivesdk,,All pairing claims are traditional; no empirical evidence for crystal interaction effects.
/gemstones/brazilian-agate/how-to-cleanse,gemstones,M1 Stone Atlas,S1.6 how-to-cleanse,subpage,brazilian-agate,how-to-cleanse,new,P3,Instruction,How to Cleanse Brazilian Agate,How to Cleanse Brazilian Agate Safely,"Brazilian Agate is water-safe and easy to cleanse. Running water, smoke, moonlight, sound, and dry salt are all viable methods. Here is how to use each one.",802,batch-055,1bfajM9lDQqGhc3M2suhG6cJkSB2uotaIj_DQ8y_wMBM,https://docs.google.com/document/d/1bfajM9lDQqGhc3M2suhG6cJkSB2uotaIj_DQ8y_wMBM/edit?usp=drivesdk,,Dye stability in water varies by manufacturer and finish quality; no standardized test data for commercial dyed agates.
/gemstones/brazilian-agate/how-to-identify,gemstones,M1 Stone Atlas,S1.4 how-to-identify,subpage,brazilian-agate,how-to-identify,new,P3,Instruction,How to Identify Real Brazilian Agate,How to Identify Real Brazilian Agate,"Real Brazilian Agate has concentric banding, a Mohs 6.5-7 hardness, and waxy luster. Learn the tests that distinguish it from glass, dyed fakes, and imitations.",866,batch-055,1fO95pNLdWLuCO2o0z2t7glS3awhHVVrsiuTNLAH-nYc,https://docs.google.com/document/d/1fO95pNLdWLuCO2o0z2t7glS3awhHVVrsiuTNLAH-nYc/edit?usp=drivesdk,,No systematic fraud-rate data for Brazilian Agate retail market; dye chemistry varies by producer and is not publicly standardized.
/gemstones/brazilian-agate/price-guide,gemstones,M1 Stone Atlas,S1.9 price-guide,subpage,brazilian-agate,price-guide,new,P3,Explanation,Brazilian Agate Price Guide,Brazilian Agate Price Guide: What It Costs,Brazilian Agate prices range from $2 for small tumbled pieces to $140+ for large display pairs. Here is what drives the price and how to avoid overpaying.,753,batch-055,1f2lGDjZtWRAJytc3YfO7HdsX-01nXjzlYZ0ZFa81BvI,https://docs.google.com/document/d/1f2lGDjZtWRAJytc3YfO7HdsX-01nXjzlYZ0ZFa81BvI/edit?usp=drivesdk,,"Wholesale pricing not systematically tracked; retail prices vary substantially by seller, platform, and grade. Prices current September 2026."
/gemstones/brazilian-agate/sleeping-with,gemstones,M1 Stone Atlas,S1.5 sleeping-with,subpage,brazilian-agate,sleeping-with,new,P3,Explanation,Sleeping with Brazilian Agate,Sleeping with Brazilian Agate: What to Expect,Brazilian Agate is physically safe to sleep with. Crystal tradition associates it with grounding and calm. Here is how to place it and what to watch for.,645,batch-055,1L6dvaODkalo8DoWDZcXh7NU8ucJd393wS7hokT0co1w,https://docs.google.com/document/d/1L6dvaODkalo8DoWDZcXh7NU8ucJd393wS7hokT0co1w/edit?usp=drivesdk,,No clinical research on Brazilian Agate effects on sleep; all sleep claims stated as tradition only.
/gemstones/brazilian-agate/who-should-not-wear,gemstones,M1 Stone Atlas,S1.2 who-should-not-wear,subpage,brazilian-agate,who-should-not-wear,new,P3,Evaluation,Who Should Not Wear Brazilian Agate,Who Should Not Wear Brazilian Agate?,"Brazilian Agate is physically safe for almost everyone, but crystal tradition and astrology flag a few situations where caution or a different stone makes sense.",644,batch-055,1xpTZmAzs0fV-Ruyb5pq2mZ8O3SAwHaGeskVTI1L6n_8,https://docs.google.com/document/d/1xpTZmAzs0fV-Ruyb5pq2mZ8O3SAwHaGeskVTI1L6n_8/edit?usp=drivesdk,,No peer-reviewed evidence for metaphysical contraindications or astrological claims; stated as tradition only.
/gemstones/calcite/affirmations,gemstones,M1 Stone Atlas,S1.8 affirmations,subpage,calcite,affirmations,new,P3,Instruction,Calcite Affirmations: Phrases and How to Use Them,Calcite Affirmations — Phrases Matched to the Stone,"Calcite is traditionally linked to clarity, renewal, and amplification. These affirmations draw on those associations and include a simple routine for using them.",843,batch-043,1-pBxnq28uZF3LBIlP4cJN0Aw9Wk1pQi3s1-T4tdOIm4,https://docs.google.com/document/d/1-pBxnq28uZF3LBIlP4cJN0Aw9Wk1pQi3s1-T4tdOIm4/edit?usp=drivesdk,,No clinical evidence that using affirmations with crystals produces different outcomes than affirmations alone. Associations are tradition.
/gemstones/calcite/combinations,gemstones,M1 Stone Atlas,S1.7 combinations,subpage,calcite,combinations,new,P3,Evaluation,Calcite Crystal Combinations: Which Stones Pair Well,Calcite Crystal Combinations — Best Pairings by Goal,"Calcite pairs well with clear quartz, rose quartz, amethyst, and black tourmaline in tradition. Learn which combinations suit which goals and which to approach carefully.",993,batch-043,13Az9zvNoLXBZKEKwwaqRbHHTvLTtmr7lbxJ8Xm8zrtA,https://docs.google.com/document/d/13Az9zvNoLXBZKEKwwaqRbHHTvLTtmr7lbxJ8Xm8zrtA/edit?usp=drivesdk,,All pairing associations are tradition with no clinical evidence base. No canonical reference text for crystal pairing; associations drawn from mainstream crystal-practice literature.
/gemstones/calcite/how-to-cleanse,gemstones,M1 Stone Atlas,S1.6 how-to-cleanse,subpage,calcite,how-to-cleanse,new,P3,Instruction,How to Cleanse Calcite Without Damaging It,How to Cleanse Calcite Safely — Methods That Work,"Calcite reacts with water and acids, so water cleansing is out. Learn which methods — smoke, sound, moonlight, and breath — are safe for calcite.",780,batch-043,1I-PqKw3TbQtQJZFn6hJvH9omGi2PBMqUAiRgjed1nJg,https://docs.google.com/document/d/1I-PqKw3TbQtQJZFn6hJvH9omGi2PBMqUAiRgjed1nJg/edit?usp=drivesdk,,none
/gemstones/calcite/how-to-identify,gemstones,M1 Stone Atlas,S1.4 how-to-identify,subpage,calcite,how-to-identify,new,P3,Instruction,How to Identify Calcite and Spot Imitations,How to Identify Calcite — Tests and Red Flags,"Real calcite scores Mohs 3, effervesces in acid, and shows perfect rhombohedral cleavage. Learn the tests that distinguish it from glass, dyed quartz, and selenite.",953,batch-043,1pGqPeUf6hJaNUpg9394WMtFLX4_-i3XNIPkrXhyM_AA,https://docs.google.com/document/d/1pGqPeUf6hJaNUpg9394WMtFLX4_-i3XNIPkrXhyM_AA/edit?usp=drivesdk,,No published lab-test data on the prevalence of dyed quartz sold as colored calcite; that risk is widely noted in the gem trade but not formally quantified.
/gemstones/calcite/meaning,gemstones,M1 Stone Atlas,S1.1 meaning,subpage,calcite,meaning,new,P3,Explanation,"Calcite Meaning, Properties, and Traditional Uses",Calcite Meaning — What It Is and What It's For,"Calcite is a calcium carbonate mineral (Mohs 3) known for its wide color range and birefringence. Tradition links it to amplification, clarity, and renewal.",725,batch-043,14mW8e1VdNtbzrpl6WqjSb83jA4JseqJzNe-k_JVoass,https://docs.google.com/document/d/14mW8e1VdNtbzrpl6WqjSb83jA4JseqJzNe-k_JVoass/edit?usp=drivesdk,,No single canonical astrological text for calcite associations found; associations are drawn from mainstream crystal-market tradition.
/gemstones/calcite/price-guide,gemstones,M1 Stone Atlas,S1.9 price-guide,subpage,calcite,price-guide,new,P3,Explanation,Calcite Price Guide: What It Costs and Why,Calcite Price Guide — Costs by Form and Quality,"Calcite is affordable: tumbled pieces cost $1–5 each, raw specimens $0.50–$5 per pound. Rare colors and optical-grade material cost more. Learn what drives the price.",793,batch-043,10hhebGdnLB1fXfO5C6fFRtzHgmheBYRWRzbo96mlHbM,https://docs.google.com/document/d/10hhebGdnLB1fXfO5C6fFRtzHgmheBYRWRzbo96mlHbM/edit?usp=drivesdk,,Retail prices for individual tumbled stones fluctuate significantly by seller and region; ranges given reflect September 2026 market observation and will change over time. No standardized grading system exists for calcite in the crystal market.
/gemstones/calcite/sleeping-with,gemstones,M1 Stone Atlas,S1.5 sleeping-with,subpage,calcite,sleeping-with,new,P3,Explanation,Sleeping with Calcite: By the Bed or Under the Pillow?,Sleeping with Calcite — Safe Placement and Tradition,"Calcite is fragile (Mohs 3, perfect cleavage). Keeping it by the bed is safer than under the pillow. Learn what tradition says and how to set it up safely.",638,batch-043,1CMX3801FXPASHXKHFlbc70w5mvEtcNTqufQ12f89F98,https://docs.google.com/document/d/1CMX3801FXPASHXKHFlbc70w5mvEtcNTqufQ12f89F98/edit?usp=drivesdk,,No clinical evidence that calcite or any crystal affects sleep quality; all sleep associations are tradition only.
/gemstones/calcite/who-should-not-wear,gemstones,M1 Stone Atlas,S1.2 who-should-not-wear,subpage,calcite,who-should-not-wear,new,P3,Evaluation,Who Should Be Cautious About Wearing Calcite,Who Should Avoid Wearing Calcite — Cautions Explained,"Calcite is soft (Mohs 3) and reacts with acids. Learn who should be cautious about wearing it and why, covering physical safety, fragility, and tradition.",735,batch-043,1Fof0kYS8yLfcJggcfUlNl-7uyUT09xQOnVuIqvRciJ8,https://docs.google.com/document/d/1Fof0kYS8yLfcJggcfUlNl-7uyUT09xQOnVuIqvRciJ8/edit?usp=drivesdk,,No peer-reviewed toxicological data specific to calcite skin contact found; standard mineral safety data confirms low toxicity. Astrological cautions are tradition with no single canonical source.
/gemstones/caribbean-calcite/affirmations,gemstones,M1 Stone Atlas,S1.8 affirmations,subpage,caribbean-calcite,affirmations,new,P3,Instruction,Caribbean Calcite Affirmations — 12 Examples and How to Use Them,Caribbean Calcite Affirmations — Examples and Practice,"Caribbean Calcite is linked to calm, clarity, and the Crown, Third Eye, and Throat Chakras. Affirmations to match those associations, with a simple practice routine.",812,batch-056,1cBSXNTKNzTiBZviNavv39VsLC88zM5ikTU_U4SkTiCY,https://docs.google.com/document/d/1cBSXNTKNzTiBZviNavv39VsLC88zM5ikTU_U4SkTiCY/edit?usp=drivesdk,,No clinical evidence that affirmations used with a crystal produce different outcomes than affirmations used without one. Traditional associations for this stone are recently established (first marketed 2019) and not yet settled across all practitioners.
/gemstones/caribbean-calcite/can-go-in-water,gemstones,M1 Stone Atlas,S1.3 can-go-in-water,subpage,caribbean-calcite,can-go-in-water,new,P3,Explanation,Can Caribbean Calcite Go in Water?,Can Caribbean Calcite Go in Water? No — Here Is Why,"Caribbean Calcite cannot go in water. It is acid-reactive, rates Mohs 3, and prolonged contact pits the surface. Safe cleaning methods explained here.",794,batch-056,1LqmozSLpOb7Ydok_QaKxmlWJxgtf6plbUDeya-yZap8,https://docs.google.com/document/d/1LqmozSLpOb7Ydok_QaKxmlWJxgtf6plbUDeya-yZap8/edit?usp=drivesdk,,None for physical properties. No clinical evidence for water-based ritual cleansing.
/gemstones/caribbean-calcite/combinations,gemstones,M1 Stone Atlas,S1.7 combinations,subpage,caribbean-calcite,combinations,new,P3,Evaluation,Caribbean Calcite Crystal Combinations,Caribbean Calcite Crystal Combinations — Best Pairings,"Caribbean Calcite pairs well with amethyst, moonstone, and selenite for calm and sleep, and with blue lace agate for communication. Physical storage cautions included.",915,batch-056,1N3nZL-dSepInsZh1KRzKOFJF4RvJpnKfBdYG695b2eI,https://docs.google.com/document/d/1N3nZL-dSepInsZh1KRzKOFJF4RvJpnKfBdYG695b2eI/edit?usp=drivesdk,,No scientific evidence that crystal pairings produce combined energetic effects. All pairing rationales are tradition-based. No standardized system exists for crystal pairing; different practitioners may suggest different combinations.
/gemstones/caribbean-calcite/how-to-cleanse,gemstones,M1 Stone Atlas,S1.6 how-to-cleanse,subpage,caribbean-calcite,how-to-cleanse,new,P3,Instruction,How to Cleanse Caribbean Calcite Without Damaging It,How to Cleanse Caribbean Calcite Safely,"Caribbean Calcite must not go in water. Safe cleansing methods include smoke, sound, moonlight, and breath. This guide covers each method step by step.",854,batch-056,1Fawb6n5prvT0iq1yGVXlO9mXOmMJQ3_Oekzk1Y8PxqE,https://docs.google.com/document/d/1Fawb6n5prvT0iq1yGVXlO9mXOmMJQ3_Oekzk1Y8PxqE/edit?usp=drivesdk,,No clinical evidence for metaphysical cleansing efficacy; methods described as tradition. Price of cleansing tools not researched.
/gemstones/caribbean-calcite/how-to-identify,gemstones,M1 Stone Atlas,S1.4 how-to-identify,subpage,caribbean-calcite,how-to-identify,new,P3,Instruction,How to Identify Real Caribbean Calcite,How to Identify Real Caribbean Calcite vs Fakes,"Real Caribbean Calcite has irregular blue and tan-brown zoning, rates Mohs 3, and fizzes with vinegar. Learn to distinguish it from dyed calcite, glass, and Larimar.",826,batch-056,1WLD_34LDhtH4pBJZ1gJsRwIFszsCerhergzIRtVF0fs,https://docs.google.com/document/d/1WLD_34LDhtH4pBJZ1gJsRwIFszsCerhergzIRtVF0fs/edit?usp=drivesdk,,No independent gemological lab certification standard exists specifically for 'Caribbean Calcite' as a trade name. Origin documentation from seller is the primary provenance check.
/gemstones/caribbean-calcite/price-guide,gemstones,M1 Stone Atlas,S1.9 price-guide,subpage,caribbean-calcite,price-guide,new,P3,Explanation,Caribbean Calcite Price Guide,Caribbean Calcite Price Guide — What It Costs in 2026,"Caribbean Calcite palm stones and freeforms retail for roughly $8–$60 depending on color, size, and quality. Learn what drives price and how to avoid overpaying.",769,batch-056,1yo29xfBv51buZtqyAnbQ57dqyti7s3m6WkScQjI12oU,https://docs.google.com/document/d/1yo29xfBv51buZtqyAnbQ57dqyti7s3m6WkScQjI12oU/edit?usp=drivesdk,,"No standardized per-carat pricing exists for this trade material. Retail prices vary widely by seller, quality grade, and geographic market. The range cited ($8-$60 per palm stone) reflects retail listings checked September 2026 from rockidentifier.io and will change as supply/demand shift. No wholesale or rough price data found from authoritative trade sources."
/gemstones/caribbean-calcite/sleeping-with,gemstones,M1 Stone Atlas,S1.5 sleeping-with,subpage,caribbean-calcite,sleeping-with,new,P3,Explanation,Sleeping with Caribbean Calcite — Bedside or Under the Pillow?,Sleeping with Caribbean Calcite — What to Know,"Caribbean Calcite is fragile at Mohs 3 and best kept on a bedside surface, not under a pillow. Learn the physical risks and how tradition uses it for sleep.",710,batch-056,1QPQ3SIx0FpsiubS3AuAXhMK6RnJN85BmRvKmbs_U2W0,https://docs.google.com/document/d/1QPQ3SIx0FpsiubS3AuAXhMK6RnJN85BmRvKmbs_U2W0/edit?usp=drivesdk,,No clinical evidence that placing crystals near a sleeping person affects sleep quality. Traditional associations described as tradition only.
/gemstones/caribbean-calcite/who-should-not-wear,gemstones,M1 Stone Atlas,S1.2 who-should-not-wear,subpage,caribbean-calcite,who-should-not-wear,new,P3,Evaluation,Who Should Not Wear Caribbean Calcite,Who Should Not Wear Caribbean Calcite,"Caribbean Calcite is fragile, acid-reactive, and not suited for jewelry worn daily. Learn who should avoid it physically and what tradition suggests by zodiac.",741,batch-056,1LbPg3JX1vzJZJUQl0a1TJqW-q_pDNTFY5CMkAEIZaOk,https://docs.google.com/document/d/1LbPg3JX1vzJZJUQl0a1TJqW-q_pDNTFY5CMkAEIZaOk/edit?usp=drivesdk,,No published peer-reviewed studies on astrological contra-indications for Caribbean Calcite; zodiac associations are based on crystal-practice tradition only. No clinical evidence on metaphysical claims.
/gemstones/carnelian-agate/affirmations,gemstones,M1 Stone Atlas,S1.8 affirmations,subpage,carnelian-agate,affirmations,new,P3,Instruction,Carnelian Agate Affirmations — How to Use Them,Carnelian Agate Affirmations — Phrases and Practice Guide,"Carnelian Agate is traditionally linked to courage, creativity, and action. Affirmations matched to those associations, with a how-to practice guide.",738,batch-057,10yzcUeUgvngzNncY7-_y6EcDa6iu0xPC5Cy61SY881s,https://docs.google.com/document/d/10yzcUeUgvngzNncY7-_y6EcDa6iu0xPC5Cy61SY881s/edit?usp=drivesdk,,none; all association claims are stated as tradition
/gemstones/carnelian-agate/can-go-in-water,gemstones,M1 Stone Atlas,S1.3 can-go-in-water,subpage,carnelian-agate,can-go-in-water,new,P3,Explanation,Can Carnelian Agate Go in Water?,Can Carnelian Agate Go in Water? Safe Use Explained,"Carnelian Agate (Mohs 7, SiO2) is safe for brief water contact. Dyed specimens may bleed color. Salt water is best avoided. Full guide here.",762,batch-057,1IwWbyHGbtJWAs2P2eSmANJFsKeU6Nefe2mSlL3XY20k,https://docs.google.com/document/d/1IwWbyHGbtJWAs2P2eSmANJFsKeU6Nefe2mSlL3XY20k/edit?usp=drivesdk,,none
/gemstones/carnelian-agate/combinations,gemstones,M1 Stone Atlas,S1.7 combinations,subpage,carnelian-agate,combinations,new,P3,Evaluation,Carnelian Agate Crystal Combinations,Carnelian Agate Combinations — Which Crystals Pair Well,"Carnelian Agate pairs with citrine for creativity, black tourmaline for grounding, and clear quartz to amplify intention. Pairings and goals explained.",895,batch-057,12MP4ZlDZjTEKws6csqkzWnyDQeYr5n7AGO9hkZ4WJPg,https://docs.google.com/document/d/12MP4ZlDZjTEKws6csqkzWnyDQeYr5n7AGO9hkZ4WJPg/edit?usp=drivesdk,,none; all pairing claims are stated as tradition throughout
/gemstones/carnelian-agate/how-to-cleanse,gemstones,M1 Stone Atlas,S1.6 how-to-cleanse,subpage,carnelian-agate,how-to-cleanse,new,P3,Instruction,How to Cleanse and Recharge Carnelian Agate,How to Cleanse Carnelian Agate — Safe Methods That Work,"Carnelian Agate is water-safe at Mohs 7, but dyed specimens need care. Learn which cleansing and recharging methods work safely for this stone.",824,batch-057,1wWRrLOoIa5BZ_uYwwZOGmqavyGUyaTfY-ObKZYyTOmY,https://docs.google.com/document/d/1wWRrLOoIa5BZ_uYwwZOGmqavyGUyaTfY-ObKZYyTOmY/edit?usp=drivesdk,,none
/gemstones/carnelian-agate/how-to-identify,gemstones,M1 Stone Atlas,S1.4 how-to-identify,subpage,carnelian-agate,how-to-identify,new,P3,Instruction,How to Identify Real Carnelian Agate,How to Identify Real Carnelian Agate — vs Fakes and Dyed Stone,"Real carnelian agate is cloudy, Mohs 7, and glows when backlit. Dyed agate shows sharp banding. Glass has bubbles. Here is how to tell them apart.",908,batch-057,1qMm7kV2adJY9H_XkQhs-lhcPBuwe_o-mx4gnIe1V3O0,https://docs.google.com/document/d/1qMm7kV2adJY9H_XkQhs-lhcPBuwe_o-mx4gnIe1V3O0/edit?usp=drivesdk,,Distinguishing natural from heat-treated carnelian agate cannot be done reliably with home tests; laboratory spectroscopy is required for a definitive answer.
/gemstones/carnelian-agate/price-guide,gemstones,M1 Stone Atlas,S1.9 price-guide,subpage,carnelian-agate,price-guide,new,P3,Explanation,Carnelian Agate Price Guide,Carnelian Agate Price Guide — What Drives Cost in 2026,"Carnelian Agate tumbled stones run $1–5 each; quality cabochons $2–30 per carat. Color, translucency, and treatment status are the main price drivers.",820,batch-057,1sb3sqzs9ManG7PzlHjsZv1wp7gP0fNBVHI8aCMwK97s,https://docs.google.com/document/d/1sb3sqzs9ManG7PzlHjsZv1wp7gP0fNBVHI8aCMwK97s/edit?usp=drivesdk,,Retail prices for collector-grade large specimens above $50/ct are estimated from market descriptions rather than verified individual sales.
/gemstones/carnelian-agate/sleeping-with,gemstones,M1 Stone Atlas,S1.5 sleeping-with,subpage,carnelian-agate,sleeping-with,new,P3,Explanation,Sleeping with Carnelian Agate — What to Expect,Sleeping with Carnelian Agate — Tradition and Practical Tips,"Crystal tradition links Carnelian Agate to energy and courage, which can either support or disrupt sleep. Here is what practitioners report and how to test it.",750,batch-057,1L20O8UKp3qYDOmYGuDI0gAb4oSj9ViDHBaTZBVBwGlM,https://docs.google.com/document/d/1L20O8UKp3qYDOmYGuDI0gAb4oSj9ViDHBaTZBVBwGlM/edit?usp=drivesdk,,"No clinical evidence supports any effect of carnelian agate on sleep quality, dream content, or energy levels; all reported effects are crystal tradition and personal accounts."
/gemstones/carnelian-agate/who-should-not-wear,gemstones,M1 Stone Atlas,S1.2 who-should-not-wear,subpage,carnelian-agate,who-should-not-wear,new,P3,Evaluation,Who Should Be Cautious About Wearing Carnelian Agate,Who Should Not Wear Carnelian Agate — Physical & Tradition,"Carnelian Agate is broadly safe to handle, but crystal tradition and astrology flag some people as needing caution. Here is who, and why.",834,batch-057,1f_UmQ9arNcfeGP2Ve2e1FPHHyKyaYtnjV2GhyA_ksJc,https://docs.google.com/document/d/1f_UmQ9arNcfeGP2Ve2e1FPHHyKyaYtnjV2GhyA_ksJc/edit?usp=drivesdk,,No peer-reviewed clinical evidence exists for any crystal-health interaction; all metaphysical and astrological cautions are tradition only.
/gemstones/carnelian/affirmations,gemstones,M1 Stone Atlas,S1.8 affirmations,subpage,carnelian,affirmations,new,P3,Instruction,Carnelian Affirmations — Examples and How to Use Them,Carnelian Affirmations — Phrases That Suit the Stone's Tradition,"Carnelian is traditionally linked to motivation, creativity, and courage. Learn which affirmations suit it and the simple steps for using them effectively.",849,batch-048,1boPpuHv_InBD5NViCQpbnr0-4A_LQR1mhDP11F4ShiE,https://docs.google.com/document/d/1boPpuHv_InBD5NViCQpbnr0-4A_LQR1mhDP11F4ShiE/edit?usp=drivesdk,,No clinical evidence exists for affirmations affecting outcomes when used with crystals.
/gemstones/carnelian/combinations,gemstones,M1 Stone Atlas,S1.7 combinations,subpage,carnelian,combinations,new,P3,Evaluation,Carnelian Crystal Combinations — Pairings by Goal,Carnelian Crystal Pairings — Which Stones Work Well Together,"Carnelian pairs well with citrine for creativity, red jasper for grounding energy, and blue lace agate for balance. Learn the tradition behind each combination.",935,batch-048,1hCzlgihUcOyeyKEJkKPtnCms689pwvrRD-FWVZ2CPOo,https://docs.google.com/document/d/1hCzlgihUcOyeyKEJkKPtnCms689pwvrRD-FWVZ2CPOo/edit?usp=drivesdk,,"All pairing traditions are based on metaphysical convention, not evidence."
/gemstones/carnelian/how-to-cleanse,gemstones,M1 Stone Atlas,S1.6 how-to-cleanse,subpage,carnelian,how-to-cleanse,new,P3,Instruction,How to Cleanse Carnelian Without Damaging It,How to Cleanse Carnelian Safely — Methods That Work,"Carnelian is water-safe for brief rinsing but not prolonged soaking. Learn which cleansing methods are safest — smoke, sound, moonlight, and more.",866,batch-048,1QUbX03crvcP_whAoe__J8zDA1sgjmIpAHpfZaL0Vb-Q,https://docs.google.com/document/d/1QUbX03crvcP_whAoe__J8zDA1sgjmIpAHpfZaL0Vb-Q/edit?usp=drivesdk,,none
/gemstones/carnelian/how-to-identify,gemstones,M1 Stone Atlas,S1.4 how-to-identify,subpage,carnelian,how-to-identify,new,P3,Instruction,How to Identify Real Carnelian — Tests and Red Flags,"How to Identify Real Carnelian vs. Fake, Dyed, or Glass","Most market carnelian is heat-treated or dyed agate — that is normal. Learn how to spot glass fakes, low-quality dyed material, and what to expect from honest sellers.",928,batch-048,1U4f4adbh1_AUkHbo_C-WfDvCAbaMDfe9xoqwhuuFEeo,https://docs.google.com/document/d/1U4f4adbh1_AUkHbo_C-WfDvCAbaMDfe9xoqwhuuFEeo/edit?usp=drivesdk,,Home hardness testing can give false positives; precise identification of natural versus heat-treated carnelian requires laboratory testing. Seller claims of untreated carnelian should be viewed skeptically without documentation.
/gemstones/carnelian/meaning,gemstones,M1 Stone Atlas,S1.1 meaning,subpage,carnelian,meaning,new,P3,Explanation,Carnelian Meaning — What It Is and What It Is Used For,"Carnelian Meaning — History, Properties, and Traditional Uses","Carnelian is an iron-tinted chalcedony prized since antiquity. Learn its mineralogy, historical uses in Egypt and Rome, and its traditional associations today.",916,batch-048,1OiMeZ184YxyEwPrDORRHuOyilXqJXPpEtV6KTPYaaRo,https://docs.google.com/document/d/1OiMeZ184YxyEwPrDORRHuOyilXqJXPpEtV6KTPYaaRo/edit?usp=drivesdk,,"Specific chakra and modern crystal-tradition claims are cultural, not verifiable. Historical claims (Egypt, Rome, Islamic tradition) are well attested."
/gemstones/carnelian/price-guide,gemstones,M1 Stone Atlas,S1.9 price-guide,subpage,carnelian,price-guide,new,P3,Explanation,Carnelian Price Guide — What It Costs and Why,"Carnelian Price Guide — Per Carat, Per Stone, and by Quality","Carnelian ranges from $1 to $30 per carat depending on color and treatment. Learn what drives the price, what fair value looks like, and how to avoid overpaying.",880,batch-048,1VACg0nWb5Sj2LAn4Tz50aThNPBReBGgAFutn5_QU2uE,https://docs.google.com/document/d/1VACg0nWb5Sj2LAn4Tz50aThNPBReBGgAFutn5_QU2uE/edit?usp=drivesdk,,Fine-grade untreated natural carnelian pricing from specialist dealers was not found; prices for top-tier natural material may exceed the stated ranges. Wholesale and regional market variation are not captured.
/gemstones/carnelian/sleeping-with,gemstones,M1 Stone Atlas,S1.5 sleeping-with,subpage,carnelian,sleeping-with,new,P3,Explanation,Sleeping With Carnelian — What to Know Before You Try It,"Sleeping With Carnelian — Tradition, Cautions, and How-To",Carnelian is physically safe to keep by the bed. Learn how crystal tradition approaches night-time use and who may find it stimulating rather than restful.,784,batch-048,1unRh2MjdFoIxjVcrZVV25wTqFeujE18TivbY5QOAnjk,https://docs.google.com/document/d/1unRh2MjdFoIxjVcrZVV25wTqFeujE18TivbY5QOAnjk/edit?usp=drivesdk,,No clinical evidence exists for any sleep effect from carnelian; all sleep-related claims are from crystal tradition.
/gemstones/carnelian/who-should-not-wear,gemstones,M1 Stone Atlas,S1.2 who-should-not-wear,subpage,carnelian,who-should-not-wear,new,P3,Evaluation,Who Should Be Cautious About Wearing Carnelian,Who Should Not Wear Carnelian — Physical & Tradition Guide,"Carnelian is physically safe for most people. Learn who should be cautious based on physical limits, astrological tradition, and night-time use concerns.",789,batch-048,1_2j812NFWlY0Vzg9D_DJ1IJcYBWuMX2Uh0v4hcF69dk,https://docs.google.com/document/d/1_2j812NFWlY0Vzg9D_DJ1IJcYBWuMX2Uh0v4hcF69dk/edit?usp=drivesdk,,No peer-reviewed evidence exists for astrological or energetic contraindications; these are stated as tradition throughout.
/gemstones/cats-eye/affirmations,gemstones,M1 Stone Atlas,S1.8 affirmations,subpage,cats-eye,affirmations,new,P3,Instruction,Cat's Eye Affirmations and How to Use Them,Cat's Eye Affirmations — Words That Fit the Stone's Meaning,"Cat's Eye is traditionally linked to protection, clarity, and inner perception. These affirmations draw on those associations with guidance on when and how to use them.",790,batch-017,1jaOebI-OHNO32UdCpit6Tcva8YItWC69qko7C0rhJnw,https://docs.google.com/document/d/1jaOebI-OHNO32UdCpit6Tcva8YItWC69qko7C0rhJnw/edit?usp=drivesdk,,No scientific evidence for effects of affirmations combined with gemstones on psychological outcomes. Practice is reported as tradition.
/gemstones/cats-eye/can-go-in-water,gemstones,M1 Stone Atlas,S1.3 can-go-in-water,subpage,cats-eye,can-go-in-water,new,P3,Explanation,Can Cat's Eye Go in Water? A Physical Safety Guide,Can Cat's Eye Go in Water? Yes — With Caveats,"Cat's Eye chrysoberyl rates 8.5 on the Mohs scale and is not water-soluble, so brief water exposure is safe. Learn what to avoid and how to clean it properly.",769,batch-017,1LI0hJUA2GAIfH3KchoxU9wRw51dj7Ve3uR7TEhMQprQ,https://docs.google.com/document/d/1LI0hJUA2GAIfH3KchoxU9wRw51dj7Ve3uR7TEhMQprQ/edit?usp=drivesdk,,none
/gemstones/cats-eye/combinations,gemstones,M1 Stone Atlas,S1.7 combinations,subpage,cats-eye,combinations,new,P3,Evaluation,Cat's Eye Crystal Combinations: Pairings and Goals,Cat's Eye Combinations — Which Crystals to Pair It With,"Cat's Eye pairs well with Tiger's Eye, Citrine, and Black Tourmaline for focus, abundance, and protection. Learn the best combinations and which to avoid.",919,batch-017,1Rdta8KOI1pSvv52eTBGURQNsydtc4Mx864UTRVfCMSs,https://docs.google.com/document/d/1Rdta8KOI1pSvv52eTBGURQNsydtc4Mx864UTRVfCMSs/edit?usp=drivesdk,,All pairing associations are from crystal tradition; no peer-reviewed evidence for energetic effects of mineral combinations.
/gemstones/cats-eye/how-to-cleanse,gemstones,M1 Stone Atlas,S1.6 how-to-cleanse,subpage,cats-eye,how-to-cleanse,new,P3,Instruction,How to Cleanse Cat's Eye Safely,How to Cleanse Cat's Eye — Safe Methods That Work,"Cat's Eye chrysoberyl is durable and water-safe, so most cleansing methods work. Learn which are safe, which to skip, and how to recharge afterward.",967,batch-017,1DiuyPPi6GpCdHMyh-ytDt-CZxZgs1KUgH48HaCGZi8s,https://docs.google.com/document/d/1DiuyPPi6GpCdHMyh-ytDt-CZxZgs1KUgH48HaCGZi8s/edit?usp=drivesdk,,none
/gemstones/cats-eye/how-to-identify,gemstones,M1 Stone Atlas,S1.4 how-to-identify,subpage,cats-eye,how-to-identify,new,P3,Instruction,How to Identify Real Cat's Eye Gemstone,How to Identify Real Cat's Eye — vs Fakes and Imitations,"Real Cat's Eye chrysoberyl has a Mohs hardness of 8.5 and a sharp, moving eye. Learn the visual and physical tests that separate it from glass and imitations.",1019,batch-017,1D7tEeJljh_G_BZoRmjsCKYMco8MctGtuDLiMK2fI9Jc,https://docs.google.com/document/d/1D7tEeJljh_G_BZoRmjsCKYMco8MctGtuDLiMK2fI9Jc/edit?usp=drivesdk,,"Home tests described (hardness, temperature) provide useful screening but are not definitive; gemological laboratory testing with refractometer, specific gravity, and spectroscopy is required for certain identification."
/gemstones/cats-eye/meaning,gemstones,M1 Stone Atlas,S1.1 meaning,subpage,cats-eye,meaning,new,P3,Explanation,"Cat's Eye Meaning, Uses, and Traditions Explained",Cat's Eye Meaning: What the Stone Is and Stands For,"Cat's Eye (chrysoberyl) is a golden gemstone prized for protection and clarity. Learn its traditional meaning, uses, and what makes it distinct.",938,batch-017,1W-LM9TG10zicQNlFfUgnFgz5U17wienPmQCdLb_Y0SA,https://docs.google.com/document/d/1W-LM9TG10zicQNlFfUgnFgz5U17wienPmQCdLb_Y0SA/edit?usp=drivesdk,,No peer-reviewed source for specific metaphysical or astrological associations; reported as tradition from gem trade and Vedic practice literature.
/gemstones/cats-eye/price-guide,gemstones,M1 Stone Atlas,S1.9 price-guide,subpage,cats-eye,price-guide,new,P3,Explanation,Cat's Eye Price Guide: What It Costs and Why,Cat's Eye Price Guide — Cost Per Carat Explained,"Cat's Eye chrysoberyl ranges from around $50 to over $2,000 per carat. Learn what drives price, how to compare grades, and how to avoid overpaying.",921,batch-017,1MESBmbqlFb1RpnQGFR957ubo4ycYoHSrINKjWnfJE9I,https://docs.google.com/document/d/1MESBmbqlFb1RpnQGFR957ubo4ycYoHSrINKjWnfJE9I/edit?usp=drivesdk,,Retail prices from independent sources varied considerably; ranges given are aggregated from multiple gem trade sources checked September 2026 and should be treated as approximate. High-end auction prices for exceptional stones are not well represented in accessible retail data.
/gemstones/cats-eye/sleeping-with,gemstones,M1 Stone Atlas,S1.5 sleeping-with,subpage,cats-eye,sleeping-with,new,P3,Explanation,Sleeping with Cat's Eye: What to Know,Sleeping with Cat's Eye — Safety and Practice Guide,"Cat's Eye chrysoberyl is physically safe to keep by the bed. Learn the traditional practice, who it may not suit, and practical placement advice.",721,batch-017,1ni-azb3_yiyM01SRwccntfKDjnuSg3mpbJxo1TM4hFY,https://docs.google.com/document/d/1ni-azb3_yiyM01SRwccntfKDjnuSg3mpbJxo1TM4hFY/edit?usp=drivesdk,,No clinical or peer-reviewed evidence for effects of gemstone proximity on sleep quality. All sleep-related associations are from crystal tradition and Vedic astrological practice.
/gemstones/cherry-quartz/affirmations,gemstones,M1 Stone Atlas,S1.8 affirmations,subpage,cherry-quartz,affirmations,new,P3,Instruction,Cherry Quartz Affirmations — How to Use Them,Cherry Quartz Affirmations — Phrases and Practice,Cherry Quartz is linked by tradition to vitality and self-confidence. Here are affirmations that match those associations and a simple daily routine for using them.,716,batch-058,1K4JxpD5sMokBgI_zcFHUdjwW25UxRxuiOoAE8AC7318,https://docs.google.com/document/d/1K4JxpD5sMokBgI_zcFHUdjwW25UxRxuiOoAE8AC7318/edit?usp=drivesdk,,No outcome evidence exists for crystal-affirmation pairing effects; all practice recommendations are traditional.
/gemstones/cherry-quartz/can-go-in-water,gemstones,M1 Stone Atlas,S1.3 can-go-in-water,subpage,cherry-quartz,can-go-in-water,new,P3,Explanation,Can Cherry Quartz Go in Water?,Can Cherry Quartz Go in Water? — Safe to Rinse,"Cherry Quartz is man-made glass and is safe to rinse with cool water. Learn what precautions apply, what to avoid, and how to clean it safely at home.",729,batch-058,108Q4on5noNhjOm-Fb-s9qcVRoh_rOPIt1s128fcQbAM,https://docs.google.com/document/d/108Q4on5noNhjOm-Fb-s9qcVRoh_rOPIt1s128fcQbAM/edit?usp=drivesdk,,Commercial cherry quartz composition varies by manufacturer; neither dye type nor cinnabar presence affects water safety but exact colorant is often unverified for specific retail products.
/gemstones/cherry-quartz/combinations,gemstones,M1 Stone Atlas,S1.7 combinations,subpage,cherry-quartz,combinations,new,P3,Evaluation,Cherry Quartz Combinations — Which Stones Pair Well,Cherry Quartz Crystal Combinations — Pairings and Goals,"Cherry Quartz pairs with rose quartz for love, amethyst for calm, and clear quartz for amplification. Learn which combinations suit which goals in crystal tradition.",818,batch-058,1qFL1xv5xxabRYbc72xnQiQqvzXNQYskIrHvtlXMDLNo,https://docs.google.com/document/d/1qFL1xv5xxabRYbc72xnQiQqvzXNQYskIrHvtlXMDLNo/edit?usp=drivesdk,,Crystal combination recommendations are entirely tradition-based; no controlled studies support the energy interaction claims described.
/gemstones/cherry-quartz/how-to-cleanse,gemstones,M1 Stone Atlas,S1.6 how-to-cleanse,subpage,cherry-quartz,how-to-cleanse,new,P3,Instruction,How to Cleanse Cherry Quartz Without Damaging It,How to Cleanse Cherry Quartz — Safe Methods,"Cherry Quartz is man-made glass and is water safe. Learn which cleansing methods work — water rinse, smoke, sound, moonlight — and how to recharge it afterward.",861,batch-058,1cgAZI3as31M_myz9T55YP3z1Jm71uPGcrgQFMoOT4DE,https://docs.google.com/document/d/1cgAZI3as31M_myz9T55YP3z1Jm71uPGcrgQFMoOT4DE/edit?usp=drivesdk,,"Manufacturer-specific composition (dye type, cinnabar presence) is not publicly disclosed for most commercial cherry quartz; does not affect physical cleansing safety."
/gemstones/cherry-quartz/how-to-identify,gemstones,M1 Stone Atlas,S1.4 how-to-identify,subpage,cherry-quartz,how-to-identify,new,P3,Instruction,How to Identify Cherry Quartz and Spot Fakes,How to Identify Cherry Quartz — Spot Fakes and Imitations,"Cherry Quartz is man-made glass, not a natural stone. Learn to spot lower-quality resin fakes, dyed glass substitutes, and what genuine silica-glass pieces look like.",853,batch-058,1l1rovUjKwfYifHF2XHr0j2Kvzz-pMxabJxwuJFW1Hmo,https://docs.google.com/document/d/1l1rovUjKwfYifHF2XHr0j2Kvzz-pMxabJxwuJFW1Hmo/edit?usp=drivesdk,,No independent lab-testing standards exist specifically for cherry quartz sold as a crystal product; composition verification requires a refractometer or specific gravity test not available to most buyers at home.
/gemstones/cherry-quartz/price-guide,gemstones,M1 Stone Atlas,S1.9 price-guide,subpage,cherry-quartz,price-guide,new,P3,Explanation,Cherry Quartz Price Guide — What It Costs and Why,Cherry Quartz Price Guide — Costs and Value Factors,"Cherry Quartz is an affordable man-made glass. Tumbled pieces typically sell for $2–$8 each, bracelets for $5–$20. Learn what drives price and how to avoid overpaying.",811,batch-058,1W2TUcsmZWMylMGFcWYWLs0S4D34nc_JCb9aB912vz_c,https://docs.google.com/document/d/1W2TUcsmZWMylMGFcWYWLs0S4D34nc_JCb9aB912vz_c/edit?usp=drivesdk,,Per-carat retail pricing for cherry quartz is not consistently listed on most retail sites; retail ranges given here are based on per-piece pricing observed September 2026 and will vary by seller and region.
/gemstones/cherry-quartz/sleeping-with,gemstones,M1 Stone Atlas,S1.5 sleeping-with,subpage,cherry-quartz,sleeping-with,new,P3,Explanation,Sleeping with Cherry Quartz — What to Know,Sleeping with Cherry Quartz — Guidance and Tips,"Cherry Quartz is safe in bed for most adults. Learn how practitioners use it at night, which placements are common, and when to keep it on the nightstand instead.",701,batch-058,1eZs9XlJKZy8be5FR84khm7-8c9h18yBa6yhNIiZy4No,https://docs.google.com/document/d/1eZs9XlJKZy8be5FR84khm7-8c9h18yBa6yhNIiZy4No/edit?usp=drivesdk,,No controlled studies exist on the sleep effects of keeping crystals nearby; all sleep-related claims are tradition only.
/gemstones/cherry-quartz/who-should-not-wear,gemstones,M1 Stone Atlas,S1.2 who-should-not-wear,subpage,cherry-quartz,who-should-not-wear,new,P3,Evaluation,Who Should Not Wear Cherry Quartz,Who Should Not Wear Cherry Quartz — Cautions,"Cherry Quartz is man-made glass with no known physical hazards in finished form. Learn who may want to avoid it on physical, astrological, or traditional grounds.",804,batch-058,1J9hYUyiDcF01vajOTBKOmR6KHuqEZdxPz_TA0tmJPrE,https://docs.google.com/document/d/1J9hYUyiDcF01vajOTBKOmR6KHuqEZdxPz_TA0tmJPrE/edit?usp=drivesdk,,Cinnabar content in retail cherry quartz is not independently verified by third-party lab testing; most sources agree finished pieces pose no mercury hazard but manufacturer specifics are opaque.
/gemstones/citrine/affirmations,gemstones,M1 Stone Atlas,S1.8 affirmations,subpage,citrine,affirmations,new,P3,Instruction,Citrine Affirmations — What to Say and How to Use Them,Citrine Affirmations — Examples and How to Use Them,"Citrine is traditionally used with affirmations for abundance, confidence, and creativity. Learn which statements suit the stone and how to build a simple practice.",861,batch-018,1qkxy97iX2ltCxeSpDgLYGDBqS-cDyCvb39YeFDMyU00,https://docs.google.com/document/d/1qkxy97iX2ltCxeSpDgLYGDBqS-cDyCvb39YeFDMyU00/edit?usp=drivesdk,,none; affirmations are stated as tradition throughout
/gemstones/citrine/combinations,gemstones,M1 Stone Atlas,S1.7 combinations,subpage,citrine,combinations,new,P3,Evaluation,Citrine Crystal Combinations — Pairings by Goal,Citrine Crystal Combinations — Which Stones Work Well Together,"Citrine pairs well with pyrite for abundance, amethyst for balance, and rose quartz for warmth. Learn the rationale for each pairing and which to avoid.",975,batch-018,1tzCjCEf9DRV1cGi52EMJmxkBQdgd4T43Iw_Mso9-AS4,https://docs.google.com/document/d/1tzCjCEf9DRV1cGi52EMJmxkBQdgd4T43Iw_Mso9-AS4/edit?usp=drivesdk,,none; all pairings stated as tradition throughout
/gemstones/citrine/how-to-cleanse,gemstones,M1 Stone Atlas,S1.6 how-to-cleanse,subpage,citrine,how-to-cleanse,new,P3,Instruction,How to Cleanse and Recharge Citrine,How to Cleanse Citrine — Safe Methods That Work,"Citrine is water-safe and easy to cleanse. Learn which methods are safe — water, smoke, sound, moonlight — and how to recharge it afterward.",986,batch-018,1eJJrfefRpQ_OdvikzgRtP9L9cKAw-c5Hd4MNhNfQEo4,https://docs.google.com/document/d/1eJJrfefRpQ_OdvikzgRtP9L9cKAw-c5Hd4MNhNfQEo4/edit?usp=drivesdk,,"UV fading rate under direct sunlight not precisely quantified in publicly available literature; 30-minute guideline is community consensus, not measured data"
/gemstones/citrine/how-to-identify,gemstones,M1 Stone Atlas,S1.4 how-to-identify,subpage,citrine,how-to-identify,new,P3,Instruction,How to Identify Real Citrine,"How to Identify Real Citrine — Fakes, Glass, and Heat Treatments","Most citrine sold today is heat-treated amethyst. Learn how to spot natural citrine, distinguish it from glass, and avoid overpaying for imitations.",1080,batch-018,1cHz4-hZe_8XZh_dOFzh9J8AREZmPCbtYZGjJ_p-yM8w,https://docs.google.com/document/d/1cHz4-hZe_8XZh_dOFzh9J8AREZmPCbtYZGjJ_p-yM8w/edit?usp=drivesdk,,none
/gemstones/citrine/meaning,gemstones,M1 Stone Atlas,S1.1 meaning,subpage,citrine,meaning,new,P3,Explanation,"Citrine Meaning, Properties, and Traditional Uses",Citrine Meaning — What It Is and What It's Used For,"Citrine is a yellow quartz called the merchant's stone for prosperity associations. Learn its physical identity, history, and uses in crystal practice.",905,batch-018,1mjyFM7yJDKYGAGuuIlINzz9_xtWNnYPP3OIevcoV_ak,https://docs.google.com/document/d/1mjyFM7yJDKYGAGuuIlINzz9_xtWNnYPP3OIevcoV_ak/edit?usp=drivesdk,,Exact historical origin of the 'merchant's stone' designation is undocumented in academic sources; the term appears widely in modern crystal literature without a traceable primary source
/gemstones/citrine/price-guide,gemstones,M1 Stone Atlas,S1.9 price-guide,subpage,citrine,price-guide,new,P3,Explanation,Citrine Price Guide — What It Costs and Why,"Citrine Price Guide — Costs, Grades, and What to Avoid","Citrine ranges from $4 to $60+ per carat depending on treatment, color, and clarity. Learn what drives the price and how to avoid overpaying.",1089,batch-018,1eIZ-ixJcaos2FjHfDnBUVqVXe26Xl_2d68zSdfFrEhg,https://docs.google.com/document/d/1eIZ-ixJcaos2FjHfDnBUVqVXe26Xl_2d68zSdfFrEhg/edit?usp=drivesdk,,"Wholesale prices for natural untreated citrine not separately confirmed from a second retail source; GemSelect (2025) used as sole price evidence base; per-piece retail benchmarks are estimates, not confirmed from a second source"
/gemstones/citrine/sleeping-with,gemstones,M1 Stone Atlas,S1.5 sleeping-with,subpage,citrine,sleeping-with,new,P3,Explanation,Sleeping with Citrine — What to Expect,"Sleeping with Citrine — Benefits, Risks, and How to Do It","Many practitioners sleep with citrine for its abundance and joy associations. Learn what tradition says, who may find it stimulating, and how to try it.",853,batch-018,1nbonk8Z57IVIqC7ELsdJmzjXGQ_poSlDg3pXv8vi6uY,https://docs.google.com/document/d/1nbonk8Z57IVIqC7ELsdJmzjXGQ_poSlDg3pXv8vi6uY/edit?usp=drivesdk,,No clinical or peer-reviewed evidence exists for or against crystal effects on sleep quality; all claims reflect crystal tradition only
/gemstones/clear-quartz/affirmations,gemstones,M1 Stone Atlas,S1.8 affirmations,subpage,clear-quartz,affirmations,new,P3,Instruction,Clear Quartz Affirmations — How to Use Them With the Stone,Clear Quartz Affirmations — Phrases and Practice Guide,"Clear quartz is traditionally used with affirmations for clarity, healing, and intention-setting. Includes example phrases and a step-by-step practice method.",693,batch-047,1Pl8iLpvexI2gOKYov8UsgRtQNtzQMVFpjoc2f-hihf4,https://docs.google.com/document/d/1Pl8iLpvexI2gOKYov8UsgRtQNtzQMVFpjoc2f-hihf4/edit?usp=drivesdk,,No scientific evidence for stones amplifying or holding affirmations; all practice guidance is tradition-based
/gemstones/clear-quartz/combinations,gemstones,M1 Stone Atlas,S1.7 combinations,subpage,clear-quartz,combinations,new,P3,Evaluation,Clear Quartz Combinations — Which Crystals Pair Well,Clear Quartz Combinations — Best Pairings by Goal,"Clear quartz amplifies other stones. Learn which crystals pair well for healing, focus, and protection, and which combinations need care.",772,batch-047,1qV0AnDhLvu2AIjcCRwXiR69aiUOsqQpj7zbBAo-TQ9c,https://docs.google.com/document/d/1qV0AnDhLvu2AIjcCRwXiR69aiUOsqQpj7zbBAo-TQ9c/edit?usp=drivesdk,,No scientific evidence for energetic interactions between crystals; all combination guidance is drawn from crystal practice tradition
/gemstones/clear-quartz/how-to-cleanse,gemstones,M1 Stone Atlas,S1.6 how-to-cleanse,subpage,clear-quartz,how-to-cleanse,new,P3,Instruction,How to Cleanse and Recharge Clear Quartz,How to Cleanse Clear Quartz — Methods and What to Avoid,"Clear quartz is safe in water and sunlight. Learn the most effective cleansing methods — water, smoke, moonlight, sound, and earth — and how to recharge it after.",879,batch-047,1LKm5Dl1xXTh1A1CtweKtJYQiXy04ngdz8Pw-m30kL3Q,https://docs.google.com/document/d/1LKm5Dl1xXTh1A1CtweKtJYQiXy04ngdz8Pw-m30kL3Q/edit?usp=drivesdk,,none
/gemstones/clear-quartz/how-to-identify,gemstones,M1 Stone Atlas,S1.4 how-to-identify,subpage,clear-quartz,how-to-identify,new,P3,Instruction,How to Identify Real Clear Quartz vs. Fakes and Glass,How to Identify Real Clear Quartz — 6 Reliable Tests,"Tell real clear quartz from glass, plastic, and imitations using hardness, temperature, bubble inspection, weight, and price checks. Step-by-step guide.",998,batch-047,1YlVVbv6_doCBFM73kwzUuLNMVK4iCY8NU4HPPf-3Uc8,https://docs.google.com/document/d/1YlVVbv6_doCBFM73kwzUuLNMVK4iCY8NU4HPPf-3Uc8/edit?usp=drivesdk,,UV fluorescence behavior for natural vs. synthetic quartz not confirmed from primary source; GIA page could not be fully retrieved
/gemstones/clear-quartz/meaning,gemstones,M1 Stone Atlas,S1.1 meaning,subpage,clear-quartz,meaning,new,P3,Explanation,"Clear Quartz Meaning, Properties, and Traditional Uses",Clear Quartz Meaning — Properties and Traditions Explained,"Clear quartz is a colorless SiO2 mineral with Mohs hardness 7, traditionally called the Master Healer for its amplifying properties. What it is and what it is used for.",703,batch-047,1hAitjNy5KO9Ov7mMacSpUhI9hqf9V_sgZa4ho3vY5TQ,https://docs.google.com/document/d/1hAitjNy5KO9Ov7mMacSpUhI9hqf9V_sgZa4ho3vY5TQ/edit?usp=drivesdk,,Specific ancient Greek/Roman literary references to rock crystal for healing not independently verified from primary texts; tradition drawn from published crystal literature
/gemstones/clear-quartz/price-guide,gemstones,M1 Stone Atlas,S1.9 price-guide,subpage,clear-quartz,price-guide,new,P3,Explanation,Clear Quartz Price Guide — What It Costs and Why,"Clear Quartz Price Guide — Costs, Grades, and Value","Clear quartz is abundant and affordable. Tumbled stones cost $1–5, points $3–20, clusters $10–80+. Learn what drives price and how to avoid overpaying.",818,batch-047,1oqsLKQjC0Gcnz6nOAti_N4CDCrJ6nevzCarbzsIidnk,https://docs.google.com/document/d/1oqsLKQjC0Gcnz6nOAti_N4CDCrJ6nevzCarbzsIidnk/edit?usp=drivesdk,,"Exact per-carat retail price data for gem-quality clear quartz not confirmed from a subscription-based price database (Gemval requires subscription); ranges given are drawn from publicly observable retail listings as of September 2026 and should be treated as illustrative, not definitive"
/gemstones/clear-quartz/sleeping-with,gemstones,M1 Stone Atlas,S1.5 sleeping-with,subpage,clear-quartz,sleeping-with,new,P3,Explanation,Sleeping with Clear Quartz — What Practitioners Say,"Sleeping with Clear Quartz — Benefits, Cautions, and How To","Clear quartz under the pillow or by the bed is safe physically. Learn what practitioners say about night-time use, who may want to avoid it, and how to set it up.",616,batch-047,1s3tRDx-ETcDW6P6fRwcXN2fHq1hazLha_bmjBs5dXR8,https://docs.google.com/document/d/1s3tRDx-ETcDW6P6fRwcXN2fHq1hazLha_bmjBs5dXR8/edit?usp=drivesdk,,No clinical or sleep-science research on quartz and sleep quality exists; all benefits described are tradition-based
/gemstones/clear-quartz/who-should-not-wear,gemstones,M1 Stone Atlas,S1.2 who-should-not-wear,subpage,clear-quartz,who-should-not-wear,new,P3,Evaluation,Who Should Be Cautious About Wearing Clear Quartz,Who Should Not Wear Clear Quartz — Safety and Tradition,"Clear quartz is physically safe for almost everyone. Learn the physical cautions, traditional contraindications, and which astrological traditions advise caution.",691,batch-047,1tDHPaH_r-V8vTJ-tj6vdJ_b-ahI3uMJktlA_yNk9lOs,https://docs.google.com/document/d/1tDHPaH_r-V8vTJ-tj6vdJ_b-ahI3uMJktlA_yNk9lOs/edit?usp=drivesdk,,"Vedic astrology contraindications for clear quartz are drawn from published crystal tradition texts, not a peer-reviewed source; no medical literature on quartz jewelry causing harm was found, as expected"
/gemstones/crackle-quartz/affirmations,gemstones,M1 Stone Atlas,S1.8 affirmations,subpage,crackle-quartz,affirmations,new,P3,Instruction,Crackle Quartz Affirmations — Phrases and How to Use Them,Crackle Quartz Affirmations — Phrases and Practice Guide,"Affirmations for Crackle Quartz focus on clarity, light, and emotional release. This guide covers suitable phrases and a simple holding practice for each color.",713,batch-059,1ObuLhIxxtN6vXntIZoH4vYHEmDfxT2lO_ub9z8wyuvM,https://docs.google.com/document/d/1ObuLhIxxtN6vXntIZoH4vYHEmDfxT2lO_ub9z8wyuvM/edit?usp=drivesdk,,no clinical evidence base for affirmation effects when combined with crystals; all associations are traditional
/gemstones/crackle-quartz/can-go-in-water,gemstones,M1 Stone Atlas,S1.3 can-go-in-water,subpage,crackle-quartz,can-go-in-water,new,P3,Explanation,Can Crackle Quartz Go in Water?,Can Crackle Quartz Go in Water? What You Need to Know,"Undyed Crackle Quartz tolerates brief water contact, but dyed pieces risk color loss. The fracture network lets water penetrate deep into the stone.",624,batch-059,1keOmYQnXOYXKOqZwtYMc-d6-v5LDUHZ06aDwtaipx5Y,https://docs.google.com/document/d/1keOmYQnXOYXKOqZwtYMc-d6-v5LDUHZ06aDwtaipx5Y/edit?usp=drivesdk,,none
/gemstones/crackle-quartz/combinations,gemstones,M1 Stone Atlas,S1.7 combinations,subpage,crackle-quartz,combinations,new,P3,Evaluation,Crackle Quartz Combinations — Which Crystals Pair Well,Best Crystal Combinations for Crackle Quartz,"Crackle Quartz pairs well with grounding and amplifying stones. Pairing choices depend on color and intention. This guide covers goals, combinations, and cautions.",677,batch-059,1FnufAyv_yLHP0zkkvoNYDBM1Ye4RMvdwhBn0AqnUNmQ,https://docs.google.com/document/d/1FnufAyv_yLHP0zkkvoNYDBM1Ye4RMvdwhBn0AqnUNmQ/edit?usp=drivesdk,,no gemmological or scientific literature on crystal pairing effects; all pairing associations are traditional
/gemstones/crackle-quartz/how-to-cleanse,gemstones,M1 Stone Atlas,S1.6 how-to-cleanse,subpage,crackle-quartz,how-to-cleanse,new,P3,Instruction,How to Cleanse Crackle Quartz Without Damaging It,How to Cleanse Crackle Quartz Safely,"Crackle Quartz is fragile and often dyed. Safe methods include smoke, sound, and moonlight. Water risks dye loss and fracture damage — avoid it.",777,batch-059,1HfMY_h1ogXiaEJmhB0syZMEni5AQ2SPn-uKCFjjzXjE,https://docs.google.com/document/d/1HfMY_h1ogXiaEJmhB0syZMEni5AQ2SPn-uKCFjjzXjE/edit?usp=drivesdk,,none
/gemstones/crackle-quartz/how-to-identify,gemstones,M1 Stone Atlas,S1.4 how-to-identify,subpage,crackle-quartz,how-to-identify,new,P3,Instruction,How to Identify Crackle Quartz and Spot Imitations,"How to Identify Crackle Quartz — Fakes, Glass, and Dye","Real Crackle Quartz shows dye concentrated in internal fractures under a loupe. Outrageous colors, sparkle patterns, and low prices are the first signals.",825,batch-059,1eda2Vf0ZzE2qdQwVgin6pijfrk9iKItLI-I6N_gzSmw,https://docs.google.com/document/d/1eda2Vf0ZzE2qdQwVgin6pijfrk9iKItLI-I6N_gzSmw/edit?usp=drivesdk,,dye chemistry in commercial crackle quartz is not disclosed by manufacturers; gemmological lab testing of crackle quartz is rarely published
/gemstones/crackle-quartz/price-guide,gemstones,M1 Stone Atlas,S1.9 price-guide,subpage,crackle-quartz,price-guide,new,P3,Explanation,Crackle Quartz Price Guide — What It Costs and Why,Crackle Quartz Price Guide — Costs and Value Drivers,"Crackle Quartz is among the least expensive tumbled stones. Low prices reflect its treated, abundant base material. Learn what drives cost and what to avoid paying.",767,batch-059,1BHAD6_m1OYbASto9pEiqOayg7GTPX5SgfAKhzUeYqtg,https://docs.google.com/document/d/1BHAD6_m1OYbASto9pEiqOayg7GTPX5SgfAKhzUeYqtg/edit?usp=drivesdk,,"specific current retail price ranges (per tumbled stone, per bead strand, per kilogram wholesale) not confirmed from verifiable retail sources at time of writing (September 2026); qualitative market position is well-supported"
/gemstones/crackle-quartz/sleeping-with,gemstones,M1 Stone Atlas,S1.5 sleeping-with,subpage,crackle-quartz,sleeping-with,new,P3,Explanation,Sleeping with Crackle Quartz: Bedside or Under the Pillow?,Sleeping with Crackle Quartz — Practical and Traditional Guide,Crackle Quartz is too fragile for under the pillow — it can break and leave sharp fragments. Bedside placement is safer and suits most traditional practices.,674,batch-059,1VHpnRBY043X9QBJ0aJkrrquY0wPejMYrCrWoDVgiMm8,https://docs.google.com/document/d/1VHpnRBY043X9QBJ0aJkrrquY0wPejMYrCrWoDVgiMm8/edit?usp=drivesdk,,no clinical evidence base for crystal effects on sleep; traditional associations only
/gemstones/crackle-quartz/who-should-not-wear,gemstones,M1 Stone Atlas,S1.2 who-should-not-wear,subpage,crackle-quartz,who-should-not-wear,new,P3,Evaluation,Who Should Not Wear Crackle Quartz?,Who Should Avoid Crackle Quartz — Cautions,Crackle Quartz is fragile and unsuited to rings or active wear. Dye varies; some traditions caution sensitive people against stimulating stones.,729,batch-059,1oC33uI15CmNqbj4JVOhicNyIypKgHnGVpY5_3eB1OCY,https://docs.google.com/document/d/1oC33uI15CmNqbj4JVOhicNyIypKgHnGVpY5_3eB1OCY/edit?usp=drivesdk,,specific dye types used in crackle quartz production not disclosed by most manufacturers; acute toxicity data on dyes used in gem-trade fracture filling is limited
/gemstones/crazy-lace-agate/affirmations,gemstones,M1 Stone Atlas,S1.8 affirmations,subpage,crazy-lace-agate,affirmations,new,P3,Instruction,Crazy Lace Agate Affirmations and How to Use Them,Crazy Lace Agate Affirmations — Examples and Practice,"Crazy Lace Agate is associated in tradition with joy and optimism. Learn which affirmations suit the stone, and how practitioners use them in a daily or bedtime routine.",658,batch-032,1JmBzoStHv_MnyWWZCuhn-dF0N93yoiuqRx49hMePZOQ,https://docs.google.com/document/d/1JmBzoStHv_MnyWWZCuhn-dF0N93yoiuqRx49hMePZOQ/edit?usp=drivesdk,,No clinical evidence that affirmations used with crystals differ in effect from affirmations used alone; all claims are presented as crystal tradition.
/gemstones/crazy-lace-agate/can-go-in-water,gemstones,M1 Stone Atlas,S1.3 can-go-in-water,subpage,crazy-lace-agate,can-go-in-water,new,P3,Explanation,Can Crazy Lace Agate Go in Water?,Can Crazy Lace Agate Go in Water? Yes — With Limits,"Crazy Lace Agate is water-safe — Mohs 7, chemically stable SiO2. Learn when a rinse is fine, when to skip salt water, and how to clean it without damage.",668,batch-032,1GonBvvCqDgZUtPYE6gj03Ue3seWU42nNXQ06Uyno2mo,https://docs.google.com/document/d/1GonBvvCqDgZUtPYE6gj03Ue3seWU42nNXQ06Uyno2mo/edit?usp=drivesdk,,none
/gemstones/crazy-lace-agate/combinations,gemstones,M1 Stone Atlas,S1.7 combinations,subpage,crazy-lace-agate,combinations,new,P3,Evaluation,Crazy Lace Agate Crystal Combinations,Best Crystal Combinations for Crazy Lace Agate,"Crazy Lace Agate pairs with citrine, carnelian, and sunstone for joy-focused intentions. Learn which stones complement it and which to store separately.",776,batch-032,1xRakT6o8-NGalZWftMEK_H5quTetCXX-qWi5rZWJqco,https://docs.google.com/document/d/1xRakT6o8-NGalZWftMEK_H5quTetCXX-qWi5rZWJqco/edit?usp=drivesdk,,Crystal pairing recommendations are entirely traditional; no physical basis for energetic compatibility claims exists.
/gemstones/crazy-lace-agate/how-to-cleanse,gemstones,M1 Stone Atlas,S1.6 how-to-cleanse,subpage,crazy-lace-agate,how-to-cleanse,new,P3,Instruction,How to Cleanse Crazy Lace Agate Without Damaging It,How to Cleanse Crazy Lace Agate Safely,"Crazy Lace Agate is water-safe at Mohs 7. Learn which cleansing methods work — water rinse, smoke, sound, moonlight, and sunlight — and what to avoid.",764,batch-032,12-nx0tOoCdlqkW4psFJVU6nB4LVlIfF-2y3HiBAAR9A,https://docs.google.com/document/d/12-nx0tOoCdlqkW4psFJVU6nB4LVlIfF-2y3HiBAAR9A/edit?usp=drivesdk,,none
/gemstones/crazy-lace-agate/how-to-identify,gemstones,M1 Stone Atlas,S1.4 how-to-identify,subpage,crazy-lace-agate,how-to-identify,new,P3,Instruction,How to Identify Real Crazy Lace Agate,How to Identify Real Crazy Lace Agate vs Fakes,"Real Crazy Lace Agate has Mohs hardness 7, complex natural banding, and a spot RI of 1.53–1.54. Learn what to check for and what genuine material looks like.",838,batch-032,18H9Zx8rHHkKlTSFZ4KcHjjjqXTPOX9LLPXyYXORjKSI,https://docs.google.com/document/d/18H9Zx8rHHkKlTSFZ4KcHjjjqXTPOX9LLPXyYXORjKSI/edit?usp=drivesdk,,No official gemological laboratory grading standard specifically for Crazy Lace Agate pattern authenticity exists; identification relies on standard chalcedony gemological tests.
/gemstones/crazy-lace-agate/price-guide,gemstones,M1 Stone Atlas,S1.9 price-guide,subpage,crazy-lace-agate,price-guide,new,P3,Explanation,Crazy Lace Agate Price Guide,Crazy Lace Agate Price Guide (September 2026),Crazy Lace Agate tumbled stones run $2–10 each; polished slabs $10–50; exceptional specimens $50–300. Learn what drives price and how to avoid overpaying.,735,batch-032,1l6ikfCJE0J8ALHm-TGUKI6JFKFpKxefDKFBWyBSoFZ0,https://docs.google.com/document/d/1l6ikfCJE0J8ALHm-TGUKI6JFKFpKxefDKFBWyBSoFZ0/edit?usp=drivesdk,,"Wholesale bulk prices partially obscured in retailer listings; price ranges are retail-only estimates and will vary by seller, region, and grade. No per-carat pricing data found — Crazy Lace Agate is not typically priced by carat weight."
/gemstones/crazy-lace-agate/sleeping-with,gemstones,M1 Stone Atlas,S1.5 sleeping-with,subpage,crazy-lace-agate,sleeping-with,new,P3,Explanation,Sleeping With Crazy Lace Agate: What to Expect,Sleeping With Crazy Lace Agate — Is It a Good Idea?,"Crazy Lace Agate is physically safe to keep by the bed or under a pillow. Learn what tradition says about its effect on sleep, and how practitioners use it at night.",617,batch-032,1b4-8g6F5c0P2ISXnQYZTlqflnkceiHe5_JRqgqSKyvA,https://docs.google.com/document/d/1b4-8g6F5c0P2ISXnQYZTlqflnkceiHe5_JRqgqSKyvA/edit?usp=drivesdk,,No clinical evidence that Crazy Lace Agate or any crystal affects sleep quality; sleep associations are drawn from crystal tradition only.
/gemstones/crazy-lace-agate/who-should-not-wear,gemstones,M1 Stone Atlas,S1.2 who-should-not-wear,subpage,crazy-lace-agate,who-should-not-wear,new,P3,Evaluation,Who Should Not Wear Crazy Lace Agate,Who Should Not Wear Crazy Lace Agate?,"Crazy Lace Agate is physically safe for almost everyone. Learn the physical cautions, traditional advisories, and astrological perspectives on who may want to avoid it.",619,batch-032,1um7Oy7-B_11zYPQWyY7JeH2OnOua5Acsw7urkRhgDuk,https://docs.google.com/document/d/1um7Oy7-B_11zYPQWyY7JeH2OnOua5Acsw7urkRhgDuk/edit?usp=drivesdk,,No peer-reviewed astrological contraindication data exists; astrological section is drawn from crystal tradition sources only. No documented toxicity or medical contraindications found.
/gemstones/diamond/affirmations,gemstones,M1 Stone Atlas,S1.8 affirmations,subpage,diamond,affirmations,new,P3,Instruction,Diamond Affirmations: Phrases Aligned with Its Traditions,Diamond Affirmations — How to Use Them with the Stone,"Diamond is traditionally associated with clarity, strength, commitment, and love. These affirmations draw on those themes and include a simple practice for using them.",790,batch-037,1dT5RoTn0DA5VKYpEw8DDSFvHJvXetthZKf5SxrWJVZE,https://docs.google.com/document/d/1dT5RoTn0DA5VKYpEw8DDSFvHJvXetthZKf5SxrWJVZE/edit?usp=drivesdk,,none
/gemstones/diamond/can-go-in-water,gemstones,M1 Stone Atlas,S1.3 can-go-in-water,subpage,diamond,can-go-in-water,new,P3,Explanation,Can Diamond Go in Water? Safe Cleaning Methods Explained,Can Diamond Go in Water? — Safe Cleaning Guide,"Diamond is pure carbon, Mohs 10, and chemically inert — water does not harm it. Learn how to clean diamond safely and which chemicals to avoid for the setting.",797,batch-037,1-nXhmV9nAuswAGxu-yoJoRazfm9dxU3j919bAWmNNFk,https://docs.google.com/document/d/1-nXhmV9nAuswAGxu-yoJoRazfm9dxU3j919bAWmNNFk/edit?usp=drivesdk,,none
/gemstones/diamond/combinations,gemstones,M1 Stone Atlas,S1.7 combinations,subpage,diamond,combinations,new,P3,Evaluation,Diamond Crystal Combinations: Which Stones Pair Well,Diamond Crystal Combinations — Best Pairings by Goal,"Diamond is traditionally considered an amplifier. Pair it with rose quartz for love, amethyst for clarity, or black tourmaline for grounding. See which pairings to avoid.",802,batch-037,1JCf35gFtSoFb9r0toEFt45EJBcvabbOzM00Noe18-6k,https://docs.google.com/document/d/1JCf35gFtSoFb9r0toEFt45EJBcvabbOzM00Noe18-6k/edit?usp=drivesdk,,"Crystal combination traditions vary widely by practitioner; no single authoritative source; all pairings are traditions, not tested interactions."
/gemstones/diamond/how-to-cleanse,gemstones,M1 Stone Atlas,S1.6 how-to-cleanse,subpage,diamond,how-to-cleanse,new,P3,Instruction,How to Cleanse Diamond Without Damaging It,How to Cleanse Diamond Safely — Methods That Work,"Diamond is Mohs 10 and chemically inert, so most cleansing methods are safe. Learn how to clean and energetically reset it using water, smoke, and moonlight.",838,batch-037,1Eh-mUOkoEbLHYvzTNOlIFxt3UqXz_idM1PL2yj1fRuA,https://docs.google.com/document/d/1Eh-mUOkoEbLHYvzTNOlIFxt3UqXz_idM1PL2yj1fRuA/edit?usp=drivesdk,,none
/gemstones/diamond/how-to-identify,gemstones,M1 Stone Atlas,S1.4 how-to-identify,subpage,diamond,how-to-identify,new,P3,Instruction,How to Identify Real Diamond vs. Fakes and Imitations,How to Identify Real Diamond: Tests That Work,"Real diamond has Mohs 10 hardness, a refractive index of 2.417, and high thermal conductivity. Learn the tests that separate it from CZ, moissanite, and glass.",833,batch-037,1ka9FbVcareHswpJ3Nl-6DxXrOHUo3U1AJW23TOB74Do,https://docs.google.com/document/d/1ka9FbVcareHswpJ3Nl-6DxXrOHUo3U1AJW23TOB74Do/edit?usp=drivesdk,,none
/gemstones/diamond/meaning,gemstones,M1 Stone Atlas,S1.1 meaning,subpage,diamond,meaning,new,P3,Explanation,"Diamond Meaning, Properties, and Traditional Uses",Diamond Meaning — Properties and Traditions Explained,"Diamond is pure crystalline carbon, the hardest natural material on Earth, and April's birthstone. Learn its physical facts, cultural history, and crystal traditions.",797,batch-037,1EeFR7iWpFGTKRroq2PNSvvamXCCaVnf8r5QwRcWFXrQ,https://docs.google.com/document/d/1EeFR7iWpFGTKRroq2PNSvvamXCCaVnf8r5QwRcWFXrQ/edit?usp=drivesdk,,none
/gemstones/diamond/price-guide,gemstones,M1 Stone Atlas,S1.9 price-guide,subpage,diamond,price-guide,new,P3,Explanation,Diamond Price Guide: What Drives Cost and How to Buy Well,Diamond Price Guide — What Diamonds Actually Cost in 2026,"A 1 ct round brilliant diamond (G-H, VS2-SI1, Excellent cut) retails for roughly $3,800–$7,800 in 2026. Learn how the 4Cs, shape, and certification drive the price.",938,batch-037,1FWTHNQGLWMm1VE5yokjjIcFl_96M0v3lKX3B87CZ53c,https://docs.google.com/document/d/1FWTHNQGLWMm1VE5yokjjIcFl_96M0v3lKX3B87CZ53c/edit?usp=drivesdk,,Crystal-practice rough diamond (chips/rough stones sold for grid or meditation use rather than jewelry) has limited retail price data; ranges given focus on jewelry-grade material. Prices fluctuate; figures reflect mid-2026 retail market.
/gemstones/diamond/sleeping-with,gemstones,M1 Stone Atlas,S1.5 sleeping-with,subpage,diamond,sleeping-with,new,P3,Explanation,Sleeping with Diamond: What to Consider Before You Do,Sleeping with Diamond — Practical and Traditional Guidance,"Diamond poses no chemical risk during sleep, but sharp settings and loose prongs are real concerns. Here is what crystal tradition and practical care both say.",751,batch-037,1V92kH9c5ONHGF3kAqYUEv2krhVElXOQF2XKhajbCcsE,https://docs.google.com/document/d/1V92kH9c5ONHGF3kAqYUEv2krhVElXOQF2XKhajbCcsE/edit?usp=drivesdk,,none
/gemstones/diamond/who-should-not-wear,gemstones,M1 Stone Atlas,S1.2 who-should-not-wear,subpage,diamond,who-should-not-wear,new,P3,Evaluation,Who Should Be Cautious About Wearing Diamond,Who Should Not Wear Diamond — Safety and Tradition,"Diamond poses no known physical health risk, but Vedic astrology advises caution for specific ascendants, and loose settings carry a practical safety concern.",708,batch-037,11K4LHlF_vpWzDYMyZlWJpHthiOzRQPPd8Vt2BW0qNjQ,https://docs.google.com/document/d/11K4LHlF_vpWzDYMyZlWJpHthiOzRQPPd8Vt2BW0qNjQ/edit?usp=drivesdk,,Vedic astrological cautions vary by tradition and individual astrologer; no single authoritative source; presented as traditional belief only.
/gemstones/druzy-quartz/affirmations,gemstones,M1 Stone Atlas,S1.8 affirmations,subpage,druzy-quartz,affirmations,new,P3,Instruction,Druzy Quartz Affirmations — How to Use Them with the Stone,Druzy Quartz Affirmations — Phrases and Practice Guide,"Druzy Quartz affirmations center on clarity, amplification, and positive intention. Here are practical phrases and how to use them with the stone.",891,batch-060,1rzJehKt4oayL02kvqrYProHeD1Qp5APR78N6dXFklHM,https://docs.google.com/document/d/1rzJehKt4oayL02kvqrYProHeD1Qp5APR78N6dXFklHM/edit?usp=drivesdk,,"Affirmation practices vary significantly between traditions; phrases represent common formats, not a single authoritative system. No scientific evidence supports affirmations producing outcomes through crystal interaction."
/gemstones/druzy-quartz/can-go-in-water,gemstones,M1 Stone Atlas,S1.3 can-go-in-water,subpage,druzy-quartz,can-go-in-water,new,P3,Explanation,Can Druzy Quartz Go in Water? The Honest Answer,Can Druzy Quartz Go in Water? Safe or Not?,"Druzy Quartz quartz crystals are water-stable, but treatments, matrix porosity, and trapped moisture make soaking risky. Here is when water is safe and when it is not.",839,batch-060,1II6crHvdzyF6QesmPVHZpmZwrKrqdsOV8Qjx8UxXMPg,https://docs.google.com/document/d/1II6crHvdzyF6QesmPVHZpmZwrKrqdsOV8Qjx8UxXMPg/edit?usp=drivesdk,,No published study specifically measures bond-strength degradation of druzy coatings under repeated water exposure; guidance is based on material properties of the individual components.
/gemstones/druzy-quartz/combinations,gemstones,M1 Stone Atlas,S1.7 combinations,subpage,druzy-quartz,combinations,new,P3,Evaluation,Druzy Quartz Combinations — Which Crystals Pair Well,Druzy Quartz Crystal Combinations — Pairings by Goal,"Druzy Quartz pairs well with amethyst for calm, citrine for intention, and black tourmaline for grounding. Learn pairings by goal and which to approach with care.",884,batch-060,1sLhFEbJ78ERMLyNg5GZtu3APovD5nvs80vJbkfks74s,https://docs.google.com/document/d/1sLhFEbJ78ERMLyNg5GZtu3APovD5nvs80vJbkfks74s/edit?usp=drivesdk,,"Crystal combination traditions vary widely between practitioners; no authoritative canon exists. Pairings reflect common patterns in crystal practice literature, not empirical testing."
/gemstones/druzy-quartz/how-to-cleanse,gemstones,M1 Stone Atlas,S1.6 how-to-cleanse,subpage,druzy-quartz,how-to-cleanse,new,P3,Instruction,How to Cleanse Druzy Quartz Without Damaging It,How to Cleanse Druzy Quartz Safely — Methods That Work,Druzy Quartz needs careful cleansing because of its delicate crystal tips and common treatments. Learn which methods are safe and which to avoid.,1032,batch-060,1Kxy_XRUCRA7Lbr24IxqI3u4I2VMB4rv6ftHK73HxfC8,https://docs.google.com/document/d/1Kxy_XRUCRA7Lbr24IxqI3u4I2VMB4rv6ftHK73HxfC8/edit?usp=drivesdk,,none
/gemstones/druzy-quartz/how-to-identify,gemstones,M1 Stone Atlas,S1.4 how-to-identify,subpage,druzy-quartz,how-to-identify,new,P3,Instruction,How to Identify Real Druzy Quartz — Fakes and Treatments,How to Identify Real Druzy Quartz vs. Fakes,"Real Druzy Quartz has six-sided crystal prisms on a mineral matrix. Learn to spot imitation material, dyed agate, and metallic coatings before you buy.",1075,batch-060,1otsj07-PM_k7UN12TjybvmD-MP6P-isEjr_U0Rf6yRs,https://docs.google.com/document/d/1otsj07-PM_k7UN12TjybvmD-MP6P-isEjr_U0Rf6yRs/edit?usp=drivesdk,,"Laboratory confirmation (Raman spectroscopy, XRF) is the only definitive method for distinguishing natural color from treatment; visual inspection gives strong indicators but not certainty."
/gemstones/druzy-quartz/price-guide,gemstones,M1 Stone Atlas,S1.9 price-guide,subpage,druzy-quartz,price-guide,new,P3,Explanation,Druzy Quartz Price Guide — What to Expect in 2026,Druzy Quartz Price Guide — Costs and Value Drivers,"Druzy Quartz cabochons retail from $5–$40; geodes from $5–$200. Learn what drives price, how treatments affect value, and how to avoid overpaying.",939,batch-060,1dFEkwn2KsOP32DeSmOdIDWs4WCE-FWL1JFjHKnXGzlM,https://docs.google.com/document/d/1dFEkwn2KsOP32DeSmOdIDWs4WCE-FWL1JFjHKnXGzlM/edit?usp=drivesdk,,"Wholesale-to-retail markup varies widely by seller and channel. Large sculptural specimens and exceptional amethyst geodes can exceed upper price bounds — no ceiling applies to museum-grade pieces. Ranges reflect retail evidence from gemslore.com (July 2026) and gemrockauctions.com, checked September 2026."
/gemstones/druzy-quartz/sleeping-with,gemstones,M1 Stone Atlas,S1.5 sleeping-with,subpage,druzy-quartz,sleeping-with,new,P3,Explanation,Sleeping with Druzy Quartz — What to Expect,Sleeping with Druzy Quartz — Bedside or Under Pillow?,Druzy Quartz under the pillow poses a physical risk from its sharp crystal points. Bedside placement is safer. Here is how practitioners use it at night.,744,batch-060,1frfXUA1lrbbn6S5cg3R_WGGcryQZ05BEwjfxIIhcPx0,https://docs.google.com/document/d/1frfXUA1lrbbn6S5cg3R_WGGcryQZ05BEwjfxIIhcPx0/edit?usp=drivesdk,,"No clinical evidence exists for or against crystal use during sleep; traditional accounts cited as practice, not outcome claims."
/gemstones/druzy-quartz/who-should-not-wear,gemstones,M1 Stone Atlas,S1.2 who-should-not-wear,subpage,druzy-quartz,who-should-not-wear,new,P3,Evaluation,Who Should Be Cautious About Wearing Druzy Quartz,Who Should Avoid Druzy Quartz — Physical & Tradition,"Druzy Quartz carries no chemical toxicity, but sharp crystal points, treated coatings, and some crystal traditions suggest caution for certain people.",793,batch-060,1TCVrFKPM4B0Da-8YQPb1xq-M2bFJDR59U2sJeva5Bbk,https://docs.google.com/document/d/1TCVrFKPM4B0Da-8YQPb1xq-M2bFJDR59U2sJeva5Bbk/edit?usp=drivesdk,,"No peer-reviewed astrological exclusion criteria exist for druzy quartz; astrological cautions reflect general crystal-practice traditions, not a formal system."
/gemstones/emerald/affirmations,gemstones,M1 Stone Atlas,S1.8 affirmations,subpage,emerald,affirmations,new,P3,Instruction,Emerald Affirmations — Phrases and How to Use Them,Emerald Affirmations — 10 Phrases for Love and Healing,"Emerald's traditional associations with love, compassion, and intuition suggest affirmations focused on the heart. Here are ten phrases and a simple practice method.",787,batch-061,1o3F5k6-cNknBVuCjCROoNQrIa6UJSH1lmr7lG27YfVc,https://docs.google.com/document/d/1o3F5k6-cNknBVuCjCROoNQrIa6UJSH1lmr7lG27YfVc/edit?usp=drivesdk,,none
/gemstones/emerald/can-go-in-water,gemstones,M1 Stone Atlas,S1.3 can-go-in-water,subpage,emerald,can-go-in-water,new,P3,Explanation,Can Emerald Go in Water? What You Need to Know,Can Emerald Go in Water? Safe Cleaning Explained,"Emerald's hardness is fine for brief water contact, but ~90% of emeralds are oil-treated. Prolonged soaking risks clouding that treatment. Here is what is safe.",733,batch-061,1rzSo2vR3BeYJo2vCb8lX6bsi6BO0AaN66qFsvjghsUU,https://docs.google.com/document/d/1rzSo2vR3BeYJo2vCb8lX6bsi6BO0AaN66qFsvjghsUU/edit?usp=drivesdk,,none
/gemstones/emerald/combinations,gemstones,M1 Stone Atlas,S1.7 combinations,subpage,emerald,combinations,new,P3,Evaluation,Emerald Crystal Combinations — Pairings by Goal,Emerald Combinations — Which Crystals Pair Well,"Emerald pairs well with rose quartz for love, clear quartz for amplification, and lapis lazuli for intuition. This guide covers pairings by goal and pairings to avoid.",828,batch-061,1gVhilaOMpYV0XRf5lv3LyjsTkR5mnmpPrs1U0kA4B5g,https://docs.google.com/document/d/1gVhilaOMpYV0XRf5lv3LyjsTkR5mnmpPrs1U0kA4B5g/edit?usp=drivesdk,,none
/gemstones/emerald/how-to-cleanse,gemstones,M1 Stone Atlas,S1.6 how-to-cleanse,subpage,emerald,how-to-cleanse,new,P3,Instruction,How to Cleanse Emerald Without Damaging It,How to Cleanse Emerald Safely — Methods That Work,"Most emeralds are fracture-filled, so avoid ultrasonic, steam, and harsh chemicals. Learn which cleansing methods are safe for emerald and how to use them.",933,batch-061,1Uem4FFRZ9Xjv_zAILiFiAEn96gufQNrYUVuTtw0tgVs,https://docs.google.com/document/d/1Uem4FFRZ9Xjv_zAILiFiAEn96gufQNrYUVuTtw0tgVs/edit?usp=drivesdk,,none
/gemstones/emerald/how-to-identify,gemstones,M1 Stone Atlas,S1.4 how-to-identify,subpage,emerald,how-to-identify,new,P3,Instruction,How to Identify Real Emerald vs Fakes and Imitations,How to Identify Real Emerald — Tests That Work,"Real emerald is brittle, heavily included, and usually oil-treated. Learn how inclusions, optical tests, and lab certificates separate genuine stone from imitations.",1002,batch-061,15l0Ny1tlWoKSJfoQ3XnnM3z0Jv5p42IksduXa53xi8k,https://docs.google.com/document/d/15l0Ny1tlWoKSJfoQ3XnnM3z0Jv5p42IksduXa53xi8k/edit?usp=drivesdk,,none
/gemstones/emerald/meaning,gemstones,M1 Stone Atlas,S1.1 meaning,subpage,emerald,meaning,new,P3,Explanation,"Emerald Meaning, Properties, and Traditional Uses",Emerald Meaning — Stone of Successful Love,"Emerald is a chromium-bearing beryl, one of the four precious gemstones, with a history spanning 5,500 years. Learn its meaning, properties, and traditional uses.",827,batch-061,10mMvs84lWt5ZJEvh1N_JfBMxJCNyy2NmvT3Dg5t8g6c,https://docs.google.com/document/d/10mMvs84lWt5ZJEvh1N_JfBMxJCNyy2NmvT3Dg5t8g6c/edit?usp=drivesdk,,none
/gemstones/emerald/price-guide,gemstones,M1 Stone Atlas,S1.9 price-guide,subpage,emerald,price-guide,new,P3,Explanation,Emerald Price Guide — What Drives Cost and How to Buy Well,Emerald Price Guide — Per Carat Ranges Explained,"Emerald prices range from $300 to over $150,000 per carat depending on color, clarity, treatment, and origin. This guide explains each factor and how to avoid overpaying.",1052,batch-061,1qUFSaVbLqlFbID7kq7i2WuRcG98RyP-gFP4lRzAfrGY,https://docs.google.com/document/d/1qUFSaVbLqlFbID7kq7i2WuRcG98RyP-gFP4lRzAfrGY/edit?usp=drivesdk,,"Price ranges sourced from a single retail specialist (The Natural Emerald Company, February 2026). Wholesale pricing and auction records not independently checked. Ranges represent retail asking prices and may not reflect all market segments."
/gemstones/emerald/sleeping-with,gemstones,M1 Stone Atlas,S1.5 sleeping-with,subpage,emerald,sleeping-with,new,P3,Explanation,Sleeping with Emerald: What to Expect and How to Do It,Sleeping with Emerald — Practical Guide,Emerald is physically safe to keep by the bed or under a pillow. Learn what crystal tradition says about sleeping with emerald and the practical precautions.,766,batch-061,12KRl5ME2d6gf320HroOZ56Ffi50OqJ6ODd7P1NzJCE8,https://docs.google.com/document/d/12KRl5ME2d6gf320HroOZ56Ffi50OqJ6ODd7P1NzJCE8/edit?usp=drivesdk,,none
/gemstones/enhydro-agate/affirmations,gemstones,M1 Stone Atlas,S1.8 affirmations,subpage,enhydro-agate,affirmations,new,P3,Instruction,Enhydro Agate Affirmations and How to Use Them,Enhydro Agate Affirmations — Phrases and Practice,"Enhydro Agate is used in affirmation practice for themes of flow, emotional depth, and ancient memory. Find 12 affirmations and a simple step-by-step method.",686,batch-030,1HH_1BGHj2SUfDR7E-tBomxtfEK6PbPnfsaNcMsK9qj8,https://docs.google.com/document/d/1HH_1BGHj2SUfDR7E-tBomxtfEK6PbPnfsaNcMsK9qj8/edit?usp=drivesdk,,none
/gemstones/enhydro-agate/can-go-in-water,gemstones,M1 Stone Atlas,S1.3 can-go-in-water,subpage,enhydro-agate,can-go-in-water,new,P3,Explanation,Can Enhydro Agate Go in Water Safely?,Can Enhydro Agate Go in Water? What You Need to Know,"Enhydro Agate's chalcedony exterior is water-stable, but its hollow water cavity is vulnerable to thermal shock and prolonged soaking. Read before rinsing.",713,batch-030,11hSA3ZICJDHzFY-H1riTxRRSdSDHoUtsEbjn-EJuzYI,https://docs.google.com/document/d/11hSA3ZICJDHzFY-H1riTxRRSdSDHoUtsEbjn-EJuzYI/edit?usp=drivesdk,,Exact permeability / porosity data for polished vs unpolished chalcedony shells is not quantified in accessible public sources; the porous-wall claim comes from multiple geological and collector references but no single quantified study was found.
/gemstones/enhydro-agate/combinations,gemstones,M1 Stone Atlas,S1.7 combinations,subpage,enhydro-agate,combinations,new,P3,Evaluation,Enhydro Agate Crystal Combinations and Pairings,Enhydro Agate Crystal Combinations — Best Pairings,Enhydro Agate pairs well with stones that share water or emotional associations. Learn which crystals practitioners combine it with and for what intentions.,619,batch-030,1xaQnuG7wkHYyXpRsHKpALoTI4RsOViIHLqwmWP6hAY0,https://docs.google.com/document/d/1xaQnuG7wkHYyXpRsHKpALoTI4RsOViIHLqwmWP6hAY0/edit?usp=drivesdk,,No gemological or scientific basis exists for crystal pairing claims. All combinations are practitioner tradition. No classical astrological or Vedic source specifies enhydro agate in combination protocols.
/gemstones/enhydro-agate/how-to-cleanse,gemstones,M1 Stone Atlas,S1.6 how-to-cleanse,subpage,enhydro-agate,how-to-cleanse,new,P3,Instruction,How to Cleanse Enhydro Agate Without Damaging It,How to Cleanse Enhydro Agate Safely,"Enhydro Agate can tolerate brief water contact, but prolonged soaking and thermal shock risk cracking its internal water cavity. Learn safe methods here.",773,batch-030,1mTqW0CGAK7AnaH54kKbZeNvTMf1DeVLIVZ85SXFl9tE,https://docs.google.com/document/d/1mTqW0CGAK7AnaH54kKbZeNvTMf1DeVLIVZ85SXFl9tE/edit?usp=drivesdk,,none
/gemstones/enhydro-agate/how-to-identify,gemstones,M1 Stone Atlas,S1.4 how-to-identify,subpage,enhydro-agate,how-to-identify,new,P3,Instruction,How to Identify Real Enhydro Agate,How to Identify Real Enhydro Agate vs Fakes,"Real Enhydro Agate moves when shaken — a visible or audible water bubble inside. Learn the shake test, light test, hardness check, and what fakes look like.",797,batch-030,1I48Hpey-G4_9GaveJy3ie8yHBQagWVfUZ1nnH_ppdPE,https://docs.google.com/document/d/1I48Hpey-G4_9GaveJy3ie8yHBQagWVfUZ1nnH_ppdPE/edit?usp=drivesdk,,UV fluorescence as an identification aid for enhydro agate is noted in some sources but is inconsistent — not all specimens fluoresce. Not used as a primary test in this article.
/gemstones/enhydro-agate/price-guide,gemstones,M1 Stone Atlas,S1.9 price-guide,subpage,enhydro-agate,price-guide,new,P3,Explanation,Enhydro Agate Price Guide,Enhydro Agate Price Guide — What to Pay and Why,"Common Enhydro Agate specimens sell for roughly $20–$60. Exceptional pieces with large, visible water chambers reach hundreds of dollars. Learn what drives price.",678,batch-030,1hBjipvyuDUhm8UDB-gJegJNIFCMCXbBbMyDgPCuAaG0,https://docs.google.com/document/d/1hBjipvyuDUhm8UDB-gJegJNIFCMCXbBbMyDgPCuAaG0/edit?usp=drivesdk,,Per-carat pricing is not standardized for enhydro agate (sold per piece). Auction records and wholesale prices were not accessible. Retail price range ($20–$60 common; hundreds to $1000+ exceptional) is from publicly listed retail surveyed September 2026; a human should verify current market ranges before publication.
/gemstones/enhydro-agate/sleeping-with,gemstones,M1 Stone Atlas,S1.5 sleeping-with,subpage,enhydro-agate,sleeping-with,new,P3,Explanation,Sleeping With Enhydro Agate: How and Where to Place It,Sleeping With Enhydro Agate — Placement and Cautions,"Enhydro Agate can be used near the bed, but not under the pillow — its hollow cavity is fragile. Learn safe placement and what tradition says about night use.",651,batch-030,1x6vg3vNhqnFe0xhO1g4MW2YVf09BEWqibJeX_UT9kH4,https://docs.google.com/document/d/1x6vg3vNhqnFe0xhO1g4MW2YVf09BEWqibJeX_UT9kH4/edit?usp=drivesdk,,No clinical evidence supports crystal use for sleep. Metaphysical associations with sleep and dreams are from practitioner tradition only.
/gemstones/enhydro-agate/who-should-not-wear,gemstones,M1 Stone Atlas,S1.2 who-should-not-wear,subpage,enhydro-agate,who-should-not-wear,new,P3,Evaluation,Who Should Not Wear Enhydro Agate,Who Should Not Wear Enhydro Agate — Cautions,"Enhydro Agate is fragile and heat-sensitive due to its internal water pocket. Learn who should be cautious physically, and what tradition says.",626,batch-030,1rl8diZzQn3dkkT9yi3cPUQigC7sTqCCTU5lgsZEb45Y,https://docs.google.com/document/d/1rl8diZzQn3dkkT9yi3cPUQigC7sTqCCTU5lgsZEb45Y/edit?usp=drivesdk,,No classical gemological authority specifies astrological contraindications for enhydro agate. Vedic and Western astrology sources do not list it as a primary stone for any sign or planet; astrological cautions are from informal crystal practice only.
/gemstones/fancy-jasper/affirmations,gemstones,M1 Stone Atlas,S1.8 affirmations,subpage,fancy-jasper,affirmations,new,P3,Instruction,Fancy Jasper Affirmations — How to Use Them,Fancy Jasper Affirmations — Phrases and Practice Guide,"Affirmations for Fancy Jasper draw on its traditional associations with calm, grounding, and wholeness. Here are examples and a simple practice method.",747,batch-062,1k-6IMVhMOpOidNmfNtIQStwNoNJmlhlI2TfZM4g2n0c,https://docs.google.com/document/d/1k-6IMVhMOpOidNmfNtIQStwNoNJmlhlI2TfZM4g2n0c/edit?usp=drivesdk,,Affirmation effectiveness is a matter of personal practice; no clinical evidence exists for crystal-paired affirmation protocols. All associations are stated as tradition.
/gemstones/fancy-jasper/can-go-in-water,gemstones,M1 Stone Atlas,S1.3 can-go-in-water,subpage,fancy-jasper,can-go-in-water,new,P3,Explanation,Can Fancy Jasper Go in Water?,Can Fancy Jasper Go in Water? Safe and Unsafe Methods,"Yes, Fancy Jasper is water-safe. Its dense silica structure doesn't dissolve or corrode. Learn how to clean it with water and what minor limits apply.",732,batch-062,1RJCJlvEKIbOWqfQ8jrbp5hdLbgX8B6XtUPuS65Z8nsQ,https://docs.google.com/document/d/1RJCJlvEKIbOWqfQ8jrbp5hdLbgX8B6XtUPuS65Z8nsQ/edit?usp=drivesdk,,none
/gemstones/fancy-jasper/combinations,gemstones,M1 Stone Atlas,S1.7 combinations,subpage,fancy-jasper,combinations,new,P3,Evaluation,Fancy Jasper Crystal Combinations,Fancy Jasper Crystal Combinations — Pairings by Goal,Fancy Jasper pairs well with calming and grounding stones. This guide covers which crystals complement it by traditional intention and which to avoid.,735,batch-062,18jp48ekY16nvzDXODksAo3uOQHE6IC0Xf0DjE6m1ulE,https://docs.google.com/document/d/18jp48ekY16nvzDXODksAo3uOQHE6IC0Xf0DjE6m1ulE/edit?usp=drivesdk,,No peer-reviewed evidence supports crystal pairing claims; all combination recommendations are stated as tradition.
/gemstones/fancy-jasper/how-to-cleanse,gemstones,M1 Stone Atlas,S1.6 how-to-cleanse,subpage,fancy-jasper,how-to-cleanse,new,P3,Instruction,How to Cleanse Fancy Jasper,How to Cleanse Fancy Jasper — Safe Methods That Work,"Fancy Jasper is water-safe and durable. Learn which cleansing methods work — water, smoke, sound, moonlight — and how to recharge it afterward.",942,batch-062,1SyQpXy7myDB3jYAGA-UfsFCJY8a1754hnB5ugU7jLak,https://docs.google.com/document/d/1SyQpXy7myDB3jYAGA-UfsFCJY8a1754hnB5ugU7jLak/edit?usp=drivesdk,,none
/gemstones/fancy-jasper/how-to-identify,gemstones,M1 Stone Atlas,S1.4 how-to-identify,subpage,fancy-jasper,how-to-identify,new,P3,Instruction,How to Identify Real Fancy Jasper,How to Identify Real Fancy Jasper — Tests and Red Flags,"Fancy Jasper is commonly dyed or sold mislabeled. Learn the physical tests — hardness, feel, pattern, color — that distinguish genuine material from fakes.",962,batch-062,1iIDgACIyHi3bPMMJk5iTo-FV68nrlPU2yvwksqC1jco,https://docs.google.com/document/d/1iIDgACIyHi3bPMMJk5iTo-FV68nrlPU2yvwksqC1jco/edit?usp=drivesdk,,No standardized gemological test distinguishes naturally colored fancy jasper from dyed jasper without laboratory analysis; surface inspection and price signals are the practical field tools available to consumers.
/gemstones/fancy-jasper/price-guide,gemstones,M1 Stone Atlas,S1.9 price-guide,subpage,fancy-jasper,price-guide,new,P3,Explanation,Fancy Jasper Price Guide,Fancy Jasper Price Guide — What It Costs and Why,Fancy Jasper is one of the more affordable stones in the market. Tumbled bracelets retail from around $3 to $14. Here is what drives the price difference.,734,batch-062,1Q8rnGzhVDC6QHvjwdXy1eZ-BVyZhUWOjWjrRozVUcp4,https://docs.google.com/document/d/1Q8rnGzhVDC6QHvjwdXy1eZ-BVyZhUWOjWjrRozVUcp4/edit?usp=drivesdk,,Per-carat wholesale pricing for raw Fancy Jasper rough was not found in publicly available retail sources; slab and specimen pricing varies widely and no consistent retail evidence base was identified beyond bracelet and tumbled stone listings.
/gemstones/fancy-jasper/sleeping-with,gemstones,M1 Stone Atlas,S1.5 sleeping-with,subpage,fancy-jasper,sleeping-with,new,P3,Explanation,Sleeping with Fancy Jasper — What to Expect,Sleeping with Fancy Jasper — How and What Practitioners Say,Fancy Jasper is physically safe to sleep with. Tradition links it to calm and grounding. Here is how practitioners use it at night and what to consider.,704,batch-062,1fnMVehZs69C8CikNFm5MMWWsqU-WnHw18oCAE39T9kQ,https://docs.google.com/document/d/1fnMVehZs69C8CikNFm5MMWWsqU-WnHw18oCAE39T9kQ/edit?usp=drivesdk,,No clinical evidence exists linking Fancy Jasper or any crystal to sleep outcomes; all sleep-related associations are stated as tradition.
/gemstones/fancy-jasper/who-should-not-wear,gemstones,M1 Stone Atlas,S1.2 who-should-not-wear,subpage,fancy-jasper,who-should-not-wear,new,P3,Evaluation,Who Should Not Wear Fancy Jasper,Who Should Not Wear Fancy Jasper — Cautions Explained,"Fancy Jasper is physically safe for almost everyone, but certain physical, practical, and traditional considerations apply. Here is an honest evaluation.",758,batch-062,16QF-pfxEH8GC9LfqEbplb6IXSdm6_2kuYXtihtaAibk,https://docs.google.com/document/d/16QF-pfxEH8GC9LfqEbplb6IXSdm6_2kuYXtihtaAibk/edit?usp=drivesdk,,No peer-reviewed evidence exists for astrological sign incompatibilities; those claims are stated as tradition only.
/gemstones/flower-agate/affirmations,gemstones,M1 Stone Atlas,S1.8 affirmations,subpage,flower-agate,affirmations,new,P3,Instruction,Flower Agate Affirmations — How to Use Them With the Stone,Flower Agate Affirmations — Practice Guide,Flower Agate is linked by tradition to growth and new beginnings. Affirmations matched to its associations and a simple practice for daily or bedtime use.,913,batch-063,15BEogT_vHQ2h6C57rnsroMrJkNngTGG_ZmurUn1NfDs,https://docs.google.com/document/d/15BEogT_vHQ2h6C57rnsroMrJkNngTGG_ZmurUn1NfDs/edit?usp=drivesdk,,"No clinical evidence for crystal-paired affirmation effects beyond general affirmation research. Zodiac and chakra associations are tradition, not evidence-based."
/gemstones/flower-agate/combinations,gemstones,M1 Stone Atlas,S1.7 combinations,subpage,flower-agate,combinations,new,P3,Evaluation,Flower Agate Crystal Combinations — Pairings and Goals,Flower Agate Crystal Combinations — Best Pairings,"Flower Agate pairs with Rose Quartz, Clear Quartz, and Moonstone in crystal tradition. Crystal combinations by intention and which pairings to approach with care.",975,batch-063,1hRZ1hIulbyeu4tB7I_PLWZYzDRKDuSa9iCoegkqm_P0,https://docs.google.com/document/d/1hRZ1hIulbyeu4tB7I_PLWZYzDRKDuSa9iCoegkqm_P0/edit?usp=drivesdk,,All pairing recommendations based on metaphysical tradition; no clinical or peer-reviewed evidence exists for crystal combination effects.
/gemstones/flower-agate/how-to-cleanse,gemstones,M1 Stone Atlas,S1.6 how-to-cleanse,subpage,flower-agate,how-to-cleanse,new,P3,Instruction,How to Cleanse and Recharge Flower Agate Safely,How to Cleanse Flower Agate — Safe Methods Explained,"Flower Agate is water-safe for brief rinsing, but dyed or fractured pieces need dry methods. Learn smoke, sound, moonlight, and water cleansing with safety notes.",971,batch-063,1higw19CBHv5tEeb2wlDj6msgXaVBPEbM4UIbXgvue7E,https://docs.google.com/document/d/1higw19CBHv5tEeb2wlDj6msgXaVBPEbM4UIbXgvue7E/edit?usp=drivesdk,,No peer-reviewed gemological studies found specifically on dye migration rates in chalcedony under different moisture exposures; guidance based on general chalcedony and agate treatment knowledge.
/gemstones/flower-agate/how-to-identify,gemstones,M1 Stone Atlas,S1.4 how-to-identify,subpage,flower-agate,how-to-identify,new,P3,Instruction,How to Identify Real Flower Agate vs Fakes and Imitations,How to Identify Real Flower Agate — Fakes and Tests,"Real Flower Agate has 3D plume inclusions at multiple depths and Mohs 6.5-7 hardness. Tests to distinguish it from glass, dyed agate, and resin fakes.",1091,batch-063,1yQiFZUlZYlEiTrk9uBoRpbiO_TG-aT0qU2ihJ7c4veY,https://docs.google.com/document/d/1yQiFZUlZYlEiTrk9uBoRpbiO_TG-aT0qU2ihJ7c4veY/edit?usp=drivesdk,,Raman spectroscopy studies specific to Flower Agate plume mineral composition not found in accessible literature; plume identification in individual pieces requires laboratory analysis. No formal authentication protocol from GIA or equivalent body found for this trade-name material.
/gemstones/flower-agate/price-guide,gemstones,M1 Stone Atlas,S1.9 price-guide,subpage,flower-agate,price-guide,new,P3,Explanation,Flower Agate Price Guide: What It Costs and Why,Flower Agate Price Guide — Costs and Value Explained,Flower Agate tumbled stones typically sell for $6–$15; towers and palm stones $15–$75; collector pieces up to $300. Learn what drives price and how to avoid overpaying.,929,batch-063,1Gfll1sv0J1LElDlxZduMd7Aq8BDznaYOEUdzR7fWLDU,https://docs.google.com/document/d/1Gfll1sv0J1LElDlxZduMd7Aq8BDznaYOEUdzR7fWLDU/edit?usp=drivesdk,,"No formal wholesale price index found for Flower Agate. Per-carat range ($1-$8) reflects wide grade variation; upper end is display-quality cabochons, not commodity tumbled material. Prices may shift as Madagascar supply changes. Retail ranges aggregated from multiple sources checked September 2026."
/gemstones/flower-agate/sleeping-with,gemstones,M1 Stone Atlas,S1.5 sleeping-with,subpage,flower-agate,sleeping-with,new,P3,Explanation,Sleeping with Flower Agate: Under the Pillow or by the Bed,Sleeping with Flower Agate — What to Know,"Flower Agate is physically safe to keep near the bed. Crystal tradition links it to calm growth energy. Practical tips for placement, broken pieces, and small stones.",820,batch-063,18omB5uF-1YnvurRRl3n07_cm1rAI1_w8hbwymnXZOuM,https://docs.google.com/document/d/18omB5uF-1YnvurRRl3n07_cm1rAI1_w8hbwymnXZOuM/edit?usp=drivesdk,,No clinical evidence for any sleep benefit from crystal proximity; all sleep-related claims framed as tradition. No peer-reviewed study found on crystal placement and sleep quality.
/gemstones/flower-agate/who-should-not-wear,gemstones,M1 Stone Atlas,S1.2 who-should-not-wear,subpage,flower-agate,who-should-not-wear,new,P3,Evaluation,Who Should Be Cautious About Wearing Flower Agate,Who Should Not Wear Flower Agate — Cautions Explained,"Flower Agate has no known physical toxicity, but dyed pieces may bleed color in water. Metaphysical traditions link some signs cautiously. Full breakdown here.",805,batch-063,1E2xaVtqTWvA30g0ooYiWt1cTuLXnrFzGdIirIbFRS1k,https://docs.google.com/document/d/1E2xaVtqTWvA30g0ooYiWt1cTuLXnrFzGdIirIbFRS1k/edit?usp=drivesdk,,No peer-reviewed sources for metaphysical or astrological contra-indications; framed as tradition. No formal gemological dye-migration study found for chalcedony specifically under normal wear conditions.
/gemstones/fluorite/affirmations,gemstones,M1 Stone Atlas,S1.8 affirmations,subpage,fluorite,affirmations,new,P3,Instruction,Fluorite Affirmations — Phrases That Suit This Stone,Fluorite Affirmations — How to Use Them With the Stone,"Fluorite is traditionally linked to clarity, focus, and calm. Use these affirmations with the stone in a simple daily or bedtime practice to set intention.",820,batch-038,1xdvw6stZX8FfbR3xXZeK7ehDc8Eh_k5xBv-nckc7Sd0,https://docs.google.com/document/d/1xdvw6stZX8FfbR3xXZeK7ehDc8Eh_k5xBv-nckc7Sd0/edit?usp=drivesdk,,No experimental evidence that affirmations paired with crystals produce effects beyond those of affirmations alone.
/gemstones/fluorite/combinations,gemstones,M1 Stone Atlas,S1.7 combinations,subpage,fluorite,combinations,new,P3,Evaluation,Fluorite Combinations — Which Crystals Pair Well and Why,Fluorite Crystal Combinations — Pairings by Goal,"Fluorite pairs well with amethyst for calm, clear quartz for clarity, and black tourmaline for grounding. Learn which goals suit each combination.",952,batch-038,1uQez8cTKoT1Wz_BY-V89pzz1axzr46e1V-OGCs9vnT8,https://docs.google.com/document/d/1uQez8cTKoT1Wz_BY-V89pzz1axzr46e1V-OGCs9vnT8/edit?usp=drivesdk,,"All pairing claims are based on traditional crystal associations, not experimental evidence."
/gemstones/fluorite/how-to-cleanse,gemstones,M1 Stone Atlas,S1.6 how-to-cleanse,subpage,fluorite,how-to-cleanse,new,P3,Instruction,How to Cleanse Fluorite Without Damaging It,How to Cleanse Fluorite Safely — Methods That Work,"Fluorite is mildly water-soluble and fades in strong sun. Safe cleansing methods are smoke, sound, moonlight, and dry earth. Step-by-step guide inside.",917,batch-038,1A4ILIj2xnvnqUTO7quiDQieE-T3ogdHe0ZuTsWB2Fuo,https://docs.google.com/document/d/1A4ILIj2xnvnqUTO7quiDQieE-T3ogdHe0ZuTsWB2Fuo/edit?usp=drivesdk,,none
/gemstones/fluorite/how-to-identify,gemstones,M1 Stone Atlas,S1.4 how-to-identify,subpage,fluorite,how-to-identify,new,P3,Instruction,How to Identify Real Fluorite — Tests That Work,How to Identify Real Fluorite vs Fakes and Glass,"Real fluorite has Mohs 4 hardness, four perfect cleavage planes, and often fluoresces under UV. Learn how to distinguish it from glass, dyed calcite, and quartz.",945,batch-038,14QKKaYHpZ7y4ixMUE9aDALi35MfhQfbIjoObxM7Ul_c,https://docs.google.com/document/d/14QKKaYHpZ7y4ixMUE9aDALi35MfhQfbIjoObxM7Ul_c/edit?usp=drivesdk,,none
/gemstones/fluorite/meaning,gemstones,M1 Stone Atlas,S1.1 meaning,subpage,fluorite,meaning,new,P3,Explanation,Fluorite Meaning — What It Is and What It Is Used For,"Fluorite Meaning, Properties and Traditional Uses","Fluorite is a calcium fluoride mineral at Mohs 4, known as the Genius Stone. Traditionally linked to mental clarity, focus, and calm in Pisces and Capricorn.",892,batch-038,138x7QaWMxWWAQm2aKaGK8yazH6PJn6bDhddu0uc70YM,https://docs.google.com/document/d/138x7QaWMxWWAQm2aKaGK8yazH6PJn6bDhddu0uc70YM/edit?usp=drivesdk,,"Specific ancient Egyptian and Roman source texts are historical summaries, not primary citations; stated as historical tradition."
/gemstones/fluorite/price-guide,gemstones,M1 Stone Atlas,S1.9 price-guide,subpage,fluorite,price-guide,new,P3,Explanation,Fluorite Price Guide — What It Costs and Why,Fluorite Price Guide 2026 — Per Carat and Per Stone,Fluorite ranges from under $1 per carat for rough material to $100 per carat for top gem quality. Learn what drives price and how to avoid overpaying.,928,batch-038,1g9ppMNFCOODiXxXECAbwjFDX3OBzlesC7r3fnTa_RZU,https://docs.google.com/document/d/1g9ppMNFCOODiXxXECAbwjFDX3OBzlesC7r3fnTa_RZU/edit?usp=drivesdk,,Retail prices for specific origins (e.g. Rogerley Mine UK green fluorite) are not well documented with recent public retail data; premium estimates are approximate. Gemval subscriber price data unavailable.
/gemstones/fluorite/sleeping-with,gemstones,M1 Stone Atlas,S1.5 sleeping-with,subpage,fluorite,sleeping-with,new,P3,Explanation,Sleeping with Fluorite — What to Know Before You Try,Sleeping with Fluorite — Is It Safe and How to Do It,Fluorite's fragility means under-pillow use is risky. A bedside table is safer. Learn the physical facts and what crystal tradition says about night-time use.,799,batch-038,1n-qX3XPp9V_EDzmQBoMCVYEaU9WNe4lx6gvDgswTMaw,https://docs.google.com/document/d/1n-qX3XPp9V_EDzmQBoMCVYEaU9WNe4lx6gvDgswTMaw/edit?usp=drivesdk,,No clinical evidence for sleep effects; all effects stated as tradition.
/gemstones/fluorite/who-should-not-wear,gemstones,M1 Stone Atlas,S1.2 who-should-not-wear,subpage,fluorite,who-should-not-wear,new,P3,Evaluation,Who Should Not Wear Fluorite (and Why),Who Should Not Wear Fluorite — Physical & Tradition Cautions,"Fluorite's Mohs 4 hardness makes it fragile for ring wear, and its mild solubility means avoiding sweaty or wet conditions. Learn who should take care.",867,batch-038,13yFI750C2-sHyt3yFNc7lVSmdGpBErH5XgUcrtWgLJE,https://docs.google.com/document/d/13yFI750C2-sHyt3yFNc7lVSmdGpBErH5XgUcrtWgLJE/edit?usp=drivesdk,,No peer-reviewed evidence for astrological contraindications; all zodiac and tradition claims stated as such.
/gemstones/garden-quartz/affirmations,gemstones,M1 Stone Atlas,S1.8 affirmations,subpage,garden-quartz,affirmations,new,P3,Instruction,Garden Quartz Affirmations: Phrases and How to Use Them,Garden Quartz Affirmations — Phrases and Practice Guide,"Garden Quartz affirmations draw on its traditional associations with grounding, inner growth, and nature. Learn which phrases suit the stone and how to use them.",736,batch-064,1Xw3ECljK9t2f2OkiLEjPkqtIXxcuqT-x4StEJzmjSPc,https://docs.google.com/document/d/1Xw3ECljK9t2f2OkiLEjPkqtIXxcuqT-x4StEJzmjSPc/edit?usp=drivesdk,,none
/gemstones/garden-quartz/can-go-in-water,gemstones,M1 Stone Atlas,S1.3 can-go-in-water,subpage,garden-quartz,can-go-in-water,new,P3,Explanation,Can Garden Quartz Go in Water? Safety and Cleaning Guide,Can Garden Quartz Go in Water? Yes — With One Caveat,Garden Quartz is water-safe for rinsing and brief cleansing. Avoid prolonged soaks on cracked pieces. This guide covers safe cleaning and what to skip.,686,batch-064,1rOBlgLjYW_cVGryI39mCwL68zwGGjqfckjyLJEVQCtg,https://docs.google.com/document/d/1rOBlgLjYW_cVGryI39mCwL68zwGGjqfckjyLJEVQCtg/edit?usp=drivesdk,,none
/gemstones/garden-quartz/combinations,gemstones,M1 Stone Atlas,S1.7 combinations,subpage,garden-quartz,combinations,new,P3,Evaluation,Garden Quartz Crystal Combinations: Pairings and Goals,Garden Quartz Combinations — Which Crystals Pair Well,"Garden Quartz pairs well with smoky quartz for grounding, amethyst for inner reflection, and clear quartz for amplification. Learn goal-based pairings and what to skip.",693,batch-064,1ELilYV-c__2VDLhTWVcKtKRpu1U5aMummguXkNGpQlI,https://docs.google.com/document/d/1ELilYV-c__2VDLhTWVcKtKRpu1U5aMummguXkNGpQlI/edit?usp=drivesdk,,No physical mechanism for crystal energy interaction is established; all pairing recommendations reflect tradition only.
/gemstones/garden-quartz/how-to-cleanse,gemstones,M1 Stone Atlas,S1.6 how-to-cleanse,subpage,garden-quartz,how-to-cleanse,new,P3,Instruction,How to Cleanse Garden Quartz Without Damaging It,How to Cleanse Garden Quartz — Safe Methods That Work,"Garden Quartz is water-safe for brief rinsing. Learn which cleansing methods work — water, smoke, sound, moonlight — and how to recharge afterward.",806,batch-064,1tP6zpDuzCb1plci-tPwljQroGaDsJcAUUNWbI03WaPY,https://docs.google.com/document/d/1tP6zpDuzCb1plci-tPwljQroGaDsJcAUUNWbI03WaPY/edit?usp=drivesdk,,none
/gemstones/garden-quartz/how-to-identify,gemstones,M1 Stone Atlas,S1.4 how-to-identify,subpage,garden-quartz,how-to-identify,new,P3,Instruction,How to Identify Real Garden Quartz and Spot Fakes,How to Identify Real Garden Quartz — Fakes and Imitations,"Real Garden Quartz has Mohs 7 hardness, vitreous luster, and inclusions at varying depths. Learn how to spot glass fakes, dyed stones, and assembled imitations.",891,batch-064,16nX0Qkouk-7J94fzIMNSwZcOyXVi8gKfXFSaMgCzwAM,https://docs.google.com/document/d/16nX0Qkouk-7J94fzIMNSwZcOyXVi8gKfXFSaMgCzwAM/edit?usp=drivesdk,,Dye and treatment detection beyond visual inspection requires lab analysis; no standardized consumer test exists for inclusion authenticity in quartz.
/gemstones/garden-quartz/price-guide,gemstones,M1 Stone Atlas,S1.9 price-guide,subpage,garden-quartz,price-guide,new,P3,Explanation,"Garden Quartz Price Guide: Cost, Value Drivers, and Buying Tips",Garden Quartz Price Guide — What It Costs and Why,Garden Quartz tumbled stones start around $10–$30; polished points range $20–$250+. Learn what drives the price and how to avoid overpaying for fakes.,747,batch-064,1ks0vChRb-omRl2GXE5A-cSGTwn3uKrHXlWEtJFzXOKE,https://docs.google.com/document/d/1ks0vChRb-omRl2GXE5A-cSGTwn3uKrHXlWEtJFzXOKE/edit?usp=drivesdk,,Per-carat pricing for cut and faceted Garden Quartz is not well-documented in primary gem-trade sources; figures cited are from retail and collector-market observations (September 2026). Wholesale pricing varies significantly by supply chain and region.
/gemstones/garden-quartz/sleeping-with,gemstones,M1 Stone Atlas,S1.5 sleeping-with,subpage,garden-quartz,sleeping-with,new,P3,Explanation,Sleeping with Garden Quartz: What to Expect and How to Do It,Sleeping with Garden Quartz — Practical Guide,"Garden Quartz is commonly used beside the bed or under the pillow. Learn what tradition says, practical placement tips, and who may want to take a break.",598,batch-064,1DpgzU-aW0YbX1ZJUA8rJZwjxL6GS4RUja46AacOC678,https://docs.google.com/document/d/1DpgzU-aW0YbX1ZJUA8rJZwjxL6GS4RUja46AacOC678/edit?usp=drivesdk,,No clinical research on crystal effects on sleep quality exists; all claims about sleep benefits are tradition only.
/gemstones/garden-quartz/who-should-not-wear,gemstones,M1 Stone Atlas,S1.2 who-should-not-wear,subpage,garden-quartz,who-should-not-wear,new,P3,Evaluation,Who Should Be Cautious About Wearing Garden Quartz,Who Should Not Wear Garden Quartz — Safety & Cautions,"Garden Quartz is physically safe for most people, but tradition flags some cautions. Learn who may want to limit use based on safety, astrology, and practice.",666,batch-064,1WQ1QyT2JF-j-8Pgsci42pDcasul9uGYHKAWWOVpxyp4,https://docs.google.com/document/d/1WQ1QyT2JF-j-8Pgsci42pDcasul9uGYHKAWWOVpxyp4/edit?usp=drivesdk,,No peer-reviewed studies exist on astrological contraindications for crystal wear; those claims reflect tradition only. Specific Vedic astrology guidance for lodolite is sparse in reference sources.
/gemstones/garnet/affirmations,gemstones,M1 Stone Atlas,S1.8 affirmations,subpage,garnet,affirmations,new,P2,Instruction,Garnet Affirmations — Phrases and How to Use Them,Garnet Affirmations — Intention-Setting with Garnet,"Garnet affirmations draw on its traditional associations with passion, courage, and vitality. Here are specific phrases and a clear method for using them with the stone.",641,batch-008,10M9imISJKhFAo7f2ssP8Ig3vvmJdvDeRtVOtrOGjXoU,https://docs.google.com/document/d/10M9imISJKhFAo7f2ssP8Ig3vvmJdvDeRtVOtrOGjXoU/edit?usp=drivesdk,,none
/gemstones/garnet/combinations,gemstones,M1 Stone Atlas,S1.7 combinations,subpage,garnet,combinations,new,P2,Evaluation,Garnet Combinations — Which Crystals Pair Well and Why,Garnet Combinations — Best Crystal Pairings by Goal,"Garnet pairs with rose quartz for love, black tourmaline for protection, and citrine for confidence. Learn which pairings work and which to use with care.",716,batch-008,1dCKzGO_5ygEaP4E0ubR3nyZJAoSBy6qe3vvhjMrwEsk,https://docs.google.com/document/d/1dCKzGO_5ygEaP4E0ubR3nyZJAoSBy6qe3vvhjMrwEsk/edit?usp=drivesdk,,No clinical evidence exists for any crystal pairing effect. All pairing recommendations are based on traditional metaphysical associations.
/gemstones/garnet/how-to-cleanse,gemstones,M1 Stone Atlas,S1.6 how-to-cleanse,subpage,garnet,how-to-cleanse,new,P2,Instruction,How to Cleanse and Recharge Garnet,How to Cleanse Garnet — Safe Methods and What to Avoid,Garnet tolerates brief water exposure but not saltwater or prolonged soaking. Learn which cleansing methods are safe and how to recharge after cleansing.,836,batch-008,1PJYco86eVZ1OnIUPnpf-MYGAafJtU7FQ55LyYRHpXlM,https://docs.google.com/document/d/1PJYco86eVZ1OnIUPnpf-MYGAafJtU7FQ55LyYRHpXlM/edit?usp=drivesdk,,none
/gemstones/garnet/how-to-identify,gemstones,M1 Stone Atlas,S1.4 how-to-identify,subpage,garnet,how-to-identify,new,P2,Instruction,How to Identify Real Garnet — Tests and Red Flags,How to Identify Real Garnet vs Fakes and Glass,"Real garnet is singly refractive, hard at 6.5–7.5 Mohs, and almost never treated. Learn which checks and tests distinguish garnet from glass and imitations.",938,batch-008,1d_PFp7tWv3Pvy7zhn1qIBFt6A2EV6KNPRinvtZSTZR8,https://docs.google.com/document/d/1d_PFp7tWv3Pvy7zhn1qIBFt6A2EV6KNPRinvtZSTZR8/edit?usp=drivesdk,,At-home identification of garnet species (e.g. distinguishing tsavorite from chrome tourmaline) requires professional equipment and is not covered; that is gemologist territory.
/gemstones/garnet/meaning,gemstones,M1 Stone Atlas,S1.1 meaning,subpage,garnet,meaning,new,P2,Explanation,"Garnet Meaning, History, and Traditional Uses",Garnet Meaning — What Garnet Stands For,"Garnet is a mineral group spanning almost every color, traditionally associated with passion, vitality, and protection. Here is what it means and how it has been used.",718,batch-008,1YwrdiCjSSJyX4KRfC--u18gc7XrrQUNQII8VZZXLK8k,https://docs.google.com/document/d/1YwrdiCjSSJyX4KRfC--u18gc7XrrQUNQII8VZZXLK8k/edit?usp=drivesdk,,Detailed Vedic/Jyotish garnet associations beyond general Mars linkage not confirmed with primary source; Aquarius association common in modern crystal literature but pre-modern source unclear.
/gemstones/garnet/price-guide,gemstones,M1 Stone Atlas,S1.9 price-guide,subpage,garnet,price-guide,new,P2,Explanation,Garnet Price Guide — What It Costs and Why,Garnet Price Guide — Ranges by Variety and Quality,"Garnet prices range from under $10 per carat for common hessonite to over $10,000 for top demantoid. Learn what drives the price and how to avoid overpaying.",765,batch-008,1IjMuUTbL4AVlGbSnKajxmTTjEAlC3jh8WLJAkVTSt-o,https://docs.google.com/document/d/1IjMuUTbL4AVlGbSnKajxmTTjEAlC3jh8WLJAkVTSt-o/edit?usp=drivesdk,,Retail price for rough/tumbled garnet sold for crystal practice (not gemstone use) not found with adequate granularity. Per-carat ranges are for faceted gemstone material. Common red tumbled stones for crystal practice appear to retail roughly $1–$8 per piece but this is not confirmed by a dedicated retail survey at publication date.
/gemstones/garnet/sleeping-with,gemstones,M1 Stone Atlas,S1.5 sleeping-with,subpage,garnet,sleeping-with,new,P2,Explanation,Sleeping with Garnet — What Practitioners Say and What to Consider,Sleeping with Garnet — Traditions and Practical Advice,"Garnet is energizing in crystal tradition, which leads many practitioners to suggest night use carefully. Learn what is said, how it is done, and who may prefer not to.",753,batch-008,15vDpz2wQWLez8cJOnHl1HtiqTxTLR8O0YxN0kD0jqgo,https://docs.google.com/document/d/15vDpz2wQWLez8cJOnHl1HtiqTxTLR8O0YxN0kD0jqgo/edit?usp=drivesdk,,No clinical or peer-reviewed research exists on garnet and sleep. All sleep-related claims are tradition-based.
/gemstones/grape-agate/affirmations,gemstones,M1 Stone Atlas,S1.8 affirmations,subpage,grape-agate,affirmations,new,P3,Instruction,Grape Agate Affirmations — How to Use Them,Grape Agate Affirmations — Intentions and Practice,"Grape Agate is traditionally used for intuition, calm, and dream work. Here are eight affirmations drawn from those themes and instructions for using them.",795,batch-065,1PYmwtOkfwgDADiLVtyOtI8l91B2e4r9sOZxGndzVEMk,https://docs.google.com/document/d/1PYmwtOkfwgDADiLVtyOtI8l91B2e4r9sOZxGndzVEMk/edit?usp=drivesdk,,No published research on grape agate affirmations. Traditional associations are modern (post-2015).
/gemstones/grape-agate/can-go-in-water,gemstones,M1 Stone Atlas,S1.3 can-go-in-water,subpage,grape-agate,can-go-in-water,new,P3,Explanation,Can Grape Agate Go in Water?,Can Grape Agate Go in Water? Safe Cleaning Guide,"Grape Agate is water-safe — Mohs 7 and chemically stable SiO2. Brief rinses are fine. Avoid salt water, long soaks, and prolonged sun drying to protect color.",732,batch-065,1oIqU_FrG9VAyWV_BOQAIjaJ6uouehyIrsbcUG5c0gG4,https://docs.google.com/document/d/1oIqU_FrG9VAyWV_BOQAIjaJ6uouehyIrsbcUG5c0gG4/edit?usp=drivesdk,,none
/gemstones/grape-agate/combinations,gemstones,M1 Stone Atlas,S1.7 combinations,subpage,grape-agate,combinations,new,P3,Evaluation,Grape Agate Crystal Combinations — Best Pairings by Goal,Grape Agate Crystal Combinations — Pairings by Goal,"Pair Grape Agate with amethyst for dream work, clear quartz for clarity, or lepidolite for calm. Learn which combinations practitioners favor and why.",876,batch-065,1FlQ658bvlYxA6HeBeWvzXKoNoE6Sgmg2URu4ifqoHiE,https://docs.google.com/document/d/1FlQ658bvlYxA6HeBeWvzXKoNoE6Sgmg2URu4ifqoHiE/edit?usp=drivesdk,,Crystal combination associations are entirely traditional and modern. No independent evidence distinguishes effective from ineffective pairings.
/gemstones/grape-agate/how-to-cleanse,gemstones,M1 Stone Atlas,S1.6 how-to-cleanse,subpage,grape-agate,how-to-cleanse,new,P3,Instruction,How to Cleanse Grape Agate Without Damaging It,How to Cleanse Grape Agate Safely — Methods That Work,"Grape Agate is water-safe at Mohs 7, but prolonged soaks and salt water can dull its polish. Learn which cleansing methods protect the clusters and color.",793,batch-065,13G51H-Id32K93k8fbbgFlQZbcBCgTlwkqLWsryG4x3Q,https://docs.google.com/document/d/13G51H-Id32K93k8fbbgFlQZbcBCgTlwkqLWsryG4x3Q/edit?usp=drivesdk,,none
/gemstones/grape-agate/how-to-identify,gemstones,M1 Stone Atlas,S1.4 how-to-identify,subpage,grape-agate,how-to-identify,new,P3,Instruction,How to Identify Real Grape Agate,How to Identify Real Grape Agate vs. Fakes and Glass,"Real Grape Agate is botryoidal chalcedony from Sulawesi, Mohs 7, SiO2. Learn how to distinguish it from glass, dyed material, and decorative stone imitations.",919,batch-065,1HAD6MSTg00Xdh_A_2UWyQZ-b729-DKHMybssuDAr4ck,https://docs.google.com/document/d/1HAD6MSTg00Xdh_A_2UWyQZ-b729-DKHMybssuDAr4ck/edit?usp=drivesdk,,"No standardized gemological test protocol specific to grape agate. Dye-in-crevices observation is from mineral dealer literature, not peer-reviewed gemological study."
/gemstones/grape-agate/price-guide,gemstones,M1 Stone Atlas,S1.9 price-guide,subpage,grape-agate,price-guide,new,P3,Explanation,Grape Agate Price Guide — What It Costs and Why,Grape Agate Price Guide — Costs and Value Factors,Grape Agate small clusters run $5–$15; medium specimens $15–$80; large collector pieces $80–$400+. Learn what drives price and how to avoid overpaying.,865,batch-065,1VSmn-BPZft71U7Bgk53hrtCD2fF8Lo2ICH0v2i3RrBY,https://docs.google.com/document/d/1VSmn-BPZft71U7Bgk53hrtCD2fF8Lo2ICH0v2i3RrBY/edit?usp=drivesdk,,"Per-carat or per-gram wholesale pricing not found in publicly accessible sources. Retail price data from Etsy (July 2025–June 2026), FossilEra, and eBay UK; treat as indicative, not definitive."
/gemstones/grape-agate/sleeping-with,gemstones,M1 Stone Atlas,S1.5 sleeping-with,subpage,grape-agate,sleeping-with,new,P3,Explanation,Sleeping with Grape Agate — What to Expect,Sleeping with Grape Agate — Placement and Practice,"Grape Agate is traditionally linked to dream work and intuition. Learn safe placement options, what practitioners report, and who should use caution at night.",777,batch-065,1at5Zh7CA2gzi8nA33VGRwxGeMzVD6OQcnBiIyoIHF_Y,https://docs.google.com/document/d/1at5Zh7CA2gzi8nA33VGRwxGeMzVD6OQcnBiIyoIHF_Y/edit?usp=drivesdk,,"No clinical studies on grape agate and sleep. Traditional dream associations are entirely modern (post-2015) and drawn from crystal practitioner communities, not historical lineage."
/gemstones/grape-agate/who-should-not-wear,gemstones,M1 Stone Atlas,S1.2 who-should-not-wear,subpage,grape-agate,who-should-not-wear,new,P3,Evaluation,Who Should Not Wear Grape Agate,Who Should Not Wear Grape Agate — Cautions Explained,"Grape Agate is physically safe for almost everyone, but fragile clusters can chip. Learn which physical, traditional, and astrological cautions apply.",720,batch-065,1bLfvWmB4V7LW88oOz44_vYTBS1uxOLHZQJv9bIFWtpQ,https://docs.google.com/document/d/1bLfvWmB4V7LW88oOz44_vYTBS1uxOLHZQJv9bIFWtpQ/edit?usp=drivesdk,,No peer-reviewed or Mindat entry specific to grape agate as a named mineral; data drawn from chalcedony/SiO2 properties. No established astrological restriction literature — astrological associations are entirely modern tradition.
/gemstones/green-goldstone/affirmations,gemstones,M1 Stone Atlas,S1.8 affirmations,subpage,green-goldstone,affirmations,new,P3,Instruction,Green Goldstone Affirmations and How to Use Them,Green Goldstone Affirmations — Phrases and Practice,"Green Goldstone is traditionally linked to growth, ambition, and the heart chakra. Here are affirmations that fit those themes and a simple daily practice for using them.",671,batch-042,1pXMIMZcOXy9OLMNXBSsMVdhfjZzOjLDKxbaznIU7U0s,https://docs.google.com/document/d/1pXMIMZcOXy9OLMNXBSsMVdhfjZzOjLDKxbaznIU7U0s/edit?usp=drivesdk,,none
/gemstones/green-goldstone/can-go-in-water,gemstones,M1 Stone Atlas,S1.3 can-go-in-water,subpage,green-goldstone,can-go-in-water,new,P3,Explanation,Can Green Goldstone Go in Water?,Can Green Goldstone Go in Water? Safe Cleaning Guide,"Green Goldstone is synthetic glass and is fully water-stable. Learn how to clean it safely with water, what temperatures to use, and when to be cautious.",753,batch-042,1flOWwfMu7XYDPYo6bj6Xxl4Va67sBVXRdflZVr8qlFU,https://docs.google.com/document/d/1flOWwfMu7XYDPYo6bj6Xxl4Va67sBVXRdflZVr8qlFU/edit?usp=drivesdk,,none
/gemstones/green-goldstone/combinations,gemstones,M1 Stone Atlas,S1.7 combinations,subpage,green-goldstone,combinations,new,P3,Evaluation,Green Goldstone Crystal Combinations,Green Goldstone Crystal Combinations — Best Pairings,"Green Goldstone pairs well with rose quartz, citrine, and aventurine for heart and abundance goals. Learn which pairings work and how to store them safely.",729,batch-042,1b0dwXRmhsojNLbG-ka76zZ_wGLK-m0dB0sy9EUsrl90,https://docs.google.com/document/d/1b0dwXRmhsojNLbG-ka76zZ_wGLK-m0dB0sy9EUsrl90/edit?usp=drivesdk,,No controlled research supports or refutes crystal pairing effects. Pairings are based on practitioner traditions only.
/gemstones/green-goldstone/how-to-cleanse,gemstones,M1 Stone Atlas,S1.6 how-to-cleanse,subpage,green-goldstone,how-to-cleanse,new,P3,Instruction,How to Cleanse Green Goldstone Without Damaging It,How to Cleanse Green Goldstone — Safe Methods,"Green Goldstone is glass, so water cleansing is safe. Learn which methods — water, smoke, sound, moonlight — work best and which products to avoid.",838,batch-042,1u77mLD8bEa91cNFMA-CITCunUMIMrL4kyzYrpD3uwhM,https://docs.google.com/document/d/1u77mLD8bEa91cNFMA-CITCunUMIMrL4kyzYrpD3uwhM/edit?usp=drivesdk,,none
/gemstones/green-goldstone/how-to-identify,gemstones,M1 Stone Atlas,S1.4 how-to-identify,subpage,green-goldstone,how-to-identify,new,P3,Instruction,How to Identify Real Green Goldstone,How to Identify Green Goldstone — Real vs Mislabeled,"Green Goldstone is always glass. Learn how to spot genuine goldstone versus dyed glass, natural stone impostors, and mislabeled green crystals using simple visual tests.",757,batch-042,1e4aoKXiB9lKz66-5TDI993UDXhaqRafKsCFltUgFwUo,https://docs.google.com/document/d/1e4aoKXiB9lKz66-5TDI993UDXhaqRafKsCFltUgFwUo/edit?usp=drivesdk,,No standardized retail testing protocol exists specifically for goldstone authentication; tests described are standard gemological methods applicable to glass identification.
/gemstones/green-goldstone/price-guide,gemstones,M1 Stone Atlas,S1.9 price-guide,subpage,green-goldstone,price-guide,new,P3,Explanation,Green Goldstone Price Guide,Green Goldstone Price Guide — What It Costs in 2026,"Green Goldstone bracelets retail from $5–$20; tumbled pieces from $1–$5. Learn what drives price, what quality looks like, and how to avoid overpaying.",694,batch-042,1qwfAKE3XQpoDzEqeJ9cSpSotByGBFOIOFPw-8H_ergE,https://docs.google.com/document/d/1qwfAKE3XQpoDzEqeJ9cSpSotByGBFOIOFPw-8H_ergE/edit?usp=drivesdk,,"Price per carat data not typically quoted for synthetic glass goldstone; no auction house or certified gemological index covers this material. Ranges are retail asking prices from English-language sellers, September 2026."
/gemstones/green-goldstone/sleeping-with,gemstones,M1 Stone Atlas,S1.5 sleeping-with,subpage,green-goldstone,sleeping-with,new,P3,Explanation,Sleeping with Green Goldstone: What to Expect,Sleeping with Green Goldstone — Placement and Practice,"Green Goldstone is physically safe to keep by the bed. Learn practical placement options, what practitioners report, and who may prefer to skip night-time use.",605,batch-042,1YdcMPRLRzJ61xZT-QwB4HGjTwmGKv9r0CRI1WL4qvoE,https://docs.google.com/document/d/1YdcMPRLRzJ61xZT-QwB4HGjTwmGKv9r0CRI1WL4qvoE/edit?usp=drivesdk,,"No clinical evidence exists for or against sleep effects of crystal proximity. Practitioner accounts reflect personal practice, not measured outcomes."
/gemstones/green-goldstone/who-should-not-wear,gemstones,M1 Stone Atlas,S1.2 who-should-not-wear,subpage,green-goldstone,who-should-not-wear,new,P3,Evaluation,Who Should Not Wear Green Goldstone,Who Should Not Wear Green Goldstone,"Green Goldstone has no known toxicity, but children, light sleepers, and those sold it as a natural stone should know the facts before buying.",661,batch-042,1cZjJ9xaA6QKuDNLZa5QNTXsrEwMIN-mOYKu5XxyIliY,https://docs.google.com/document/d/1cZjJ9xaA6QKuDNLZa5QNTXsrEwMIN-mOYKu5XxyIliY/edit?usp=drivesdk,,No peer-reviewed astrological literature assigns a planetary ruler to green goldstone as a synthetic material; astrological associations reported are from practitioner tradition only.
/gemstones/green-opal/affirmations,gemstones,M1 Stone Atlas,S1.8 affirmations,subpage,green-opal,affirmations,new,P3,Instruction,Green Opal Affirmations — Words That Suit the Stone,Green Opal Affirmations — How to Use Them with the Stone,"Green Opal is traditionally linked to calm, renewal, and emotional openness. These affirmations match those associations and include a simple ritual for using them.",689,batch-033,1ZUdGiM_I5xh1d7h1c49iKLhYOIMSf00Lh_IljDuCHOs,https://docs.google.com/document/d/1ZUdGiM_I5xh1d7h1c49iKLhYOIMSf00Lh_IljDuCHOs/edit?usp=drivesdk,,No scientific evidence for affirmation effects combined with crystals; practice is tradition only.
/gemstones/green-opal/can-go-in-water,gemstones,M1 Stone Atlas,S1.3 can-go-in-water,subpage,green-opal,can-go-in-water,new,P3,Explanation,Can Green Opal Go in Water?,Can Green Opal Go in Water? What's Safe and What Risks Damage,"Green Opal can handle a brief cool rinse but prolonged soaking, salt water, and hot water risk crazing and surface damage. Here is what the chemistry shows.",713,batch-033,1REuQfE160cVpqiRrtdk7DKO6WkUGu8WjcyiLDvWSGYs,https://docs.google.com/document/d/1REuQfE160cVpqiRrtdk7DKO6WkUGu8WjcyiLDvWSGYs/edit?usp=drivesdk,,none
/gemstones/green-opal/combinations,gemstones,M1 Stone Atlas,S1.7 combinations,subpage,green-opal,combinations,new,P3,Evaluation,Green Opal Crystal Combinations — Which Stones Pair Well,Green Opal Crystal Combinations — Best Pairings and Why,"Green Opal pairs well with rose quartz, clear quartz, amethyst, and moonstone in crystal tradition. Learn which goals each pairing suits and what to avoid.",811,batch-033,1TAlH-0Ut0w5l3RFpcrJI0v9dPyzdiuLuIwo1IPNJprc,https://docs.google.com/document/d/1TAlH-0Ut0w5l3RFpcrJI0v9dPyzdiuLuIwo1IPNJprc/edit?usp=drivesdk,,No scientific evidence exists for crystal energy pairing effects; all pairing guidance is tradition-based.
/gemstones/green-opal/how-to-cleanse,gemstones,M1 Stone Atlas,S1.6 how-to-cleanse,subpage,green-opal,how-to-cleanse,new,P3,Instruction,How to Cleanse Green Opal Without Damaging It,How to Cleanse Green Opal Safely — Methods That Work,"Green Opal can tolerate brief water rinses but prolonged soaking risks surface crazing. Learn safe cleansing options: smoke, sound, moonlight, and more.",784,batch-033,1jGAfAoRJDXBolWJ517yw6FuNlbTZrJ38zZVwMckNGPk,https://docs.google.com/document/d/1jGAfAoRJDXBolWJ517yw6FuNlbTZrJ38zZVwMckNGPk/edit?usp=drivesdk,,none
/gemstones/green-opal/how-to-identify,gemstones,M1 Stone Atlas,S1.4 how-to-identify,subpage,green-opal,how-to-identify,new,P3,Instruction,How to Identify Real Green Opal,"How to Identify Real Green Opal — Fakes, Glass, Dyed Stone","Real Green Opal is amorphous hydrated silica with a waxy luster and no play of color. Learn how to tell it from glass, dyed quartz, and other imitations.",867,batch-033,1btLIETDCONS80msaQ7G6KfXC4yrQpsIvn79d_8k4Zv8,https://docs.google.com/document/d/1btLIETDCONS80msaQ7G6KfXC4yrQpsIvn79d_8k4Zv8/edit?usp=drivesdk,,Synthetic green common opal prevalence in the crystal market not well documented. Prevalence of dyed imitations is a known trade concern but no quantified data found.
/gemstones/green-opal/price-guide,gemstones,M1 Stone Atlas,S1.9 price-guide,subpage,green-opal,price-guide,new,P3,Explanation,Green Opal Price Guide,Green Opal Price Guide — What It Costs and Why,Green Opal tumbled stones sell for roughly $0.50–$3 each in bulk; faceted quality runs $10–$200 per carat. Learn what drives price and how to avoid overpaying.,783,batch-033,1Ole78A5vvhkTNSHzUaAKRk3RjBfWcA6p87xjG2_SuEI,https://docs.google.com/document/d/1Ole78A5vvhkTNSHzUaAKRk3RjBfWcA6p87xjG2_SuEI/edit?usp=drivesdk,,Retail per-carat prices for faceted gem-quality Green Opal are sparsely documented; per-carat ranges from a single commercial source (summitgoldresources.com) and should be treated as indicative. High-end collector specimen prices not confirmed from primary auction sources.
/gemstones/green-opal/sleeping-with,gemstones,M1 Stone Atlas,S1.5 sleeping-with,subpage,green-opal,sleeping-with,new,P3,Explanation,Sleeping with Green Opal — What to Expect,"Sleeping with Green Opal — Benefits, Risks, and How to Do It","Green Opal is traditionally linked to calm and emotional balance, which suits bedtime use. Here is how practitioners place it and who should be more cautious.",726,batch-033,17QyTJIG5gd5CaNSp0B4n1Kf8s7PTx1gaM8wPBOkITPc,https://docs.google.com/document/d/17QyTJIG5gd5CaNSp0B4n1Kf8s7PTx1gaM8wPBOkITPc/edit?usp=drivesdk,,No clinical evidence exists for crystal effects on sleep; all associations are tradition only.
/gemstones/green-opal/who-should-not-wear,gemstones,M1 Stone Atlas,S1.2 who-should-not-wear,subpage,green-opal,who-should-not-wear,new,P3,Evaluation,Who Should Not Wear Green Opal,Who Should Not Wear Green Opal — Cautions Explained,Green Opal's physical fragility makes it risky for everyday ring wear. Vedic tradition cautions certain ascendants. Here is what to know before wearing it.,760,batch-033,1vbmO3mQ6uZuSbmhQzaMqIQZkpNCUKnoRaHYhJFKFmtA,https://docs.google.com/document/d/1vbmO3mQ6uZuSbmhQzaMqIQZkpNCUKnoRaHYhJFKFmtA/edit?usp=drivesdk,,Vedic sources vary on which ascendants are cautioned; no single authoritative list exists. Physical toxicity of green opal dust from nickel-bearing material not confirmed.
/gemstones/hematite/affirmations,gemstones,M1 Stone Atlas,S1.8 affirmations,subpage,hematite,affirmations,new,P3,Instruction,Hematite Affirmations: Phrases and How to Use Them,Hematite Affirmations — Phrases and Practice Guide,"Hematite is traditionally used for grounding and confidence. These affirmations align with its associations, with a step-by-step method for using them with the stone.",668,batch-027,1WMms8kPraKlSF36RpslUFbj_Sy1QD53JJzrvnfw1j3w,https://docs.google.com/document/d/1WMms8kPraKlSF36RpslUFbj_Sy1QD53JJzrvnfw1j3w/edit?usp=drivesdk,,All affirmation effects are stated as tradition; no peer-reviewed evidence that crystal-paired affirmations produce measurably different outcomes from affirmations alone
/gemstones/hematite/combinations,gemstones,M1 Stone Atlas,S1.7 combinations,subpage,hematite,combinations,new,P3,Evaluation,Hematite Crystal Combinations: Pairings by Goal,Hematite Crystal Combinations — Pairings by Goal,Hematite pairs well with grounding and protective stones. This page covers the strongest traditional pairings by goal and which combinations practitioners tend to avoid.,653,batch-027,1KWHtBAqJX-2rUY_aIN1YgvGjPTrjI8rsa9vsRJqzeCw,https://docs.google.com/document/d/1KWHtBAqJX-2rUY_aIN1YgvGjPTrjI8rsa9vsRJqzeCw/edit?usp=drivesdk,,All crystal pairing claims are traditional; no peer-reviewed evidence supports energetic interactions between minerals
/gemstones/hematite/how-to-cleanse,gemstones,M1 Stone Atlas,S1.6 how-to-cleanse,subpage,hematite,how-to-cleanse,new,P3,Instruction,How to Cleanse Hematite Without Damaging It,How to Cleanse Hematite Safely — Methods That Work,"Hematite and water don't mix well. Learn which cleansing methods are safe — smoke, sound, moonlight, dry earth — and how to recharge hematite afterward.",813,batch-027,1mujzjY0FYcseSeQbTnfuK2TXldZPMlTusrdOeEUFgnk,https://docs.google.com/document/d/1mujzjY0FYcseSeQbTnfuK2TXldZPMlTusrdOeEUFgnk/edit?usp=drivesdk,,none
/gemstones/hematite/how-to-identify,gemstones,M1 Stone Atlas,S1.4 how-to-identify,subpage,hematite,how-to-identify,new,P3,Instruction,How to Identify Real Hematite and Spot Fakes,How to Identify Hematite — Real vs Fake Tests,The streak test is the most reliable way to confirm hematite: genuine material always leaves a red-to-reddish-brown powder. Here is how to test and what fakes look like.,854,batch-027,13SMiw6EIEe8iwlXwmGMVrFFry3dwty_Ht8tVvN8EIwg,https://docs.google.com/document/d/13SMiw6EIEe8iwlXwmGMVrFFry3dwty_Ht8tVvN8EIwg/edit?usp=drivesdk,,none
/gemstones/hematite/price-guide,gemstones,M1 Stone Atlas,S1.9 price-guide,subpage,hematite,price-guide,new,P3,Explanation,Hematite Price Guide: What It Costs and Why,"Hematite Price Guide — Costs, Grades, and Value Drivers","Hematite is one of the most affordable gemstones, typically $0.02 to $5 per carat for cut material. Here is what drives the price and how to avoid overpaying.",786,batch-027,1iE-6zPlzZ1I4Wr3C3huiwHvHUzD093BrqJ0rCPLhplA,https://docs.google.com/document/d/1iE-6zPlzZ1I4Wr3C3huiwHvHUzD093BrqJ0rCPLhplA/edit?usp=drivesdk,,Retail price evidence is from a 2023 source (buddhaandkarma.com); no GIA or trade association retail price guide for hematite at the tumbled-stone level was located; specialty collector specimen pricing had limited findable retail data
/gemstones/hematite/sleeping-with,gemstones,M1 Stone Atlas,S1.5 sleeping-with,subpage,hematite,sleeping-with,new,P3,Explanation,"Sleeping with Hematite: Placement, Uses, and Cautions","Sleeping with Hematite — Placement, Uses, and Cautions","Hematite by the bed is a common practice for grounding overnight. Learn what tradition says, how to place it, and who should be cautious before using it this way.",703,batch-027,1-XqqrvdxeyXbcfMSgMbVGFlMrlgbS2xbNEbKhVNqxbo,https://docs.google.com/document/d/1-XqqrvdxeyXbcfMSgMbVGFlMrlgbS2xbNEbKhVNqxbo/edit?usp=drivesdk,,No clinical evidence for crystal effects on sleep; all sleep-related claims are tradition only
/gemstones/hematite/who-should-not-wear,gemstones,M1 Stone Atlas,S1.2 who-should-not-wear,subpage,hematite,who-should-not-wear,new,P3,Evaluation,Who Should Be Cautious About Wearing Hematite,Who Should Not Wear Hematite — Safety and Tradition,"Hematite is safe for most adults, but certain medical situations and astrological traditions call for caution. Here is who should think twice before wearing it.",629,batch-027,1oqmo6XipEU5oEwxAotcg8B6m0OYqlKx9f8G-sX4MTV0,https://docs.google.com/document/d/1oqmo6XipEU5oEwxAotcg8B6m0OYqlKx9f8G-sX4MTV0/edit?usp=drivesdk,,No peer-reviewed toxicology data on hematite dust exposure at typical casual-handling levels located; astrological cautions are tradition with no verifiable primary source
/gemstones/hematoid-quartz/affirmations,gemstones,M1 Stone Atlas,S1.8 affirmations,subpage,hematoid-quartz,affirmations,new,P3,Instruction,Hematoid Quartz Affirmations — How to Use Them,Hematoid Quartz Affirmations — 12 Examples and How-To,"Hematoid Quartz is used in tradition for grounding, confidence, and focus. Find 12 affirmations that fit its associations, plus a simple daily practice.",589,batch-029,1xZ3J3OeC3xjq0QWzQ13EGaoh05FaHfrOAsgtoCAdKho,https://docs.google.com/document/d/1xZ3J3OeC3xjq0QWzQ13EGaoh05FaHfrOAsgtoCAdKho/edit?usp=drivesdk,,No scientific evidence supports crystal-assisted affirmation practice as more effective than affirmation alone; all associations and methods are tradition.
/gemstones/hematoid-quartz/can-go-in-water,gemstones,M1 Stone Atlas,S1.3 can-go-in-water,subpage,hematoid-quartz,can-go-in-water,new,P3,Explanation,Can Hematoid Quartz Go in Water?,Can Hematoid Quartz Go in Water? Safe Cleaning Guide,"Hematoid Quartz is water-safe for brief washing (Mohs 7, stable quartz matrix). Prolonged soaking and salt water are not recommended due to its iron content.",591,batch-029,13V4DK4vVMDRVUYWdCg0xzH0VvzZc1IoWH-SK633JgtA,https://docs.google.com/document/d/13V4DK4vVMDRVUYWdCg0xzH0VvzZc1IoWH-SK633JgtA/edit?usp=drivesdk,,none
/gemstones/hematoid-quartz/combinations,gemstones,M1 Stone Atlas,S1.7 combinations,subpage,hematoid-quartz,combinations,new,P3,Evaluation,Hematoid Quartz Combinations — Best Pairings,Best Hematoid Quartz Crystal Combinations,"Hematoid Quartz pairs well with grounding, clarity, and energizing stones. See which crystals tradition links to which goals, and which pairings to reconsider.",710,batch-029,1FhtweGCRqHGqYIBfgtLR6pNRJzDzZw4lMJ-XqkC9qe0,https://docs.google.com/document/d/1FhtweGCRqHGqYIBfgtLR6pNRJzDzZw4lMJ-XqkC9qe0/edit?usp=drivesdk,,Crystal pairing associations are tradition only; no controlled evidence exists. Specific pairing advice varies significantly across practitioners.
/gemstones/hematoid-quartz/how-to-cleanse,gemstones,M1 Stone Atlas,S1.6 how-to-cleanse,subpage,hematoid-quartz,how-to-cleanse,new,P3,Instruction,How to Cleanse Hematoid Quartz Without Damaging It,How to Cleanse Hematoid Quartz Safely,Hematoid Quartz is water-safe (Mohs 7) but prolonged soaking is unnecessary. Learn which cleansing methods work and which to limit for this iron-bearing stone.,737,batch-029,1xO0sD_CuAqaHhVF2Uv3yoptXLt-ZiJFQKX2MOC5w18s,https://docs.google.com/document/d/1xO0sD_CuAqaHhVF2Uv3yoptXLt-ZiJFQKX2MOC5w18s/edit?usp=drivesdk,,none
/gemstones/hematoid-quartz/how-to-identify,gemstones,M1 Stone Atlas,S1.4 how-to-identify,subpage,hematoid-quartz,how-to-identify,new,P3,Instruction,How to Identify Real Hematoid Quartz,How to Identify Real Hematoid Quartz vs Fakes,"Real Hematoid Quartz is quartz (Mohs 7) with visible iron oxide inclusions. Learn the key tests to distinguish it from glass, dyed stone, and cheaper imitations.",773,batch-029,1KbygjU2xT0FdTiTqQueg5Qdrr7K8NnEg0OcFrYFscik,https://docs.google.com/document/d/1KbygjU2xT0FdTiTqQueg5Qdrr7K8NnEg0OcFrYFscik/edit?usp=drivesdk,,No standardized gemological grading system exists specifically for Hematoid Quartz; identification criteria are based on quartz mineralogy and visual inclusion characteristics.
/gemstones/hematoid-quartz/price-guide,gemstones,M1 Stone Atlas,S1.9 price-guide,subpage,hematoid-quartz,price-guide,new,P3,Explanation,Hematoid Quartz Price Guide,Hematoid Quartz Price Guide — What It Costs in 2026,Hematoid Quartz tumbled pieces sell for $3–15; points and towers $10–60; collector specimens up to $300. Learn what drives price and how to avoid overpaying.,676,batch-029,1Gf4r4TwalbJQMs-rKwo5GqSBTfZcQ3hg4umvPGc8JTs,https://docs.google.com/document/d/1Gf4r4TwalbJQMs-rKwo5GqSBTfZcQ3hg4umvPGc8JTs/edit?usp=drivesdk,,Per-carat pricing for Hematoid Quartz is not consistently published in gem-trade sources; the stone is sold by piece at retail. Auction and high-end collector data were not found in the search conducted September 2026.
/gemstones/hematoid-quartz/sleeping-with,gemstones,M1 Stone Atlas,S1.5 sleeping-with,subpage,hematoid-quartz,sleeping-with,new,P3,Explanation,Sleeping with Hematoid Quartz — What to Expect,Sleeping with Hematoid Quartz — Bedside or Pillow?,Hematoid Quartz is physically safe for nighttime use. Tradition links it to grounding and vitality — learn how practitioners place it and who may prefer distance.,628,batch-029,12vvw28XwXhmufl3iNqAp3cpKhtOikyTIjf4n7vvivJY,https://docs.google.com/document/d/12vvw28XwXhmufl3iNqAp3cpKhtOikyTIjf4n7vvivJY/edit?usp=drivesdk,,No clinical research exists on crystal placement during sleep; all sleep-related associations are from crystal tradition only.
/gemstones/hematoid-quartz/who-should-not-wear,gemstones,M1 Stone Atlas,S1.2 who-should-not-wear,subpage,hematoid-quartz,who-should-not-wear,new,P3,Evaluation,Who Should Not Wear Hematoid Quartz,Who Should Not Wear Hematoid Quartz — Cautions,"Most people can wear Hematoid Quartz safely. Learn which physical, traditional, and astrological considerations suggest caution before buying.",596,batch-029,1vh3eyTO0DccnPthOuUb041uVNghasFFwZz5RHyEQUFQ,https://docs.google.com/document/d/1vh3eyTO0DccnPthOuUb041uVNghasFFwZz5RHyEQUFQ/edit?usp=drivesdk,,No peer-reviewed sources address who should avoid Hematoid Quartz; astrological cautions are drawn from crystal-tradition sources only and vary by practitioner.
/gemstones/honey-calcite/affirmations,gemstones,M1 Stone Atlas,S1.8 affirmations,subpage,honey-calcite,affirmations,new,P3,Instruction,Honey Calcite Affirmations: How to Use Them,Honey Calcite Affirmations and How to Use Them,"Honey Calcite is traditionally linked to confidence, clarity, and willpower. Learn which affirmations suit the stone's associations and how to use them in practice.",778,batch-066,1gnaAR8AYO8uj7sf70edJHIzFjd_EENXvmX8xr34OYNU,https://docs.google.com/document/d/1gnaAR8AYO8uj7sf70edJHIzFjd_EENXvmX8xr34OYNU/edit?usp=drivesdk,,Affirmation traditions are not clinically validated; all claims are stated as traditional practice.
/gemstones/honey-calcite/can-go-in-water,gemstones,M1 Stone Atlas,S1.3 can-go-in-water,subpage,honey-calcite,can-go-in-water,new,P3,Explanation,Can Honey Calcite Go in Water? No — Here's Why,Can Honey Calcite Go in Water? No — Here's Why,"Honey Calcite (CaCO3, Mohs 3) dissolves in acids and is softened by water. It should not soak in water or contact salt. Safe cleaning methods explained.",701,batch-066,12wlvRZ1on2SBJZLMjreOHMY2JsI4nOul-hAgc_rpxVY,https://docs.google.com/document/d/12wlvRZ1on2SBJZLMjreOHMY2JsI4nOul-hAgc_rpxVY/edit?usp=drivesdk,,none
/gemstones/honey-calcite/combinations,gemstones,M1 Stone Atlas,S1.7 combinations,subpage,honey-calcite,combinations,new,P3,Evaluation,Honey Calcite Crystal Combinations: Pairings by Goal,Honey Calcite Crystal Combinations and Pairings,"Crystal practitioners pair Honey Calcite with citrine, clear quartz, tiger's eye, and carnelian for different intentions. Pairings and rationale explained.",767,batch-066,1u1e1VPkeDmWBQ53CorX77AxNM-V5z7zVVU-ZeqM1qEc,https://docs.google.com/document/d/1u1e1VPkeDmWBQ53CorX77AxNM-V5z7zVVU-ZeqM1qEc/edit?usp=drivesdk,,Crystal pairing traditions are not clinically tested; all pairing recommendations are from practitioner tradition.
/gemstones/honey-calcite/how-to-cleanse,gemstones,M1 Stone Atlas,S1.6 how-to-cleanse,subpage,honey-calcite,how-to-cleanse,new,P3,Instruction,How to Cleanse Honey Calcite Without Damaging It,How to Cleanse Honey Calcite Safely,"Honey Calcite (Mohs 3) dissolves in acids and is damaged by water and salt. Use smoke, sound, moonlight, or breath instead. Step-by-step guide.",907,batch-066,1PWjYZhWczhU1VC9Uz1fk6Tw3N9pCiBzAcTDNt8m_FM0,https://docs.google.com/document/d/1PWjYZhWczhU1VC9Uz1fk6Tw3N9pCiBzAcTDNt8m_FM0/edit?usp=drivesdk,,none
/gemstones/honey-calcite/how-to-identify,gemstones,M1 Stone Atlas,S1.4 how-to-identify,subpage,honey-calcite,how-to-identify,new,P3,Instruction,How to Identify Real Honey Calcite,How to Identify Real Honey Calcite vs Fakes,"Real Honey Calcite is Mohs 3, fizzes in acid, and shows rhombohedral cleavage. Learn how to distinguish it from glass, citrine, fluorite, and dyed material.",909,batch-066,12w0OxFoEInhqtqRySWpiiy_WRZ4blR0XoAjb5DB9XCk,https://docs.google.com/document/d/12w0OxFoEInhqtqRySWpiiy_WRZ4blR0XoAjb5DB9XCk/edit?usp=drivesdk,,No systematic study of Honey Calcite fraud rates in retail crystal markets; practitioner-reported tests are confirmable against known mineral properties.
/gemstones/honey-calcite/price-guide,gemstones,M1 Stone Atlas,S1.9 price-guide,subpage,honey-calcite,price-guide,new,P3,Explanation,Honey Calcite Price Guide: What It Costs and Why,Honey Calcite Price Guide (2026),"Honey Calcite tumbled stones sell for roughly $2–$8 USD each. Learn what drives the price, how to spot overpriced material, and when to pay more.",829,batch-066,1tf1i4WjLILcrOf7OQWLEV48nX4y-wSrLV1gbTAhuSJM,https://docs.google.com/document/d/1tf1i4WjLILcrOf7OQWLEV48nX4y-wSrLV1gbTAhuSJM/edit?usp=drivesdk,,Per-carat pricing for high-grade faceted or display honey calcite is not well-documented in public gem-trade sources; wholesale bulk pricing varies by supplier and is not publicly listed.
/gemstones/honey-calcite/sleeping-with,gemstones,M1 Stone Atlas,S1.5 sleeping-with,subpage,honey-calcite,sleeping-with,new,P3,Explanation,Sleeping with Honey Calcite: What to Know,Sleeping with Honey Calcite: Placement and Cautions,Honey Calcite is fragile (Mohs 3) and should be kept on a nightstand rather than under a pillow. Tradition links it to clarity and vivid dreaming for some people.,721,batch-066,1Yt33gi3HWoLLInytDbZkpVjugl1dyRuIJBy-_dQnwaQ,https://docs.google.com/document/d/1Yt33gi3HWoLLInytDbZkpVjugl1dyRuIJBy-_dQnwaQ/edit?usp=drivesdk,,No clinical evidence exists for crystals affecting sleep quality; all sleep-related claims are traditional.
/gemstones/honey-calcite/who-should-not-wear,gemstones,M1 Stone Atlas,S1.2 who-should-not-wear,subpage,honey-calcite,who-should-not-wear,new,P3,Evaluation,Who Should Be Cautious About Wearing Honey Calcite,Who Should Avoid Wearing Honey Calcite?,Honey Calcite is fragile (Mohs 3) and unsuitable for rings or rough daily wear. Traditional cautions cover certain astrological placements and energy sensitivities.,730,batch-066,1i4hX5B1qGpG5r4w2YXLJme7ef9sBHDTLFZWzi4oLNvU,https://docs.google.com/document/d/1i4hX5B1qGpG5r4w2YXLJme7ef9sBHDTLFZWzi4oLNvU/edit?usp=drivesdk,,No peer-reviewed astrological contraindications exist; astrological cautions are reported from practitioner traditions only.
/gemstones/howlite/affirmations,gemstones,M1 Stone Atlas,S1.8 affirmations,subpage,howlite,affirmations,new,P3,Instruction,Howlite Affirmations — What to Say and How to Use Them,Howlite Affirmations — Phrases and Practice Guide,"Howlite affirmations focus on calm, patience, and rest. Hold the stone while speaking or breathing them slowly. Here are twelve phrases and a step-by-step practice.",862,batch-035,1VFW_8d_tAnUEa1LXM-F-TKW94QDNMkpm6cUM5BRvCmA,https://docs.google.com/document/d/1VFW_8d_tAnUEa1LXM-F-TKW94QDNMkpm6cUM5BRvCmA/edit?usp=drivesdk,,"Affirmation practice is subjective; phrases and methods reflect common crystal-practice conventions, not a standardized system."
/gemstones/howlite/combinations,gemstones,M1 Stone Atlas,S1.7 combinations,subpage,howlite,combinations,new,P3,Evaluation,Howlite Combinations — Which Crystals Pair With It,Best Howlite Crystal Combinations by Goal,"Howlite pairs well with amethyst and lepidolite for sleep, clear quartz for focus, and black tourmaline for grounding. Here is how each pairing works in tradition.",966,batch-035,1nM78-liUknII2XmVBPMzxiBK4NhF0AT8EUncenvCo-U,https://docs.google.com/document/d/1nM78-liUknII2XmVBPMzxiBK4NhF0AT8EUncenvCo-U/edit?usp=drivesdk,,Crystal pairing traditions are not standardized; pairings reflect most common recommendations across contemporary crystal-practice sources. No physical or clinical basis exists for pairing effects.
/gemstones/howlite/how-to-cleanse,gemstones,M1 Stone Atlas,S1.6 how-to-cleanse,subpage,howlite,how-to-cleanse,new,P3,Instruction,How to Cleanse Howlite Without Damaging It,How to Cleanse Howlite Safely — Methods That Work,"Howlite is porous and soft — avoid salt and prolonged soaking. Safe methods are smoke, sound, moonlight, brief running water, and visualization.",884,batch-035,18EPWSPsTcxOI9fyOOI1QV_U53G6wDxZzvIqLgG_AnA8,https://docs.google.com/document/d/18EPWSPsTcxOI9fyOOI1QV_U53G6wDxZzvIqLgG_AnA8/edit?usp=drivesdk,,none
/gemstones/howlite/how-to-identify,gemstones,M1 Stone Atlas,S1.4 how-to-identify,subpage,howlite,how-to-identify,new,P3,Instruction,How to Identify Real Howlite — Tests That Work,How to Identify Real Howlite vs Fakes and Imitations,"Howlite is white with dark veins, Mohs 3.5, and porous. Dyed howlite fails an acetone test. Magnesite fails an acid test. Here is how to tell them apart.",1075,batch-035,1YUEFU34ygydkLb9-SoOtpip7oRi5u0zS0BNbW30bzZY,https://docs.google.com/document/d/1YUEFU34ygydkLb9-SoOtpip7oRi5u0zS0BNbW30bzZY/edit?usp=drivesdk,,none
/gemstones/howlite/meaning,gemstones,M1 Stone Atlas,S1.1 meaning,subpage,howlite,meaning,new,P3,Explanation,Howlite Meaning — What It Is and What It Is Used For,"Howlite Meaning, Properties and Traditional Uses","Howlite is a soft white calcium borosilicate mineral found in 1868. In crystal tradition it is associated with calm, patience, and sleep. Here is its full story.",820,batch-035,1ORNCws--GP1KALWlJEGYYWjEU9CR1_i0C1JKFWXydN0,https://docs.google.com/document/d/1ORNCws--GP1KALWlJEGYYWjEU9CR1_i0C1JKFWXydN0/edit?usp=drivesdk,,none
/gemstones/howlite/price-guide,gemstones,M1 Stone Atlas,S1.9 price-guide,subpage,howlite,price-guide,new,P3,Explanation,Howlite Price Guide — What It Costs and Why,Howlite Price Guide — Cost per Stone and What Drives It,Howlite tumbled stones retail for $2–$3 each; bulk 1 lb runs $13–$26. It is one of the most affordable stones. Main risk is paying turquoise prices for dyed howlite.,841,batch-035,1jkskNF0pIGPuYfwX1U-cPkl0AO_bTCwRVFdWW9v9oGo,https://docs.google.com/document/d/1jkskNF0pIGPuYfwX1U-cPkl0AO_bTCwRVFdWW9v9oGo/edit?usp=drivesdk,,No per-carat pricing data found for faceted howlite (rare product); carving and specialty-format prices not surveyed. Ranges reflect US online retail only.
/gemstones/howlite/sleeping-with,gemstones,M1 Stone Atlas,S1.5 sleeping-with,subpage,howlite,sleeping-with,new,P3,Explanation,Sleeping with Howlite — What to Know and How to Do It,Sleeping with Howlite — Placement and Practice,"Howlite is one of the most commonly recommended sleep stones in crystal tradition. Here is how to place it, what to expect, and when to avoid it.",819,batch-035,1w0zd_6YazIwPlBxMl6i8BvMzSQdvSvQr_uxR1k6bxvI,https://docs.google.com/document/d/1w0zd_6YazIwPlBxMl6i8BvMzSQdvSvQr_uxR1k6bxvI/edit?usp=drivesdk,,No clinical evidence exists for or against sleep effects from howlite; traditional use is documented only in crystal-practice sources.
/gemstones/howlite/who-should-not-wear,gemstones,M1 Stone Atlas,S1.2 who-should-not-wear,subpage,howlite,who-should-not-wear,new,P3,Evaluation,Who Should Be Cautious About Wearing Howlite,Who Should Not Wear Howlite — Safety and Tradition,Howlite is non-toxic but soft (Mohs 3.5) — a poor choice for daily rings. Dyed specimens may transfer color. No strong traditional exclusions exist.,842,batch-035,1MYCBN0LN4O6KiGAIQg-p-PFrrusvIZr3DHTgXBnsPEE,https://docs.google.com/document/d/1MYCBN0LN4O6KiGAIQg-p-PFrrusvIZr3DHTgXBnsPEE/edit?usp=drivesdk,,No strong traditional or astrological sources specifically exclude any group from wearing howlite; cautions are practical or drawn from general crystal-practice conventions.
/gemstones/indian-agate/affirmations,gemstones,M1 Stone Atlas,S1.8 affirmations,subpage,indian-agate,affirmations,new,P3,Instruction,Indian Agate Affirmations — Phrases and How to Use Them,Indian Agate Affirmations — Grounding Phrases and Practice,"Indian Agate is traditionally associated with grounding, balance, and inner strength. Find affirmations that match its qualities and a simple practice for using them.",620,batch-025,1qfhu8ZuoYnaO03iYCaFHj3Nx5kdp2k1iITikHDUFf0M,https://docs.google.com/document/d/1qfhu8ZuoYnaO03iYCaFHj3Nx5kdp2k1iITikHDUFf0M/edit?usp=drivesdk,,No peer-reviewed research on crystal-paired affirmation effects.
/gemstones/indian-agate/can-go-in-water,gemstones,M1 Stone Atlas,S1.3 can-go-in-water,subpage,indian-agate,can-go-in-water,new,P3,Explanation,Can Indian Agate Go in Water?,Can Indian Agate Go in Water? Safe Cleaning Guide,Indian Agate is water-safe. Its SiO2 chemistry at Mohs 6.5–7 means brief water contact poses no damage risk. Learn what to avoid and how to clean it properly.,627,batch-025,1Jpx_XXuHxpE6sbW825xbKzbBpS5LeTLkNNSl15TBBU8,https://docs.google.com/document/d/1Jpx_XXuHxpE6sbW825xbKzbBpS5LeTLkNNSl15TBBU8/edit?usp=drivesdk,,none
/gemstones/indian-agate/combinations,gemstones,M1 Stone Atlas,S1.7 combinations,subpage,indian-agate,combinations,new,P3,Evaluation,Indian Agate Crystal Combinations — Pairings by Goal,Indian Agate Crystal Combinations — Best Pairings by Goal,"Indian Agate pairs well with rose quartz for emotional balance, black tourmaline for grounding, and citrine for motivation. See which pairings tradition favors and why.",712,batch-025,1gtYCpW-57f-ppDo07K8i0PwLFXSN2EkCoz8cw8_vIOk,https://docs.google.com/document/d/1gtYCpW-57f-ppDo07K8i0PwLFXSN2EkCoz8cw8_vIOk/edit?usp=drivesdk,,Crystal pairing effects are not scientifically tested; all pairing rationale is from crystal healing tradition.
/gemstones/indian-agate/how-to-cleanse,gemstones,M1 Stone Atlas,S1.6 how-to-cleanse,subpage,indian-agate,how-to-cleanse,new,P3,Instruction,How to Cleanse Indian Agate — Safe Methods,How to Cleanse Indian Agate Without Damage,"Indian Agate is water-safe and durable at Mohs 6.5–7. Learn which cleansing and recharging methods work, how long each takes, and what to avoid.",741,batch-025,1ElCiR5I30MfpYfeXYvfxX0MEB2YhLN1rHgyD3MbP13s,https://docs.google.com/document/d/1ElCiR5I30MfpYfeXYvfxX0MEB2YhLN1rHgyD3MbP13s/edit?usp=drivesdk,,none
/gemstones/indian-agate/how-to-identify,gemstones,M1 Stone Atlas,S1.4 how-to-identify,subpage,indian-agate,how-to-identify,new,P3,Instruction,How to Identify Real Indian Agate,How to Identify Real Indian Agate vs Fakes and Dyed Stone,"Real Indian Agate is SiO2 chalcedony at Mohs 6.5–7 with earthy banding or moss patterns. Learn the scratch test, visual checks, and how to spot dyed or glass imitations.",698,batch-025,13-_THhAvd5Yao5CBYMHn7r-sSRvwg9xSNKXP6pf8JaY,https://docs.google.com/document/d/13-_THhAvd5Yao5CBYMHn7r-sSRvwg9xSNKXP6pf8JaY/edit?usp=drivesdk,,Laboratory RI and SG testing requires equipment not available to most consumers; visual and hardness tests provide strong but not absolute identification.
/gemstones/indian-agate/price-guide,gemstones,M1 Stone Atlas,S1.9 price-guide,subpage,indian-agate,price-guide,new,P3,Explanation,Indian Agate Price Guide — What It Costs and Why,"Indian Agate Price Guide — Costs, Grades, and Value","Indian Agate tumbled stones sell for $1–5 each; bracelets for $2–8. Learn what drives price, how grades differ, and how to avoid overpaying for plain material.",610,batch-025,1JNyXqfjS9jh_lh-c42xjiXTBJWdAlLT9QEnwORyzSsc,https://docs.google.com/document/d/1JNyXqfjS9jh_lh-c42xjiXTBJWdAlLT9QEnwORyzSsc/edit?usp=drivesdk,,Per-carat retail pricing for faceted Indian Agate not found; agate is rarely sold by carat weight at retail. High-end collector specimen pricing not found.
/gemstones/indian-agate/sleeping-with,gemstones,M1 Stone Atlas,S1.5 sleeping-with,subpage,indian-agate,sleeping-with,new,P3,Explanation,Sleeping with Indian Agate — What to Expect,Sleeping with Indian Agate — Under the Pillow or Bedside?,Indian Agate is physically safe to keep in the bedroom. Tradition describes it as grounding and calming. Learn placement options and who may find it unsuitable at night.,587,batch-025,19vVOAksGWfdTzA8eviWgG7T1SQqpSL1bCw0mR3mST_k,https://docs.google.com/document/d/19vVOAksGWfdTzA8eviWgG7T1SQqpSL1bCw0mR3mST_k/edit?usp=drivesdk,,No clinical evidence for crystal effects on sleep quality; all sleep associations are from crystal tradition.
/gemstones/indian-agate/who-should-not-wear,gemstones,M1 Stone Atlas,S1.2 who-should-not-wear,subpage,indian-agate,who-should-not-wear,new,P3,Evaluation,Who Should Not Wear Indian Agate,Who Should Not Wear Indian Agate — Cautions Explained,Indian Agate poses no physical safety risk for most people. Learn which astrological traditions suggest caution and who may find its energy a poor fit.,606,batch-025,1Q--U5wtbWwZSW0mmXSCcU2js0QdqqKFXYCkWAtbyD88,https://docs.google.com/document/d/1Q--U5wtbWwZSW0mmXSCcU2js0QdqqKFXYCkWAtbyD88/edit?usp=drivesdk,,No peer-reviewed Vedic astrology contraindications found specifically for Indian Agate; tradition-sourced cautions drawn from general agate lore.
/gemstones/jade/affirmations,gemstones,M1 Stone Atlas,S1.8 affirmations,subpage,jade,affirmations,new,P1,Instruction,Jade Affirmations: What to Say and How to Use Them,Jade Affirmations: Phrases That Suit the Stone,"Jade's traditional associations are prosperity, harmony, and protection. These affirmations draw on those themes and can be used in a simple daily ritual.",693,batch-003,14bDX9rqm1eQqQNu6mkiRnaqOLIZ0SSZsf8o5jKnQBCQ,https://docs.google.com/document/d/14bDX9rqm1eQqQNu6mkiRnaqOLIZ0SSZsf8o5jKnQBCQ/edit?usp=drivesdk,,none
/gemstones/jade/combinations,gemstones,M1 Stone Atlas,S1.7 combinations,subpage,jade,combinations,new,P1,Evaluation,Jade Crystal Combinations: Pairings by Goal,Jade Crystal Combinations: Which Stones Pair Well,"Jade pairs well with citrine for prosperity, rose quartz for relationships, and black tourmaline for protection. This guide covers pairings by goal and what to avoid.",783,batch-003,1BgoYzVuiUK9dLX9RLCH__C-wk5Sjuz8Hpdv3mqh0OEI,https://docs.google.com/document/d/1BgoYzVuiUK9dLX9RLCH__C-wk5Sjuz8Hpdv3mqh0OEI/edit?usp=drivesdk,,none
/gemstones/jade/how-to-cleanse,gemstones,M1 Stone Atlas,S1.6 how-to-cleanse,subpage,jade,how-to-cleanse,new,P1,Instruction,How to Cleanse Jade Without Damaging It,How to Cleanse Jade Safely — Methods That Work,"Jade tolerates a brief water rinse but avoid ultrasonic cleaners, salt, and harsh chemicals — especially on treated stones. Here are the safe methods.",866,batch-003,1eydmtP_x7QSrjh11z5PeATuaMoHfBRstzktYrrC6czQ,https://docs.google.com/document/d/1eydmtP_x7QSrjh11z5PeATuaMoHfBRstzktYrrC6czQ/edit?usp=drivesdk,,none
/gemstones/jade/how-to-identify,gemstones,M1 Stone Atlas,S1.4 how-to-identify,subpage,jade,how-to-identify,new,P1,Instruction,How to Tell Real Jade from Fakes and Imitations,How to Identify Real Jade: Tests That Work,"Real jade is jadeite or nephrite. Serpentine, glass, dyed quartzite, and aventurine are the most common imitations. Here is how to tell them apart.",935,batch-003,1V0ocjjbK-gpro9A5jE_gWNaU6juURwvMieZ4_ix0xWo,https://docs.google.com/document/d/1V0ocjjbK-gpro9A5jE_gWNaU6juURwvMieZ4_ix0xWo/edit?usp=drivesdk,,none
/gemstones/jade/price-guide,gemstones,M1 Stone Atlas,S1.9 price-guide,subpage,jade,price-guide,new,P1,Explanation,Jade Price Guide: What Jade Costs and Why,Jade Price Guide: What Drives Cost in 2026,"Jade ranges from $2 per tumbled piece to over $100,000 per carat for imperial jadeite. Learn what drives the price and how to avoid overpaying.",901,batch-003,16PGnMILwv7o6-9aaq4L-saayTmi772K2Y3iCpaSbTiQ,https://docs.google.com/document/d/16PGnMILwv7o6-9aaq4L-saayTmi772K2Y3iCpaSbTiQ/edit?usp=drivesdk,,"Auction records for specific recent imperial jade lots were not independently verified; price ranges are from retail trade sources (BMJade, Gemslore, Huangs Jadeite, Jadeitovy Kamen, September 2026), not certified appraisal data. Hetian white nephrite pricing at the high end varies significantly by origin certification."
/gemstones/jade/sleeping-with,gemstones,M1 Stone Atlas,S1.5 sleeping-with,subpage,jade,sleeping-with,new,P1,Explanation,Sleeping with Jade: What to Expect and How to Do It,"Sleeping with Jade: Uses, Placement, and Cautions","Jade is physically safe to sleep near. Tradition associates it with calm, protective dreams, and emotional balance. Here is how practitioners use it at night.",723,batch-003,1Op6BZ2jlMkeJHeJ3X6UA5AFnX-VrinTApN5rpDr07CA,https://docs.google.com/document/d/1Op6BZ2jlMkeJHeJ3X6UA5AFnX-VrinTApN5rpDr07CA/edit?usp=drivesdk,,none
/gemstones/kyanite/affirmations,gemstones,M1 Stone Atlas,S1.8 affirmations,subpage,kyanite,affirmations,new,P3,Instruction,Kyanite Affirmations — Words That Suit the Stone,Kyanite Affirmations — How to Use Them with the Stone,"Kyanite's traditional associations with communication, clarity, and alignment inform affirmations around honest expression and mental focus. A practical how-to guide.",654,batch-067,1TRDXufMzPJ6lsXq-4QYw-v1a5dXKJoGpFxYpNxJTwmU,https://docs.google.com/document/d/1TRDXufMzPJ6lsXq-4QYw-v1a5dXKJoGpFxYpNxJTwmU/edit?usp=drivesdk,,No clinical evidence supports affirmations having effects attributable to the stone rather than to the practice itself; all rationale is tradition.
/gemstones/kyanite/can-go-in-water,gemstones,M1 Stone Atlas,S1.3 can-go-in-water,subpage,kyanite,can-go-in-water,new,P3,Explanation,Can Kyanite Go in Water? Physical Risks Explained,Can Kyanite Go in Water? — Full Safety Guide,Kyanite should not be soaked in water. Its anisotropic hardness and perfect cleavage allow water to penetrate and cause micro-fracturing. Brief rinsing is lower risk.,637,batch-067,1ORqWrqh5pRrTWTh4mATr6yzZVZRy3HL6jLjvI13a-gs,https://docs.google.com/document/d/1ORqWrqh5pRrTWTh4mATr6yzZVZRy3HL6jLjvI13a-gs/edit?usp=drivesdk,,none
/gemstones/kyanite/combinations,gemstones,M1 Stone Atlas,S1.7 combinations,subpage,kyanite,combinations,new,P3,Evaluation,Kyanite Crystal Combinations — Pairings by Goal,Kyanite Crystal Combinations — Best Pairings and Why,"Kyanite pairs well with labradorite for intuition, lapis lazuli for communication, and clear quartz for amplification. Learn which combinations suit which goals.",689,batch-067,1vjOKSWLg3yfHAvFjSQzLI06J1lPKErGe2xXQm995Y7c,https://docs.google.com/document/d/1vjOKSWLg3yfHAvFjSQzLI06J1lPKErGe2xXQm995Y7c/edit?usp=drivesdk,,No clinical evidence for combination effects; all pairing rationale is tradition. Green and orange kyanite combination traditions are less documented than blue kyanite.
/gemstones/kyanite/how-to-cleanse,gemstones,M1 Stone Atlas,S1.6 how-to-cleanse,subpage,kyanite,how-to-cleanse,new,P3,Instruction,How to Cleanse Kyanite — Methods That Work,How to Cleanse Kyanite Safely — Step-by-Step Guide,"Kyanite is said in crystal tradition to be self-cleansing. Safe physical methods include sound, smoke, moonlight, and dry earth. Water and salt should be avoided.",773,batch-067,1EBxRBegdac_vR3Tc0_Wl_uPNt0KGG_p2hOGs783OdGg,https://docs.google.com/document/d/1EBxRBegdac_vR3Tc0_Wl_uPNt0KGG_p2hOGs783OdGg/edit?usp=drivesdk,,none
/gemstones/kyanite/how-to-identify,gemstones,M1 Stone Atlas,S1.4 how-to-identify,subpage,kyanite,how-to-identify,new,P3,Instruction,How to Identify Real Kyanite — Tests and Visual Guide,How to Identify Real Kyanite vs Fakes and Dyed Stone,"Real kyanite has anisotropic hardness, bladed crystal habit, and vitreous luster. Learn how to distinguish it from dyed quartz, glass, and other imitations.",809,batch-067,1ZuX-8hKxcySgWIZyVpd17rP_PuMAXRdl9iRQB-VFKxM,https://docs.google.com/document/d/1ZuX-8hKxcySgWIZyVpd17rP_PuMAXRdl9iRQB-VFKxM/edit?usp=drivesdk,,Lab-grown kyanite is not commercially produced as a gem material (as of September 2026); no lab-grown imitation market to report on.
/gemstones/kyanite/meaning,gemstones,M1 Stone Atlas,S1.1 meaning,subpage,kyanite,meaning,new,P3,Explanation,"Kyanite Meaning, Uses, and Mineral Properties","Kyanite Meaning — Properties, Uses & Tradition","Kyanite (Al₂SiO₅) has anisotropic hardness and vivid blue color. Traditionally the Stone of Alignment, it is used for communication and mental clarity.",718,batch-067,1TykTQsAPLBWLMUR22yj0RTx_9AoweQ7h7HJmewy3dkw,https://docs.google.com/document/d/1TykTQsAPLBWLMUR22yj0RTx_9AoweQ7h7HJmewy3dkw/edit?usp=drivesdk,,The name origin from Greek 'kyanos' (blue) is widely cited; exact first documentation of the name in scientific literature not independently verified in this research session.
/gemstones/kyanite/price-guide,gemstones,M1 Stone Atlas,S1.9 price-guide,subpage,kyanite,price-guide,new,P3,Explanation,Kyanite Price Guide — What It Costs and Why,"Kyanite Price Guide — Costs per Carat, Tumbled & Rough",Faceted blue kyanite runs $37–$122/ct depending on size and color. Tumbled stones cost $3–$8 each retail. Learn what drives price and how to avoid overpaying.,736,batch-067,1WFEh9laLjpggUkCwxyzAG9x0HV0vgR7vjNzBu65uv4g,https://docs.google.com/document/d/1WFEh9laLjpggUkCwxyzAG9x0HV0vgR7vjNzBu65uv4g/edit?usp=drivesdk,,Green and orange kyanite retail price data not found in this research session; prices for Brazilian rough specimens at mine-level not found.
/gemstones/kyanite/sleeping-with,gemstones,M1 Stone Atlas,S1.5 sleeping-with,subpage,kyanite,sleeping-with,new,P3,Explanation,Sleeping with Kyanite — What to Expect and How to Do It,Sleeping with Kyanite — Practical Guide for Bedtime Use,Kyanite is fragile for under-pillow use due to its cleavage. Placement on a nightstand is safer. Crystal tradition associates it with calm and vivid dreaming.,631,batch-067,1Ylr35ycOmBanZdZ2Aprf6XIpxhTCdR_w0LMK1al2g_I,https://docs.google.com/document/d/1Ylr35ycOmBanZdZ2Aprf6XIpxhTCdR_w0LMK1al2g_I/edit?usp=drivesdk,,No clinical evidence supports crystal effects on sleep quality or dream content; associations are tradition only.
/gemstones/kyanite/who-should-not-wear,gemstones,M1 Stone Atlas,S1.2 who-should-not-wear,subpage,kyanite,who-should-not-wear,new,P3,Evaluation,Who Should Not Wear Kyanite — Cautions Explained,Who Should Not Wear Kyanite — Safety & Tradition,"Kyanite is low-risk physically, but its anisotropic hardness makes it fragile for daily-wear rings. Learn the physical, astrological, and traditional cautions.",612,batch-067,1n951sHC1rhzaxwcct5YFtfXpbMAhcs4MiJe74lc82xQ,https://docs.google.com/document/d/1n951sHC1rhzaxwcct5YFtfXpbMAhcs4MiJe74lc82xQ/edit?usp=drivesdk,,No peer-reviewed clinical evidence exists for metaphysical cautions; astrological associations vary by tradition and source.
/gemstones/labradorite/affirmations,gemstones,M1 Stone Atlas,S1.8 affirmations,subpage,labradorite,affirmations,new,P3,Instruction,Labradorite Affirmations: How to Use Them with the Stone,Labradorite Affirmations — Phrases and Practice Guide,Labradorite is traditionally linked to transformation and intuition. Learn which affirmations align with those associations and how to use them with the stone.,867,batch-015,115bd8D7jPp34vu8LQ-Q5JqOcJDVX_LB7w3lnUN4ZHPQ,https://docs.google.com/document/d/115bd8D7jPp34vu8LQ-Q5JqOcJDVX_LB7w3lnUN4ZHPQ/edit?usp=drivesdk,,No peer-reviewed evidence for affirmation-crystal interactions; all content is tradition-based practice.
/gemstones/labradorite/combinations,gemstones,M1 Stone Atlas,S1.7 combinations,subpage,labradorite,combinations,new,P3,Evaluation,Labradorite Crystal Combinations: Pairings by Goal,Best Labradorite Crystal Combinations — Pairings by Goal,"Labradorite pairs well with moonstone, amethyst, clear quartz, smoky quartz, and black tourmaline. Learn which pairing fits which intention and what to avoid.",981,batch-015,1ndBteTvyiKDaSLFcHBVM_AVfXhO8UuelYNJ_CuOD8OI,https://docs.google.com/document/d/1ndBteTvyiKDaSLFcHBVM_AVfXhO8UuelYNJ_CuOD8OI/edit?usp=drivesdk,,All pairing recommendations are tradition-based. No peer-reviewed evidence exists for energetic interactions between crystals.
/gemstones/labradorite/how-to-cleanse,gemstones,M1 Stone Atlas,S1.6 how-to-cleanse,subpage,labradorite,how-to-cleanse,new,P3,Instruction,How to Cleanse Labradorite Without Damaging It,How to Cleanse Labradorite Safely — Methods That Work,"Labradorite can handle brief water rinsing, but prolonged soaking dulls its polish. Safe options include smoke, sound, moonlight, and dry earth burial.",791,batch-015,1-j5ouRQww1npxu0QilmaZqWt9sT6WXsPENxlDBdKmOQ,https://docs.google.com/document/d/1-j5ouRQww1npxu0QilmaZqWt9sT6WXsPENxlDBdKmOQ/edit?usp=drivesdk,,none
/gemstones/labradorite/how-to-identify,gemstones,M1 Stone Atlas,S1.4 how-to-identify,subpage,labradorite,how-to-identify,new,P3,Instruction,How to Identify Real Labradorite and Spot Fakes,How to Tell Real Labradorite from Fakes and Glass,"Real labradorite has directional, shifting flash from internal feldspar layers. Glass and resin fakes show flat, uniform color. Learn the key tests.",932,batch-015,1rNR5mDhgFm_dZoIuGNl3ph9PMM9KNxBw2D8WiQiLs74,https://docs.google.com/document/d/1rNR5mDhgFm_dZoIuGNl3ph9PMM9KNxBw2D8WiQiLs74/edit?usp=drivesdk,,No standard industry certification system for labradorite authenticity; GIA does not grade commercial labradorite cabochons. UV fluorescence differences between fakes may vary by resin type.
/gemstones/labradorite/price-guide,gemstones,M1 Stone Atlas,S1.9 price-guide,subpage,labradorite,price-guide,new,P3,Explanation,"Labradorite Price Guide: Cost, Value, and What to Pay",Labradorite Price Guide 2026 — Per Carat & Per Piece,Labradorite costs $2–$150+ per carat in 2026. Flash quality and coverage drive price more than weight. Learn what the tiers mean and how to avoid overpaying.,842,batch-015,183DmmjvLbSL2pvNfFHbUfUEttYjzOrJkWBiz0sGJHXA,https://docs.google.com/document/d/183DmmjvLbSL2pvNfFHbUfUEttYjzOrJkWBiz0sGJHXA/edit?usp=drivesdk,,"Retail price data reflects online gem-trade sources checked September 2026; prices vary by seller, grade, and origin and are subject to change. No auction-house or wholesale benchmark data was found for comparison."
/gemstones/labradorite/sleeping-with,gemstones,M1 Stone Atlas,S1.5 sleeping-with,subpage,labradorite,sleeping-with,new,P3,Explanation,"Sleeping with Labradorite: Placement, Benefits, and Cautions",Sleeping with Labradorite — What Tradition Says,"Crystal tradition links labradorite to vivid dreams and intuition. Learn who finds bedtime use helpful, who should avoid it, and how placement affects results.",796,batch-015,1S035Y2g0OzHNqyiDyVZi4SUNFt6fYHZzVuHEBA_peJA,https://docs.google.com/document/d/1S035Y2g0OzHNqyiDyVZi4SUNFt6fYHZzVuHEBA_peJA/edit?usp=drivesdk,,No clinical research on labradorite's effects on sleep; all sleep-related claims are tradition-based.
/gemstones/labradorite/who-should-not-wear,gemstones,M1 Stone Atlas,S1.2 who-should-not-wear,subpage,labradorite,who-should-not-wear,new,P3,Evaluation,Who Should Be Cautious About Wearing Labradorite,Who Should Not Wear Labradorite — Safety & Tradition,"Labradorite is safe for most people. Learn which physical safety considerations apply, and which traditions caution certain personalities and zodiac signs.",798,batch-015,18iXNjGtTnEDz0f8-vJmOiuADjKn0rg6e0Ff_EhEMb8Q,https://docs.google.com/document/d/18iXNjGtTnEDz0f8-vJmOiuADjKn0rg6e0Ff_EhEMb8Q/edit?usp=drivesdk,,"No peer-reviewed evidence for or against metaphysical cautions; astrology-based restrictions reflect crystal tradition only, not established scientific consensus."
/gemstones/lapis-lazuli/affirmations,gemstones,M1 Stone Atlas,S1.8 affirmations,subpage,lapis-lazuli,affirmations,new,P2,Instruction,Lapis Lazuli Affirmations: Phrases That Fit the Stone,Lapis Lazuli Affirmations and How to Use Them,"Lapis lazuli is traditionally associated with wisdom, truth, and communication. Here are affirmations matched to those themes and a method for using them with the stone.",602,batch-007,1un2Qk3NTjlUIpZGfkg96I1phVzujECwODRcdxn2m-H0,https://docs.google.com/document/d/1un2Qk3NTjlUIpZGfkg96I1phVzujECwODRcdxn2m-H0/edit?usp=drivesdk,,No scientific evidence for affirmation-crystal pairing effects; all described as tradition.
/gemstones/lapis-lazuli/combinations,gemstones,M1 Stone Atlas,S1.7 combinations,subpage,lapis-lazuli,combinations,new,P2,Evaluation,Lapis Lazuli Crystal Combinations: Which Stones Pair Well,Lapis Lazuli Crystal Combinations and Pairings,"Lapis lazuli pairs with amethyst, clear quartz, sodalite, and turquoise in tradition. Learn which combinations suit which intentions and how to store pairings safely.",744,batch-007,1Nd9gGsN_dYeiP8n_6JpSoKFYbIvXmu295gqHwqSXcAE,https://docs.google.com/document/d/1Nd9gGsN_dYeiP8n_6JpSoKFYbIvXmu295gqHwqSXcAE/edit?usp=drivesdk,,"All energetic pairing claims are tradition with no scientific evidence; physical compatibility (hardness, storage) is factual."
/gemstones/lapis-lazuli/how-to-cleanse,gemstones,M1 Stone Atlas,S1.6 how-to-cleanse,subpage,lapis-lazuli,how-to-cleanse,new,P2,Instruction,How to Cleanse Lapis Lazuli Without Damaging It,How to Cleanse Lapis Lazuli Safely,"Lapis lazuli must not go in water. Calcite dissolves and pyrite oxidizes on contact, causing permanent staining. Safe methods: smoke, sound, moonlight, and selenite.",832,batch-007,1Qjj6cFXN-lxX1wJ_VaH1ennapcYJvWhXDHcZj_NhPNM,https://docs.google.com/document/d/1Qjj6cFXN-lxX1wJ_VaH1ennapcYJvWhXDHcZj_NhPNM/edit?usp=drivesdk,,none
/gemstones/lapis-lazuli/how-to-identify,gemstones,M1 Stone Atlas,S1.4 how-to-identify,subpage,lapis-lazuli,how-to-identify,new,P2,Instruction,How to Identify Real Lapis Lazuli,How to Identify Real Lapis Lazuli vs. Fakes,"Real lapis lazuli is an opaque blue rock with natural pyrite flecks and calcite veins. Learn to distinguish it from dyed howlite, sodalite, glass, and other imitations.",818,batch-007,1pBK2RqNwOOqWHaS_H9oNkH4n48zhpJ0BPRGYdjc6vW4,https://docs.google.com/document/d/1pBK2RqNwOOqWHaS_H9oNkH4n48zhpJ0BPRGYdjc6vW4/edit?usp=drivesdk,,none
/gemstones/lapis-lazuli/meaning,gemstones,M1 Stone Atlas,S1.1 meaning,subpage,lapis-lazuli,meaning,new,P2,Explanation,"Lapis Lazuli Meaning, History, and Traditional Uses",Lapis Lazuli Meaning and History,"Lapis lazuli is a deep-blue metamorphic rock prized for over 6,500 years. Learn what it means, where it comes from, and what it is traditionally used for.",685,batch-007,1V3NT95lEHGtNrUmwfaznLh_dL6LzBTlm12CLfR9In6I,https://docs.google.com/document/d/1V3NT95lEHGtNrUmwfaznLh_dL6LzBTlm12CLfR9In6I/edit?usp=drivesdk,,none
/gemstones/lapis-lazuli/price-guide,gemstones,M1 Stone Atlas,S1.9 price-guide,subpage,lapis-lazuli,price-guide,new,P2,Explanation,Lapis Lazuli Price Guide: What It Costs and Why,Lapis Lazuli Price Guide: Cost and Value Factors,Lapis lazuli ranges from under $1 per carat for low-grade material to $100–150 or more for fine Afghan quality. Learn what drives price and how to avoid overpaying.,787,batch-007,1nDvyVOdYm9DskDc1htInB4nlfBDbRWk-TUPsvwR2OKk,https://docs.google.com/document/d/1nDvyVOdYm9DskDc1htInB4nlfBDbRWk-TUPsvwR2OKk/edit?usp=drivesdk,,"Retail per-carat prices vary substantially by seller, format, and provenance claim; ranges are indicative from September 2026 sources; no universal market benchmark exists for lapis lazuli."
/gemstones/lapis-lazuli/sleeping-with,gemstones,M1 Stone Atlas,S1.5 sleeping-with,subpage,lapis-lazuli,sleeping-with,new,P2,Explanation,Sleeping with Lapis Lazuli: Tradition and Practical Tips,Sleeping with Lapis Lazuli: What Practitioners Do,"In crystal tradition, sleeping with lapis lazuli supports vivid dreams and intuitive clarity. Learn where to place it and what the stone needs overnight.",701,batch-007,1Gu1vBrKgyVYiYnK73SUHAO5LY--2dSgA7G9L5NWGaRs,https://docs.google.com/document/d/1Gu1vBrKgyVYiYnK73SUHAO5LY--2dSgA7G9L5NWGaRs/edit?usp=drivesdk,,No controlled research exists on crystal sleep effects; all benefits stated as tradition.
/gemstones/larimar/affirmations,gemstones,M1 Stone Atlas,S1.8 affirmations,subpage,larimar,affirmations,new,P3,Instruction,Larimar Affirmations — What to Say and How to Use Them,Larimar Affirmations — 12 Phrases and How to Use Them,"Larimar is traditionally used with affirmations for calm communication, emotional release, and self-compassion. Here are 12 affirmations and a simple practice method.",944,batch-049,1lVqklj6_ts82q5oRZRtm7_F1IME8BW7bFVkRX7hsOFY,https://docs.google.com/document/d/1lVqklj6_ts82q5oRZRtm7_F1IME8BW7bFVkRX7hsOFY/edit?usp=drivesdk,,"No scientific evidence for affirmation efficacy specific to crystals; affirmation practice generally is supported by psychological self-regulation research, but crystal-specific claims are tradition only."
/gemstones/larimar/combinations,gemstones,M1 Stone Atlas,S1.7 combinations,subpage,larimar,combinations,new,P3,Evaluation,Larimar Crystal Combinations — Which Stones Pair Well,Best Crystal Combinations with Larimar — Pairings Guide,"Larimar pairs traditionally with moonstone for calm, rose quartz for heart work, amethyst for stress relief, and black tourmaline for grounding. Pairings to consider.",1023,batch-049,1i0tvxwfDRrXOh6ai77gGvr_kBRgFk_wEJbrqzBMcCkg,https://docs.google.com/document/d/1i0tvxwfDRrXOh6ai77gGvr_kBRgFk_wEJbrqzBMcCkg/edit?usp=drivesdk,,Crystal pairing recommendations are entirely within the tradition of crystal practice; no scientific evidence for energetic effects of stone combinations.
/gemstones/larimar/how-to-cleanse,gemstones,M1 Stone Atlas,S1.6 how-to-cleanse,subpage,larimar,how-to-cleanse,new,P3,Instruction,How to Cleanse Larimar Without Damaging It,How to Cleanse Larimar Safely — Methods That Work,"Larimar tolerates brief water rinsing but not prolonged soaking. Learn which cleansing methods are safe — smoke, sound, moonlight — and which carry real risks.",1015,batch-049,1A7ZEmdt0e60z8lQdaz10Jetv_sJjonyMiHWsXXgMuFw,https://docs.google.com/document/d/1A7ZEmdt0e60z8lQdaz10Jetv_sJjonyMiHWsXXgMuFw/edit?usp=drivesdk,,Precise time threshold for water-induced surface damage not established in published literature; practical guidance drawn from mineralogical properties and specialist care sources.
/gemstones/larimar/how-to-identify,gemstones,M1 Stone Atlas,S1.4 how-to-identify,subpage,larimar,how-to-identify,new,P3,Instruction,How to Identify Real Larimar vs Fakes and Imitations,Real vs Fake Larimar — Identification Guide,"Real Larimar is blue Dominican pectolite with irregular cloud patterns, Mohs 4.5–5. Learn how to spot dyed howlite, glass, ceramic, and other common fakes.",1141,batch-049,1HCE-zVH4SYSzJJOpdkUhiMD_BVvbEI-Yvf6tOQlttPo,https://docs.google.com/document/d/1HCE-zVH4SYSzJJOpdkUhiMD_BVvbEI-Yvf6tOQlttPo/edit?usp=drivesdk,,none
/gemstones/larimar/price-guide,gemstones,M1 Stone Atlas,S1.9 price-guide,subpage,larimar,price-guide,new,P3,Explanation,Larimar Price Guide — What It Costs and Why,Larimar Price Guide 2026 — Per Carat and Jewelry Costs,Larimar ranges from about $2 to $250+ per carat depending on grade. This guide explains what drives the price and how to avoid overpaying.,1054,batch-049,1d6JzNP4LHzyl7JLX1xbdFlNJCRG57IKQDpLOWwaCmeU,https://docs.google.com/document/d/1d6JzNP4LHzyl7JLX1xbdFlNJCRG57IKQDpLOWwaCmeU/edit?usp=drivesdk,,"No standardized grading system exists across the Larimar trade; grade labels (AAA, AA, A) are seller-defined. Published price ranges from multiple sources are consistent in broad bands but vary in precise boundaries."
/gemstones/larimar/sleeping-with,gemstones,M1 Stone Atlas,S1.5 sleeping-with,subpage,larimar,sleeping-with,new,P3,Explanation,Sleeping with Larimar — What to Know,Sleeping with Larimar: Bedside vs Under Pillow Guide,Larimar is safe to keep bedside while sleeping. Under-pillow use risks surface scratches from bedding hardware. Here is how practitioners use it at night.,894,batch-049,1_Rou8yavvjpwFQWPsKIlILdikAjY9KwKhERotYTXrnk,https://docs.google.com/document/d/1_Rou8yavvjpwFQWPsKIlILdikAjY9KwKhERotYTXrnk/edit?usp=drivesdk,,No clinical evidence for sleep effects of keeping crystals near the bed; all sleep associations stated as tradition.
/gemstones/larimar/who-should-not-wear,gemstones,M1 Stone Atlas,S1.2 who-should-not-wear,subpage,larimar,who-should-not-wear,new,P3,Evaluation,Who Should Be Cautious About Wearing Larimar,Who Should Not Wear Larimar — Cautions Explained,"Larimar is physically safe for most people. Learn the practical wear limits from its Mohs 4.5–5 hardness, plus traditional and astrological cautions.",1058,batch-049,1-TJFmWhz48Lb3niTsJgVa5sJxMUWoCyV4Trg8kIfwio,https://docs.google.com/document/d/1-TJFmWhz48Lb3niTsJgVa5sJxMUWoCyV4Trg8kIfwio/edit?usp=drivesdk,,No peer-reviewed Vedic astrology primary source found for larimar; astrological associations drawn from crystal-trade tradition only.
/gemstones/larvikite/affirmations,gemstones,M1 Stone Atlas,S1.8 affirmations,subpage,larvikite,affirmations,new,P3,Instruction,Larvikite Affirmations — Words That Suit This Stone,Larvikite Affirmations — How to Use Them Effectively,"Larvikite is traditionally linked to grounding, protection, and psychic clarity. These affirmations match its associations and include a practical step-by-step ritual.",863,batch-014,1d0SPhZAekqRhtllUSUrYwQLa9y-K_ZBFI3ceNy_djVk,https://docs.google.com/document/d/1d0SPhZAekqRhtllUSUrYwQLa9y-K_ZBFI3ceNy_djVk/edit?usp=drivesdk,,none
/gemstones/larvikite/can-go-in-water,gemstones,M1 Stone Atlas,S1.3 can-go-in-water,subpage,larvikite,can-go-in-water,new,P2,Explanation,Can Larvikite Go in Water? What You Need to Know,Can Larvikite Go in Water? — Safe Limits Explained,"Larvikite won't dissolve in water, but prolonged soaking or salt water can dull its polish. Learn what brief contact is safe and what to avoid when cleaning this stone.",852,batch-014,1-GmKcY7YnxGRONVHxZdDZaj_IhnL0SnSp2-PcCdGWWw,https://docs.google.com/document/d/1-GmKcY7YnxGRONVHxZdDZaj_IhnL0SnSp2-PcCdGWWw/edit?usp=drivesdk,,No published study specifically addresses the rate of polish degradation for larvikite under repeated water exposure; the recommendation to limit soaking is based on the known behavior of polished feldspathic rocks and gem-trade guidance.
/gemstones/larvikite/combinations,gemstones,M1 Stone Atlas,S1.7 combinations,subpage,larvikite,combinations,new,P3,Evaluation,Best Crystal Combinations for Larvikite,Larvikite Crystal Combinations — Pairings by Goal,"Larvikite pairs well with labradorite for intuition, black tourmaline for protection, and amethyst for calm. See which combinations practitioners use and which to avoid.",837,batch-014,1kDPkZmOVB_Np-CDkAkmwDB9xV1NXnIj2lpGd5qNvQFg,https://docs.google.com/document/d/1kDPkZmOVB_Np-CDkAkmwDB9xV1NXnIj2lpGd5qNvQFg/edit?usp=drivesdk,,All crystal pairing associations are tradition; no controlled studies support energetic interactions between crystals.
/gemstones/larvikite/how-to-cleanse,gemstones,M1 Stone Atlas,S1.6 how-to-cleanse,subpage,larvikite,how-to-cleanse,new,P2,Instruction,How to Cleanse and Recharge Larvikite,How to Cleanse Larvikite Safely — Methods That Work,"Larvikite tolerates brief rinsing but prolonged soaking or salt water dulls its polish. Safe methods: smoke, sound, moonlight, and selenite slab.",954,batch-014,1Vkf6j3Z-vs5rUvW6FQe_kKsQDLJpIKDuWfpvYgQiqbk,https://docs.google.com/document/d/1Vkf6j3Z-vs5rUvW6FQe_kKsQDLJpIKDuWfpvYgQiqbk/edit?usp=drivesdk,,none
/gemstones/larvikite/how-to-identify,gemstones,M1 Stone Atlas,S1.4 how-to-identify,subpage,larvikite,how-to-identify,new,P3,Instruction,How to Identify Real Larvikite,How to Identify Real Larvikite vs. Fakes and Imitations,"Real larvikite shows a silver-blue schiller from internal feldspar structure, not a surface coating. Learn how to spot genuine material versus glass or imitations.",993,batch-014,1_GN1j5dc-OdpzMzjqN9pYcgEhRhmmIkM9C7Y-_ore1Q,https://docs.google.com/document/d/1_GN1j5dc-OdpzMzjqN9pYcgEhRhmmIkM9C7Y-_ore1Q/edit?usp=drivesdk,,"No documented case studies of systematic larvikite counterfeiting exist in trade literature reviewed; identification criteria are based on mineralogical properties, not reported fraud incidents."
/gemstones/larvikite/price-guide,gemstones,M1 Stone Atlas,S1.9 price-guide,subpage,larvikite,price-guide,new,P3,Explanation,Larvikite Price Guide — What It Costs and Why,Larvikite Price Guide — Cost by Form and Grade,Larvikite is an affordable stone. Tumbled pieces typically run $3–15 each; spheres and carvings $15–80. Learn what drives price and how to avoid overpaying.,928,batch-014,12hqpkLqf0MPZLxVmJ9XJSpMSR47AUcpU9nAH9C6SGYs,https://docs.google.com/document/d/12hqpkLqf0MPZLxVmJ9XJSpMSR47AUcpU9nAH9C6SGYs/edit?usp=drivesdk,,"Larvikite is not widely traded by carat weight; per-piece retail pricing varies significantly by seller, finish quality, and size. Ranges based on retail listings reviewed September 2026. No auction or certified market data exists for larvikite as a gemstone."
/gemstones/larvikite/sleeping-with,gemstones,M1 Stone Atlas,S1.5 sleeping-with,subpage,larvikite,sleeping-with,new,P2,Explanation,Sleeping with Larvikite: What to Expect and How to Do It,Sleeping with Larvikite Under the Pillow — Practical Guide,"Larvikite is traditionally used for grounding and dream work during sleep. Learn placement options, who may find it too stimulating, and what practitioners report.",901,batch-014,1dr3apGAJ_6sc4ENDlduIAmypkz3FGdVFsrvJEs1trwU,https://docs.google.com/document/d/1dr3apGAJ_6sc4ENDlduIAmypkz3FGdVFsrvJEs1trwU/edit?usp=drivesdk,,No clinical or peer-reviewed evidence exists for crystal placement effects on sleep. All sleep-related statements reflect tradition and anecdotal practitioner reports only.
/gemstones/larvikite/who-should-not-wear,gemstones,M1 Stone Atlas,S1.2 who-should-not-wear,subpage,larvikite,who-should-not-wear,new,P2,Evaluation,Who Should Be Cautious About Wearing Larvikite,Who Should Not Wear Larvikite — Safety & Tradition,"Larvikite has no known toxicity, but physical, traditional, and astrological factors may make it unsuitable for some. Learn who should exercise caution.",919,batch-014,1zDRbWL1CKT3-RDbmGFJfn31PwJp_jI49oXOZ_RrThCA,https://docs.google.com/document/d/1zDRbWL1CKT3-RDbmGFJfn31PwJp_jI49oXOZ_RrThCA/edit?usp=drivesdk,,No peer-reviewed astrological compatibility data exists; astrological sections reflect traditional crystal community consensus only. No documented toxicology studies specific to larvikite dust beyond general silicate dust guidance.
/gemstones/lava-stone/affirmations,gemstones,M1 Stone Atlas,S1.8 affirmations,subpage,lava-stone,affirmations,new,P2,Instruction,Lava Stone Affirmations — Phrases That Suit the Stone,Lava Stone Affirmations — Grounding and Courage Phrases,"Lava stone is traditionally linked to grounding, strength, and emotional courage. Find affirmations that suit those associations and a simple practice for using them.",762,batch-006,1KgDwNLkImPPTeJuep-kn2RgIoLz6VS94hyFUqXHtTGI,https://docs.google.com/document/d/1KgDwNLkImPPTeJuep-kn2RgIoLz6VS94hyFUqXHtTGI/edit?usp=drivesdk,,Affirmation practice is a tradition; no controlled research on outcomes of using affirmations with crystals.
/gemstones/lava-stone/can-go-in-water,gemstones,M1 Stone Atlas,S1.3 can-go-in-water,subpage,lava-stone,can-go-in-water,new,P2,Explanation,Can Lava Stone Go in Water? What You Need to Know,Can Lava Stone Go in Water? Safe Limits Explained,Lava stone can go in water briefly — basalt is not water-reactive. But its porous structure means prolonged soaking degrades elastic cord and traps moisture.,803,batch-006,1Y0pHSiOZ2MbEbb9QTeeU3NsoyEB6Ofczp6kyLnN-ABA,https://docs.google.com/document/d/1Y0pHSiOZ2MbEbb9QTeeU3NsoyEB6Ofczp6kyLnN-ABA/edit?usp=drivesdk,,none
/gemstones/lava-stone/combinations,gemstones,M1 Stone Atlas,S1.7 combinations,subpage,lava-stone,combinations,new,P2,Evaluation,Lava Stone Crystal Combinations — Pairings by Goal,Best Crystal Combinations with Lava Stone,"Lava stone pairs well with black tourmaline for protection, tiger's eye for confidence, and amethyst for calm. See which pairings practitioners use and why.",989,batch-006,1-zpQkQ-SFerJEzC5eeAEASoFuE9OecQBnpFHADtgMs0,https://docs.google.com/document/d/1-zpQkQ-SFerJEzC5eeAEASoFuE9OecQBnpFHADtgMs0/edit?usp=drivesdk,,Crystal pairing claims are based on traditional associations and practitioner convention; no clinical evidence supports energetic interaction between stones.
/gemstones/lava-stone/how-to-cleanse,gemstones,M1 Stone Atlas,S1.6 how-to-cleanse,subpage,lava-stone,how-to-cleanse,new,P2,Instruction,How to Cleanse Lava Stone Without Damaging It,How to Cleanse Lava Stone — Safe Methods That Work,"Lava stone can handle a quick water rinse, but prolonged soaking degrades elastic cord and traps moisture in pores. Best methods: smoke, sound, moonlight, and sun.",911,batch-006,1SlTA4FDu-aOaTEAIZkXdQrrSlQsrVB-6OsPP2zSaEZo,https://docs.google.com/document/d/1SlTA4FDu-aOaTEAIZkXdQrrSlQsrVB-6OsPP2zSaEZo/edit?usp=drivesdk,,none
/gemstones/lava-stone/how-to-identify,gemstones,M1 Stone Atlas,S1.4 how-to-identify,subpage,lava-stone,how-to-identify,new,P2,Instruction,How to Identify Real Lava Stone — Tests and Red Flags,How to Identify Real Lava Stone vs Fakes,"Real lava stone is porous basalt — black, lightweight, and naturally pitted. Learn the tests that distinguish it from dyed glass, plastic, and imitation beads.",979,batch-006,1VZHrVABYar-cbq8tJ56CDeX_Ts9RCYMXRoRxETU_6UQ,https://docs.google.com/document/d/1VZHrVABYar-cbq8tJ56CDeX_Ts9RCYMXRoRxETU_6UQ/edit?usp=drivesdk,,"No standardized gemological grading system exists for lava stone — 'AAA grade' on seller listings is an informal designation, not a verified classification."
/gemstones/lava-stone/price-guide,gemstones,M1 Stone Atlas,S1.9 price-guide,subpage,lava-stone,price-guide,new,P2,Explanation,Lava Stone Price Guide — What It Costs and Why,"Lava Stone Price Guide — Bracelets, Beads & Tumbles",Lava stone is one of the most affordable crystal materials. Simple bracelets cost $3–$19 retail; premium pieces reach $25–$30. Learn what drives price.,978,batch-006,1dgsF5mWJsobzVJ18B8Mmxpp-2LMxhw5D1qQoWa6AW64,https://docs.google.com/document/d/1dgsF5mWJsobzVJ18B8Mmxpp-2LMxhw5D1qQoWa6AW64/edit?usp=drivesdk,,"No large tumbled stone or specimen retail price data found; price range covers bracelets and beads only. Seed data lists Mohs hardness as 3.5, but geological sources and product specs consistently place porous lava basalt at 5–6 Mohs; the seed figure may need correction."
/gemstones/lava-stone/sleeping-with,gemstones,M1 Stone Atlas,S1.5 sleeping-with,subpage,lava-stone,sleeping-with,new,P2,Explanation,Sleeping with Lava Stone — What to Expect and How to Do It,Sleeping with Lava Stone — Practical Guide,"Lava stone is safe to sleep with physically. Practitioners use it for grounding at bedtime. Learn placement options, who should try cautiously, and how to set it up.",891,batch-006,19WZFC3LTg8r7SWpE8BQGnaYK7xXxHu9GMz7JIQLyY8s,https://docs.google.com/document/d/19WZFC3LTg8r7SWpE8BQGnaYK7xXxHu9GMz7JIQLyY8s/edit?usp=drivesdk,,No published sleep research on lava stone specifically. Traditional associations with grounding and emotional balance are stated as tradition throughout.
/gemstones/lepidolite/affirmations,gemstones,M1 Stone Atlas,S1.8 affirmations,subpage,lepidolite,affirmations,new,P3,Instruction,Lepidolite Affirmations — Examples and How to Use Them,Lepidolite Affirmations — Examples and Practice Guide,"Lepidolite is traditionally used for calm, release, and self-trust. Here are 10 affirmations that match its associations and a practical guide to using them.",660,batch-034,1f56w20dSmrWAKxTOysvLmykmjmIvj2rKEjNqqvwBQOw,https://docs.google.com/document/d/1f56w20dSmrWAKxTOysvLmykmjmIvj2rKEjNqqvwBQOw/edit?usp=drivesdk,,No clinical evidence supports crystal-accompanied affirmations producing specific outcomes; tradition-based.
/gemstones/lepidolite/combinations,gemstones,M1 Stone Atlas,S1.7 combinations,subpage,lepidolite,combinations,new,P3,Evaluation,Lepidolite Crystal Combinations and Pairings,Best Lepidolite Crystal Combinations — Goals and Cautions,"Lepidolite pairs well with amethyst, moonstone, rose quartz, and selenite for calm and sleep. Learn the best pairings by goal and what to avoid physically.",569,batch-034,1JE5NU-iECWFdO4cwsFv_HvchAReCjl-RWuzmX63HXYs,https://docs.google.com/document/d/1JE5NU-iECWFdO4cwsFv_HvchAReCjl-RWuzmX63HXYs/edit?usp=drivesdk,,All metaphysical pairing effects are tradition; no clinical evidence supports specific crystal combination outcomes.
/gemstones/lepidolite/how-to-cleanse,gemstones,M1 Stone Atlas,S1.6 how-to-cleanse,subpage,lepidolite,how-to-cleanse,new,P3,Instruction,How to Cleanse Lepidolite Without Damaging It,How to Cleanse Lepidolite Safely — Methods That Work,"Lepidolite must not go in water. Learn which cleansing methods are safe for this soft mica — smoke, sound, moonlight, and dry earth burial.",709,batch-034,1yJJvQ2yfF5H_dxGSHVmwbH9X7cuNrXZa-btzjiiRbkQ,https://docs.google.com/document/d/1yJJvQ2yfF5H_dxGSHVmwbH9X7cuNrXZa-btzjiiRbkQ/edit?usp=drivesdk,,none
/gemstones/lepidolite/how-to-identify,gemstones,M1 Stone Atlas,S1.4 how-to-identify,subpage,lepidolite,how-to-identify,new,P3,Instruction,How to Identify Real Lepidolite,How to Identify Real Lepidolite vs. Fakes and Imitations,"Real lepidolite scratches with a fingernail, shows mica layering, and feels delicate. Learn how to distinguish it from dyed micas, charoite, sugilite, and glass.",692,batch-034,172lcdxL1aXiD-FNcHmhFWLAAbHA0xVIYEJYDNU4vRbA,https://docs.google.com/document/d/172lcdxL1aXiD-FNcHmhFWLAAbHA0xVIYEJYDNU4vRbA/edit?usp=drivesdk,,none
/gemstones/lepidolite/price-guide,gemstones,M1 Stone Atlas,S1.9 price-guide,subpage,lepidolite,price-guide,new,P3,Explanation,Lepidolite Price Guide,Lepidolite Price Guide — What to Pay in 2026,Lepidolite tumbled stones run $8–$18; palm stones $18–$35; raw specimens and carvings $25–$120. Learn what drives prices and how to avoid imitations.,620,batch-034,1lO136EaW4m-jozIm_fBuyQVhKUhgSCajW-4CH3xxBwY,https://docs.google.com/document/d/1lO136EaW4m-jozIm_fBuyQVhKUhgSCajW-4CH3xxBwY/edit?usp=drivesdk,,"Per-carat pricing for faceted lepidolite is not documented; the stone is almost never faceted due to its softness and cleavage, so a per-carat gem market does not exist in practice."
/gemstones/lepidolite/sleeping-with,gemstones,M1 Stone Atlas,S1.5 sleeping-with,subpage,lepidolite,sleeping-with,new,P3,Explanation,Sleeping with Lepidolite: What to Know,"Sleeping with Lepidolite — Placement, Safety, Practice","Sleeping with lepidolite is common in crystal practice, but placing it under a pillow risks damage. Learn safe placements and how practitioners use it at night.",645,batch-034,1CFnCEfcjL7croDsbEScP4EZfVcWsjEUBiphzmQC7SEE,https://docs.google.com/document/d/1CFnCEfcjL7croDsbEScP4EZfVcWsjEUBiphzmQC7SEE/edit?usp=drivesdk,,No clinical research supports crystal placement affecting sleep quality; tradition-based claims stated as such.
/gemstones/lepidolite/who-should-not-wear,gemstones,M1 Stone Atlas,S1.2 who-should-not-wear,subpage,lepidolite,who-should-not-wear,new,P3,Evaluation,Who Should Be Cautious About Wearing Lepidolite,Who Should Avoid Wearing Lepidolite — Safety & Tradition,"Lepidolite's softness makes it prone to damage from daily wear. Learn who should be physically cautious, and what crystal tradition says about cautions.",647,batch-034,1P2dGs4r23aBPm3WgSIMF2buhbs2Kw1qJUJ3WnFV8zIo,https://docs.google.com/document/d/1P2dGs4r23aBPm3WgSIMF2buhbs2Kw1qJUJ3WnFV8zIo/edit?usp=drivesdk,,No peer-reviewed clinical evidence on crystal healing outcomes; astrological and metaphysical cautions represent tradition only.
/gemstones/malachite/affirmations,gemstones,M1 Stone Atlas,S1.8 affirmations,subpage,malachite,affirmations,new,P3,Instruction,Malachite Affirmations — Words That Match This Stone,Malachite Affirmations — How to Use Them With the Stone,Malachite is traditionally used for transformation and protection. Learn which affirmations suit its associations and a simple practice for using them.,710,batch-026,1fF6k8JDHdUbgmbOvVy056KtU76WYxKB8WmLqwwNWufc,https://docs.google.com/document/d/1fF6k8JDHdUbgmbOvVy056KtU76WYxKB8WmLqwwNWufc/edit?usp=drivesdk,,Affirmation practice has no standardized source; wording and methods reflect common practitioner conventions.
/gemstones/malachite/combinations,gemstones,M1 Stone Atlas,S1.7 combinations,subpage,malachite,combinations,new,P3,Evaluation,Malachite Crystal Combinations — Which Stones Pair Well,Malachite Combinations — Best Crystal Pairings and Why,"Malachite pairs well with black tourmaline, rose quartz, clear quartz, and labradorite in crystal tradition. Learn which goals each pairing serves and what to avoid.",892,batch-026,1YtPTzsBWCsjxIZzMv1duh9fR3llN3LG-raaSkm9uvYk,https://docs.google.com/document/d/1YtPTzsBWCsjxIZzMv1duh9fR3llN3LG-raaSkm9uvYk/edit?usp=drivesdk,,"Crystal pairing traditions are not standardized; pairings reflect common practitioner usage, not a single authoritative source."
/gemstones/malachite/how-to-cleanse,gemstones,M1 Stone Atlas,S1.6 how-to-cleanse,subpage,malachite,how-to-cleanse,new,P3,Instruction,How to Cleanse Malachite Without Damaging It,How to Cleanse Malachite Safely — Methods That Work,"Malachite must never go in water. Learn which cleansing methods are safe — smoke, sound, moonlight, dry earth — and which will damage this soft copper mineral.",716,batch-026,1Y1B0k6I60_xHQ8AlUwD1tRu4YzYf749Vt4trZKtqzFo,https://docs.google.com/document/d/1Y1B0k6I60_xHQ8AlUwD1tRu4YzYf749Vt4trZKtqzFo/edit?usp=drivesdk,,none
/gemstones/malachite/how-to-identify,gemstones,M1 Stone Atlas,S1.4 how-to-identify,subpage,malachite,how-to-identify,new,P3,Instruction,How to Identify Real Malachite — Tests That Work,How to Identify Real Malachite vs Fakes and Imitations,"Real malachite has irregular organic banding, high density, and stays cool in hand. Learn how to spot resin, dyed howlite, and reconstituted imitations.",839,batch-026,1Csmllq6ofKVJccseeVsS39ESwpX8tGbBagPcQxFnrGE,https://docs.google.com/document/d/1Csmllq6ofKVJccseeVsS39ESwpX8tGbBagPcQxFnrGE/edit?usp=drivesdk,,none
/gemstones/malachite/meaning,gemstones,M1 Stone Atlas,S1.1 meaning,subpage,malachite,meaning,new,P3,Explanation,Malachite Meaning — What It Is and What It Is Used For,Malachite Meaning — Stone of Transformation Explained,"Malachite is a copper carbonate mineral prized since antiquity for its banded green color. Learn its physical identity, history, and traditional associations.",759,batch-026,1mTnRM4V6wqCtibuN9Nj6r7KqtJT04UnfgVt0iH80xVc,https://docs.google.com/document/d/1mTnRM4V6wqCtibuN9Nj6r7KqtJT04UnfgVt0iH80xVc/edit?usp=drivesdk,,none
/gemstones/malachite/price-guide,gemstones,M1 Stone Atlas,S1.9 price-guide,subpage,malachite,price-guide,new,P3,Explanation,Malachite Price Guide — How Much It Costs and Why,Malachite Price Guide 2026 — Cost Per Carat Explained,Malachite ranges from under $1 to $75+ per carat depending on pattern quality and treatment. Learn what drives the price and how to avoid overpaying.,689,batch-026,16d4X8KMn_Wu5zYxlWuOMjmkD84EUVpLbITI3OZXyuWM,https://docs.google.com/document/d/16d4X8KMn_Wu5zYxlWuOMjmkD84EUVpLbITI3OZXyuWM/edit?usp=drivesdk,,"Retail prices vary significantly by seller, region, and platform; the ranges reflect broad U.S. retail evidence gathered September 2026 and may differ in other markets."
/gemstones/malachite/sleeping-with,gemstones,M1 Stone Atlas,S1.5 sleeping-with,subpage,malachite,sleeping-with,new,P3,Explanation,Sleeping with Malachite — What to Expect and How to Do It,"Sleeping with Malachite — Benefits, Risks, and How-To","Malachite is used in crystal tradition for vivid dreams and emotional release at night. Learn the physical precautions, placement options, and who should avoid it.",597,batch-026,1qWI_dKR_MiTUrKoJySUi7JF6rANz4hsZojxsEkB_GbE,https://docs.google.com/document/d/1qWI_dKR_MiTUrKoJySUi7JF6rANz4hsZojxsEkB_GbE/edit?usp=drivesdk,,No clinical studies exist on malachite and sleep; all sleep and dream associations are tradition-based only.
/gemstones/malachite/who-should-not-wear,gemstones,M1 Stone Atlas,S1.2 who-should-not-wear,subpage,malachite,who-should-not-wear,new,P3,Evaluation,Who Should Be Cautious About Wearing Malachite,Who Should Not Wear Malachite — Safety and Tradition,Malachite's copper content poses real risks for some people. Learn who should exercise caution — from physical safety to astrological tradition.,697,batch-026,1zzeGEE6qCgDyNSbYMCNkD3-XZa6mg62KlR91_11u67k,https://docs.google.com/document/d/1zzeGEE6qCgDyNSbYMCNkD3-XZa6mg62KlR91_11u67k/edit?usp=drivesdk,,Vedic and Western astrological contraindications for malachite are not well-documented in primary astrological texts; tradition-based claims are noted as such.
/gemstones/moldavite/affirmations,gemstones,M1 Stone Atlas,S1.8 affirmations,subpage,moldavite,affirmations,new,P3,Instruction,Moldavite Affirmations — Phrases and How to Use Them,Moldavite Affirmations — How to Use Them Effectively,Moldavite is traditionally linked to transformation and intuition. Learn which affirmations suit the stone and how to use them in a five-step holding practice.,814,batch-019,1Kzt6JLERql3qNm_kF5fvO_svD87zlaW_c_2E8CDFdUU,https://docs.google.com/document/d/1Kzt6JLERql3qNm_kF5fvO_svD87zlaW_c_2E8CDFdUU/edit?usp=drivesdk,,none; all affirmation content is traditional practice
/gemstones/moldavite/combinations,gemstones,M1 Stone Atlas,S1.7 combinations,subpage,moldavite,combinations,new,P3,Evaluation,Best Crystal Combinations with Moldavite,Moldavite Crystal Combinations — Pairings by Goal,Black tourmaline grounds moldavite's intensity; rose quartz softens it; clear quartz directs it. Learn which crystals pair well and which to approach with care.,885,batch-019,1-m_Tjyllr3dZ4npeTe83MuvY8AaY-az94wdnngy6xfs,https://docs.google.com/document/d/1-m_Tjyllr3dZ4npeTe83MuvY8AaY-az94wdnngy6xfs/edit?usp=drivesdk,,"none; all pairings are traditional, not experimentally verified"
/gemstones/moldavite/how-to-cleanse,gemstones,M1 Stone Atlas,S1.6 how-to-cleanse,subpage,moldavite,how-to-cleanse,new,P2,Instruction,How to Cleanse Moldavite Without Damaging It,How to Cleanse Moldavite Safely — Methods That Work,"Moldavite is natural glass and does not corrode in water, but salt and abrasives can scratch its 5.5 Mohs surface. Learn which cleansing methods are safe.",874,batch-019,1D2--VMxsJ_xrBhDfpwSsD819OZJOS6jc3-VpantF2q4,https://docs.google.com/document/d/1D2--VMxsJ_xrBhDfpwSsD819OZJOS6jc3-VpantF2q4/edit?usp=drivesdk,,none
/gemstones/moldavite/how-to-identify,gemstones,M1 Stone Atlas,S1.4 how-to-identify,subpage,moldavite,how-to-identify,new,P3,Instruction,How to Tell Real Moldavite from Fakes,How to Identify Real Moldavite — Tests That Actually Work,"Most moldavite sold online is fake. Learn the surface texture, inclusion, density, and price tests that separate genuine Czech tektite from molded green glass.",1027,batch-019,13y7QWOwY8BThwF1SLyQ0udZ3duSKI6YGwd_Fe5rRSbA,https://docs.google.com/document/d/13y7QWOwY8BThwF1SLyQ0udZ3duSKI6YGwd_Fe5rRSbA/edit?usp=drivesdk,,Home density testing on faceted pieces is unreliable without specialist equipment; laboratory FTIR and chemical analysis remain the only definitive tests.
/gemstones/moldavite/price-guide,gemstones,M1 Stone Atlas,S1.9 price-guide,subpage,moldavite,price-guide,new,P3,Explanation,Moldavite Price Guide — What It Costs and Why,Moldavite Price Guide: Cost Per Gram (September 2026),"Genuine moldavite retails for roughly $20–$80 per gram for standard raw pieces, more for Besednice specimens. Learn what drives the price and how to avoid overpaying.",811,batch-019,1sGA1utV_0fIbVCPzHCx5i0CvmECpa4E7MRHWDVkLVVs,https://docs.google.com/document/d/1sGA1utV_0fIbVCPzHCx5i0CvmECpa4E7MRHWDVkLVVs/edit?usp=drivesdk,,No standardized grading system exists for moldavite; price ranges reflect observed retail listings as of September 2026 and may have changed; auction and specialty-dealer pricing for exceptional specimens can exceed stated ranges substantially.
/gemstones/moldavite/who-should-not-wear,gemstones,M1 Stone Atlas,S1.2 who-should-not-wear,subpage,moldavite,who-should-not-wear,new,P3,Evaluation,Who Should Be Cautious About Wearing Moldavite,Who Should Not Wear Moldavite — Physical & Traditional Cautions,"Moldavite's Mohs 5.5 hardness makes it fragile for daily wear. Crystal tradition also cautions beginners, pregnant people, and emotionally sensitive individuals.",826,batch-019,1uPFualJk3UoGSZuV8iVDo3dfdgYlFx282BziaPTxjys,https://docs.google.com/document/d/1uPFualJk3UoGSZuV8iVDo3dfdgYlFx282BziaPTxjys/edit?usp=drivesdk,,No peer-reviewed studies on reported moldavite-flush sensations; traditional cautions are based on practitioner accounts only.
/gemstones/moonstone/affirmations,gemstones,M1 Stone Atlas,S1.8 affirmations,subpage,moonstone,affirmations,new,P3,Instruction,Moonstone Affirmations — How to Use Them with the Stone,Moonstone Affirmations — Words That Fit Its Tradition,"Moonstone is traditionally linked to intuition, new beginnings, and emotional flow. Learn which affirmations suit the stone and how to use them in practice.",748,batch-024,1kUXYSt3T1oMB3U7pEqhHVwofCTfZAsAZ4y4Z_gvRmlY,https://docs.google.com/document/d/1kUXYSt3T1oMB3U7pEqhHVwofCTfZAsAZ4y4Z_gvRmlY/edit?usp=drivesdk,,No peer-reviewed evidence exists that affirmations work more effectively when paired with crystals; the practice is framed throughout as a personal and traditional one.
/gemstones/moonstone/combinations,gemstones,M1 Stone Atlas,S1.7 combinations,subpage,moonstone,combinations,new,P3,Evaluation,Moonstone Crystal Combinations — Pairings and Purpose,Moonstone Crystal Combinations — Which Stones Pair Well,"Moonstone pairs well with labradorite, rose quartz, amethyst, and aquamarine in crystal tradition. Learn which combinations suit which goals and which to avoid.",813,batch-024,1O2Y1gYsuziPXZXvXKHZct2GipHPbj86Do0x6K9ZRXl0,https://docs.google.com/document/d/1O2Y1gYsuziPXZXvXKHZct2GipHPbj86Do0x6K9ZRXl0/edit?usp=drivesdk,,Crystal pairing traditions vary across practitioners and lineages; no single authoritative source exists for traditional pairings. All pairings reflect common practitioner consensus rather than any verifiable standard.
/gemstones/moonstone/how-to-cleanse,gemstones,M1 Stone Atlas,S1.6 how-to-cleanse,subpage,moonstone,how-to-cleanse,new,P3,Instruction,How to Cleanse and Recharge Moonstone,How to Cleanse Moonstone — Safe Methods Explained,"Moonlight, smoke, and sound are the safest ways to cleanse moonstone. Learn which methods work, which risks to avoid, and how to recharge the stone.",841,batch-024,1S_YVQTesbfFTCdlgn5JMAH9pEnyE95Cmzq-PjqjMxmQ,https://docs.google.com/document/d/1S_YVQTesbfFTCdlgn5JMAH9pEnyE95Cmzq-PjqjMxmQ/edit?usp=drivesdk,,none
/gemstones/moonstone/how-to-identify,gemstones,M1 Stone Atlas,S1.4 how-to-identify,subpage,moonstone,how-to-identify,new,P3,Instruction,How to Identify Real Moonstone vs Fakes and Imitations,How to Identify Real Moonstone — Tests That Work,"Real moonstone shows a floating internal glow called adularescence. Learn how to distinguish it from opalite glass, dyed fakes, and assembled stones.",989,batch-024,1xLBw0u6M3LKKwZ7ypF3cFiY1G06hAiJ6qvz1jcu0z9I,https://docs.google.com/document/d/1xLBw0u6M3LKKwZ7ypF3cFiY1G06hAiJ6qvz1jcu0z9I/edit?usp=drivesdk,,"No synthetic moonstone (true lab-grown feldspar with adularescence) is commercially significant; 'synthetic moonstone' listings typically mean glass or imitation, not true synthetic feldspar."
/gemstones/moonstone/price-guide,gemstones,M1 Stone Atlas,S1.9 price-guide,subpage,moonstone,price-guide,new,P3,Explanation,Moonstone Price Guide — What It Costs and Why,Moonstone Price Guide 2026 — Cost Per Carat Explained,"Moonstone ranges from $3 to $500+ per carat depending on adularescence, transparency, and origin. Learn the quality tiers and how to avoid overpaying.",799,batch-024,1r-jqeusRKFZC_Pp1KxKhRoyLOVjVPqf-3Ta8Lu0PjLI,https://docs.google.com/document/d/1r-jqeusRKFZC_Pp1KxKhRoyLOVjVPqf-3Ta8Lu0PjLI/edit?usp=drivesdk,,"Retail price evidence is from gem-trade and crystal retailer sources, not auction or laboratory records; prices vary significantly by seller, cutting quality, and treatment disclosure. Wholesale vs retail distinction not always clear in sources."
/gemstones/moonstone/sleeping-with,gemstones,M1 Stone Atlas,S1.5 sleeping-with,subpage,moonstone,sleeping-with,new,P3,Explanation,Sleeping with Moonstone — What to Know Before You Try,Sleeping with Moonstone — Under the Pillow or By the Bed?,"Moonstone is physically safe to keep near the bed. Learn the practical placement options, what crystal tradition says, and who should proceed carefully.",674,batch-024,1AFXgFiMWsnuHkX_IbFR5jsBmlDJ76PRDFtkdY_IdN-o,https://docs.google.com/document/d/1AFXgFiMWsnuHkX_IbFR5jsBmlDJ76PRDFtkdY_IdN-o/edit?usp=drivesdk,,No clinical evidence exists that placing any crystal near the bed affects sleep quality; all sleep-related associations are stated as tradition.
/gemstones/moonstone/who-should-not-wear,gemstones,M1 Stone Atlas,S1.2 who-should-not-wear,subpage,moonstone,who-should-not-wear,new,P3,Evaluation,Who Should Be Cautious About Wearing Moonstone,Who Should Not Wear Moonstone — Physical & Tradition,"Moonstone's soft 6–6.5 Mohs hardness and perfect cleavage make it fragile for daily wear. Learn who should exercise caution, and what tradition says.",678,batch-024,1YQjnzJbyop5btwvbuv2cJhwBqZIaBDgCqj0aS0O_FEs,https://docs.google.com/document/d/1YQjnzJbyop5btwvbuv2cJhwBqZIaBDgCqj0aS0O_FEs/edit?usp=drivesdk,,"Vedic contraindication evidence is from tradition-based practitioner sources, not a single authoritative astrological reference; recommendations vary across sources."
/gemstones/moss-agate/affirmations,gemstones,M1 Stone Atlas,S1.8 affirmations,subpage,moss-agate,affirmations,new,P3,Instruction,Moss Agate Affirmations — Phrases and How to Use Them,Moss Agate Affirmations — Words That Fit the Stone,"Moss Agate is traditionally linked to growth, abundance, and new beginnings. These affirmations fit those themes and a simple method for using them.",650,batch-021,1Cmm129sS_LiturQkMJowUtcnHcI7knEEcZGoQSYfPzc,https://docs.google.com/document/d/1Cmm129sS_LiturQkMJowUtcnHcI7knEEcZGoQSYfPzc/edit?usp=drivesdk,,Affirmation effectiveness is a matter of personal practice; no scientific evidence supports stone-affirmation interactions.
/gemstones/moss-agate/combinations,gemstones,M1 Stone Atlas,S1.7 combinations,subpage,moss-agate,combinations,new,P3,Evaluation,Best Moss Agate Crystal Combinations and Pairings,Moss Agate Crystal Combinations — What to Pair and Why,Moss Agate pairs well with grounding and growth-focused stones. Learn which crystals tradition recommends alongside it and which to approach thoughtfully.,751,batch-021,1gQcoIC6JkGUkjBPSI3NUKVKdFLJ0R8am2reB-mIS9f0,https://docs.google.com/document/d/1gQcoIC6JkGUkjBPSI3NUKVKdFLJ0R8am2reB-mIS9f0/edit?usp=drivesdk,,"Crystal pairing traditions vary across sources; no scientific evidence supports any specific pairing effect. Recommendations reflect common practitioner usage, not verified outcomes."
/gemstones/moss-agate/how-to-cleanse,gemstones,M1 Stone Atlas,S1.6 how-to-cleanse,subpage,moss-agate,how-to-cleanse,new,P3,Instruction,How to Cleanse Moss Agate Without Damaging It,How to Cleanse Moss Agate Safely — Methods That Work,"Moss Agate is water-safe for brief rinsing. Learn which cleansing methods are safe — water, smoke, sound, moonlight — and how to recharge after cleansing.",743,batch-021,1AIVDJ7CMYWyiuzk3bfVoxZrozO1xmkHzvmY5ArNGktY,https://docs.google.com/document/d/1AIVDJ7CMYWyiuzk3bfVoxZrozO1xmkHzvmY5ArNGktY/edit?usp=drivesdk,,none
/gemstones/moss-agate/how-to-identify,gemstones,M1 Stone Atlas,S1.4 how-to-identify,subpage,moss-agate,how-to-identify,new,P3,Instruction,How to Identify Real Moss Agate,How to Identify Real Moss Agate vs Fakes and Glass,"Real Moss Agate is chalcedony with natural mineral inclusions. Learn how to spot it by hardness, temperature, inclusions, and what imitations look like.",811,batch-021,1IXF2ecgiyzTXBJRvhkzOTSQYTD-XIoAuoSrDNl2eyio,https://docs.google.com/document/d/1IXF2ecgiyzTXBJRvhkzOTSQYTD-XIoAuoSrDNl2eyio/edit?usp=drivesdk,,"At-home tests (temperature, scratch) are indicative but not conclusive; definitive identification requires gemological equipment."
/gemstones/moss-agate/price-guide,gemstones,M1 Stone Atlas,S1.9 price-guide,subpage,moss-agate,price-guide,new,P3,Explanation,Moss Agate Price Guide — What It Costs and Why,"Moss Agate Price Guide — Cost Per Carat, Rough & Jewelry",Moss Agate is an affordable semi-precious stone. Loose cabochons run $1–50 per carat; tumbled stones $3–25; finished jewelry $30–300+. Here is what drives the price.,830,batch-021,15kwLC-5OywyLZybaBDGujmACBewstWTkjzQvX0dPUls,https://docs.google.com/document/d/15kwLC-5OywyLZybaBDGujmACBewstWTkjzQvX0dPUls/edit?usp=drivesdk,,"Retail prices surveyed September 2026; prices vary by seller, region, and market conditions. No standardized grading exists for Moss Agate, so price ranges are indicative."
/gemstones/moss-agate/sleeping-with,gemstones,M1 Stone Atlas,S1.5 sleeping-with,subpage,moss-agate,sleeping-with,new,P3,Explanation,Sleeping with Moss Agate — What to Know,Sleeping with Moss Agate — Practical Guide,"Moss Agate is physically safe to sleep with. Learn what tradition says about under-pillow placement, who it suits, and how to try it sensibly.",623,batch-021,1eT4rWeAL9kfvKfZzykAxA97Dz_qhYLswFjOBLemyguE,https://docs.google.com/document/d/1eT4rWeAL9kfvKfZzykAxA97Dz_qhYLswFjOBLemyguE/edit?usp=drivesdk,,No peer-reviewed sleep research exists on crystal placement; all sleep-related claims are traditional.
/gemstones/moss-agate/who-should-not-wear,gemstones,M1 Stone Atlas,S1.2 who-should-not-wear,subpage,moss-agate,who-should-not-wear,new,P3,Evaluation,Who Should Not Wear Moss Agate,Who Should Not Wear Moss Agate — Cautions Explained,"Moss Agate has no physical toxicity hazards. Learn who tradition suggests may want caution, including astrology and sensory concerns.",655,batch-021,1XKcDC8703fDQHKMYDtav6s5s-kDSp6Gj5lL6HPWx7kM,https://docs.google.com/document/d/1XKcDC8703fDQHKMYDtav6s5s-kDSp6Gj5lL6HPWx7kM/edit?usp=drivesdk,,No peer-reviewed evidence exists for or against metaphysical cautions; astrological attributions vary by tradition and source.
/gemstones/obsidian/affirmations,gemstones,M1 Stone Atlas,S1.8 affirmations,subpage,obsidian,affirmations,new,P3,Instruction,Obsidian Affirmations — How to Use Them With the Stone,Obsidian Affirmations — Words That Match Its Tradition,"Obsidian affirmations focus on protection, truth, grounding, and transformation. Hold the stone, breathe slowly, and repeat the affirmation with clear intention.",835,batch-022,1HLuqaK9vY0kgj8HllBfyCK2-SxvEgcXMAfPZUYbSucA,https://docs.google.com/document/d/1HLuqaK9vY0kgj8HllBfyCK2-SxvEgcXMAfPZUYbSucA/edit?usp=drivesdk,,none
/gemstones/obsidian/combinations,gemstones,M1 Stone Atlas,S1.7 combinations,subpage,obsidian,combinations,new,P3,Evaluation,Obsidian Combinations — Best Crystal Pairings and Why,Obsidian Crystal Combinations — Pairings by Goal,"Obsidian pairs well with black tourmaline for protection, hematite for grounding, and rose quartz to balance intensity. Less suited to high-energy activating stones.",792,batch-022,1N_TyHML2GXUhd3mEH-HMKCJfRjAPAc2zu3FlAwZNMDY,https://docs.google.com/document/d/1N_TyHML2GXUhd3mEH-HMKCJfRjAPAc2zu3FlAwZNMDY/edit?usp=drivesdk,,none
/gemstones/obsidian/how-to-cleanse,gemstones,M1 Stone Atlas,S1.6 how-to-cleanse,subpage,obsidian,how-to-cleanse,new,P2,Instruction,How to Cleanse Obsidian — Safe Methods Explained,How to Cleanse Obsidian Safely — Methods That Work,"Obsidian can be rinsed briefly in water but avoid salt and prolonged soaking. Best cleansing methods: smoke, sound, moonlight, dry earth, and water rinse.",838,batch-022,1COPwgLvv3bM4xLRgr8S_02QcJuW3_Cz8cxMGtrV2E0o,https://docs.google.com/document/d/1COPwgLvv3bM4xLRgr8S_02QcJuW3_Cz8cxMGtrV2E0o/edit?usp=drivesdk,,none
/gemstones/obsidian/how-to-identify,gemstones,M1 Stone Atlas,S1.4 how-to-identify,subpage,obsidian,how-to-identify,new,P3,Instruction,How to Identify Real Obsidian — Tests and Common Fakes,How to Identify Real Obsidian vs. Glass and Fakes,"Real obsidian is volcanic glass with conchoidal fracture, a Mohs hardness of 5–5.5, and natural flow patterns. Slag glass, dyed glass, and resin are common substitutes.",939,batch-022,1-KNTTsVV8pa4z7_pX5nBHJD7FjjoSQfHR3lt10D-yDA,https://docs.google.com/document/d/1-KNTTsVV8pa4z7_pX5nBHJD7FjjoSQfHR3lt10D-yDA/edit?usp=drivesdk,,none
/gemstones/obsidian/meaning,gemstones,M1 Stone Atlas,S1.1 meaning,subpage,obsidian,meaning,new,P3,Explanation,Obsidian Meaning — What It Is and What It Is Used For,"Obsidian Meaning — History, Properties & Traditional Use","Obsidian is a volcanic glass prized since the Stone Age for its sharp edges. In crystal tradition it is associated with protection, grounding, and transformation.",830,batch-022,19uRuyjUkivQMSGlVQOdOTWaFuASWy7-9Yj-broAZeJg,https://docs.google.com/document/d/19uRuyjUkivQMSGlVQOdOTWaFuASWy7-9Yj-broAZeJg/edit?usp=drivesdk,,none
/gemstones/obsidian/price-guide,gemstones,M1 Stone Atlas,S1.9 price-guide,subpage,obsidian,price-guide,new,P3,Explanation,Obsidian Price Guide — What It Costs and Why,"Obsidian Price Guide — Costs by Type, September 2026","Black obsidian tumbled stones sell for $1–$10. Rainbow and fire obsidian run $20–$100+. Price depends on variety, size, finish, and sheen quality.",853,batch-022,1z0xmFH7oSIVNylgvdthaCEPl-c1qj5lfpSq8p5oXOBc,https://docs.google.com/document/d/1z0xmFH7oSIVNylgvdthaCEPl-c1qj5lfpSq8p5oXOBc/edit?usp=drivesdk,,Price ranges are based on retail survey data from May–September 2026. Fine lapidary-grade rainbow and fire obsidian prices may vary significantly; limited data on carved or large decorative pieces.
/gemstones/obsidian/sleeping-with,gemstones,M1 Stone Atlas,S1.5 sleeping-with,subpage,obsidian,sleeping-with,new,P3,Explanation,Sleeping with Obsidian — What to Expect and How to Do It,"Sleeping with Obsidian — Benefits, Cautions & Placement","Polished obsidian is safe to keep near the bed. In crystal tradition it is used for protection and dream clarity, but sensitive sleepers may find it too stimulating.",752,batch-022,1PmNj1_dOrkGhCHeZU_RQV8Yok29NZEEOz0BOgMoM9wo,https://docs.google.com/document/d/1PmNj1_dOrkGhCHeZU_RQV8Yok29NZEEOz0BOgMoM9wo/edit?usp=drivesdk,,none
/gemstones/obsidian/who-should-not-wear,gemstones,M1 Stone Atlas,S1.2 who-should-not-wear,subpage,obsidian,who-should-not-wear,new,P3,Evaluation,Who Should Be Cautious About Wearing Obsidian,Who Should Not Wear Obsidian — Physical & Traditional Cautions,"Raw obsidian has razor-sharp edges. In crystal tradition, sensitive individuals and those in acute emotional distress are advised to approach it gradually.",660,batch-022,1n3Pyp3BpLXl5WzLR_SmlExy8euVApUaAHYq74FgAnmA,https://docs.google.com/document/d/1n3Pyp3BpLXl5WzLR_SmlExy8euVApUaAHYq74FgAnmA/edit?usp=drivesdk,,none
/gemstones/opal/affirmations,gemstones,M1 Stone Atlas,S1.8 affirmations,subpage,opal,affirmations,new,P3,Instruction,Opal Affirmations — Phrases and How to Use Them,Opal Affirmations — Phrases for Creativity and Intuition,"Opal is linked to creativity, intuition, and inspiration in crystal tradition. Learn which affirmations suit these themes and a step-by-step routine for using them.",836,batch-020,1-n81iqL5BNG8EMNd-dzmj7wHxwmCMEVLkIqxx2hETW8,https://docs.google.com/document/d/1-n81iqL5BNG8EMNd-dzmj7wHxwmCMEVLkIqxx2hETW8/edit?usp=drivesdk,,none
/gemstones/opal/combinations,gemstones,M1 Stone Atlas,S1.7 combinations,subpage,opal,combinations,new,P3,Evaluation,Opal Crystal Combinations — Pairings and Goals,Opal Crystal Combinations — Best Pairings by Goal,"Opal pairs with moonstone for intuition, labradorite for visionary work, rose quartz for emotional warmth, and clear quartz for amplification. Learn pairings by goal.",848,batch-020,1yMJmPgAXgGgGxzTUZxXpzSjtCziczT7RCJNV0-Tb9xc,https://docs.google.com/document/d/1yMJmPgAXgGgGxzTUZxXpzSjtCziczT7RCJNV0-Tb9xc/edit?usp=drivesdk,,none
/gemstones/opal/how-to-cleanse,gemstones,M1 Stone Atlas,S1.6 how-to-cleanse,subpage,opal,how-to-cleanse,new,P3,Instruction,How to Cleanse Opal Without Damaging It,How to Cleanse Opal Safely — Methods That Work,"Opal is heat-sensitive and fragile. Learn which cleansing methods are safe — smoke, sound, moonlight, brief water rinse — and which to avoid, including sudden heat.",978,batch-020,1CdKgHJj9usMx-Rl781rqCbI1mfvr9RozwYUhuNB95K0,https://docs.google.com/document/d/1CdKgHJj9usMx-Rl781rqCbI1mfvr9RozwYUhuNB95K0/edit?usp=drivesdk,,none
/gemstones/opal/how-to-identify,gemstones,M1 Stone Atlas,S1.4 how-to-identify,subpage,opal,how-to-identify,new,P3,Instruction,How to Identify Real Opal — Tests and Red Flags,How to Identify Real Opal vs Fakes and Imitations,"Real opal shows play of color from silica spheres inside the stone. Distinguish natural opal from glass, synthetic material, and assembled doublets using these tests.",918,batch-020,10ydqbgNB0syJyCa1cHS5DKiZL9Dk6RvaBSGhUiBL_5s,https://docs.google.com/document/d/10ydqbgNB0syJyCa1cHS5DKiZL9Dk6RvaBSGhUiBL_5s/edit?usp=drivesdk,,none
/gemstones/opal/meaning,gemstones,M1 Stone Atlas,S1.1 meaning,subpage,opal,meaning,new,P3,Explanation,"Opal Meaning, History, and Traditional Uses",Opal Meaning — History and Traditions,"Opal is a hydrated silica mineraloid famed for its play of color. Learn what it symbolizes, its history, and how it is traditionally used in crystal practice.",850,batch-020,1qTB-jO8DNqNhlNzLXakXbe1yazK2ehJjUS4O7ginj3w,https://docs.google.com/document/d/1qTB-jO8DNqNhlNzLXakXbe1yazK2ehJjUS4O7ginj3w/edit?usp=drivesdk,,none
/gemstones/opal/price-guide,gemstones,M1 Stone Atlas,S1.9 price-guide,subpage,opal,price-guide,new,P3,Explanation,Opal Price Guide — What It Costs and Why,Opal Price Guide — Cost by Type and Grade (2026),"Opal prices range from under $5 per carat for common material to over $15,000 per carat for top black opal. Learn what drives the difference and how to avoid overpaying.",1059,batch-020,1SgmUxgfSKLyTCxTjeaSlTECfYPfWXUs07HB_kIuEzcU,https://docs.google.com/document/d/1SgmUxgfSKLyTCxTjeaSlTECfYPfWXUs07HB_kIuEzcU/edit?usp=drivesdk,,none
/gemstones/opal/sleeping-with,gemstones,M1 Stone Atlas,S1.5 sleeping-with,subpage,opal,sleeping-with,new,P3,Explanation,Sleeping with Opal — Practical Guide and Traditions,Sleeping with Opal — Is It Safe and How to Do It,"Opal is fragile and heat-sensitive. Learn the physical considerations for sleeping with opal nearby, traditional reasons people do it, and how to place the stone safely.",818,batch-020,1vW59XDAIOjLsAKJhu0O4BI0-KxOz0HLP9CWADgkGzes,https://docs.google.com/document/d/1vW59XDAIOjLsAKJhu0O4BI0-KxOz0HLP9CWADgkGzes/edit?usp=drivesdk,,none
/gemstones/opalite/affirmations,gemstones,M1 Stone Atlas,S1.8 affirmations,subpage,opalite,affirmations,new,P3,Instruction,Opalite Affirmations: Phrases and How to Use Them,Opalite Affirmations — Phrases to Use With the Stone,"Opalite is traditionally linked to transitions, calm, and intuition. Learn which affirmations match its associations and how to use them in practice.",885,batch-023,1Jh0LiJ1i7dVMtvd5rAb381R5XzHcmmWfkd_jkRN2o6I,https://docs.google.com/document/d/1Jh0LiJ1i7dVMtvd5rAb381R5XzHcmmWfkd_jkRN2o6I/edit?usp=drivesdk,,Affirmation content is drawn from crystal practice tradition; no empirical studies on the effect of affirmations combined with crystals have been reviewed.
/gemstones/opalite/combinations,gemstones,M1 Stone Atlas,S1.7 combinations,subpage,opalite,combinations,new,P3,Evaluation,Opalite Crystal Combinations: Pairings by Goal,Opalite Crystal Combinations — Best Pairings and Why,"Opalite pairs well with rose quartz, moonstone, amethyst, and labradorite in crystal tradition. Learn which combinations suit which intentions and what to avoid.",1004,batch-023,19xyejgr-Q_YVQIrs1cWqiw3pp8-Wv-Gu_aIqaR9QmDQ,https://docs.google.com/document/d/19xyejgr-Q_YVQIrs1cWqiw3pp8-Wv-Gu_aIqaR9QmDQ/edit?usp=drivesdk,,All pairing recommendations are drawn from crystal practice tradition. No controlled evidence exists for energetic interactions between stones.
/gemstones/opalite/how-to-cleanse,gemstones,M1 Stone Atlas,S1.6 how-to-cleanse,subpage,opalite,how-to-cleanse,new,P3,Instruction,How to Cleanse and Recharge Opalite,How to Cleanse Opalite — Safe Methods That Work,"Opalite is synthetic glass and is water-safe. Learn the best cleansing methods — water rinse, smoke, sound, moonlight — and how to recharge it afterward.",923,batch-023,1biZFSSV5rgwpeqbwq_yVhcX2s2jsqzvVAqXdkAda5Ko,https://docs.google.com/document/d/1biZFSSV5rgwpeqbwq_yVhcX2s2jsqzvVAqXdkAda5Ko/edit?usp=drivesdk,,none
/gemstones/opalite/how-to-identify,gemstones,M1 Stone Atlas,S1.4 how-to-identify,subpage,opalite,how-to-identify,new,P3,Instruction,How to Identify Opalite and Tell It From Other Stones,How to Identify Opalite — Key Tests and Visual Clues,"Opalite is synthetic glass sold under many names. Learn the visual and physical tests that distinguish it from natural opal, moonstone, and other imitations.",1062,batch-023,1Srgdmz5zxhY2RYAdCrTv3uDZj2XB1UM0P4cymgvTNUI,https://docs.google.com/document/d/1Srgdmz5zxhY2RYAdCrTv3uDZj2XB1UM0P4cymgvTNUI/edit?usp=drivesdk,,No independent gemological laboratory reports specifically on opalite glass identification were located. Identification criteria reflect material properties of glass as documented by Mindat and standard gemological reference.
/gemstones/opalite/price-guide,gemstones,M1 Stone Atlas,S1.9 price-guide,subpage,opalite,price-guide,new,P3,Explanation,Opalite Price Guide: What It Costs and Why,"Opalite Price Guide — Costs, Quality Factors, and Value","Opalite tumbled stones cost $1–5 each at retail. Learn what drives the price, how quality varies, and how to avoid overpaying for synthetic glass sold as natural opal.",1039,batch-023,1z1uzG370LzSKgK7opH4Wp8i8lhZqXDO_vQTYSb-JNIA,https://docs.google.com/document/d/1z1uzG370LzSKgK7opH4Wp8i8lhZqXDO_vQTYSb-JNIA/edit?usp=drivesdk,,Pricing data from US and Canadian retail/wholesale listings checked September 2026. International pricing and specialty carved or large-format opalite prices may differ. No auction house price data for opalite was located.
/gemstones/opalite/sleeping-with,gemstones,M1 Stone Atlas,S1.5 sleeping-with,subpage,opalite,sleeping-with,new,P3,Explanation,Sleeping With Opalite: What to Expect and How to Do It,Sleeping With Opalite — What Crystal Tradition Says,"Opalite is physically safe to sleep with. Learn what crystal tradition associates with it at night, where to place it, and who may want to try it differently.",886,batch-023,11-Z6TPZ-h0RZ9swGv2Hiy5Bm6ID-e995mGQypdHCPAg,https://docs.google.com/document/d/11-Z6TPZ-h0RZ9swGv2Hiy5Bm6ID-e995mGQypdHCPAg/edit?usp=drivesdk,,"No peer-reviewed research on opalite specifically for sleep was found. All associations with dream activity, emotional calm, and night-time use are drawn from crystal practice tradition only."
/gemstones/opalite/who-should-not-wear,gemstones,M1 Stone Atlas,S1.2 who-should-not-wear,subpage,opalite,who-should-not-wear,new,P3,Evaluation,Who Should Be Cautious About Wearing Opalite,Who Should Not Wear Opalite — Safety and Tradition,"Opalite is non-toxic synthetic glass with no chemical hazards. Learn which physical cautions apply, what crystal tradition says, and who may prefer other stones.",816,batch-023,1YAtV-OwKNc140loIzJOFWbuoOl-HoAR-8xAzBmGKdJE,https://docs.google.com/document/d/1YAtV-OwKNc140loIzJOFWbuoOl-HoAR-8xAzBmGKdJE/edit?usp=drivesdk,,No astrological contraindication evidence found in peer-reviewed sources; all zodiac and energy cautions reflect crystal practice tradition only. No Vedic astrology sources specifically warning against opalite were located.
/gemstones/peach-moonstone/affirmations,gemstones,M1 Stone Atlas,S1.8 affirmations,subpage,peach-moonstone,affirmations,new,P3,Instruction,Peach Moonstone Affirmations and How to Use Them,Peach Moonstone Affirmations — Phrases and Practice Guide,"Affirmations for Peach Moonstone draw on its traditional associations with nurturing, intuition, and emotional gentleness. Learn the practice and 10 example phrases.",744,batch-068,1OL-rCXrqwZvPiJrATeyx1V4ESzW0otUs0VLCwcKqafQ,https://docs.google.com/document/d/1OL-rCXrqwZvPiJrATeyx1V4ESzW0otUs0VLCwcKqafQ/edit?usp=drivesdk,,No peer-reviewed evidence for affirmation effects when combined with crystals; practice stated as tradition throughout.
/gemstones/peach-moonstone/can-go-in-water,gemstones,M1 Stone Atlas,S1.3 can-go-in-water,subpage,peach-moonstone,can-go-in-water,new,P3,Explanation,Can Peach Moonstone Go in Water? Safety and Cleaning Guide,Can Peach Moonstone Go in Water? What You Need to Know,"Peach Moonstone is not water-soluble, but perfect cleavage makes prolonged soaking risky. A brief rinse is fine; salt water and ultrasonic cleaners are not.",734,batch-068,1VNQDPeT_ZKEYxHyv_WNf3HkOoc_dhU1Mha6SIpTg8rk,https://docs.google.com/document/d/1VNQDPeT_ZKEYxHyv_WNf3HkOoc_dhU1Mha6SIpTg8rk/edit?usp=drivesdk,,none
/gemstones/peach-moonstone/combinations,gemstones,M1 Stone Atlas,S1.7 combinations,subpage,peach-moonstone,combinations,new,P3,Evaluation,Peach Moonstone Crystal Combinations — Pairings and Goals,Peach Moonstone Combinations — Which Crystals Pair Well,"Rose quartz, amethyst, and labradorite are common pairings with Peach Moonstone in crystal tradition. Learn which goals each pairing serves and what to avoid.",681,batch-068,1Galq11J49M_xEGy7HI4T6Ka8DpFRjcCBGiXgDbI2mOA,https://docs.google.com/document/d/1Galq11J49M_xEGy7HI4T6Ka8DpFRjcCBGiXgDbI2mOA/edit?usp=drivesdk,,All pairing recommendations are traditional/metaphysical; no peer-reviewed evidence for crystal synergy effects.
/gemstones/peach-moonstone/how-to-cleanse,gemstones,M1 Stone Atlas,S1.6 how-to-cleanse,subpage,peach-moonstone,how-to-cleanse,new,P3,Instruction,How to Cleanse Peach Moonstone Without Damaging It,How to Cleanse Peach Moonstone Safely — Methods That Work,Peach Moonstone can handle brief water rinses but not prolonged soaking. Learn which cleansing methods are safe and which risk chipping the stone.,855,batch-068,16-LwyBQULhUhZmufN0rxfVsOr2kORVxcHHA2JjzocOU,https://docs.google.com/document/d/16-LwyBQULhUhZmufN0rxfVsOr2kORVxcHHA2JjzocOU/edit?usp=drivesdk,,none
/gemstones/peach-moonstone/how-to-identify,gemstones,M1 Stone Atlas,S1.4 how-to-identify,subpage,peach-moonstone,how-to-identify,new,P3,Instruction,How to Identify Real Peach Moonstone vs Fakes and Glass,How to Identify Real Peach Moonstone — Tests That Work,"Real Peach Moonstone shows adularescence that moves with the light. Learn how to spot glass, dyed feldspar, and synthetic imitations using simple at-home checks.",813,batch-068,1mF74-Mc4wOflUsDChFgX1Lvoa0F9Nq5whe6Qxr6wFe8,https://docs.google.com/document/d/1mF74-Mc4wOflUsDChFgX1Lvoa0F9Nq5whe6Qxr6wFe8/edit?usp=drivesdk,,At-home tests cannot substitute for gemological lab identification; page covers practical visual and tactile checks only.
/gemstones/peach-moonstone/price-guide,gemstones,M1 Stone Atlas,S1.9 price-guide,subpage,peach-moonstone,price-guide,new,P3,Explanation,Peach Moonstone Price Guide — Cost and Value Factors,Peach Moonstone Price Guide — What It Costs in 2026,"Peach Moonstone typically costs $5–$50 per carat at retail. Learn what drives its price — adularescence, transparency, cut, size — and how to avoid overpaying.",751,batch-068,1E9sRkPKi5vd7URssaoTst4de1Rp6LSAxeITwxB2wOcU,https://docs.google.com/document/d/1E9sRkPKi5vd7URssaoTst4de1Rp6LSAxeITwxB2wOcU/edit?usp=drivesdk,,"Retail price data from July 2026 (gemslore.com); prices fluctuate by seller, region, and grade. No single authoritative per-piece tumbled-stone price source found; per-piece ranges estimated from loose-carat data."
/gemstones/peach-moonstone/sleeping-with,gemstones,M1 Stone Atlas,S1.5 sleeping-with,subpage,peach-moonstone,sleeping-with,new,P3,Explanation,Sleeping with Peach Moonstone — How and Where to Place It,Sleeping with Peach Moonstone — Placement and Practical Tips,Peach Moonstone is fragile in bed due to cleavage. Learn the safest placement options — bedside vs under pillow — and what crystal tradition says about night use.,720,batch-068,1rtLbIiMdBGtnvFtR__mre1UXyS58hLpnTI8iCvQvViY,https://docs.google.com/document/d/1rtLbIiMdBGtnvFtR__mre1UXyS58hLpnTI8iCvQvViY/edit?usp=drivesdk,,No clinical evidence for crystal effects on sleep; traditional associations stated as such throughout.
/gemstones/peach-moonstone/who-should-not-wear,gemstones,M1 Stone Atlas,S1.2 who-should-not-wear,subpage,peach-moonstone,who-should-not-wear,new,P3,Evaluation,Who Should Be Cautious About Wearing Peach Moonstone,Who Should Not Wear Peach Moonstone — Cautions Explained,"Peach Moonstone has no physical toxicity, but cleavage makes rings risky. Learn physical, traditional, and astrological cautions before wearing it.",622,batch-068,1Z7u_nUoNLVrSYeT-dEqUdjGO2JS8b8JKE4Wa1d7Pqqg,https://docs.google.com/document/d/1Z7u_nUoNLVrSYeT-dEqUdjGO2JS8b8JKE4Wa1d7Pqqg/edit?usp=drivesdk,,No peer-reviewed evidence for astrological contraindications; stated as tradition throughout.
/gemstones/peridot/affirmations,gemstones,M1 Stone Atlas,S1.8 affirmations,subpage,peridot,affirmations,new,P2,Instruction,Peridot Affirmations — Phrases and How to Use Them,Peridot Affirmations — Phrases for Intention Setting,Peridot is traditionally linked to compassion and renewal. Learn which affirmations suit the stone and how to use them in a simple daily practice.,757,batch-012,1y-ZiDia8nxvkmi-tMT8P8orW2cXPLSLYvarzVB9sgD8,https://docs.google.com/document/d/1y-ZiDia8nxvkmi-tMT8P8orW2cXPLSLYvarzVB9sgD8/edit?usp=drivesdk,,Affirmation effectiveness is not demonstrated by controlled evidence; this page describes a traditional and mindfulness-based practice.
/gemstones/peridot/can-go-in-water,gemstones,M1 Stone Atlas,S1.3 can-go-in-water,subpage,peridot,can-go-in-water,new,P2,Explanation,Can Peridot Go in Water? What's Safe and What Isn't,Can Peridot Go in Water? Safety Guide,"Peridot tolerates brief warm-water rinsing but is harmed by acids, pool water, salt water, steam, and prolonged soaking. Full safety breakdown here.",731,batch-012,1DzSdB7dzF9HbI3K2cDVJIz3Ok11UC1AFUG2X1acppV8,https://docs.google.com/document/d/1DzSdB7dzF9HbI3K2cDVJIz3Ok11UC1AFUG2X1acppV8/edit?usp=drivesdk,,none
/gemstones/peridot/combinations,gemstones,M1 Stone Atlas,S1.7 combinations,subpage,peridot,combinations,new,P2,Evaluation,Peridot Crystal Combinations — Pairings and Goals,Peridot Crystal Combinations — Best Pairings,"Peridot pairs well with rose quartz, citrine, and clear quartz. Learn which combinations suit which intentions and which to approach with care.",866,batch-012,1pxVgIS9GvqvMZW_1kkmj1UD1ucDpb898CZNygVlA4mc,https://docs.google.com/document/d/1pxVgIS9GvqvMZW_1kkmj1UD1ucDpb898CZNygVlA4mc/edit?usp=drivesdk,,Crystal combination recommendations are tradition-based; no controlled evidence supports energetic pairing effects.
/gemstones/peridot/how-to-cleanse,gemstones,M1 Stone Atlas,S1.6 how-to-cleanse,subpage,peridot,how-to-cleanse,new,P2,Instruction,How to Cleanse Peridot Without Damaging It,How to Cleanse Peridot Safely — Methods That Work,"Peridot can tolerate brief warm water rinsing but is damaged by acids, steam, and ultrasonic cleaners. Learn safe cleansing and recharging methods.",805,batch-012,1DwlzRUlV06vu6STXxZf-yR5CohJiP7j4c8-d8aMV1ZM,https://docs.google.com/document/d/1DwlzRUlV06vu6STXxZf-yR5CohJiP7j4c8-d8aMV1ZM/edit?usp=drivesdk,,none
/gemstones/peridot/how-to-identify,gemstones,M1 Stone Atlas,S1.4 how-to-identify,subpage,peridot,how-to-identify,new,P2,Instruction,How to Identify Real Peridot — Testing for Fakes,How to Identify Real Peridot vs. Fakes and Glass,Real peridot shows strong doubling of back facets and lily-pad inclusions. Learn the at-home tests and gemologist checks that separate it from glass and synthetics.,878,batch-012,1FCXR0q1lB8_OYJbVY4NsI45MRPp4tqh1Czzm8FKy3dg,https://docs.google.com/document/d/1FCXR0q1lB8_OYJbVY4NsI45MRPp4tqh1Czzm8FKy3dg/edit?usp=drivesdk,,none
/gemstones/peridot/meaning,gemstones,M1 Stone Atlas,S1.1 meaning,subpage,peridot,meaning,new,P2,Explanation,"Peridot Meaning, History, and Traditional Uses","Peridot Meaning — History, Symbolism & Uses","Peridot is the gem-quality form of olivine, an iron-magnesium silicate. Learn its name origin, historical significance, and what traditions associate with it.",843,batch-012,1Cmr-NmFzdCitwKf0aaJjX2PZ_sSYqyq3MUHXDqy4afY,https://docs.google.com/document/d/1Cmr-NmFzdCitwKf0aaJjX2PZ_sSYqyq3MUHXDqy4afY/edit?usp=drivesdk,,none
/gemstones/peridot/price-guide,gemstones,M1 Stone Atlas,S1.9 price-guide,subpage,peridot,price-guide,new,P2,Explanation,Peridot Price Guide — What It Costs and Why,Peridot Price Guide: Cost Per Carat (2026),"Peridot ranges from $5 to $400+ per carat at retail in 2026. Learn what drives the price — color, origin, size — and how to avoid overpaying.",866,batch-012,1Y6LpjSMFLFZEgj5nnLf3rrAKJKgacTIjQKr8kQxtwyw,https://docs.google.com/document/d/1Y6LpjSMFLFZEgj5nnLf3rrAKJKgacTIjQKr8kQxtwyw/edit?usp=drivesdk,,"No independent wholesale price data found; retail ranges drawn from gem-trade and retail-guide sources (jeweliste.com, ajluxe.com, rockchasing.com) as of mid-2026 and will vary by seller and market conditions."
/gemstones/peridot/sleeping-with,gemstones,M1 Stone Atlas,S1.5 sleeping-with,subpage,peridot,sleeping-with,new,P2,Explanation,Sleeping with Peridot — Is It Worth Trying?,Sleeping with Peridot — What to Expect,Peridot is physically safe to keep near the bed. Crystal traditions associate it with releasing emotional tension. Learn placement options and practical considerations.,728,batch-012,1nkKwtIn7UQ5zqC1nAFxb5TXBxcjItR150jNBEobOo3c,https://docs.google.com/document/d/1nkKwtIn7UQ5zqC1nAFxb5TXBxcjItR150jNBEobOo3c/edit?usp=drivesdk,,No published clinical evidence exists for crystal effects during sleep; all sleep-related claims are tradition-based.
/gemstones/pink-agate/affirmations,gemstones,M1 Stone Atlas,S1.8 affirmations,subpage,pink-agate,affirmations,new,P3,Instruction,Pink Agate Affirmations — Phrases and How to Use Them,"Pink Agate Affirmations — Phrases, Practice, and Timing",Pink Agate is traditionally used for self-love and emotional comfort. Learn which affirmations fit its associations and how to use them with the stone effectively.,694,batch-041,1uZZ20r-CyvQlxhplrlajJ3ruJvUrdMEG2kS39aQ9-Lk,https://docs.google.com/document/d/1uZZ20r-CyvQlxhplrlajJ3ruJvUrdMEG2kS39aQ9-Lk/edit?usp=drivesdk,,No clinical evidence that using a crystal as a focus object changes affirmation outcomes compared to affirmation practice alone.
/gemstones/pink-agate/can-go-in-water,gemstones,M1 Stone Atlas,S1.3 can-go-in-water,subpage,pink-agate,can-go-in-water,new,P3,Explanation,Can Pink Agate Go in Water?,Can Pink Agate Go in Water? Safety Explained,"Pink Agate is water-safe for brief rinsing — Mohs 6.5–7, SiO2, no solubility concerns. Learn the limits: dyed stones, salt water, and temperature.",629,batch-041,1Jmot0XQZSW6BaDtkC-6hdT_WsStqOjZxjLKCuhIkkjw,https://docs.google.com/document/d/1Jmot0XQZSW6BaDtkC-6hdT_WsStqOjZxjLKCuhIkkjw/edit?usp=drivesdk,,Specific dye stability in water varies by dye chemistry and cannot be generalized without knowing the treatment used on an individual stone.
/gemstones/pink-agate/combinations,gemstones,M1 Stone Atlas,S1.7 combinations,subpage,pink-agate,combinations,new,P3,Evaluation,Pink Agate Crystal Combinations — What Pairs Well and Why,"Pink Agate Crystal Pairings — Goals, Combinations, and Cautions","Pink Agate pairs well with rose quartz, amethyst, and moonstone in crystal tradition. Learn which combinations suit which intentions, and which pairings to reconsider.",668,batch-041,1wkJFZG8YHo4pbRclIzPJ9bc2LVpNF_HgZzIXOIOYoSg,https://docs.google.com/document/d/1wkJFZG8YHo4pbRclIzPJ9bc2LVpNF_HgZzIXOIOYoSg/edit?usp=drivesdk,,Crystal pairing associations are entirely traditional; no scientific evidence exists for energetic compatibility or incompatibility between stones.
/gemstones/pink-agate/how-to-cleanse,gemstones,M1 Stone Atlas,S1.6 how-to-cleanse,subpage,pink-agate,how-to-cleanse,new,P3,Instruction,How to Cleanse and Recharge Pink Agate,How to Cleanse Pink Agate Safely — Methods That Work,"Pink Agate can be rinsed briefly under water, smudged, or placed in moonlight. Learn which methods are safe, which to avoid, and how to recharge after cleansing.",795,batch-041,1h0JsSGWYMelxxYql1MkF8snBNBkKlCGrxnfQ-vRWIec,https://docs.google.com/document/d/1h0JsSGWYMelxxYql1MkF8snBNBkKlCGrxnfQ-vRWIec/edit?usp=drivesdk,,Sun-fading risk for dyed material is physically plausible but specific timescales depend on dye type and UV intensity.
/gemstones/pink-agate/how-to-identify,gemstones,M1 Stone Atlas,S1.4 how-to-identify,subpage,pink-agate,how-to-identify,new,P3,Instruction,How to Identify Real Pink Agate,How to Identify Real Pink Agate — Genuine vs Dyed vs Fake,"Most pink agate in the trade is dyed chalcedony. Learn how to spot dyed material and glass imitations using hardness, banding, and simple at-home tests.",859,batch-041,1DtQEzOTD517szrmDZ6_w4EGU6Hf8KpAcI7Cice7Uw4k,https://docs.google.com/document/d/1DtQEzOTD517szrmDZ6_w4EGU6Hf8KpAcI7Cice7Uw4k/edit?usp=drivesdk,,UV fluorescence response of pink agate varies by dye type and cannot be generalized without knowing the specific dye chemistry used on an individual stone.
/gemstones/pink-agate/price-guide,gemstones,M1 Stone Atlas,S1.9 price-guide,subpage,pink-agate,price-guide,new,P3,Explanation,Pink Agate Price Guide — What It Costs and Why,Pink Agate Price Guide — Retail Ranges and What Drives Cost,"Natural Pink Agate tumbled stones retail for $4–$6 each; dyed material runs $1–$3. Learn what drives price, how to spot fair value, and where overpaying happens.",741,batch-041,1af64OQs4wGiFNv4IDjBB1Wb1vyyQIdTt6NDQ801Fp1I,https://docs.google.com/document/d/1af64OQs4wGiFNv4IDjBB1Wb1vyyQIdTt6NDQ801Fp1I/edit?usp=drivesdk,,No per-carat or per-gram pricing data found for faceted or high-quality pink agate; the market is almost entirely tumbled stones and beads. Pricing for raw rough specimens could not be confirmed with current retail evidence.
/gemstones/pink-agate/sleeping-with,gemstones,M1 Stone Atlas,S1.5 sleeping-with,subpage,pink-agate,sleeping-with,new,P3,Explanation,Sleeping with Pink Agate — How and Whether to Do It,"Sleeping with Pink Agate — Placement, Practice, and Cautions","Pink Agate is physically safe to keep by the bed. Learn traditional reasons for night-time use, practical placement options, and who may want to try alternatives.",655,batch-041,1XI4CSytGfcWAgJtCKD1H8rIhlQDDSFYzVSxH_njADFs,https://docs.google.com/document/d/1XI4CSytGfcWAgJtCKD1H8rIhlQDDSFYzVSxH_njADFs/edit?usp=drivesdk,,"No clinical evidence that sleeping with crystals alters sleep quality, emotional outcomes, or dream content. Traditional effects are practitioner-reported and vary individually."
/gemstones/pink-agate/who-should-not-wear,gemstones,M1 Stone Atlas,S1.2 who-should-not-wear,subpage,pink-agate,who-should-not-wear,new,P3,Evaluation,Who Should Be Cautious About Wearing Pink Agate,Who Should Avoid Pink Agate — Physical & Traditional Cautions,"Pink Agate is physically safe for most people. Learn who should take care based on dyed-stone handling, astrological tradition, and general crystal practice guidance.",668,batch-041,1e2brrGGIpOr65wdtZsLq5stydXwBtXgCCqQf21VLc3A,https://docs.google.com/document/d/1e2brrGGIpOr65wdtZsLq5stydXwBtXgCCqQf21VLc3A/edit?usp=drivesdk,,No peer-reviewed evidence on crystal healing outcomes. Astrological contraindications are tradition only and vary by source.
/gemstones/pyrite/affirmations,gemstones,M1 Stone Atlas,S1.8 affirmations,subpage,pyrite,affirmations,new,P1,Instruction,Pyrite Affirmations: Phrases to Use and How to Use Them,Pyrite Affirmations: Best Phrases & How to Use Them,"Pyrite affirmations draw on its traditional links to abundance, confidence, and action. Learn which phrases practitioners use and the steps for using them with the stone.",944,batch-001,1slJwCYuvAh8DhS3RO2RtsU0lWHkaXNmcUQJVP7R9WQ0,https://docs.google.com/document/d/1slJwCYuvAh8DhS3RO2RtsU0lWHkaXNmcUQJVP7R9WQ0/edit?usp=drivesdk,,none
/gemstones/pyrite/combinations,gemstones,M1 Stone Atlas,S1.7 combinations,subpage,pyrite,combinations,new,P1,Evaluation,Pyrite Crystal Combinations: Pairings by Goal,Pyrite Crystal Combinations: Best Pairings by Goal,"Pyrite combines well with citrine, tiger's eye, and black tourmaline. Learn which pairings suit which goals and which combinations to approach with care.",1061,batch-001,18ZKA2YQPRnMdMNkj3ulTzD6UGvZ8br8gCg9p3vHj7gM,https://docs.google.com/document/d/18ZKA2YQPRnMdMNkj3ulTzD6UGvZ8br8gCg9p3vHj7gM/edit?usp=drivesdk,,none
/gemstones/pyrite/how-to-cleanse,gemstones,M1 Stone Atlas,S1.6 how-to-cleanse,subpage,pyrite,how-to-cleanse,new,P1,Instruction,How to Cleanse Pyrite Without Damaging It,How to Cleanse Pyrite Safely — Methods That Work,"Pyrite must never go in water. Learn which cleansing methods are safe — smoke, sound, moonlight, and dry earth — and which will damage or corrode your stone.",945,batch-001,1s6KUE1bH0QTbejQ0xhWKmvyaLzGOz79RWvWEjCj0qc8,https://docs.google.com/document/d/1s6KUE1bH0QTbejQ0xhWKmvyaLzGOz79RWvWEjCj0qc8/edit?usp=drivesdk,,none
/gemstones/pyrite/how-to-identify,gemstones,M1 Stone Atlas,S1.4 how-to-identify,subpage,pyrite,how-to-identify,new,P1,Instruction,How to Identify Real Pyrite from Fakes and Lookalikes,How to Identify Real Pyrite: Tests & Lookalikes,"Identify real pyrite using streak, hardness, weight, and crystal habit. Learn to distinguish it from fool's gold impostors, glass, dyed stones, and actual gold.",1067,batch-001,1WpQDR4aJ5tJKkniiVehRTXnZzMuWcmqedhhs_3OVbVI,https://docs.google.com/document/d/1WpQDR4aJ5tJKkniiVehRTXnZzMuWcmqedhhs_3OVbVI/edit?usp=drivesdk,,none
/gemstones/pyrite/meaning,gemstones,M1 Stone Atlas,S1.1 meaning,subpage,pyrite,meaning,new,P1,Explanation,Pyrite Meaning: What It Is and What It Stands For,"Pyrite Meaning, Properties & Traditional Uses","Pyrite is an iron disulfide mineral known as Fool's Gold. Learn what pyrite means, its physical identity, and how it is traditionally used in crystal practice.",971,batch-001,1RsLw7bs3KNpeyoNFofqkzLTB9RsqHq2r76e6JxaJp-8,https://docs.google.com/document/d/1RsLw7bs3KNpeyoNFofqkzLTB9RsqHq2r76e6JxaJp-8/edit?usp=drivesdk,,none
/gemstones/pyrite/price-guide,gemstones,M1 Stone Atlas,S1.9 price-guide,subpage,pyrite,price-guide,new,P1,Explanation,Pyrite Price Guide: What It Costs and Why,"Pyrite Price Guide: Costs, Grading & Value Factors","Pyrite is an abundant mineral sold in many forms at a wide range of prices. Learn what drives pyrite's price, what retail ranges look like, and how to avoid overpaying.",959,batch-001,1qNUBHAsMBCBO1c3F4YGggsCiVzYQiYxRLV-gIXDrZPM,https://docs.google.com/document/d/1qNUBHAsMBCBO1c3F4YGggsCiVzYQiYxRLV-gIXDrZPM/edit?usp=drivesdk,,"Verified retail price ranges for individual natural cubic display specimens (collector grade, Spain origin) are based on general market knowledge; live individual-seller price data for loose tumbled stones and raw crystal clusters was not captured at a fixed date. Collector-grade specimen prices (display cubes, large clusters) require specialist retailer or auction data not found in this research pass."
/gemstones/pyrite/sleeping-with,gemstones,M1 Stone Atlas,S1.5 sleeping-with,subpage,pyrite,sleeping-with,new,P1,Explanation,Sleeping with Pyrite: What to Know Before You Try It,Sleeping with Pyrite: Safety & Practical Guide,"Pyrite can be placed near the bed safely if the right form is used. Learn the physical precautions, what practitioners say, and how to set it up responsibly.",857,batch-001,1K-IcftBb4FRPEu_Q8EkUA2K0r3DIvoVpHugoDWNUoW8,https://docs.google.com/document/d/1K-IcftBb4FRPEu_Q8EkUA2K0r3DIvoVpHugoDWNUoW8/edit?usp=drivesdk,,none
/gemstones/rainbow-hematite/affirmations,gemstones,M1 Stone Atlas,S1.8 affirmations,subpage,rainbow-hematite,affirmations,new,P3,Instruction,Rainbow Hematite Affirmations and How to Use Them,Rainbow Hematite Affirmations: 10 to Try,"Rainbow Hematite is traditionally associated with grounding, protection, and clarity. These affirmations align with those themes and include a simple practice.",721,batch-069,18P4muL4NOfK6swZw8etKWY4NHDtX6CIA66Y1mmaeYEk,https://docs.google.com/document/d/18P4muL4NOfK6swZw8etKWY4NHDtX6CIA66Y1mmaeYEk/edit?usp=drivesdk,,No peer-reviewed evidence that holding a crystal while repeating affirmations produces effects beyond the affirmation practice itself. All crystal-specific guidance is tradition.
/gemstones/rainbow-hematite/can-go-in-water,gemstones,M1 Stone Atlas,S1.3 can-go-in-water,subpage,rainbow-hematite,can-go-in-water,new,P3,Explanation,Can Rainbow Hematite Go in Water?,Can Rainbow Hematite Go in Water? Safe or Not?,Rainbow Hematite tolerates a brief water rinse but prolonged soaking and salt water risk damaging its delicate iridescent surface coating permanently.,805,batch-069,1LuFQFd6cAPmjKh1Phb5zp5mvH3IEVqughekSL50SHAQ,https://docs.google.com/document/d/1LuFQFd6cAPmjKh1Phb5zp5mvH3IEVqughekSL50SHAQ/edit?usp=drivesdk,,No published study specifically testing the effect of prolonged water exposure on the iridescent surface coating of rainbow hematite. The caution is based on the known fragility of the nano-film and general mineralogical reasoning.
/gemstones/rainbow-hematite/combinations,gemstones,M1 Stone Atlas,S1.7 combinations,subpage,rainbow-hematite,combinations,new,P3,Evaluation,Rainbow Hematite Crystal Combinations,Rainbow Hematite Crystal Combinations and Pairings,"Rainbow Hematite pairs well with black tourmaline for protection, clear quartz for clarity, and labradorite for grounded intuition, in crystal tradition.",987,batch-069,1HPVS3OO1eFdx_G6aCKgKZnN4mvoVr4i1wXUAV01A8oQ,https://docs.google.com/document/d/1HPVS3OO1eFdx_G6aCKgKZnN4mvoVr4i1wXUAV01A8oQ/edit?usp=drivesdk,,All crystal pairing guidance is based on practitioner tradition; no empirical evidence exists for energetic interactions between stones.
/gemstones/rainbow-hematite/how-to-cleanse,gemstones,M1 Stone Atlas,S1.6 how-to-cleanse,subpage,rainbow-hematite,how-to-cleanse,new,P3,Instruction,How to Cleanse Rainbow Hematite Without Damaging It,How to Cleanse Rainbow Hematite Safely,Rainbow Hematite tolerates a brief water rinse but its iridescent surface is fragile. Learn which cleansing methods are safe and which to avoid.,886,batch-069,1Y40abSwDqrR5tEmANqTLOmW0UhBTbcRCcOowVViR96w,https://docs.google.com/document/d/1Y40abSwDqrR5tEmANqTLOmW0UhBTbcRCcOowVViR96w/edit?usp=drivesdk,,No clinical evidence for energetic cleansing methods; all metaphysical guidance is tradition.
/gemstones/rainbow-hematite/how-to-identify,gemstones,M1 Stone Atlas,S1.4 how-to-identify,subpage,rainbow-hematite,how-to-identify,new,P3,Instruction,How to Identify Real Rainbow Hematite,How to Identify Real Rainbow Hematite vs. Fakes,"Real Rainbow Hematite has a red-brown streak, natural iridescence from a surface nano-film, and is not strongly magnetic. Learn the key identification tests.",889,batch-069,18Y1nOWpWdvDOC-GM8KoNZOfJYF5vAKAeTAZfckgLNH8,https://docs.google.com/document/d/18Y1nOWpWdvDOC-GM8KoNZOfJYF5vAKAeTAZfckgLNH8/edit?usp=drivesdk,,No standardized retail labeling exists for natural vs. titanium-coated rainbow hematite; sellers' descriptions vary and are not always accurate.
/gemstones/rainbow-hematite/price-guide,gemstones,M1 Stone Atlas,S1.9 price-guide,subpage,rainbow-hematite,price-guide,new,P3,Explanation,Rainbow Hematite Price Guide,Rainbow Hematite Price Guide: What It Costs and Why,Rainbow Hematite tumbled stones retail for $2–$5 each as of September 2026. Natural iridescent specimens cost more than titanium-coated material.,819,batch-069,1OONav0_F1k465sraR2I6qdbUW7ydAFbeLNB21-RBzMI,https://docs.google.com/document/d/1OONav0_F1k465sraR2I6qdbUW7ydAFbeLNB21-RBzMI/edit?usp=drivesdk,,No published price data for high-quality natural (non-titanium-coated) Rainbow Hematite display specimens from specialist mineral dealers; that market segment is not well represented in retail web listings.
/gemstones/rainbow-hematite/sleeping-with,gemstones,M1 Stone Atlas,S1.5 sleeping-with,subpage,rainbow-hematite,sleeping-with,new,P3,Explanation,Sleeping with Rainbow Hematite: What to Expect,Sleeping with Rainbow Hematite: Pillow or Bedside?,"Rainbow Hematite is physically safe near the bed, but practitioners disagree on whether its strong grounding energy suits everyone for sleep use.",800,batch-069,19E0QNe99w621O3HUz5d4P5ZerLCf5SDTTWDZqcv0Uj0,https://docs.google.com/document/d/19E0QNe99w621O3HUz5d4P5ZerLCf5SDTTWDZqcv0Uj0/edit?usp=drivesdk,,No peer-reviewed studies on the effect of crystals on sleep quality. All sleep-related guidance is based on practitioner tradition. No clinical evidence supports or refutes the claim that grounding stones affect dream character.
/gemstones/rainbow-hematite/who-should-not-wear,gemstones,M1 Stone Atlas,S1.2 who-should-not-wear,subpage,rainbow-hematite,who-should-not-wear,new,P3,Evaluation,Who Should Not Wear Rainbow Hematite,Who Should Not Wear Rainbow Hematite,"Rainbow Hematite suits most people, but physical wear risks, traditional cautions, and astrological notes suggest specific situations to avoid it.",817,batch-069,1JxhmuLP6x25KDGbK2Z8VbNv7vTqNHwPZ6MzaUjFa2GQ,https://docs.google.com/document/d/1JxhmuLP6x25KDGbK2Z8VbNv7vTqNHwPZ6MzaUjFa2GQ/edit?usp=drivesdk,,"No peer-reviewed evidence for astrological or energetic incompatibilities; traditions vary by source. Pregnancy and nursing precautions are based on conventional crystal-practice caution, not clinical evidence."
/gemstones/red-agate/affirmations,gemstones,M1 Stone Atlas,S1.8 affirmations,subpage,red-agate,affirmations,new,P3,Instruction,Red Agate Affirmations — Language and Practice,Red Agate Affirmations — How to Use Them With the Stone,"Red Agate affirmations draw on its associations with grounding, protection, and steady courage. Example affirmations and a simple practice method are included here.",632,batch-070,1sJ732KEuOzhTWg9fjxhiANRbfEJQu1NkY7yiLKIM-Ss,https://docs.google.com/document/d/1sJ732KEuOzhTWg9fjxhiANRbfEJQu1NkY7yiLKIM-Ss/edit?usp=drivesdk,,none
/gemstones/red-agate/can-go-in-water,gemstones,M1 Stone Atlas,S1.3 can-go-in-water,subpage,red-agate,can-go-in-water,new,P3,Explanation,Can Red Agate Go in Water? Safety and Care Guide,Can Red Agate Go in Water? What You Need to Know,"Red Agate tolerates a brief rinse but not prolonged soaking, especially if dyed. Hardness 6.5-7 means it is water-resistant; porosity and dye treatments set the limits.",710,batch-070,13nouTnycSfjQ1K_d2B6-N9NxBgca3-7hhvcuJ-w1WEg,https://docs.google.com/document/d/13nouTnycSfjQ1K_d2B6-N9NxBgca3-7hhvcuJ-w1WEg/edit?usp=drivesdk,,none
/gemstones/red-agate/combinations,gemstones,M1 Stone Atlas,S1.7 combinations,subpage,red-agate,combinations,new,P3,Evaluation,Red Agate Crystal Combinations — Pairings and Goals,Red Agate Crystal Combinations — What Pairs Well,"Red Agate pairs with grounding stones like black tourmaline and hematite, and activating stones like carnelian and citrine. All pairings are tradition, not outcomes.",789,batch-070,1pTTjCYUmertKV1IsyIrSvXtakj9o0pYerrEP335ixsQ,https://docs.google.com/document/d/1pTTjCYUmertKV1IsyIrSvXtakj9o0pYerrEP335ixsQ/edit?usp=drivesdk,,none
/gemstones/red-agate/how-to-cleanse,gemstones,M1 Stone Atlas,S1.6 how-to-cleanse,subpage,red-agate,how-to-cleanse,new,P3,Instruction,How to Cleanse and Recharge Red Agate,How to Cleanse Red Agate — Safe Methods Explained,"Red Agate tolerates a brief water rinse but avoid long soaks, salt water, and ultrasonic cleaners. Smoke, sound, moonlight, and dry earth are all safe cleansing methods.",802,batch-070,1S_JlOojsQ7_2XlQQ3O6Ws9Uxz9GA1BoWgrLQxSPFblA,https://docs.google.com/document/d/1S_JlOojsQ7_2XlQQ3O6Ws9Uxz9GA1BoWgrLQxSPFblA/edit?usp=drivesdk,,none
/gemstones/red-agate/how-to-identify,gemstones,M1 Stone Atlas,S1.4 how-to-identify,subpage,red-agate,how-to-identify,new,P3,Instruction,How to Identify Real Red Agate and Spot Fakes,How to Identify Real Red Agate — Fakes and Dyed Stone,Real Red Agate is SiO2 with iron oxide color; the main risk is dyed agate sold without disclosure or glass imitations. Learn the visual and physical checks that matter.,957,batch-070,1ZzOf5u-jNeMzDdyUxX7tsfWTesyk2k38NMEZNOJIHAo,https://docs.google.com/document/d/1ZzOf5u-jNeMzDdyUxX7tsfWTesyk2k38NMEZNOJIHAo/edit?usp=drivesdk,,"Gemological testing (refractive index, specific gravity by Archimedes method) requires professional equipment; at-home checks described are indicative, not definitive. Visual distinction between naturally colored and heat-treated red agate cannot be made reliably without lab analysis."
/gemstones/red-agate/price-guide,gemstones,M1 Stone Atlas,S1.9 price-guide,subpage,red-agate,price-guide,new,P3,Explanation,Red Agate Price Guide — What It Costs and Why,"Red Agate Price Guide — Cost, Value Factors, Buying Tips","Red Agate is affordable: tumbled pieces run $1–5, palm stones $6–30, larger specimens $20–100. Price turns on color depth, size, treatment disclosure, and polish quality.",741,batch-070,1yO8pfsa9iz6JiAOL0aL6gK66e8jpmKbcPSKISoJ5Jao,https://docs.google.com/document/d/1yO8pfsa9iz6JiAOL0aL6gK66e8jpmKbcPSKISoJ5Jao/edit?usp=drivesdk,,"High-end collector specimens (large, naturally colored, unheated with provenance) were not found in retail listings; upper price bound for premium material estimated from category comparables rather than directly observed listings."
/gemstones/red-agate/sleeping-with,gemstones,M1 Stone Atlas,S1.5 sleeping-with,subpage,red-agate,sleeping-with,new,P3,Explanation,Sleeping with Red Agate: What Practitioners Do and Why,"Sleeping with Red Agate — Placement, Tradition, Cautions",Red Agate is safe by the bed or under the pillow. Tradition links it to grounding and sleep protection; some find its activating energy better on a nightstand.,818,batch-070,1s7TjMo5MRQ1l8k9ulSrRQiwab5YxJzIZEvZMA5O0UTU,https://docs.google.com/document/d/1s7TjMo5MRQ1l8k9ulSrRQiwab5YxJzIZEvZMA5O0UTU/edit?usp=drivesdk,,none
/gemstones/red-agate/who-should-not-wear,gemstones,M1 Stone Atlas,S1.2 who-should-not-wear,subpage,red-agate,who-should-not-wear,new,P3,Evaluation,Who Should Be Cautious About Wearing Red Agate,Who Should Not Wear Red Agate — Cautions Explained,"Red Agate is physically safe for most people. Tradition advises caution for overactive energy states, certain zodiac placements, and children under three (choking risk).",724,batch-070,1Mdak8W9LHlcygQjuSRX9zkOlOlSl3bOxtdYMtlX0QcQ,https://docs.google.com/document/d/1Mdak8W9LHlcygQjuSRX9zkOlOlSl3bOxtdYMtlX0QcQ/edit?usp=drivesdk,,none
/gemstones/red-jasper/affirmations,gemstones,M1 Stone Atlas,S1.8 affirmations,subpage,red-jasper,affirmations,new,P3,Instruction,Red Jasper Affirmations — What to Say and How to Use Them,Red Jasper Affirmations — Phrases and Practice Guide,"Red Jasper affirmations focus on grounding, strength, and courage. Here are 12 specific phrases and a step-by-step practice for using them with the stone.",854,batch-071,1bPpyERGbjPcojbwO2eLW8tTqohGy4Yc_mfqYsJ_5QbU,https://docs.google.com/document/d/1bPpyERGbjPcojbwO2eLW8tTqohGy4Yc_mfqYsJ_5QbU/edit?usp=drivesdk,,Affirmation content is tradition-based; no empirical evidence supports stone-specific affirmations over general affirmation practice.
/gemstones/red-jasper/combinations,gemstones,M1 Stone Atlas,S1.7 combinations,subpage,red-jasper,combinations,new,P3,Evaluation,Red Jasper Crystal Combinations — Pairings and Goals,Best Red Jasper Crystal Combinations — What Works and Why,"Red Jasper pairs well with black tourmaline for protection, carnelian for energy, and clear quartz to amplify. Key pairings and their traditional logic.",947,batch-071,13fj1q86H2c_IyTpDD3na7yCH8iExVh9VlWQKT2DdVPw,https://docs.google.com/document/d/13fj1q86H2c_IyTpDD3na7yCH8iExVh9VlWQKT2DdVPw/edit?usp=drivesdk,,Crystal combination recommendations are entirely tradition-based; no experimental evidence supports one pairing over another.
/gemstones/red-jasper/how-to-cleanse,gemstones,M1 Stone Atlas,S1.6 how-to-cleanse,subpage,red-jasper,how-to-cleanse,new,P3,Instruction,How to Cleanse Red Jasper Without Damaging It,How to Cleanse Red Jasper Safely — Methods That Work,"Red Jasper can handle a brief water rinse, unlike pyrite or selenite. Learn which cleansing and recharging methods are safe and which to avoid.",982,batch-071,1FLXE4DuqVFbhL63WfF2Hr3zsQH6Bh4UD_XE6gYw6Ha4,https://docs.google.com/document/d/1FLXE4DuqVFbhL63WfF2Hr3zsQH6Bh4UD_XE6gYw6Ha4/edit?usp=drivesdk,,UV fading rate for red jasper (iron oxide coloration) is not quantified in accessible gemological literature; the caution about prolonged sunlight is standard lapidary practice rather than a measured threshold.
/gemstones/red-jasper/how-to-identify,gemstones,M1 Stone Atlas,S1.4 how-to-identify,subpage,red-jasper,how-to-identify,new,P3,Instruction,How to Identify Real Red Jasper — Tests and Red Flags,How to Identify Real Red Jasper vs Fakes and Imitations,"Real Red Jasper is opaque, cool to the touch, hard enough to scratch glass, and shows natural color variation. Here is how to test it and what fakes look like.",987,batch-071,13-qCovUXkStwXjT_tRQQ1g9i4J_IUkGW7KKqI6Cm1DA,https://docs.google.com/document/d/13-qCovUXkStwXjT_tRQQ1g9i4J_IUkGW7KKqI6Cm1DA/edit?usp=drivesdk,,"No standardized consumer test kit for jasper dye exists; the acetone/nail-polish-remover test for surface dyes is field practice, not a laboratory procedure. Results are indicative, not conclusive."
/gemstones/red-jasper/meaning,gemstones,M1 Stone Atlas,S1.1 meaning,subpage,red-jasper,meaning,new,P3,Explanation,"Red Jasper Meaning, Properties, and Traditional Uses",Red Jasper Meaning — What It Is and What It's Used For,"Red Jasper is an opaque microcrystalline quartz colored by iron oxide. Traditionally linked to grounding, strength, and protection across many cultures.",836,batch-071,1HyyBRZG3s3Qtkfhk4OjHTQSzoVB2agsapmerH7R5v24,https://docs.google.com/document/d/1HyyBRZG3s3Qtkfhk4OjHTQSzoVB2agsapmerH7R5v24/edit?usp=drivesdk,,Specific ancient textual references to 'red jasper' versus generic 'jasper' are difficult to disentangle across sources; the distinction is not always made in historical records.
/gemstones/red-jasper/price-guide,gemstones,M1 Stone Atlas,S1.9 price-guide,subpage,red-jasper,price-guide,new,P3,Explanation,Red Jasper Price Guide — What It Costs and Why,Red Jasper Price Guide — Retail Ranges and Value Drivers,Red Jasper is an affordable abundant stone. Tumbled pieces retail at $3–$16 each; cabochons $4–$30. Learn what drives price and how to avoid overpaying.,839,batch-071,1tBArTQ7H2vG1lEoV6z2WC3PfXMT7f1ZRpS50EMXnMR0,https://docs.google.com/document/d/1tBArTQ7H2vG1lEoV6z2WC3PfXMT7f1ZRpS50EMXnMR0/edit?usp=drivesdk,,"Per-carat pricing for jewelry-grade Red Jasper cabochons is not widely reported in accessible trade databases; the ranges given are retail consumer prices, not gem-trade wholesale."
/gemstones/red-jasper/sleeping-with,gemstones,M1 Stone Atlas,S1.5 sleeping-with,subpage,red-jasper,sleeping-with,new,P3,Explanation,Sleeping with Red Jasper: What to Expect,"Sleeping with Red Jasper — Benefits, Cautions, How-To","Red Jasper is traditionally activating, not sedating. Learn what practitioners say about sleeping with it, who should be cautious, and how to try it safely.",843,batch-071,1bm72UHdqCbGnUrJ0DvtHrEVG9wP6n_dHVIW8c7O-YTI,https://docs.google.com/document/d/1bm72UHdqCbGnUrJ0DvtHrEVG9wP6n_dHVIW8c7O-YTI/edit?usp=drivesdk,,"No controlled research exists on Red Jasper's effects during sleep; all claims about dream quality, protection, or energy during sleep are tradition only."
/gemstones/red-jasper/who-should-not-wear,gemstones,M1 Stone Atlas,S1.2 who-should-not-wear,subpage,red-jasper,who-should-not-wear,new,P3,Evaluation,Who Should Be Cautious About Wearing Red Jasper,Who Should Not Wear Red Jasper — Safety & Tradition,Red Jasper poses minimal physical risk but tradition and some astrological frameworks suggest caution for certain people. Here is a clear assessment.,857,batch-071,1t0CUk3CD57erRQHsOsUdq3PgTFg8Kcq3r-98a2BmbrA,https://docs.google.com/document/d/1t0CUk3CD57erRQHsOsUdq3PgTFg8Kcq3r-98a2BmbrA/edit?usp=drivesdk,,No peer-reviewed study links Red Jasper wear to any physiological outcome; astrological cautions vary widely by tradition and no authoritative single source exists.
/gemstones/red-tigers-eye/affirmations,gemstones,M1 Stone Atlas,S1.8 affirmations,subpage,red-tigers-eye,affirmations,new,P3,Instruction,Red Tiger's Eye Affirmations and How to Use Them,Red Tiger's Eye Affirmations: Words That Fit the Stone,"Red Tiger's Eye is linked to courage, strength, and grounded confidence. Affirmations that match those associations and how to use them with the stone.",974,batch-072,1moKnqWpCWTtHDPOsBySYjpKUjC1CsgU4aK4tZHy8nUo,https://docs.google.com/document/d/1moKnqWpCWTtHDPOsBySYjpKUjC1CsgU4aK4tZHy8nUo/edit?usp=drivesdk,,No clinical evidence that affirmation practice with crystals produces outcomes beyond those of affirmation practice alone. All effectiveness claims are within the crystal tradition.
/gemstones/red-tigers-eye/can-go-in-water,gemstones,M1 Stone Atlas,S1.3 can-go-in-water,subpage,red-tigers-eye,can-go-in-water,new,P3,Explanation,Can Red Tiger's Eye Go in Water?,Can Red Tiger's Eye Go in Water? Safe Handling Guide,Red Tiger's Eye is quartz (Mohs 7) and tolerates brief water contact safely. Prolonged soaking and salt water are not recommended. Here is what you need to know.,814,batch-072,1WOUr9Ts5JflfN2RteZ35XuRCjf-5W6aAcrWlduKLNak,https://docs.google.com/document/d/1WOUr9Ts5JflfN2RteZ35XuRCjf-5W6aAcrWlduKLNak/edit?usp=drivesdk,,No published studies specifically on water effects on heat-treated red tiger's eye over long immersion periods; long-soak caution is precautionary based on iron oxide stability and polish durability data for quartz.
/gemstones/red-tigers-eye/combinations,gemstones,M1 Stone Atlas,S1.7 combinations,subpage,red-tigers-eye,combinations,new,P3,Evaluation,Red Tiger's Eye Combinations: Crystals That Pair Well,Best Crystal Combinations for Red Tiger's Eye,"Red Tiger's Eye pairs well with black tourmaline, carnelian, and citrine. Find which combinations suit which goals and which pairings to approach with caution.",1042,batch-072,1ODhLj64U79wG0ch4-6qjkYPbGX3r7w573oVOqOTmMpA,https://docs.google.com/document/d/1ODhLj64U79wG0ch4-6qjkYPbGX3r7w573oVOqOTmMpA/edit?usp=drivesdk,,"All pairing rationale is grounded in crystal tradition, not clinical or scientific evidence. No studies support or refute specific stone combinations."
/gemstones/red-tigers-eye/how-to-cleanse,gemstones,M1 Stone Atlas,S1.6 how-to-cleanse,subpage,red-tigers-eye,how-to-cleanse,new,P3,Instruction,How to Cleanse Red Tiger's Eye Without Damaging It,How to Cleanse Red Tiger's Eye Safely,"Red Tiger's Eye tolerates brief water rinsing but heat and prolonged soaking risk its color. Safe cleansing methods include smoke, sound, moonlight, and soil burial.",1014,batch-072,1fE32xGA-sT4ivscxWuIOlOA1Nlp3F3zaWvUTrAgneKM,https://docs.google.com/document/d/1fE32xGA-sT4ivscxWuIOlOA1Nlp3F3zaWvUTrAgneKM/edit?usp=drivesdk,,No published studies on fading rates of heat-treated tiger's eye under UV or prolonged sun exposure; the recommendation to limit sun exposure is precautionary based on general iron oxide photostability data.
/gemstones/red-tigers-eye/how-to-identify,gemstones,M1 Stone Atlas,S1.4 how-to-identify,subpage,red-tigers-eye,how-to-identify,new,P3,Instruction,How to Identify Real Red Tiger's Eye,How to Identify Real Red Tiger's Eye vs. Fakes,"Real Red Tiger's Eye has chatoyancy, a fibrous structure, and Mohs 7 hardness. Learn how to distinguish genuine material from dyed, glass, or plastic imitations.",1054,batch-072,1OPCZAImEUAGiygUhYdQaAYYyv0HvVdGT7lGd3jYXqEc,https://docs.google.com/document/d/1OPCZAImEUAGiygUhYdQaAYYyv0HvVdGT7lGd3jYXqEc/edit?usp=drivesdk,,No independent lab-test data for rates of dyed imitation red tiger's eye in the retail market; the prevalence of dyed material is noted from trade convention but not quantified with published data.
/gemstones/red-tigers-eye/price-guide,gemstones,M1 Stone Atlas,S1.9 price-guide,subpage,red-tigers-eye,price-guide,new,P3,Explanation,Red Tiger's Eye Price Guide,Red Tiger's Eye Price Guide: What to Expect to Pay,"Red Tiger's Eye is affordable: tumbled stones retail at $1–4 each, bracelets at $8–16. Learn what drives price and how to avoid overpaying.",816,batch-072,1yMRfJCQtCHl5CEHaQedBHvTPKFTnVRtWawJMfq0IUz4,https://docs.google.com/document/d/1yMRfJCQtCHl5CEHaQedBHvTPKFTnVRtWawJMfq0IUz4/edit?usp=drivesdk,,No per-carat pricing data found for faceted or collector-grade Red Tiger's Eye; retail evidence covers tumbled stones and bead bracelets only. High-end specimen prices not verified.
/gemstones/red-tigers-eye/sleeping-with,gemstones,M1 Stone Atlas,S1.5 sleeping-with,subpage,red-tigers-eye,sleeping-with,new,P3,Explanation,Sleeping with Red Tiger's Eye: What to Expect,Sleeping with Red Tiger's Eye: Benefits and Cautions,"Red Tiger's Eye is safe to keep by the bed. Tradition links it to protective energy and grounded dreams, but its activating associations may not suit everyone at night.",887,batch-072,1m-5wSHGyhFAaklVmok2HekWkqRWxfbL7C65u9rBu9nk,https://docs.google.com/document/d/1m-5wSHGyhFAaklVmok2HekWkqRWxfbL7C65u9rBu9nk/edit?usp=drivesdk,,"No clinical evidence for any effect of Red Tiger's Eye on sleep quality, dream frequency, or protection. All such claims are traditional."
/gemstones/red-tigers-eye/who-should-not-wear,gemstones,M1 Stone Atlas,S1.2 who-should-not-wear,subpage,red-tigers-eye,who-should-not-wear,new,P3,Evaluation,Who Should Not Wear Red Tiger's Eye,Who Should Not Wear Red Tiger's Eye,Red Tiger's Eye carries few physical risks. Certain traditional and astrological considerations make it a poor fit for some people. Here is who should be cautious.,792,batch-072,1wbkRvZ9wbKGmHmAbrvdRTvEAvMmIM2a8ANdgJpNJE9o,https://docs.google.com/document/d/1wbkRvZ9wbKGmHmAbrvdRTvEAvMmIM2a8ANdgJpNJE9o/edit?usp=drivesdk,,No peer-reviewed sources address astrological contraindications; those sections rely entirely on traditional practice accounts.
/gemstones/rhodonite/affirmations,gemstones,M1 Stone Atlas,S1.8 affirmations,subpage,rhodonite,affirmations,new,P3,Instruction,Rhodonite Affirmations: How to Use Them with the Stone,Rhodonite Affirmations — Phrases and Practice Guide,"Rhodonite is traditionally used with affirmations for self-love, compassion, and emotional healing. Learn which phrases suit it and how to build a simple practice.",778,batch-073,1k1GAZfG_hur_Cagpmhm70VMpBwaW_7TYSppApaYInxo,https://docs.google.com/document/d/1k1GAZfG_hur_Cagpmhm70VMpBwaW_7TYSppApaYInxo/edit?usp=drivesdk,,No scientific evidence for crystal-enhanced affirmation effects; practice described as tradition throughout.
/gemstones/rhodonite/combinations,gemstones,M1 Stone Atlas,S1.7 combinations,subpage,rhodonite,combinations,new,P3,Evaluation,Rhodonite Crystal Combinations: Pairings by Goal,Rhodonite Combinations — Best Crystal Pairings by Goal,"Rhodonite pairs well with rose quartz, black tourmaline, and amethyst. Learn which combinations tradition recommends for love, grief, and clarity, and storage notes.",707,batch-073,1Uo1IFcXWBjd_uUTUD1RGJCpV-J9qi1I1CDAdGcjtRvE,https://docs.google.com/document/d/1Uo1IFcXWBjd_uUTUD1RGJCpV-J9qi1I1CDAdGcjtRvE/edit?usp=drivesdk,,Metaphysical pairing effects have no scientific basis; all recommendations stated as tradition.
/gemstones/rhodonite/how-to-cleanse,gemstones,M1 Stone Atlas,S1.6 how-to-cleanse,subpage,rhodonite,how-to-cleanse,new,P3,Instruction,How to Cleanse Rhodonite Without Damaging It,How to Cleanse Rhodonite Safely — Methods That Work,"Rhodonite tolerates a brief rinse but not salt or extended soaking. Smoke, sound, moonlight, and dry earth carry no physical risk. Full cleansing guide here.",782,batch-073,1yL9YwRrDdgQnWPBGtzU4UDdscWRi0aBW1MhLrseH33Q,https://docs.google.com/document/d/1yL9YwRrDdgQnWPBGtzU4UDdscWRi0aBW1MhLrseH33Q/edit?usp=drivesdk,,none
/gemstones/rhodonite/how-to-identify,gemstones,M1 Stone Atlas,S1.4 how-to-identify,subpage,rhodonite,how-to-identify,new,P3,Instruction,How to Identify Real Rhodonite,How to Identify Real Rhodonite — Tests and Visual Checks,"Real rhodonite is pink to red with black manganese veining and Mohs hardness 5.5–6.5. Learn to spot rhodochrosite, glass, dyed howlite, and other substitutes.",751,batch-073,16LNHWqkYY8E2ty-TiDqLMle2kfxfc_87OeQAJQ8a6P8,https://docs.google.com/document/d/16LNHWqkYY8E2ty-TiDqLMle2kfxfc_87OeQAJQ8a6P8/edit?usp=drivesdk,,No large-scale survey data on rhodonite misrepresentation rates in retail; identification tests based on documented mineral properties.
/gemstones/rhodonite/meaning,gemstones,M1 Stone Atlas,S1.1 meaning,subpage,rhodonite,meaning,new,P3,Explanation,"Rhodonite Meaning, Properties, and Traditional Uses",Rhodonite Meaning — Properties and Traditional Uses,Rhodonite is a manganese silicate with pink and black coloring. Traditionally called the Stone of Compassion and used for emotional healing and self-love.,684,batch-073,1J0XDJW2i86epj75VRjG-6vL7XYM5flUbM7LpqJ4a3V0,https://docs.google.com/document/d/1J0XDJW2i86epj75VRjG-6vL7XYM5flUbM7LpqJ4a3V0/edit?usp=drivesdk,,No scientific evidence for metaphysical healing effects; stated as tradition throughout.
/gemstones/rhodonite/price-guide,gemstones,M1 Stone Atlas,S1.9 price-guide,subpage,rhodonite,price-guide,new,P3,Explanation,Rhodonite Price Guide: What It Costs and Why,Rhodonite Price Guide — Retail Ranges and Value Factors,"Rhodonite tumbled stones retail for $2–$8 per piece in the US. Color intensity, black veining pattern, origin, and form all drive price. Full breakdown here.",716,batch-073,1KmuNJkyxV-4zK4Ibp5Ix4ddmV5OgAzgutEnVPzXfJrQ,https://docs.google.com/document/d/1KmuNJkyxV-4zK4Ibp5Ix4ddmV5OgAzgutEnVPzXfJrQ/edit?usp=drivesdk,,"Per-carat pricing for gem-quality faceted rhodonite is not well represented in Western retail sources checked; price ranges reflect tumbled, cabochon, and carved retail forms only."
/gemstones/rhodonite/sleeping-with,gemstones,M1 Stone Atlas,S1.5 sleeping-with,subpage,rhodonite,sleeping-with,new,P3,Explanation,Sleeping with Rhodonite: Placement and What to Expect,Sleeping With Rhodonite — Placement Guide and Cautions,Rhodonite is safe to keep near the bed or under the pillow. Tradition links it to emotional healing during sleep. Learn the best placement and who should go slowly.,682,batch-073,1a2G06ZNzwsz3xVtCRMYa_IO0OdSnaPuvWFR_5GT7gYI,https://docs.google.com/document/d/1a2G06ZNzwsz3xVtCRMYa_IO0OdSnaPuvWFR_5GT7gYI/edit?usp=drivesdk,,No clinical evidence that crystals affect sleep quality or emotional processing during sleep; stated as tradition.
/gemstones/rhodonite/who-should-not-wear,gemstones,M1 Stone Atlas,S1.2 who-should-not-wear,subpage,rhodonite,who-should-not-wear,new,P3,Evaluation,Who Should Be Cautious About Wearing Rhodonite,Who Should Avoid Rhodonite — Cautions Explained,"Most people can wear Rhodonite safely. Learn who should take care: dust from cutting, astrological notes, and when tradition suggests a pause.",566,batch-073,1Rz6Tt4laZMdCHOlei-R79inag9sVLBkF_h8RoEhNNb8,https://docs.google.com/document/d/1Rz6Tt4laZMdCHOlei-R79inag9sVLBkF_h8RoEhNNb8/edit?usp=drivesdk,,No peer-reviewed evidence for metaphysical cautions or astrological contraindications; stated as tradition.
/gemstones/rose-quartz/affirmations,gemstones,M1 Stone Atlas,S1.8 affirmations,subpage,rose-quartz,affirmations,new,P2,Instruction,Rose Quartz Affirmations — What to Say and How to Use Them,Rose Quartz Affirmations — Phrases and Practice,Rose Quartz is used in crystal tradition for love and self-compassion affirmations. Learn which phrases fit the stone's associations and how practitioners use them.,814,batch-005,1t3p0E_a0Jrql3xKufjvcVm17rBWBw7s0v6x7GcyDM9k,https://docs.google.com/document/d/1t3p0E_a0Jrql3xKufjvcVm17rBWBw7s0v6x7GcyDM9k/edit?usp=drivesdk,,No scientific evidence supports crystal-paired affirmation effects beyond general affirmation psychology; all claims framed as tradition.
/gemstones/rose-quartz/combinations,gemstones,M1 Stone Atlas,S1.7 combinations,subpage,rose-quartz,combinations,new,P2,Evaluation,Rose Quartz Crystal Combinations — Pairings by Goal,Rose Quartz Combinations — What to Pair It With,"Rose Quartz pairs with Amethyst for calm, Clear Quartz to amplify, and Rhodonite for self-worth. Learn which pairings suit which goals in crystal tradition.",879,batch-005,13sIW3b_NPenArGSPp8V9nNNhkyzskGqux3QaznWXrlk,https://docs.google.com/document/d/13sIW3b_NPenArGSPp8V9nNNhkyzskGqux3QaznWXrlk/edit?usp=drivesdk,,No scientific evidence exists for crystal pairing effects; all pairings described are crystal tradition only.
/gemstones/rose-quartz/how-to-cleanse,gemstones,M1 Stone Atlas,S1.6 how-to-cleanse,subpage,rose-quartz,how-to-cleanse,new,P1,Instruction,How to Cleanse Rose Quartz Without Damaging It,How to Cleanse Rose Quartz — Safe Methods Explained,Rose Quartz is safe for brief water contact but prolonged soaking dulls it. Learn six cleansing methods and how often to use each.,880,batch-005,1BfNK7fy5VbIiSlxenDuxRozwfXT1CRTBge5hHm4axfo,https://docs.google.com/document/d/1BfNK7fy5VbIiSlxenDuxRozwfXT1CRTBge5hHm4axfo/edit?usp=drivesdk,,none
/gemstones/rose-quartz/how-to-identify,gemstones,M1 Stone Atlas,S1.4 how-to-identify,subpage,rose-quartz,how-to-identify,new,P2,Instruction,How to Identify Real Rose Quartz vs Fakes and Glass,How to Identify Real Rose Quartz — Tests That Work,"Real Rose Quartz is Mohs 7, stays cool, has natural inclusions and uneven translucency. Learn how to distinguish it from glass, dyed imitations, and synthetic material.",916,batch-005,1aqWz_aXf6EaAJulro9tF1NIXBRthUYLt3Z8Y40VB6fs,https://docs.google.com/document/d/1aqWz_aXf6EaAJulro9tF1NIXBRthUYLt3Z8Y40VB6fs/edit?usp=drivesdk,,Synthetic rose quartz (lab-grown) is uncommon in the consumer market; RI-based distinction requires a refractometer not available to most home buyers — noted as a professional-test limitation in the article.
/gemstones/rose-quartz/price-guide,gemstones,M1 Stone Atlas,S1.9 price-guide,subpage,rose-quartz,price-guide,new,P2,Explanation,Rose Quartz Price Guide — What It Costs and Why,Rose Quartz Price Guide — Ranges by Grade and Form,Rose Quartz ranges from under $5 for rough tumbles to $50+ per carat for deep-pink transparent faceted stones. Learn what drives the price and how to avoid overpaying.,848,batch-005,1-aLqv8mHBikHl2eDUT91Arw-mG7eme_3_qi2ggBgDSM,https://docs.google.com/document/d/1-aLqv8mHBikHl2eDUT91Arw-mG7eme_3_qi2ggBgDSM/edit?usp=drivesdk,,Wholesale pricing for bulk tumbled stones is not consistently disclosed by retailers. Retail ranges reflect consumer-facing prices as of September 2026 and shift with market demand and seller.
/gemstones/ruby-zoisite/affirmations,gemstones,M1 Stone Atlas,S1.8 affirmations,subpage,ruby-zoisite,affirmations,new,P3,Instruction,Ruby Zoisite Affirmations and How to Use Them,Ruby Zoisite Affirmations — Phrases and Practice,"Ruby Zoisite affirmations draw on its traditional associations with the heart, vitality, and growth. Twelve phrases and a simple daily practice included.",543,batch-075,1hsBIId2V9msy2QqKMBuK8mGbJ2cTik9PfgQP6Z8Tx4I,https://docs.google.com/document/d/1hsBIId2V9msy2QqKMBuK8mGbJ2cTik9PfgQP6Z8Tx4I/edit?usp=drivesdk,,All affirmation benefits based on tradition and personal practice; no controlled studies exist
/gemstones/ruby-zoisite/can-go-in-water,gemstones,M1 Stone Atlas,S1.3 can-go-in-water,subpage,ruby-zoisite,can-go-in-water,new,P3,Explanation,Can Ruby Zoisite Go in Water?,Can Ruby Zoisite Go in Water? What's Safe,"Ruby Zoisite is safe for brief water rinsing but not prolonged soaking or salt water. Learn why, what brief contact does, and how to clean the stone without damage.",566,batch-075,1OqUQ1ybfk4Y-O-yeP2Ro8-myrNidOX6lAQQNwwa3JaQ,https://docs.google.com/document/d/1OqUQ1ybfk4Y-O-yeP2Ro8-myrNidOX6lAQQNwwa3JaQ/edit?usp=drivesdk,,none
/gemstones/ruby-zoisite/combinations,gemstones,M1 Stone Atlas,S1.7 combinations,subpage,ruby-zoisite,combinations,new,P3,Evaluation,Ruby Zoisite Crystal Combinations,Ruby Zoisite Crystal Combinations and Pairings,"Ruby Zoisite pairs well with rose quartz for the heart, black tourmaline for grounding, and clear quartz for amplification. Find which combination suits your intention.",622,batch-075,11D4X7cVnLJZYDapu95V_wqt5IbuFevssD4mGkFxJ9rg,https://docs.google.com/document/d/11D4X7cVnLJZYDapu95V_wqt5IbuFevssD4mGkFxJ9rg/edit?usp=drivesdk,,All crystal pairings stated as tradition; no controlled studies exist
/gemstones/ruby-zoisite/how-to-cleanse,gemstones,M1 Stone Atlas,S1.6 how-to-cleanse,subpage,ruby-zoisite,how-to-cleanse,new,P3,Instruction,How to Cleanse Ruby Zoisite Safely,How to Cleanse Ruby Zoisite — Safe Methods,"Ruby Zoisite tolerates brief water rinsing but not prolonged soaking or salt water. Smoke, sound, moonlight, and dry earth are all safe cleansing methods.",577,batch-075,1YOfWyZzH7ouv3PcUg5SWyXiYjsIuNRvImYnUUc_JlKU,https://docs.google.com/document/d/1YOfWyZzH7ouv3PcUg5SWyXiYjsIuNRvImYnUUc_JlKU/edit?usp=drivesdk,,none
/gemstones/ruby-zoisite/how-to-identify,gemstones,M1 Stone Atlas,S1.4 how-to-identify,subpage,ruby-zoisite,how-to-identify,new,P3,Instruction,How to Identify Real Ruby Zoisite,How to Identify Real Ruby Zoisite vs Fakes,"Real Ruby Zoisite has three distinct minerals: green zoisite, red ruby, and black hornblende. Use hardness, UV light, and color tests to verify authenticity.",763,batch-075,1AXl-qtE5Y0T5XOCOb7AFedg5zTJH9i-jwpn9BtlzM8M,https://docs.google.com/document/d/1AXl-qtE5Y0T5XOCOb7AFedg5zTJH9i-jwpn9BtlzM8M/edit?usp=drivesdk,,none
/gemstones/ruby-zoisite/price-guide,gemstones,M1 Stone Atlas,S1.9 price-guide,subpage,ruby-zoisite,price-guide,new,P3,Explanation,Ruby Zoisite Price Guide,Ruby Zoisite Price Guide — What It Costs and Why,"Ruby Zoisite tumbled stones retail from about $3 to $12; cabochons from $15 to $200. Ruby coverage, size, and color quality drive price. Prices checked September 2026.",640,batch-075,15WyghBiYtGIszYbcNe4VEqML376TnPzddK213-e2goE,https://docs.google.com/document/d/15WyghBiYtGIszYbcNe4VEqML376TnPzddK213-e2goE/edit?usp=drivesdk,,Retail price ranges vary between sellers and regions; figures are broad asking prices from July-September 2026
/gemstones/ruby-zoisite/sleeping-with,gemstones,M1 Stone Atlas,S1.5 sleeping-with,subpage,ruby-zoisite,sleeping-with,new,P3,Explanation,Sleeping with Ruby Zoisite: What to Know,"Sleeping with Ruby Zoisite — Pros, Cons, and How","Ruby Zoisite is physically safe at the bedside. In crystal tradition the ruby component is considered energizing, which some practitioners find unsuitable for sleep.",573,batch-075,1pRXP8g_-YWOwKPTKxdqN1eJVNP081MerFy_wAmO-tLw,https://docs.google.com/document/d/1pRXP8g_-YWOwKPTKxdqN1eJVNP081MerFy_wAmO-tLw/edit?usp=drivesdk,,No clinical evidence for crystal proximity effects on sleep; all associations stated as tradition
/gemstones/ruby-zoisite/who-should-not-wear,gemstones,M1 Stone Atlas,S1.2 who-should-not-wear,subpage,ruby-zoisite,who-should-not-wear,new,P3,Evaluation,Who Should Not Wear Ruby Zoisite,Who Should Not Wear Ruby Zoisite,Ruby Zoisite is physically safe but its perfect cleavage makes it fragile in rings. Vedic astrology traditionally restricts it for certain ascendants.,547,batch-075,1LrnDaW4pzrOFQW-evU3ozkFCMNkXnmfPimP9EllWro8,https://docs.google.com/document/d/1LrnDaW4pzrOFQW-evU3ozkFCMNkXnmfPimP9EllWro8/edit?usp=drivesdk,,No peer-reviewed data on metaphysical cautions; astrology cautions drawn from Vedic tradition sources only
/gemstones/ruby/affirmations,gemstones,M1 Stone Atlas,S1.8 affirmations,subpage,ruby,affirmations,new,P3,Instruction,Ruby Affirmations — Phrases to Use With the Stone,Ruby Affirmations — How to Use Them With the Stone,"Ruby's associations are passion, courage, and vitality. These affirmations align with those themes and include a simple practice for using them with the stone.",718,batch-074,1E3u92jHW-q50bxwf9PcWtx9NL1d9pJcRQne8GCJMcHM,https://docs.google.com/document/d/1E3u92jHW-q50bxwf9PcWtx9NL1d9pJcRQne8GCJMcHM/edit?usp=drivesdk,,Affirmation research is general (not specific to crystals); no studies examine crystal-plus-affirmation as a combined intervention.
/gemstones/ruby/can-go-in-water,gemstones,M1 Stone Atlas,S1.3 can-go-in-water,subpage,ruby,can-go-in-water,new,P3,Explanation,Can Ruby Go in Water? What You Need to Know,Can Ruby Go in Water? Safe Cleaning Guide,Untreated and heat-treated ruby can go in water safely. Fracture-filled or dyed ruby cannot. This guide explains why and how to clean ruby without damage.,652,batch-074,1RGrXO0G-QQw54hXJWJcVv4oBbJZSCcYNgRxyYJTyS6U,https://docs.google.com/document/d/1RGrXO0G-QQw54hXJWJcVv4oBbJZSCcYNgRxyYJTyS6U/edit?usp=drivesdk,,none
/gemstones/ruby/combinations,gemstones,M1 Stone Atlas,S1.7 combinations,subpage,ruby,combinations,new,P3,Evaluation,Ruby Combinations — Which Stones Pair Well and Why,Ruby Crystal Combinations — Best Pairings and What to Avoid,"Ruby pairs well with rose quartz for love, clear quartz to amplify, and garnet for grounding. Vedic tradition cautions against pairing ruby with blue sapphire or diamond.",803,batch-074,1ukSK_hpggMU5Wwrxrgs7hR4V8qoZkp3MXaZG8krfd_U,https://docs.google.com/document/d/1ukSK_hpggMU5Wwrxrgs7hR4V8qoZkp3MXaZG8krfd_U/edit?usp=drivesdk,,No empirical research exists on combined crystal effects; all pairing logic is traditional and based on shared or complementary symbolic associations.
/gemstones/ruby/how-to-cleanse,gemstones,M1 Stone Atlas,S1.6 how-to-cleanse,subpage,ruby,how-to-cleanse,new,P3,Instruction,How to Cleanse Ruby — Safe Methods and What to Avoid,How to Cleanse Ruby Safely — Methods That Work,"Untreated ruby tolerates water and mild soap, but fracture-filled stones need a dry cloth only. Learn safe cleansing methods and how to recharge ruby afterward.",927,batch-074,113LYg_SMaO3NXpl4l7b_bLQWeVIOknAEv-UuuCMGZcA,https://docs.google.com/document/d/113LYg_SMaO3NXpl4l7b_bLQWeVIOknAEv-UuuCMGZcA/edit?usp=drivesdk,,none
/gemstones/ruby/how-to-identify,gemstones,M1 Stone Atlas,S1.4 how-to-identify,subpage,ruby,how-to-identify,new,P3,Instruction,How to Identify Real Ruby — Tests and Red Flags,How to Identify Real Ruby and Spot Fakes,"Real ruby ranks 9 on the Mohs scale, fluoresces red under UV, and contains natural inclusions. Learn which at-home tests work and when lab grading is essential.",812,batch-074,1xuORY-Qcck4nz-Zc-3dIX4Q1oMwtZflGHhVElc2_i4I,https://docs.google.com/document/d/1xuORY-Qcck4nz-Zc-3dIX4Q1oMwtZflGHhVElc2_i4I/edit?usp=drivesdk,,Home hardness tests are approximate and should not be used alone for purchase decisions; definitive identification requires laboratory gemological testing.
/gemstones/ruby/meaning,gemstones,M1 Stone Atlas,S1.1 meaning,subpage,ruby,meaning,new,P3,Explanation,Ruby Meaning — What It Is and What It's Traditionally Used For,"Ruby Meaning, Properties, and Traditional Uses","Ruby is a red chromium-bearing corundum ranked 9 on the Mohs scale. Traditionally associated with passion, courage, and vitality — here is its full meaning and use.",747,batch-074,1t0kbm0Q-B5No2AZh4OgmrmFGFnx4KY6DFbMljcKgMAA,https://docs.google.com/document/d/1t0kbm0Q-B5No2AZh4OgmrmFGFnx4KY6DFbMljcKgMAA/edit?usp=drivesdk,,Historical attribution of specific cultural meanings is difficult to pin to single primary sources; associations drawn from established crystal-practice literature and stated as tradition.
/gemstones/ruby/price-guide,gemstones,M1 Stone Atlas,S1.9 price-guide,subpage,ruby,price-guide,new,P3,Explanation,Ruby Price Guide — What Drives the Cost and What to Pay,Ruby Price Guide 2026 — What Ruby Actually Costs,"Ruby ranges from under $100 per carat for commercial heated stones to over $80,000 per carat for unheated Burma pigeon blood. Color, origin, and treatment drive price.",942,batch-074,1elNBsic_FZ_zNmxzxkkmSHrD1mijDglfzxYBdiqLaQg,https://docs.google.com/document/d/1elNBsic_FZ_zNmxzxkkmSHrD1mijDglfzxYBdiqLaQg/edit?usp=drivesdk,,Retail prices for small tumbled ruby and mass-market crystal-shop ruby are not well documented in verifiable sources; gem-trade ranges from The Sapphire Bank (June 2026) used as primary reference. Mass-market tumbled ruby pieces may be found for $5-30 per piece but quality and treatment disclosure vary enormously.
/gemstones/ruby/sleeping-with,gemstones,M1 Stone Atlas,S1.5 sleeping-with,subpage,ruby,sleeping-with,new,P3,Explanation,Sleeping with Ruby — What Tradition Says and How to Try It,Sleeping with Ruby — Crystal Tradition and Practical Guide,"Ruby is physically safe to sleep with. Tradition associates it with vivid dreams and energizing sleep, which some find too stimulating. Here is how to try it safely.",666,batch-074,1nXBd9rDkySK1e9RqaNp1FqcPhdPkdCZycNNa1Skgix4,https://docs.google.com/document/d/1nXBd9rDkySK1e9RqaNp1FqcPhdPkdCZycNNa1Skgix4/edit?usp=drivesdk,,No clinical evidence on crystal effects during sleep; all sleep associations are traditional and experiential.
/gemstones/ruby/who-should-not-wear,gemstones,M1 Stone Atlas,S1.2 who-should-not-wear,subpage,ruby,who-should-not-wear,new,P3,Evaluation,Who Should Not Wear Ruby — Cautions Explained,Who Should Not Wear Ruby — Physical & Astrological Cautions,"Ruby is physically safe to wear but tradition cautions specific Vedic ascendants, people prone to anger or high blood pressure, and those with certain Sun placements.",876,batch-074,1dvTgpTi01b7DYRKLAVLXJJNha8_UA8OxbAPz4om71kQ,https://docs.google.com/document/d/1dvTgpTi01b7DYRKLAVLXJJNha8_UA8OxbAPz4om71kQ/edit?usp=drivesdk,,"Western astrological contraindications vary widely by source; Vedic cautions are from traditional texts and modern practitioners, not clinical evidence."
/gemstones/sapphire/affirmations,gemstones,M1 Stone Atlas,S1.8 affirmations,subpage,sapphire,affirmations,new,P3,Instruction,Sapphire Affirmations: How to Use Them with the Stone,Sapphire Affirmations — Phrases and Practice Guide,"Sapphire affirmations draw on the stone's traditional links to wisdom, truth, and focused thought. Here are phrases suited to sapphire and how practitioners use them.",690,batch-076,1EC5RizW7LvhVe0Fc-cJAWea5YQtymbpuWOTgzQKJefc,https://docs.google.com/document/d/1EC5RizW7LvhVe0Fc-cJAWea5YQtymbpuWOTgzQKJefc/edit?usp=drivesdk,,No peer-reviewed evidence exists for the effect of affirmation practice combined with crystals on any measurable outcome. All content is presented as tradition.
/gemstones/sapphire/can-go-in-water,gemstones,M1 Stone Atlas,S1.3 can-go-in-water,subpage,sapphire,can-go-in-water,new,P3,Explanation,Can Sapphire Go in Water? Cleaning and Care Explained,Can Sapphire Go in Water? — Safety and Cleaning Guide,Untreated and heat-treated sapphire is safe in water. Fracture-filled or dyed sapphire should only be wiped with a damp cloth. Here is why and what to do instead.,747,batch-076,1whgZkUwup-ero4HdCR5-axl_tVbSEi5GaIJkDb7usN4,https://docs.google.com/document/d/1whgZkUwup-ero4HdCR5-axl_tVbSEi5GaIJkDb7usN4/edit?usp=drivesdk,,none
/gemstones/sapphire/combinations,gemstones,M1 Stone Atlas,S1.7 combinations,subpage,sapphire,combinations,new,P3,Evaluation,Crystal Combinations for Sapphire: What Pairs Well,Sapphire Crystal Combinations — Best Pairings by Goal,"Sapphire pairs well with stones that share or balance its traditional focus on clarity, calm authority, and truth. Here are the most used pairings by intention.",813,batch-076,15S_znKsYaHJRQcj6YqynecOGbRG-5jdMHSfyx0T4rq0,https://docs.google.com/document/d/15S_znKsYaHJRQcj6YqynecOGbRG-5jdMHSfyx0T4rq0/edit?usp=drivesdk,,Crystal pairings are entirely within tradition; no scientific evidence exists for energetic interactions between stones and none is claimed.
/gemstones/sapphire/how-to-cleanse,gemstones,M1 Stone Atlas,S1.6 how-to-cleanse,subpage,sapphire,how-to-cleanse,new,P3,Instruction,How to Cleanse Sapphire Without Damaging It,How to Cleanse Sapphire Safely — Physical and Ritual Methods,"Sapphire is water-safe and easy to clean physically. Fracture-filled stones need care. Ritual cleansing options include smoke, sound, moonlight, and sunlight.",863,batch-076,1QJ2YfTKmmH4qCr30fuUm18AkAnxNhGTo8yT705FFToM,https://docs.google.com/document/d/1QJ2YfTKmmH4qCr30fuUm18AkAnxNhGTo8yT705FFToM/edit?usp=drivesdk,,none
/gemstones/sapphire/how-to-identify,gemstones,M1 Stone Atlas,S1.4 how-to-identify,subpage,sapphire,how-to-identify,new,P3,Instruction,How to Identify Real Sapphire: Tests and Red Flags,How to Identify Real Sapphire — Tests and Red Flags,"Real sapphire is Mohs 9, specific gravity 4.00, and shows natural inclusions. Glass, synthetic sapphire, blue topaz, and iolite are the most common substitutes.",950,batch-076,1MQZVS8UTNn8G38ttFzm5Gm4B07X7LtRWJWKls59mFEc,https://docs.google.com/document/d/1MQZVS8UTNn8G38ttFzm5Gm4B07X7LtRWJWKls59mFEc/edit?usp=drivesdk,,At-home scratch and SG tests give indicative rather than definitive results; laboratory testing is the only reliable method for distinguishing natural sapphire from lab-grown synthetic material.
/gemstones/sapphire/meaning,gemstones,M1 Stone Atlas,S1.1 meaning,subpage,sapphire,meaning,new,P3,Explanation,"Sapphire Meaning, Properties, and Traditional Uses",Sapphire Meaning — Stone of Wisdom: Properties and Uses,"Sapphire is a gem variety of corundum colored blue by iron and titanium. Tradition calls it the Stone of Wisdom, linking it to clarity, truth, and focused thought.",814,batch-076,1xlvRBTrZCscoVB9mB5ueL55HLEe4BD6tRCeCSI5EMxQ,https://docs.google.com/document/d/1xlvRBTrZCscoVB9mB5ueL55HLEe4BD6tRCeCSI5EMxQ/edit?usp=drivesdk,,Historical symbolic attributions are well-documented in gemological literature but cannot be precisely sourced to single primary texts; stated as tradition.
/gemstones/sapphire/price-guide,gemstones,M1 Stone Atlas,S1.9 price-guide,subpage,sapphire,price-guide,new,P3,Explanation,Sapphire Price Guide: What Sapphire Costs and Why,Sapphire Price Guide 2026 — What Sapphire Costs and Why,"Natural sapphire ranges from under $50/ct for commercial material to over $200,000 for exceptional Kashmir stones. Origin, treatment, color, and size drive the price.",824,batch-076,1Kv7gxbmm9XNXlgr7rlxh0niL8scM9wAk7UweQwNcDiY,https://docs.google.com/document/d/1Kv7gxbmm9XNXlgr7rlxh0niL8scM9wAk7UweQwNcDiY/edit?usp=drivesdk,,Price ranges reflect September 2026 trade and retail references; they are indicative ranges. Kashmir prices at the very top of the market depend on auction results not always publicly documented.
/gemstones/sapphire/sleeping-with,gemstones,M1 Stone Atlas,S1.5 sleeping-with,subpage,sapphire,sleeping-with,new,P3,Explanation,"Sleeping with Sapphire: Tradition, Practice, and Safety",Sleeping with Sapphire — What to Expect and How to Do It,Sapphire is physically safe to sleep with. Tradition associates it with mental clarity and calm; some practitioners find its Saturn energy too stimulating at night.,691,batch-076,12JNb-hZdTPMrRcmqgr-W-9yzt7JY83qkwhsSzvXVbHw,https://docs.google.com/document/d/12JNb-hZdTPMrRcmqgr-W-9yzt7JY83qkwhsSzvXVbHw/edit?usp=drivesdk,,No peer-reviewed evidence exists for gemstone effects on sleep quality. All sleep associations are stated as tradition.
/gemstones/sapphire/who-should-not-wear,gemstones,M1 Stone Atlas,S1.2 who-should-not-wear,subpage,sapphire,who-should-not-wear,new,P3,Evaluation,Who Should Be Cautious About Wearing Sapphire,Who Should Not Wear Sapphire — Cautions Explained,Sapphire is physically safe for almost everyone. The cautions are mainly astrological: Vedic tradition links it to Saturn and advises testing before committing.,727,batch-076,18YtEp3e8GugijJvqFt8UcvPZLrrh0olCK5XN3f6MBlo,https://docs.google.com/document/d/18YtEp3e8GugijJvqFt8UcvPZLrrh0olCK5XN3f6MBlo/edit?usp=drivesdk,,Vedic astrological cautions are drawn from widespread traditional sources; no peer-reviewed evidence for astrological gemstone effects exists and none is claimed.
/gemstones/selenite/affirmations,gemstones,M1 Stone Atlas,S1.8 affirmations,subpage,selenite,affirmations,new,P3,Instruction,Selenite Affirmations — Examples and How to Use Them,Selenite Affirmations — How to Use Them with the Stone,"Selenite is traditionally used with affirmations for clarity, calm, and lunar connection. Learn 15 affirmations suited to selenite and a simple daily practice.",870,batch-031,18DK9wm7xhJ10hHQs6szDlWHw8H3gpv7OU1vAPvuW0qo,https://docs.google.com/document/d/18DK9wm7xhJ10hHQs6szDlWHw8H3gpv7OU1vAPvuW0qo/edit?usp=drivesdk,,No clinical or psychological studies on crystal-specific affirmation practices; the practice is stated as tradition throughout.
/gemstones/selenite/combinations,gemstones,M1 Stone Atlas,S1.7 combinations,subpage,selenite,combinations,new,P3,Evaluation,Selenite Crystal Combinations — Pairings by Goal,Selenite Crystal Combinations — Best Pairings by Goal,"Selenite pairs traditionally with black tourmaline for protection, amethyst for calm, and clear quartz for amplification. Learn which combinations suit which intentions.",1004,batch-031,1Kh2soit4loSLCcP-_aHZcOqWiE658_z9R-Cmem-N7gY,https://docs.google.com/document/d/1Kh2soit4loSLCcP-_aHZcOqWiE658_z9R-Cmem-N7gY/edit?usp=drivesdk,,Crystal pairing traditions have no physical evidence base; all pairing descriptions reflect crystal practice tradition only.
/gemstones/selenite/how-to-cleanse,gemstones,M1 Stone Atlas,S1.6 how-to-cleanse,subpage,selenite,how-to-cleanse,new,P3,Instruction,How to Cleanse Selenite Without Damaging It,How to Cleanse Selenite Safely — Methods That Work,"Selenite must never go in water — it dissolves. Safe cleansing methods include smoke, sound, moonlight, and breath. This guide covers each method and recharging steps.",883,batch-031,1Al7d0sablD3Rmx2LW40DcVprDmLFizQjaz7P4v4LhgU,https://docs.google.com/document/d/1Al7d0sablD3Rmx2LW40DcVprDmLFizQjaz7P4v4LhgU/edit?usp=drivesdk,,none
/gemstones/selenite/how-to-identify,gemstones,M1 Stone Atlas,S1.4 how-to-identify,subpage,selenite,how-to-identify,new,P3,Instruction,How to Identify Real Selenite — Tests and Visual Checks,How to Identify Real Selenite vs. Fakes and Glass,"Real selenite scratches with a fingernail and dissolves in warm water. Use the cleavage, luster, and weight tests to separate genuine gypsum from glass or plastic.",907,batch-031,12bwXL1IOY-EmPO8KfAN58LaHbPpxYemypFGxwSGD6So,https://docs.google.com/document/d/12bwXL1IOY-EmPO8KfAN58LaHbPpxYemypFGxwSGD6So/edit?usp=drivesdk,,Dyed or treated selenite is not commonly documented in gem trade literature; market risk is mainly misidentification or glass/plastic substitution.
/gemstones/selenite/meaning,gemstones,M1 Stone Atlas,S1.1 meaning,subpage,selenite,meaning,new,P3,Explanation,"Selenite Meaning, Properties and Traditional Uses",Selenite Meaning — What It Is and What It's For,"Selenite is a translucent gypsum variety named after the Greek moon goddess. Learn its physical properties, history, and traditional metaphysical associations.",803,batch-031,1hqWP7alVF2s4GcCvrQW3qkICB75DyqV6BpA8jl_AB2I,https://docs.google.com/document/d/1hqWP7alVF2s4GcCvrQW3qkICB75DyqV6BpA8jl_AB2I/edit?usp=drivesdk,,"Birth month association not confirmed in standard sources; zodiac links (Cancer, Taurus) are from site tradition only."
/gemstones/selenite/price-guide,gemstones,M1 Stone Atlas,S1.9 price-guide,subpage,selenite,price-guide,new,P3,Explanation,Selenite Price Guide — What It Costs and Why,"Selenite Price Guide 2026 — Wands, Slabs and Bulk Costs","Selenite is among the most affordable crystals sold. Wands run $6–$25, slabs $15–$120. Learn what drives price and how to avoid overpaying for a common mineral.",971,batch-031,1vXEVD_ljlBy8oN74zGpVU-APHu6eIk5RtdaJocMTnfM,https://docs.google.com/document/d/1vXEVD_ljlBy8oN74zGpVU-APHu6eIk5RtdaJocMTnfM/edit?usp=drivesdk,,"Wholesale import prices and per-carat prices for gem-grade transparent selenite were not found in reviewed sources; retail price data reflects U.S. consumer market, July 2026."
/gemstones/selenite/sleeping-with,gemstones,M1 Stone Atlas,S1.5 sleeping-with,subpage,selenite,sleeping-with,new,P3,Explanation,Sleeping with Selenite — What to Expect and How to Do It,Sleeping with Selenite — Placement and Practical Guide,"Selenite is a popular sleep stone in crystal tradition. Learn where to place it, physical cautions to observe, and what practitioners report from night-time use.",803,batch-031,12-9Bci6BFOMILaoUiOgQtqUHxddBQkBEViFtBq6gTaU,https://docs.google.com/document/d/12-9Bci6BFOMILaoUiOgQtqUHxddBQkBEViFtBq6gTaU/edit?usp=drivesdk,,No peer-reviewed evidence on crystal placement and sleep quality; all sleep-related effects stated as practitioner tradition only.
/gemstones/selenite/who-should-not-wear,gemstones,M1 Stone Atlas,S1.2 who-should-not-wear,subpage,selenite,who-should-not-wear,new,P3,Evaluation,Who Should Be Cautious About Wearing Selenite,Who Should Not Wear Selenite — Physical and Tradition Cautions,"Selenite's Mohs 2.0 hardness and water solubility create real physical cautions. Learn who should be careful, and what astrology tradition says about compatibility.",773,batch-031,1Cfh6074ctJggr5IxqeaGWpdt2MoKWurF2Ld8D_myegI,https://docs.google.com/document/d/1Cfh6074ctJggr5IxqeaGWpdt2MoKWurF2Ld8D_myegI/edit?usp=drivesdk,,No standard gemological or astrological sources confirm zodiac incompatibility claims; those sections are stated as tradition only.
/gemstones/smoky-quartz/affirmations,gemstones,M1 Stone Atlas,S1.8 affirmations,subpage,smoky-quartz,affirmations,new,P3,Instruction,Smoky Quartz Affirmations — What to Say and How to Use Them,Smoky Quartz Affirmations — Phrases and Practice Guide,"Smoky Quartz affirmations work with grounding, protection, and releasing. Get 10 affirmations matched to the stone's tradition and a simple practice method.",795,batch-077,19WiQTgu7QmcbqG1xodH-1Qj1I0YDSzkzAnTtFBq1uic,https://docs.google.com/document/d/19WiQTgu7QmcbqG1xodH-1Qj1I0YDSzkzAnTtFBq1uic/edit?usp=drivesdk,,No peer-reviewed evidence supports the efficacy of crystal affirmation practices beyond general mindfulness effects. All pairing of affirmations with Smoky Quartz is drawn from crystal practice tradition.
/gemstones/smoky-quartz/combinations,gemstones,M1 Stone Atlas,S1.7 combinations,subpage,smoky-quartz,combinations,new,P3,Evaluation,Smoky Quartz Crystal Combinations — Best Pairings by Goal,Smoky Quartz Combinations: Best Crystal Pairings,"Smoky Quartz pairs well with black tourmaline for protection, amethyst for calm, and citrine for grounded optimism. See the best pairings by goal and what to avoid.",907,batch-077,1p7lShpFqzTe8S7I9B7NkQyYs_ykUtygWcX5C9JtpODI,https://docs.google.com/document/d/1p7lShpFqzTe8S7I9B7NkQyYs_ykUtygWcX5C9JtpODI/edit?usp=drivesdk,,All pairing rationale is from crystal practice tradition. No peer-reviewed evidence supports stone interaction effects.
/gemstones/smoky-quartz/how-to-cleanse,gemstones,M1 Stone Atlas,S1.6 how-to-cleanse,subpage,smoky-quartz,how-to-cleanse,new,P3,Instruction,How to Cleanse Smoky Quartz Without Damaging It,How to Cleanse Smoky Quartz Safely — Methods That Work,"Smoky Quartz is safe in water but fades in prolonged sunlight. Learn which cleansing methods work — water, smoke, sound, moonlight — and what to avoid.",915,batch-077,1SFjqxJRA2LOWwFMvUHl5W8LWBJcB7At4JVPvX4lM3aQ,https://docs.google.com/document/d/1SFjqxJRA2LOWwFMvUHl5W8LWBJcB7At4JVPvX4lM3aQ/edit?usp=drivesdk,,none
/gemstones/smoky-quartz/how-to-identify,gemstones,M1 Stone Atlas,S1.4 how-to-identify,subpage,smoky-quartz,how-to-identify,new,P3,Instruction,How to Identify Real Smoky Quartz and Spot Fakes,How to Identify Real Smoky Quartz — Tests and Red Flags,"Real Smoky Quartz scratches glass, shows conchoidal fracture, and has no fluorescence. Learn how to tell it from glass, dyed stones, and irradiated imitations.",1026,batch-077,1UuYD1lS30c21y7qI5Oj2qVVac7nKm8ukW3dPf0tcB58,https://docs.google.com/document/d/1UuYD1lS30c21y7qI5Oj2qVVac7nKm8ukW3dPf0tcB58/edit?usp=drivesdk,,Distinguishing naturally irradiated Smoky Quartz from artificially irradiated rock crystal is not possible with standard gem-trade tests; specialist gemmological laboratory analysis is required and even then may be inconclusive.
/gemstones/smoky-quartz/price-guide,gemstones,M1 Stone Atlas,S1.9 price-guide,subpage,smoky-quartz,price-guide,new,P3,Explanation,Smoky Quartz Price Guide — What It Costs and Why,Smoky Quartz Price Guide: Cost Per Carat in 2026,Smoky Quartz typically costs $1–$30 per carat for commercial material and up to $75 for precision cuts. Learn what drives the price and how to avoid overpaying.,908,batch-077,1KiUoAL5ae74qkeDGjZQX0I_2e3gF6oxg-eGkyPGmosM,https://docs.google.com/document/d/1KiUoAL5ae74qkeDGjZQX0I_2e3gF6oxg-eGkyPGmosM/edit?usp=drivesdk,,"Wholesale prices for raw material from primary producing countries are not publicly available in reliable form; ranges given are retail prices from US and international gem sellers, checked September 2026."
/gemstones/smoky-quartz/sleeping-with,gemstones,M1 Stone Atlas,S1.5 sleeping-with,subpage,smoky-quartz,sleeping-with,new,P3,Explanation,Sleeping with Smoky Quartz: What to Know Before You Try,Sleeping with Smoky Quartz — Benefits and Cautions,"Smoky Quartz is safe to keep near the bed. Learn what crystal tradition says about overnight use, where to place it, and who may want to try a different stone.",762,batch-077,1NLX6CUtAasJ8-rpGq1eRWlzJx3i-9_iYCYmT0-dJ9qs,https://docs.google.com/document/d/1NLX6CUtAasJ8-rpGq1eRWlzJx3i-9_iYCYmT0-dJ9qs/edit?usp=drivesdk,,No peer-reviewed evidence exists for crystal effects on sleep quality. All claims are from crystal practice tradition.
/gemstones/smoky-quartz/who-should-not-wear,gemstones,M1 Stone Atlas,S1.2 who-should-not-wear,subpage,smoky-quartz,who-should-not-wear,new,P3,Evaluation,Who Should Be Cautious About Wearing Smoky Quartz?,Who Should Not Wear Smoky Quartz? Safety & Tradition,"Smoky Quartz is physically safe for most people. Learn which physical cautions apply, what crystal tradition says, and how astrology approaches this stone.",784,batch-077,1XGMOypHwISXyLfyKyxkCMgW05i0sBGnlOTDFEE7zJNg,https://docs.google.com/document/d/1XGMOypHwISXyLfyKyxkCMgW05i0sBGnlOTDFEE7zJNg/edit?usp=drivesdk,,"No clinical evidence exists for metaphysical cautions; astrological restrictions are from crystal-practice tradition, not peer-reviewed astrology research."
/gemstones/sodalite/affirmations,gemstones,M1 Stone Atlas,S1.8 affirmations,subpage,sodalite,affirmations,new,P3,Instruction,Sodalite Affirmations — Words That Fit the Stone,Sodalite Affirmations — How to Use Them With the Stone,"Sodalite's traditional themes are logic, truth, and communication. Learn which affirmations align with those themes and a simple practice for using them.",830,batch-078,1n4tLRFk2G-9Qicz3dRCKakiVnnjhLSp15Vhs-uopDqE,https://docs.google.com/document/d/1n4tLRFk2G-9Qicz3dRCKakiVnnjhLSp15Vhs-uopDqE/edit?usp=drivesdk,,none
/gemstones/sodalite/combinations,gemstones,M1 Stone Atlas,S1.7 combinations,subpage,sodalite,combinations,new,P3,Evaluation,Sodalite Combinations — Which Crystals to Pair With It,Sodalite Crystal Combinations — Pairings by Goal,"Sodalite pairs well with amethyst for intuition, clear quartz for clarity, and rose quartz for communication. Learn which pairings suit which goals.",794,batch-078,10xaiFwL0588k3pVBu1flTaqo6xmvsM4756VFLq2mh5I,https://docs.google.com/document/d/10xaiFwL0588k3pVBu1flTaqo6xmvsM4756VFLq2mh5I/edit?usp=drivesdk,,none — pairings are tradition throughout
/gemstones/sodalite/how-to-cleanse,gemstones,M1 Stone Atlas,S1.6 how-to-cleanse,subpage,sodalite,how-to-cleanse,new,P3,Instruction,How to Cleanse Sodalite Without Damaging It,How to Cleanse Sodalite Safely — Methods That Work,"Sodalite can tolerate a brief rinse but should not be soaked. Learn the safest cleansing methods — smoke, sound, moonlight, and selenite — plus how to recharge.",858,batch-078,1PNl1-q9gLgnDn9j5vhChXzpswZMARFvhZQVsp8rg5Fc,https://docs.google.com/document/d/1PNl1-q9gLgnDn9j5vhChXzpswZMARFvhZQVsp8rg5Fc/edit?usp=drivesdk,,none
/gemstones/sodalite/how-to-identify,gemstones,M1 Stone Atlas,S1.4 how-to-identify,subpage,sodalite,how-to-identify,new,P3,Instruction,How to Identify Real Sodalite,How to Identify Real Sodalite — Tests and Red Flags,"Real sodalite has white calcite veining, no metallic pyrite, and a white streak. Learn the visual checks, physical tests, and common fakes to spot.",916,batch-078,1aRoZtZH1MuqSIH3y0dGCevm-YgerWfzJUIyRkV2J62w,https://docs.google.com/document/d/1aRoZtZH1MuqSIH3y0dGCevm-YgerWfzJUIyRkV2J62w/edit?usp=drivesdk,,none
/gemstones/sodalite/meaning,gemstones,M1 Stone Atlas,S1.1 meaning,subpage,sodalite,meaning,new,P3,Explanation,"Sodalite Meaning, Properties, and Traditional Uses",Sodalite Meaning — What It Is and What It's Used For,"Sodalite is a royal-blue sodium silicate mineral known as the Stone of Logic. Learn what it is physically, its history, and its traditional associations.",849,batch-078,1vhXN9tomUMKJc3m_BmIZPgcJWTsmm4XTLvuzLJA7ihc,https://docs.google.com/document/d/1vhXN9tomUMKJc3m_BmIZPgcJWTsmm4XTLvuzLJA7ihc/edit?usp=drivesdk,,none
/gemstones/sodalite/price-guide,gemstones,M1 Stone Atlas,S1.9 price-guide,subpage,sodalite,price-guide,new,P3,Explanation,Sodalite Price Guide — What to Pay and Why,"Sodalite Price Guide — Costs, Grading, and Red Flags","Sodalite tumbled stones cost a few dollars each; cabochons run $1–8 per carat. Learn what drives the price, how to grade quality, and when to walk away.",769,batch-078,1mSZDw72b4AES_x94SrJ0lSaTvOk-2CA0CkdqcHmcYRc,https://docs.google.com/document/d/1mSZDw72b4AES_x94SrJ0lSaTvOk-2CA0CkdqcHmcYRc/edit?usp=drivesdk,,Hackmanite price data is sparse; ranges given from limited retail evidence. Princess Blue provenance premium noted but precise percentage not confirmed from a single authoritative source.
/gemstones/sodalite/sleeping-with,gemstones,M1 Stone Atlas,S1.5 sleeping-with,subpage,sodalite,sleeping-with,new,P3,Explanation,Sleeping with Sodalite — What to Know,Sleeping with Sodalite — Placement and Considerations,"Sodalite is physically safe to have near the bed. Learn the traditional reasons people sleep with it, how to place it, and when to consider a break.",706,batch-078,1_9HpFqARV4wxhQrKeonO2vGipljb7fqlnoAwOQzC8Kg,https://docs.google.com/document/d/1_9HpFqARV4wxhQrKeonO2vGipljb7fqlnoAwOQzC8Kg/edit?usp=drivesdk,,none
/gemstones/sodalite/who-should-not-wear,gemstones,M1 Stone Atlas,S1.2 who-should-not-wear,subpage,sodalite,who-should-not-wear,new,P3,Evaluation,Who Should Not Wear Sodalite,Who Should Not Wear Sodalite — Cautions Explained,"Most people can wear sodalite safely. Learn the physical handling cautions, traditional astrological reservations, and who may want a different stone.",626,batch-078,1P3O_eXWXiFTcAM1yXhvC1QbjHgBsCCIqpKzFRBW1ZT0,https://docs.google.com/document/d/1P3O_eXWXiFTcAM1yXhvC1QbjHgBsCCIqpKzFRBW1ZT0/edit?usp=drivesdk,,No peer-reviewed evidence on sodalite toxicity; Mindat lists no specific health risk data for this mineral.
/gemstones/strawberry-quartz/affirmations,gemstones,M1 Stone Atlas,S1.8 affirmations,subpage,strawberry-quartz,affirmations,new,P3,Instruction,Strawberry Quartz Affirmations and How to Use Them,Strawberry Quartz Affirmations,Strawberry Quartz is traditionally linked to self-love and compassion. Here are affirmations that match those associations and a simple method to use them.,936,batch-079,1YAaTP9XJfQ-eoJZVFzYzqCzPVq0j4D4i_IkXHkFgthI,https://docs.google.com/document/d/1YAaTP9XJfQ-eoJZVFzYzqCzPVq0j4D4i_IkXHkFgthI/edit?usp=drivesdk,,none
/gemstones/strawberry-quartz/combinations,gemstones,M1 Stone Atlas,S1.7 combinations,subpage,strawberry-quartz,combinations,new,P3,Evaluation,Best Crystal Combinations for Strawberry Quartz,Strawberry Quartz Crystal Combinations,"Strawberry Quartz pairs well with Rose Quartz, Amethyst, and Clear Quartz for heart-centered and emotional work. Learn which combinations to try and which to avoid.",1010,batch-079,1DRxpyoQcRtovSM5O4LU14edBqBoAS18PoX8vbSkuXHg,https://docs.google.com/document/d/1DRxpyoQcRtovSM5O4LU14edBqBoAS18PoX8vbSkuXHg/edit?usp=drivesdk,,Crystal pairing traditions are not standardized; recommendations vary across practitioners. All pairing suggestions stated as tradition rather than outcomes.
/gemstones/strawberry-quartz/how-to-cleanse,gemstones,M1 Stone Atlas,S1.6 how-to-cleanse,subpage,strawberry-quartz,how-to-cleanse,new,P3,Instruction,How to Cleanse Strawberry Quartz Without Damaging It,How to Cleanse Strawberry Quartz Safely,Strawberry Quartz is safe in brief water rinses but avoid salt water and ultrasonic cleaners. Learn the best cleansing methods and what to skip.,994,batch-079,1FKS2WOjvrV5DqdO-Gy90wfxQZPzBoUZhf1K4Sa5eCZo,https://docs.google.com/document/d/1FKS2WOjvrV5DqdO-Gy90wfxQZPzBoUZhf1K4Sa5eCZo/edit?usp=drivesdk,,none
/gemstones/strawberry-quartz/how-to-identify,gemstones,M1 Stone Atlas,S1.4 how-to-identify,subpage,strawberry-quartz,how-to-identify,new,P3,Instruction,How to Identify Real Strawberry Quartz vs Fakes,Real vs Fake Strawberry Quartz: How to Tell,"Real Strawberry Quartz has visible iron oxide inclusions in clear quartz, no air bubbles, and Mohs hardness 7. Learn to spot glass, dyed quartz, and mislabeled stone.",1132,batch-079,1jyL6rYCZH2xyWsqQVwjHca3r8cwVObbgGTakY0PzPgc,https://docs.google.com/document/d/1jyL6rYCZH2xyWsqQVwjHca3r8cwVObbgGTakY0PzPgc/edit?usp=drivesdk,,No standardized lab certification specifically for the trade name 'strawberry quartz' exists; GIA and other labs identify constituent minerals (quartz with hematite/goethite/lepidocrocite inclusions). A gemological lab report confirms mineral species but not the trade name.
/gemstones/strawberry-quartz/price-guide,gemstones,M1 Stone Atlas,S1.9 price-guide,subpage,strawberry-quartz,price-guide,new,P3,Explanation,Strawberry Quartz Price Guide: What It Costs and Why,Strawberry Quartz Price Guide,Genuine Strawberry Quartz runs $4–20/ct for cut stones and $2–6 for tumbled pieces. Learn what drives the price and how to avoid paying for glass.,918,batch-079,1RXcOPI8eLVHOlszD2r-0niatLOLwImyD8Ugkba1zja0,https://docs.google.com/document/d/1RXcOPI8eLVHOlszD2r-0niatLOLwImyD8Ugkba1zja0/edit?usp=drivesdk,,Price evidence for rough specimens and collector-grade crystals is limited; no reliable current per-piece pricing found for high-end mineral-show material. Wholesale tumbled pricing is variable by origin and authenticity.
/gemstones/strawberry-quartz/sleeping-with,gemstones,M1 Stone Atlas,S1.5 sleeping-with,subpage,strawberry-quartz,sleeping-with,new,P3,Explanation,Sleeping with Strawberry Quartz: What to Expect,Sleeping with Strawberry Quartz Under Your Pillow,"Sleeping with Strawberry Quartz is physically safe. Learn what crystal tradition says about nighttime use, placement options, and who should go slowly.",883,batch-079,140IsMp4k8pjOxovX5U90_Rfi7v7KavrRcBvlDXXRgbA,https://docs.google.com/document/d/140IsMp4k8pjOxovX5U90_Rfi7v7KavrRcBvlDXXRgbA/edit?usp=drivesdk,,No peer-reviewed research confirms or refutes sleep effects from sleeping near crystals. The page presents tradition as tradition throughout.
/gemstones/strawberry-quartz/who-should-not-wear,gemstones,M1 Stone Atlas,S1.2 who-should-not-wear,subpage,strawberry-quartz,who-should-not-wear,new,P3,Evaluation,Who Should Be Cautious About Wearing Strawberry Quartz?,Who Should Not Wear Strawberry Quartz?,Strawberry Quartz has no physical safety hazards and no firm astrological bans. Learn the real cautions — and who can wear it freely.,750,batch-079,1xM_STUldx6U3663mFjmFCz3nQTuceqZu7BgqGbO_xAw,https://docs.google.com/document/d/1xM_STUldx6U3663mFjmFCz3nQTuceqZu7BgqGbO_xAw/edit?usp=drivesdk,,"No Vedic astrology sources specifically contraindicate strawberry quartz for any nakshatra or rashi; no Western astrology sources name firm exclusions either. This reflects genuine absence of such claims, not a gap in research."
/gemstones/sunstone/affirmations,gemstones,M1 Stone Atlas,S1.8 affirmations,subpage,sunstone,affirmations,new,P3,Instruction,Sunstone Affirmations — Phrases That Fit the Stone's Traditions,Sunstone Affirmations — Words That Match Its Tradition,"Sunstone is traditionally linked to confidence, vitality, and abundance. These affirmations align with those associations and include a simple practice method.",770,batch-080,1ekW5v9r15GsU7t7mtsl8kQQEvQ16Y-J1ZRu7K0SQNzQ,https://docs.google.com/document/d/1ekW5v9r15GsU7t7mtsl8kQQEvQ16Y-J1ZRu7K0SQNzQ/edit?usp=drivesdk,,Affirmation content is tradition only; no evidence base for specific phrase effects.
/gemstones/sunstone/combinations,gemstones,M1 Stone Atlas,S1.7 combinations,subpage,sunstone,combinations,new,P3,Evaluation,Sunstone Crystal Combinations — Pairings by Goal,Sunstone Crystal Combinations — Best Pairings by Goal,"Sunstone pairs well with carnelian, citrine, and pyrite for vitality and confidence. For balance, moonstone or rose quartz soften its traditional solar energy.",926,batch-080,1oxaBWwulI-BlRyiJgiO3vpo_4U56Noeghg_2na3ueFE,https://docs.google.com/document/d/1oxaBWwulI-BlRyiJgiO3vpo_4U56Noeghg_2na3ueFE/edit?usp=drivesdk,,All pairing rationale is tradition; no empirical evidence supports energetic synergy between crystal combinations.
/gemstones/sunstone/how-to-cleanse,gemstones,M1 Stone Atlas,S1.6 how-to-cleanse,subpage,sunstone,how-to-cleanse,new,P3,Instruction,How to Cleanse Sunstone Without Damaging It,How to Cleanse Sunstone — Safe Methods That Work,"Sunstone is water-tolerant and easy to cleanse. Learn which methods are safe — water, smoke, sound, moonlight — and which conditions to avoid.",818,batch-080,1CyklsjC8vf24R9BX3gcbJPAoc81RfYgwd46lDevpGzo,https://docs.google.com/document/d/1CyklsjC8vf24R9BX3gcbJPAoc81RfYgwd46lDevpGzo/edit?usp=drivesdk,,none
/gemstones/sunstone/how-to-identify,gemstones,M1 Stone Atlas,S1.4 how-to-identify,subpage,sunstone,how-to-identify,new,P3,Instruction,"How to Identify Real Sunstone — Fakes, Glass, and Treated Stones",How to Identify Real Sunstone vs. Fakes and Glass,Goldstone glass and copper-diffused andesine are the two main imitations of Sunstone. Here is how to tell them apart using physical tests and a loupe.,967,batch-080,1uxxANp6nZDN-tUBJVPaTyG49_O4OtoablxZdzEj6eic,https://docs.google.com/document/d/1uxxANp6nZDN-tUBJVPaTyG49_O4OtoablxZdzEj6eic/edit?usp=drivesdk,,No standardized retail authentication protocol exists; definitive identification of copper-diffused andesine requires laboratory UV fluorescence spectroscopy.
/gemstones/sunstone/price-guide,gemstones,M1 Stone Atlas,S1.9 price-guide,subpage,sunstone,price-guide,new,P3,Explanation,Sunstone Price Guide — What It Costs and What Drives Value,"Sunstone Price Guide — Costs, Value Factors, Buying Tips","Oregon Sunstone ranges from around $20 per carat for pale material to $1,700 for intense red stones over 3 carats. Color is the single largest price driver.",942,batch-080,1CN2Cbwayn1F2Io6JBGOwyIfYnOmsumfPgnVsV5i6Yxo,https://docs.google.com/document/d/1CN2Cbwayn1F2Io6JBGOwyIfYnOmsumfPgnVsV5i6Yxo/edit?usp=drivesdk,,Retail price data changes continuously; figures are benchmarks from September 2026 sources and should be verified against a live price chart before purchase. Indian Sunstone retail prices are less consistently documented than Oregon Sunstone.
/gemstones/sunstone/sleeping-with,gemstones,M1 Stone Atlas,S1.5 sleeping-with,subpage,sunstone,sleeping-with,new,P3,Explanation,Sleeping with Sunstone — What to Expect and How to Try It,Sleeping with Sunstone — Expectations and Method,"Sunstone is described as activating in crystal tradition — some sleep well with it, others find it disruptive. Here is how to try it and when to stop.",756,batch-080,14nIKGsxGQMZoLiPpPlYIYcPajllpmhH9ytcgA3gzi4Q,https://docs.google.com/document/d/14nIKGsxGQMZoLiPpPlYIYcPajllpmhH9ytcgA3gzi4Q/edit?usp=drivesdk,,No clinical evidence supports crystal placement affecting sleep quality; all sleep-related claims are tradition only.
/gemstones/sunstone/who-should-not-wear,gemstones,M1 Stone Atlas,S1.2 who-should-not-wear,subpage,sunstone,who-should-not-wear,new,P3,Evaluation,Who Should Not Wear Sunstone — Cautions and Criteria,Who Should Not Wear Sunstone? Cautions Explained,"Most people can wear Sunstone without concern, but certain astrological traditions and sensitivity factors suggest caution. Here is what to consider.",777,batch-080,1bc833AartnICP6bnUgY40kGXotnfGhNOMcdYLg4c7WY,https://docs.google.com/document/d/1bc833AartnICP6bnUgY40kGXotnfGhNOMcdYLg4c7WY/edit?usp=drivesdk,,No clinical or peer-reviewed evidence for energetic compatibility claims; astrological guidance varies by tradition and practitioner.
/gemstones/tiger-eye/affirmations,gemstones,M1 Stone Atlas,S1.8 affirmations,subpage,tiger-eye,affirmations,new,P2,Instruction,Tiger Eye Affirmations — Words to Use and How to Use Them,Tiger Eye Affirmations — Words and How to Use Them,"Tiger Eye is linked to courage, focus, and confidence. Find affirmations that match those associations and how practitioners use them with the stone.",910,batch-004,1JsWdDxBmbdp-eXZmt2H_5OWbX8mywIU6VY1jKwrIBXk,https://docs.google.com/document/d/1JsWdDxBmbdp-eXZmt2H_5OWbX8mywIU6VY1jKwrIBXk/edit?usp=drivesdk,,none
/gemstones/tiger-eye/combinations,gemstones,M1 Stone Atlas,S1.7 combinations,subpage,tiger-eye,combinations,new,P2,Evaluation,Tiger Eye Crystal Combinations — Pairings by Goal,Tiger Eye Crystal Combinations — Which Stones Pair Well,"Tiger Eye pairs well with citrine for abundance, carnelian for confidence, hematite for grounding, and obsidian for protection. Learn pairings by goal and what to avoid.",1046,batch-004,11YdIZlJxokHHMlCpk1vUSI9HAlX8zFZK78IJYwmD3C4,https://docs.google.com/document/d/11YdIZlJxokHHMlCpk1vUSI9HAlX8zFZK78IJYwmD3C4/edit?usp=drivesdk,,none
/gemstones/tiger-eye/how-to-cleanse,gemstones,M1 Stone Atlas,S1.6 how-to-cleanse,subpage,tiger-eye,how-to-cleanse,new,P1,Instruction,How to Cleanse and Recharge Tiger Eye,How to Cleanse Tiger Eye — Safe Methods Guide,"Tiger Eye is safe for a brief water rinse but prolonged soaking risks rust from iron content. Smoke, sunlight, moonlight, sound, and selenite are safest.",830,batch-004,15rF9w1NDK13f1PI-xITPIQ0eEN9-pHREx1olXnj_Eoc,https://docs.google.com/document/d/15rF9w1NDK13f1PI-xITPIQ0eEN9-pHREx1olXnj_Eoc/edit?usp=drivesdk,,none
/gemstones/tiger-eye/how-to-identify,gemstones,M1 Stone Atlas,S1.4 how-to-identify,subpage,tiger-eye,how-to-identify,new,P1,Instruction,How to Identify Real Tiger Eye — 5 Practical Tests,How to Identify Real Tiger Eye vs Fakes and Glass,"Five hands-on tests identify genuine Tiger Eye: chatoyancy, hardness, temperature, fiber structure, and dye detection. Learn what each reveals and why.",1221,batch-004,1xR2lTKdXIZX92havW0p4a8du4mD1ZsgSZglBE-LtUhs,https://docs.google.com/document/d/1xR2lTKdXIZX92havW0p4a8du4mD1ZsgSZglBE-LtUhs/edit?usp=drivesdk,,none
/gemstones/tiger-eye/price-guide,gemstones,M1 Stone Atlas,S1.9 price-guide,subpage,tiger-eye,price-guide,new,P1,Explanation,Tiger Eye Price Guide — What It Costs and Why,Tiger Eye Price Guide: What It Costs and Why,"Tiger Eye tumbled stones run $1–$5, loose stones $0.50–$15 per carat, bracelets $10–$40. Learn what drives price and how to spot value versus overpaying.",834,batch-004,19Ba3WHqoEVM42LiI50hLyy-_k4ri8XpavIf1jajY2GE,https://docs.google.com/document/d/19Ba3WHqoEVM42LiI50hLyy-_k4ri8XpavIf1jajY2GE/edit?usp=drivesdk,,"No standardized per-carat grading scale exists for Tiger Eye; price ranges reflect broad retail observation from multiple sources (checked September 2026), not gem-lab valuations. Specific current retail pricing for high-end Marra Mamba Tiger Eye (Western Australia) was not found."
/gemstones/tortoise-ring/can-go-in-water,gemstones,M1 Stone Atlas,S1.3 can-go-in-water,subpage,tortoise-ring,can-go-in-water,new,P1,Explanation,"Can a Tortoise Ring Go in Water? Silver, Gold, Copper, Jade",Can a Tortoise Ring Go in Water? By Metal and Stone,A silver or gold tortoise ring tolerates brief water contact but not swimming or showering. Copper accelerates patina; jade insets and plated rings need more care.,971,batch-106,1xu1D9NlooH7615RVDXjDKXVsGVQhr0Gr4n36jseEFIA,https://docs.google.com/document/d/1xu1D9NlooH7615RVDXjDKXVsGVQhr0Gr4n36jseEFIA/edit?usp=drivesdk,,No quantified data on silver tarnish acceleration rate in chlorinated vs. salt water at ring thicknesses; jade porosity differences between nephrite and jadeite not distinguished
/gemstones/tortoise-ring/combinations,gemstones,M1 Stone Atlas,S1.7 combinations,subpage,tortoise-ring,combinations,new,P1,Evaluation,Tortoise Ring Combinations: Which Rings and Stones to Pair,Tortoise Ring Combinations: What to Wear With It,Vedic tradition pairs a tortoise ring with pearl or moonstone; coral and ruby are cautioned against. Feng shui pairs it with jade. Physical compatibility also covered.,1097,batch-106,11QSe1EM3Eps8SupLeY907nUAtBaF1nwSJaelJ3-SFKw,https://docs.google.com/document/d/11QSe1EM3Eps8SupLeY907nUAtBaF1nwSJaelJ3-SFKw/edit?usp=drivesdk,,No authoritative Vedic textual source found for specific ring-pairing rules; combination advice cited to retailer and vastu blog sources only. Feng shui ring-pairing guidance sparse in available sources.
/gemstones/tortoise-ring/how-to-cleanse,gemstones,M1 Stone Atlas,S1.6 how-to-cleanse,subpage,tortoise-ring,how-to-cleanse,new,P1,Instruction,How to Clean a Tortoise Ring by Metal and Stone Type,"How to Clean a Tortoise Ring: Silver, Gold, Copper, Jade",Clean a silver tortoise ring with a polishing cloth and mild soap. Gold needs only warm water. Copper and jade need gentler care. Steps by metal and stone type.,1013,batch-106,12lKb7oU1RJWt0x0efiJT_o8750xg2ik5gkmOZbkAy3w,https://docs.google.com/document/d/12lKb7oU1RJWt0x0efiJT_o8750xg2ik5gkmOZbkAy3w/edit?usp=drivesdk,,Specific dilution ratios for home silver cleaning are not standardized across sources; energetic cleansing methods cited from tradition only
/gemstones/tortoise-ring/how-to-identify,gemstones,M1 Stone Atlas,S1.4 how-to-identify,subpage,tortoise-ring,how-to-identify,new,P1,Instruction,How to Identify a Real Silver or Gold Tortoise Ring,How to Identify a Real Tortoise Ring: Hallmarks & Tests,"Identify a genuine silver or gold tortoise ring by the 925 or 22K hallmark, magnet test, weight, and skin reaction. Spot plated and fake pieces before buying.",1158,batch-106,1luXrvxnAlEmUbyvIrwRlYCZlRbce4aRte7lSUmMqYEk,https://docs.google.com/document/d/1luXrvxnAlEmUbyvIrwRlYCZlRbce4aRte7lSUmMqYEk/edit?usp=drivesdk,,"No independent lab data on plating thickness specific to tortoise rings; acid test process referenced from trade practice, not a primary scientific source"
/gemstones/tortoise-ring/meaning,gemstones,M1 Stone Atlas,S1.1 meaning,subpage,tortoise-ring,meaning,new,P1,Explanation,"Tortoise Ring Meaning: Vedic, Feng Shui and Metal Facts",Tortoise Ring Meaning: Vedic & Feng Shui Tradition,"A tortoise ring is a silver, gold, or copper talisman linked to Vishnu's Kurma avatar and feng shui longevity. Learn what it means, who wears it, and why.",920,batch-106,1BFsPKgE2irLgkzQxIdEZZhB961SZoithREgyTbJTbLc,https://docs.google.com/document/d/1BFsPKgE2irLgkzQxIdEZZhB961SZoithREgyTbJTbLc/edit?usp=drivesdk,,"Kurma avatar number varies by tradition (some sources list second, others list different order); Vedic wearing rules cited only to retail/vastu blog sources, not primary scripture"
/gemstones/tortoise-ring/price-guide,gemstones,M1 Stone Atlas,S1.9 price-guide,subpage,tortoise-ring,price-guide,new,P1,Explanation,Tortoise Ring Price Guide by Metal and Weight,"Tortoise Ring Price Guide: Silver, Gold & Copper Costs","Silver tortoise rings cost ₹1,200–₹3,700 in India ($14–$45 USD). Gold 22K rings run ₹48,000–₹90,000. Prices by metal and weight, checked September 2026.",1051,batch-106,1iT5d2rEOc21pq-O6a_r3EXyn2xBRyLtsF1vIEmg__uc,https://docs.google.com/document/d/1iT5d2rEOc21pq-O6a_r3EXyn2xBRyLtsF1vIEmg__uc/edit?usp=drivesdk,,Solid copper tortoise ring retail prices not found at named retailers — copper price range is qualitative only. International Western-market silver prices found in limited listings. Gold spot price used is approximate for September 2026 and will have moved.
/gemstones/tree-agate/affirmations,gemstones,M1 Stone Atlas,S1.8 affirmations,subpage,tree-agate,affirmations,new,P3,Instruction,Tree Agate Affirmations: Phrases and How to Use Them,Tree Agate Affirmations — Phrases and Practice Guide,"Tree Agate is traditionally associated with growth, patience, and grounding. These affirmations match those associations and include a step-by-step practice method.",673,batch-081,1FR-ILw7IInWbE9h-KTzhJDSMr00M5R8eHlNJN7RZfKg,https://docs.google.com/document/d/1FR-ILw7IInWbE9h-KTzhJDSMr00M5R8eHlNJN7RZfKg/edit?usp=drivesdk,,No clinical evidence exists for crystal-specific affirmation effects beyond general affirmation research. Associations are practitioner tradition.
/gemstones/tree-agate/can-go-in-water,gemstones,M1 Stone Atlas,S1.3 can-go-in-water,subpage,tree-agate,can-go-in-water,new,P3,Explanation,Can Tree Agate Go in Water?,Can Tree Agate Go in Water? Safe Cleaning Guide,"Tree Agate is quartz-based (Mohs 7, SiO₂) and water-safe for rinsing. Prolonged soaking, salt water, and soaking dyed pieces carry specific risks explained here.",609,batch-081,1lC2qaU_VlYJSzeDnsvTMTO8gDiE-EukoznBe8-r2P4M,https://docs.google.com/document/d/1lC2qaU_VlYJSzeDnsvTMTO8gDiE-EukoznBe8-r2P4M/edit?usp=drivesdk,,none
/gemstones/tree-agate/combinations,gemstones,M1 Stone Atlas,S1.7 combinations,subpage,tree-agate,combinations,new,P3,Evaluation,Tree Agate Crystal Combinations: Pairings and Goals,Tree Agate Crystal Combinations — Best Pairings,"Tree Agate pairs well with moss agate, green aventurine, rose quartz, and clear quartz in crystal tradition. Pairings by goal, and which combinations to reconsider.",643,batch-081,19mAgTWm48jhWE3bWJueC9EKcM5sh-LkuqCbl1EGS5qw,https://docs.google.com/document/d/19mAgTWm48jhWE3bWJueC9EKcM5sh-LkuqCbl1EGS5qw/edit?usp=drivesdk,,All pairing associations are practitioner tradition with no empirical basis. Physical compatibility between stones is straightforward (none of the paired stones are reactive or chemically incompatible).
/gemstones/tree-agate/how-to-cleanse,gemstones,M1 Stone Atlas,S1.6 how-to-cleanse,subpage,tree-agate,how-to-cleanse,new,P3,Instruction,How to Cleanse and Recharge Tree Agate,How to Cleanse Tree Agate — Safe Methods Explained,"Tree Agate tolerates water, smoke, sound, and moonlight cleansing. Brief water rinse is fine; avoid prolonged soaking if dyed. Full method guide here.",726,batch-081,1xcZwI5ehsAG0mLuamZIGY9BsNgpJIFc7nWgm5qJRNKc,https://docs.google.com/document/d/1xcZwI5ehsAG0mLuamZIGY9BsNgpJIFc7nWgm5qJRNKc/edit?usp=drivesdk,,none
/gemstones/tree-agate/how-to-identify,gemstones,M1 Stone Atlas,S1.4 how-to-identify,subpage,tree-agate,how-to-identify,new,P3,Instruction,How to Identify Real Tree Agate,How to Identify Real Tree Agate — Buyer's Guide,"Real Tree Agate is opaque white chalcedony with green dendritic inclusions. Learn the bench tests, pattern signs, and dye checks that separate genuine from fake.",804,batch-081,1jldxUE51d7qGcdbJTFGq9knXLyI7adQRSmGQcsc0sjA,https://docs.google.com/document/d/1jldxUE51d7qGcdbJTFGq9knXLyI7adQRSmGQcsc0sjA/edit?usp=drivesdk,,No specific gemological certificate exists for Tree Agate as a trade category; identification rests on visual and physical tests. Dendritic inclusion mineralogy varies by source and may require lab analysis for definitive identification.
/gemstones/tree-agate/price-guide,gemstones,M1 Stone Atlas,S1.9 price-guide,subpage,tree-agate,price-guide,new,P3,Explanation,Tree Agate Price Guide: What It Costs and Why,Tree Agate Price Guide — What to Pay in 2026,"Tree Agate tumbled stones retail at roughly $2–8; polished pieces $10–30; collector display pieces $20–80. Price drivers, red flags, and sourcing tips explained.",690,batch-081,1jIgxxzwv4C25cRBf3vzaI3pkmuL7WaINLBSHFO1U6Fs,https://docs.google.com/document/d/1jIgxxzwv4C25cRBf3vzaI3pkmuL7WaINLBSHFO1U6Fs/edit?usp=drivesdk,,"Price ranges are drawn from retail listings observed September 2026 and will vary by seller, geography, and market conditions. No wholesale or per-carat pricing data was available for Tree Agate as a trade category; retail unit pricing is used throughout."
/gemstones/tree-agate/sleeping-with,gemstones,M1 Stone Atlas,S1.5 sleeping-with,subpage,tree-agate,sleeping-with,new,P3,Explanation,Sleeping with Tree Agate: Placement and What to Expect,Sleeping with Tree Agate — Placement Guide,"Tree Agate is physically safe to sleep near. Crystal tradition links it to calm and patience. Learn where to place it, who finds it helpful, and who may not.",632,batch-081,1fBiFXQbTv6rw1qOGOgCs7vVydrEEiois-o5yyI4ze4I,https://docs.google.com/document/d/1fBiFXQbTv6rw1qOGOgCs7vVydrEEiois-o5yyI4ze4I/edit?usp=drivesdk,,No controlled research exists on the sleep effects of crystal proximity. All claims about Tree Agate's sleep associations are practitioner tradition.
/gemstones/tree-agate/who-should-not-wear,gemstones,M1 Stone Atlas,S1.2 who-should-not-wear,subpage,tree-agate,who-should-not-wear,new,P3,Evaluation,Who Should Be Cautious About Wearing Tree Agate,Who Should Not Wear Tree Agate — Cautions Explained,"Tree Agate poses no toxicity risk and is physically durable, but certain astrological traditions and use contexts call for caution. Full breakdown here.",615,batch-081,1Fjgvp1ul9BqcBzZHkXwRXqckFuMRf7IhY0LU2-y7HUg,https://docs.google.com/document/d/1Fjgvp1ul9BqcBzZHkXwRXqckFuMRf7IhY0LU2-y7HUg/edit?usp=drivesdk,,No peer-reviewed astrological contraindication literature exists; astrological cautions reflect practitioner tradition only. No clinical evidence for any crystal wearing effects.
/gemstones/turquoise/affirmations,gemstones,M1 Stone Atlas,S1.8 affirmations,subpage,turquoise,affirmations,new,P2,Instruction,Turquoise Affirmations — How to Use Them and What to Say,Turquoise Affirmations — Words That Fit the Stone,"Turquoise is traditionally linked to communication, protection, and truth. Here are affirmations that fit those themes and a simple practice for using them.",822,batch-013,1abosDZYZvZhxNSP5LOVYaAMuY3Ggq9RM79J6UBVAG6s,https://docs.google.com/document/d/1abosDZYZvZhxNSP5LOVYaAMuY3Ggq9RM79J6UBVAG6s/edit?usp=drivesdk,,No clinical evidence for affirmation efficacy specific to crystal use; practice value is entirely personal and traditional.
/gemstones/turquoise/can-go-in-water,gemstones,M1 Stone Atlas,S1.3 can-go-in-water,subpage,turquoise,can-go-in-water,new,P2,Explanation,Can Turquoise Go in Water? What Happens and What to Do,Can Turquoise Go in Water? A Mineralogy-Based Answer,"Turquoise is porous and absorbs water, soaps, and chemicals that cause permanent discoloration. Learn why water is risky and what safer cleaning options exist.",811,batch-013,1hGnbv9k55KFDg5AkiQyOXaOG-TJtL0G8OuvKmkLmtKU,https://docs.google.com/document/d/1hGnbv9k55KFDg5AkiQyOXaOG-TJtL0G8OuvKmkLmtKU/edit?usp=drivesdk,,none
/gemstones/turquoise/combinations,gemstones,M1 Stone Atlas,S1.7 combinations,subpage,turquoise,combinations,new,P2,Evaluation,Best Turquoise Combinations — Stones That Pair Well and Why,Turquoise Combinations — Which Crystals Pair Well,"Turquoise pairs well with lapis lazuli, labradorite, malachite, and clear quartz in crystal tradition. Learn which pairings suit which goals and how to combine them.",761,batch-013,1-NsPzRYdGrXfS2_QC9g-Xu_vqNsopgGChsM-wW_gwRw,https://docs.google.com/document/d/1-NsPzRYdGrXfS2_QC9g-Xu_vqNsopgGChsM-wW_gwRw/edit?usp=drivesdk,,No physical or scientific basis for crystal pairing exists; all recommendations are traditional associations only.
/gemstones/turquoise/how-to-cleanse,gemstones,M1 Stone Atlas,S1.6 how-to-cleanse,subpage,turquoise,how-to-cleanse,new,P2,Instruction,How to Cleanse Turquoise Without Damaging It,How to Cleanse Turquoise Safely — Methods That Work,"Turquoise is porous and absorbs water, soaps, and oils. Learn which cleansing methods are safe — smoke, sound, moonlight, dry earth — and which to avoid.",888,batch-013,1dE4KMRl9dpNfG-VXWArm4xI1_TfMNC075m20jc3rM6g,https://docs.google.com/document/d/1dE4KMRl9dpNfG-VXWArm4xI1_TfMNC075m20jc3rM6g/edit?usp=drivesdk,,none
/gemstones/turquoise/how-to-identify,gemstones,M1 Stone Atlas,S1.4 how-to-identify,subpage,turquoise,how-to-identify,new,P2,Instruction,How to Identify Real Turquoise and Spot Fakes,How to Tell Real Turquoise from Fakes — Practical Tests,"Dyed howlite and magnesite are common turquoise fakes. Learn the acetone test, hardness check, and visual cues that separate real turquoise from imitations.",985,batch-013,1jrn_3c2vI7xek8xF2A5faUi3UhmP3SSnOsk1YdmP2f8,https://docs.google.com/document/d/1jrn_3c2vI7xek8xF2A5faUi3UhmP3SSnOsk1YdmP2f8/edit?usp=drivesdk,,none
/gemstones/turquoise/meaning,gemstones,M1 Stone Atlas,S1.1 meaning,subpage,turquoise,meaning,new,P2,Explanation,"Turquoise Meaning, History, and Traditional Uses","Turquoise Meaning — History, Symbolism, and Uses","Turquoise is a copper-aluminum phosphate prized since at least 4000 BC. Learn its geological identity, cross-cultural symbolism, and what practitioners use it for today.",854,batch-013,1at2b9-wF7KTXmyG1Irh0lCNHaIsbuRJkvnoA114Khz4,https://docs.google.com/document/d/1at2b9-wF7KTXmyG1Irh0lCNHaIsbuRJkvnoA114Khz4/edit?usp=drivesdk,,none
/gemstones/turquoise/price-guide,gemstones,M1 Stone Atlas,S1.9 price-guide,subpage,turquoise,price-guide,new,P2,Explanation,Turquoise Price Guide — What It Costs and Why,Turquoise Price Guide 2026 — Costs by Grade and Type,"Turquoise prices range from under $1 to over $300 per carat depending on treatment, color, matrix, and provenance. Learn what drives value and how to avoid overpaying.",883,batch-013,1EKUaQsTIloaOCerNORbu3LVgnOxGi-tIUHI-_YavnAM,https://docs.google.com/document/d/1EKUaQsTIloaOCerNORbu3LVgnOxGi-tIUHI-_YavnAM/edit?usp=drivesdk,,Per-piece retail prices for tumbled stones and bracelets vary widely by seller and are not consistently listed with grade information; the per-carat ranges reflect retail survey data from July 2026.
/gemstones/turquoise/sleeping-with,gemstones,M1 Stone Atlas,S1.5 sleeping-with,subpage,turquoise,sleeping-with,new,P2,Explanation,Sleeping with Turquoise: What to Expect and How to Do It,Sleeping with Turquoise — Traditions and Practical Advice,"Many traditions place turquoise near the bed for protection and vivid dreams. Learn the practical setup, what practitioners report, and safety considerations.",721,batch-013,1sWpu_AOcHDQDwvUyLM0MxraXIAzftLU6RxnBQHfbrNk,https://docs.google.com/document/d/1sWpu_AOcHDQDwvUyLM0MxraXIAzftLU6RxnBQHfbrNk/edit?usp=drivesdk,,No peer-reviewed research on turquoise and sleep outcomes exists; all sleep-related claims are tradition only.
/gemstones/white-agate/affirmations,gemstones,M1 Stone Atlas,S1.8 affirmations,subpage,white-agate,affirmations,new,P3,Instruction,White Agate Affirmations — How to Choose and Use Them,White Agate Affirmations — Phrases and Practice Guide,"White Agate is traditionally associated with calm, balance, and clarity. These affirmations align with those themes and can be used in hand-held or grid practice.",865,batch-082,1Yjni_ABnTuTydhER7KY4bTkvlv3l6O2XpJKzM719Edk,https://docs.google.com/document/d/1Yjni_ABnTuTydhER7KY4bTkvlv3l6O2XpJKzM719Edk/edit?usp=drivesdk,,No evidence base for affirmation efficacy specific to crystal use; traditional accounts only.
/gemstones/white-agate/can-go-in-water,gemstones,M1 Stone Atlas,S1.3 can-go-in-water,subpage,white-agate,can-go-in-water,new,P3,Explanation,Can White Agate Go in Water? What You Need to Know,Can White Agate Go in Water? Safety Guide,"White Agate is water-safe at Mohs 6.5–7 and chemically stable SiO₂. Brief soaks and rinses are fine. Avoid steam, harsh chemicals, and long salt soaks.",786,batch-082,1yINlcTNvgy4qGrDN8sty4Rkjc48hIxRwoNSiL8tSTnw,https://docs.google.com/document/d/1yINlcTNvgy4qGrDN8sty4Rkjc48hIxRwoNSiL8tSTnw/edit?usp=drivesdk,,none
/gemstones/white-agate/combinations,gemstones,M1 Stone Atlas,S1.7 combinations,subpage,white-agate,combinations,new,P3,Evaluation,White Agate Crystal Combinations — Pairings by Goal,White Agate Crystal Pairings — Goals and What to Avoid,"White Agate pairs well with amethyst, clear quartz, and rose quartz in crystal tradition. Learn pairings by intention and which stones practitioners tend not to combine.",993,batch-082,1tb4jrZTZ9iPkZ2UYqfmulP8801oMsI6TGSzqrsQhmUE,https://docs.google.com/document/d/1tb4jrZTZ9iPkZ2UYqfmulP8801oMsI6TGSzqrsQhmUE/edit?usp=drivesdk,,Crystal pairing recommendations are entirely based on practitioner tradition with no verifiable evidence base.
/gemstones/white-agate/how-to-cleanse,gemstones,M1 Stone Atlas,S1.6 how-to-cleanse,subpage,white-agate,how-to-cleanse,new,P3,Instruction,How to Cleanse White Agate Without Damaging It,How to Cleanse White Agate — Safe Methods Explained,"White Agate is water-safe at Mohs 6.5–7. Rinse freely, avoid steam and harsh chemicals. Smoke, sound, and moonlight are all safe alternatives.",837,batch-082,1paZVMVTaObs5XX8IZdeWvEzZJrwXJF1ujLWEiqYNCH8,https://docs.google.com/document/d/1paZVMVTaObs5XX8IZdeWvEzZJrwXJF1ujLWEiqYNCH8/edit?usp=drivesdk,,none
/gemstones/white-agate/how-to-identify,gemstones,M1 Stone Atlas,S1.4 how-to-identify,subpage,white-agate,how-to-identify,new,P3,Instruction,How to Identify Real White Agate and Spot Imitations,How to Identify Real White Agate — Tests and Warning Signs,"Real White Agate is hard (Mohs 6.5–7), banded chalcedony with no cleavage. Learn to distinguish it from glass, howlite, resin, and dyed substitutes.",1225,batch-082,1VfRkNopZdHFz63wRTFdoRpRuxpZuoVgimIm6Kaz1nqY,https://docs.google.com/document/d/1VfRkNopZdHFz63wRTFdoRpRuxpZuoVgimIm6Kaz1nqY/edit?usp=drivesdk,,Definitive identification of dye type and imitation material requires gemological laboratory testing; non-destructive field tests are indicative only.
/gemstones/white-agate/price-guide,gemstones,M1 Stone Atlas,S1.9 price-guide,subpage,white-agate,price-guide,new,P3,Explanation,White Agate Price Guide — What to Expect and Why,White Agate Price Guide — Costs and What Drives Them,White Agate tumbled stones retail for a few dollars each; cabochons run $1–$30 per carat. Learn what drives price and how to avoid overpaying. Checked September 2026.,1058,batch-082,1w_3MaUjgxH93eP5MJ15j8X9RxSJUZTyhXW7dO5rw0xw,https://docs.google.com/document/d/1w_3MaUjgxH93eP5MJ15j8X9RxSJUZTyhXW7dO5rw0xw/edit?usp=drivesdk,,"Per-carat retail prices for high-grade untreated White Agate cabochons are sparsely documented in current retail listings; the range given reflects general agate cabochon data. Large-specimen pricing is highly variable and based on general agate cost data, not White Agate-specific retail surveys."
/gemstones/white-agate/sleeping-with,gemstones,M1 Stone Atlas,S1.5 sleeping-with,subpage,white-agate,sleeping-with,new,P3,Explanation,Sleeping with White Agate — What to Expect and How to Do It,Sleeping with White Agate — Placement and Practice Tips,"White Agate poses no physical risk during sleep. Learn traditional placement advice, who might want to try it gradually, and practical setup options.",786,batch-082,1AUIxviElurjKVJnGKT_09-eds4G10Sk7v3bb-FYIN7M,https://docs.google.com/document/d/1AUIxviElurjKVJnGKT_09-eds4G10Sk7v3bb-FYIN7M/edit?usp=drivesdk,,No peer-reviewed evidence for sleep effects of crystals; traditional accounts only.
/gemstones/white-agate/who-should-not-wear,gemstones,M1 Stone Atlas,S1.2 who-should-not-wear,subpage,white-agate,who-should-not-wear,new,P3,Evaluation,Who Should Be Cautious About Wearing White Agate,Who Should Not Wear White Agate — Cautions Explained,"White Agate is physically safe for most people, but dyed pieces carry care notes. Learn the physical, traditional, and astrological cautions in plain terms.",853,batch-082,1tuq4HF09LMjNtctvKJdsezcPR39sLvFHG5fHS7GAOMU,https://docs.google.com/document/d/1tuq4HF09LMjNtctvKJdsezcPR39sLvFHG5fHS7GAOMU/edit?usp=drivesdk,,No peer-reviewed or systematic evidence exists for astrological contraindications; sources consulted are practitioner tradition only.
/gemstones/white-quartz/affirmations,gemstones,M1 Stone Atlas,S1.8 affirmations,subpage,white-quartz,affirmations,new,P3,Instruction,White Quartz Affirmations: Examples and How to Use Them,White Quartz Affirmations — 12 Examples and How to Use Them,"White Quartz pairs with affirmations for clarity, cleansing, and intention-setting. How to use them and 12 example affirmations suited to the stone.",639,batch-083,1JCYubpX9uHGdGW_JdSbzopHr4pdBRodqARG5sLbsW2E,https://docs.google.com/document/d/1JCYubpX9uHGdGW_JdSbzopHr4pdBRodqARG5sLbsW2E/edit?usp=drivesdk,,none
/gemstones/white-quartz/can-go-in-water,gemstones,M1 Stone Atlas,S1.3 can-go-in-water,subpage,white-quartz,can-go-in-water,new,P3,Explanation,Can White Quartz Go in Water? Safety Explained,Can White Quartz Go in Water? Yes — Full Safety Guide,"White Quartz (SiO2, Mohs 7) is water-safe. A brief rinse is completely safe. Learn what to avoid — hot water, prolonged soaking — and how to clean it properly.",625,batch-083,1dr01-Q7WKfcKjy2sCXKy4SO671PXgoUAS93rQxID87g,https://docs.google.com/document/d/1dr01-Q7WKfcKjy2sCXKy4SO671PXgoUAS93rQxID87g/edit?usp=drivesdk,,none
/gemstones/white-quartz/combinations,gemstones,M1 Stone Atlas,S1.7 combinations,subpage,white-quartz,combinations,new,P3,Evaluation,White Quartz Crystal Combinations and Pairings,White Quartz Combinations — Best Pairings by Goal,White Quartz is traditionally an amplifier that pairs well with most crystals. Learn the best pairings by goal and what combinations tradition suggests avoiding.,716,batch-083,1pGZQo7Yq8N3895gHcWtn2VImQOH-92qsaptPM0mEHL8,https://docs.google.com/document/d/1pGZQo7Yq8N3895gHcWtn2VImQOH-92qsaptPM0mEHL8/edit?usp=drivesdk,,Crystal pairing traditions vary widely by source; no authoritative consensus exists; all pairings are practice-based tradition
/gemstones/white-quartz/how-to-cleanse,gemstones,M1 Stone Atlas,S1.6 how-to-cleanse,subpage,white-quartz,how-to-cleanse,new,P3,Instruction,How to Cleanse and Recharge White Quartz,How to Cleanse White Quartz — Safe Methods That Work,"White Quartz is water-safe, sun-safe, and salt-safe. Learn the best cleansing methods — water rinse, moonlight, sound, smoke — and how to recharge afterward.",751,batch-083,1PO3dqqBs_7eOn5Engknzagb1GEQQFKFOo1Ug0yTO5qc,https://docs.google.com/document/d/1PO3dqqBs_7eOn5Engknzagb1GEQQFKFOo1Ug0yTO5qc/edit?usp=drivesdk,,none
/gemstones/white-quartz/how-to-identify,gemstones,M1 Stone Atlas,S1.4 how-to-identify,subpage,white-quartz,how-to-identify,new,P3,Instruction,How to Identify Real White Quartz,How to Identify Real White Quartz vs. Fakes and Glass,"Real White Quartz has a Mohs hardness of 7, vitreous lustre, and conchoidal fracture. Learn the tests that separate it from glass, plastic, calcite, and imitations.",812,batch-083,1LY0rQD8kTfYN7P7N5bHOWWNzKVwMOcb7MSP58Q8ss8M,https://docs.google.com/document/d/1LY0rQD8kTfYN7P7N5bHOWWNzKVwMOcb7MSP58Q8ss8M/edit?usp=drivesdk,,No published retail fraud data specific to white quartz was found; identification tests apply general mineralogical principles
/gemstones/white-quartz/price-guide,gemstones,M1 Stone Atlas,S1.9 price-guide,subpage,white-quartz,price-guide,new,P3,Explanation,White Quartz Price Guide: What It Costs and Why,White Quartz Price Guide — What to Expect to Pay,White Quartz tumbled stones sell for $8–$11 per pound at retail (September 2026). Learn what drives the price and how to avoid overpaying for this abundant stone.,655,batch-083,1mP4lU5Mws2OT7Nybna162AXJ7smXMHYwcB0fq33ZXWU,https://docs.google.com/document/d/1mP4lU5Mws2OT7Nybna162AXJ7smXMHYwcB0fq33ZXWU/edit?usp=drivesdk,,Faceted or gem-grade white quartz jewelry pricing was not surveyed; collector specimen pricing for large or exceptional display pieces was not surveyed
/gemstones/white-quartz/sleeping-with,gemstones,M1 Stone Atlas,S1.5 sleeping-with,subpage,white-quartz,sleeping-with,new,P3,Explanation,Sleeping with White Quartz: Tradition and Practical Guide,Sleeping with White Quartz — What Tradition Says,"White Quartz by the bed is a common crystal practice. Learn what tradition says to expect, who may want to use caution, and practical placement options for sleep.",596,batch-083,13DnhFdwDzoisQfIz3_mSddRGTSOarEf7qy1x0ilkN0c,https://docs.google.com/document/d/13DnhFdwDzoisQfIz3_mSddRGTSOarEf7qy1x0ilkN0c/edit?usp=drivesdk,,No clinical evidence exists for crystals affecting sleep quality; all associations described are traditional
/gemstones/white-quartz/who-should-not-wear,gemstones,M1 Stone Atlas,S1.2 who-should-not-wear,subpage,white-quartz,who-should-not-wear,new,P3,Evaluation,Who Should Be Cautious About Wearing White Quartz,Who Should Not Wear White Quartz — Cautions Explained,"White Quartz is physically safe for almost everyone. Learn who tradition and astrology suggest should use caution, and one real physical risk to know.",646,batch-083,1RNDKetY9CSDHN8aygakcm9OuoklEIIBYHEGk2hu-INg,https://docs.google.com/document/d/1RNDKetY9CSDHN8aygakcm9OuoklEIIBYHEGk2hu-INg/edit?usp=drivesdk,,Vedic astrology (Jyotish) sources conflict on which planet governs white or clear quartz; no strong consensus found across sources reviewed
/gemstones/yellow-calcite/affirmations,gemstones,M1 Stone Atlas,S1.8 affirmations,subpage,yellow-calcite,affirmations,new,P3,Instruction,Yellow Calcite Affirmations and How to Use Them,Yellow Calcite Affirmations — Examples and Practice,Yellow Calcite is traditionally linked to confidence and clarity. Learn which affirmations suit its associations and how to use them with the stone effectively.,805,batch-046,1iHGn-u3cZj5ZzS6ctsRYSEIXcCsTOig6bA_RBu-FHFc,https://docs.google.com/document/d/1iHGn-u3cZj5ZzS6ctsRYSEIXcCsTOig6bA_RBu-FHFc/edit?usp=drivesdk,,No clinical studies specifically on crystal-affirmation practices were found or cited; affirmation efficacy is a matter of psychological and practitioner tradition.
/gemstones/yellow-calcite/can-go-in-water,gemstones,M1 Stone Atlas,S1.3 can-go-in-water,subpage,yellow-calcite,can-go-in-water,new,P3,Explanation,Can Yellow Calcite Go in Water?,Can Yellow Calcite Go in Water? — Safe Care Guide,Yellow Calcite should not go in water. Its CaCO3 chemistry makes it acid-soluble and water-sensitive. Learn safe cleaning methods and what actually damages it.,758,batch-046,1zjwGPNtBgZZpYGlCmsY8S-OBkOeXulAJOA-Iov8mpZs,https://docs.google.com/document/d/1zjwGPNtBgZZpYGlCmsY8S-OBkOeXulAJOA-Iov8mpZs/edit?usp=drivesdk,,"Precise rate of surface etching at room temperature in tap water (pH ~7) is not quantified; dissolution rate increases with acidity, which varies by region."
/gemstones/yellow-calcite/combinations,gemstones,M1 Stone Atlas,S1.7 combinations,subpage,yellow-calcite,combinations,new,P3,Evaluation,Yellow Calcite Crystal Combinations and Pairings,Yellow Calcite Combinations — Best Crystal Pairings,"Yellow Calcite pairs well with citrine, carnelian, and clear quartz. Learn which pairings tradition recommends for each goal and which to approach carefully.",738,batch-046,1zkltGIlZzgdHcvfvs7fOWIeQGRVSoXvY7xqJunWBDPI,https://docs.google.com/document/d/1zkltGIlZzgdHcvfvs7fOWIeQGRVSoXvY7xqJunWBDPI/edit?usp=drivesdk,,No experimental evidence exists for crystal pairing effects; all pairing recommendations are practitioner tradition.
/gemstones/yellow-calcite/how-to-cleanse,gemstones,M1 Stone Atlas,S1.6 how-to-cleanse,subpage,yellow-calcite,how-to-cleanse,new,P3,Instruction,How to Cleanse Yellow Calcite Without Damaging It,How to Cleanse Yellow Calcite Safely,"Yellow Calcite is acid-sensitive and water-reactive. Learn which cleansing methods are safe — smoke, sound, moonlight, visualization — and which to avoid.",895,batch-046,1CQzkYZqfN1ME0_BQzlrwuJ7VH7jFVixLz8tTnjrs3hw,https://docs.google.com/document/d/1CQzkYZqfN1ME0_BQzlrwuJ7VH7jFVixLz8tTnjrs3hw/edit?usp=drivesdk,,Rate of color fading in prolonged sunlight is not quantified; general guidance that organic-impurity colors in calcite are UV-sensitive is established but no specific lux-hour threshold was found.
/gemstones/yellow-calcite/how-to-identify,gemstones,M1 Stone Atlas,S1.4 how-to-identify,subpage,yellow-calcite,how-to-identify,new,P3,Instruction,How to Identify Real Yellow Calcite,How to Identify Real Yellow Calcite vs Fakes,"Real Yellow Calcite has Mohs hardness 3, fizzes in acid, and shows a white streak. Learn how to distinguish it from glass, dyed stones, and citrine.",929,batch-046,1_648OPgHoxTZbDmxmA3mUGZ9T0n4fVUgrQ5vV7gww7A,https://docs.google.com/document/d/1_648OPgHoxTZbDmxmA3mUGZ9T0n4fVUgrQ5vV7gww7A/edit?usp=drivesdk,,Specific prevalence of dyed yellow calcite vs. other fakes in the retail market is not quantified; based on general gem-trade knowledge.
/gemstones/yellow-calcite/price-guide,gemstones,M1 Stone Atlas,S1.9 price-guide,subpage,yellow-calcite,price-guide,new,P3,Explanation,Yellow Calcite Price Guide,Yellow Calcite Price Guide — What It Costs in 2026,"Yellow Calcite tumbled stones retail for $1–$8 per piece in the US. Learn what drives the price, what forms cost more, and how to avoid overpaying.",801,batch-046,1KrNhaFSyjfOOMJGZXT2ojvsY7_4kIpPGsqpcP2EZn1k,https://docs.google.com/document/d/1KrNhaFSyjfOOMJGZXT2ojvsY7_4kIpPGsqpcP2EZn1k/edit?usp=drivesdk,,"Wholesale pricing from primary mining sources (Mexico, Brazil, Peru) not found; per-carat pricing for gem-grade faceted yellow calcite is not well-represented in the US retail market surveyed."
/gemstones/yellow-calcite/sleeping-with,gemstones,M1 Stone Atlas,S1.5 sleeping-with,subpage,yellow-calcite,sleeping-with,new,P3,Explanation,Sleeping with Yellow Calcite — Placement and Cautions,Sleeping with Yellow Calcite — What to Know,Yellow Calcite is fragile (Mohs 3) and may be too stimulating under the pillow for some. Learn safer placement options and what tradition says about night-time use.,703,batch-046,1Aad82XC0GJXgBkYB7S2V_nTO3IVapzzG4HHfUSmedXA,https://docs.google.com/document/d/1Aad82XC0GJXgBkYB7S2V_nTO3IVapzzG4HHfUSmedXA/edit?usp=drivesdk,,No peer-reviewed evidence links calcite placement to sleep quality; all sleep-related associations are practitioner tradition.
/gemstones/yellow-calcite/who-should-not-wear,gemstones,M1 Stone Atlas,S1.2 who-should-not-wear,subpage,yellow-calcite,who-should-not-wear,new,P3,Evaluation,Who Should Not Wear Yellow Calcite,Who Should Not Wear Yellow Calcite — Cautions,"Yellow Calcite is generally safe, but its softness (Mohs 3) makes it unsuitable for rings. Learn physical, practical, and traditional cautions before wearing it.",754,batch-046,15sftP7hUKL0wkw1c8VrIXo7p16JoRdgDgido6PTEyZ0,https://docs.google.com/document/d/15sftP7hUKL0wkw1c8VrIXo7p16JoRdgDgido6PTEyZ0/edit?usp=drivesdk,,No peer-reviewed studies on specific zodiac incompatibilities; astrological cautions are practitioner tradition only.
/learn/are-online-crystals-real,learn,"M4 Gemstone Science, Identification and Buying",S4.2 identification and buying,article,,,new,MEDIUM,Explanation,Are Crystals on Amazon or Shein Real? How to Tell,Are Crystals on Amazon or Shein Real? How to Tell,"Glass, plastic, and dyed cheaper stones are sold as real crystals online. Learn which stones are most commonly faked, and eight tests you can do at home to check.",1411,batch-099,1tK8kAhgKU2Y_WLfFGnBRQcp-E1cJ8htyjkhAf_LvJj8,https://docs.google.com/document/d/1tK8kAhgKU2Y_WLfFGnBRQcp-E1cJ8htyjkhAf_LvJj8/edit?usp=drivesdk,,No published audit of the percentage of crystal listings on major e-commerce platforms that are misrepresented. Price ranges for authentic versus fake specimens not confirmed from a single current US retail source. The statement that most commercial citrine is heat-treated amethyst is widely cited in the gem trade; frequency figures are not available from a primary study.
/learn/are-rocks-alive,learn,"M4 Gemstone Science, Identification and Buying",S4.3 gemstone science,article,,,rewrite,LOW,Explanation,Are Rocks and Crystals Alive? The Science Explained,Are Rocks Alive? Science vs. Tradition Explained,"Rocks are not alive — they have no cells, metabolism, or reproduction. Here is what science says, plus what tradition says differently.",846,batch-097,1e-_vLZH3cMz-KLKKmQWJ6Joymz_xR5qby4zKXI-GPDE,https://docs.google.com/document/d/1e-_vLZH3cMz-KLKKmQWJ6Joymz_xR5qby4zKXI-GPDE/edit?usp=drivesdk,,none
/learn/birthstone-guide,learn,M3 Crystal Care and Practice,S3.2 practices,article,,,new,LOW,Explanation,Birthstone Guide: Gemstones by Month,Birthstone Guide: Gemstones by Month (All 12),"The modern birthstone list, standardized by the American National Retail Jewelers Association in 1912 and updated since, assigns one or more gems to each calendar month.",1421,batch-098,13Wutd0SetL8J_I9AD3IYawodHUcSZyHlEH4U3LwB4Zk,https://docs.google.com/document/d/13Wutd0SetL8J_I9AD3IYawodHUcSZyHlEH4U3LwB4Zk/edit?usp=drivesdk,,"Traditional/historical birthstone lists (Ayurvedic, Polish, Russian, etc.) vary widely and are not covered; only the modern Western standard list is included."
/learn/chakra-crystals-guide,learn,M3 Crystal Care and Practice,S3.2 practices,article,,,new,MEDIUM,Explanation,Chakra Crystals: A Guide to the Seven Chakras,Chakra Crystals Guide: Stones for All Seven Chakras,"The seven chakras are energy centers in Hindu and yogic tradition, each associated with specific stones. Covers all seven with traditional stone choices and uses.",1113,batch-098,1xzRM30Yr_ifXVb82XcuVMBmwYysVJrL9Wf96fK9xrLc,https://docs.google.com/document/d/1xzRM30Yr_ifXVb82XcuVMBmwYysVJrL9Wf96fK9xrLc/edit?usp=drivesdk,,The chakra system originates in Hindu and yogic texts; specific stone-chakra associations vary across traditions and lack a single canonical source. Assignments reflect widely used contemporary crystal practice conventions.
/learn/crystal-grids,learn,M3 Crystal Care and Practice,S3.2 practices,article,,,new,MEDIUM,Instruction,How to Create a Crystal Grid: Step-by-Step Guide,How to Create a Crystal Grid: Step-by-Step,"A crystal grid arranges stones in a geometric pattern to focus intention. This step-by-step guide covers stone selection, geometry, placement, and activation.",933,batch-097,1EiJkcAGJulg2Tcr_LVzG_ZWyVc08dopikNvs9NwuTpw,https://docs.google.com/document/d/1EiJkcAGJulg2Tcr_LVzG_ZWyVc08dopikNvs9NwuTpw/edit?usp=drivesdk,,No peer-reviewed evidence for crystal grid efficacy; practice described as traditional and intentional throughout.
/learn/crystal-healing-science,learn,"M4 Gemstone Science, Identification and Buying",S4.3 gemstone science,article,,,new,MEDIUM,Explanation,Crystal Healing: What Does the Science Say?,Crystal Healing: What Does Science Say?,No controlled study shows crystal healing exceeds placebo. The French 2001 study found identical results from real and fake crystals — here is what the evidence shows.,960,batch-096,1wh-VzP4k6xyg6rzTAzvNBELkIrp-DXABszpRYvMI5ts,https://docs.google.com/document/d/1wh-VzP4k6xyg6rzTAzvNBELkIrp-DXABszpRYvMI5ts/edit?usp=drivesdk,,"The French studies (1999, Rome; 2001, Glasgow) were presented at conferences but never published in peer-reviewed journals. French himself acknowledged in 2021 that no peer-reviewed replication exists. The article states this limitation explicitly. A human editor may wish to commission a literature search for any subsequent published work on crystal healing placebo effects."
/learn/crystal-journaling,learn,M3 Crystal Care and Practice,S3.2 practices,article,,,new,MEDIUM,Instruction,Crystal Journaling: How to Track Your Practice,Crystal Journaling: How to Track Your Practice,"Crystal journaling combines reflective writing with intentional stone use. Learn how to set up a practice, what to record, and which stones practitioners use for focus.",1014,batch-097,1DY8ZUFbP3Zjmnw_YYLGNGhxNwwBIv9jaJ6QRZTVhFqQ,https://docs.google.com/document/d/1DY8ZUFbP3Zjmnw_YYLGNGhxNwwBIv9jaJ6QRZTVhFqQ/edit?usp=drivesdk,,No randomized controlled evidence specifically isolates crystal journaling as distinct from standard reflective journaling. Benefit attributed to the journaling component; crystal element is traditional.
/learn/crystal-meditation,learn,M3 Crystal Care and Practice,S3.2 practices,article,,,new,MEDIUM,Instruction,Crystal Meditation Guide: Techniques and Best Stones,Crystal Meditation: Techniques and Best Stones,"Use crystals in meditation by holding them, placing them on the body, or sitting within a layout. Covers technique, stone selection, and common difficulties.",1024,batch-097,1-VucnLm1MIbq7NAOa_Uad_5KQf_IYr8tGxG5FUlkl_I,https://docs.google.com/document/d/1-VucnLm1MIbq7NAOa_Uad_5KQf_IYr8tGxG5FUlkl_I/edit?usp=drivesdk,,No randomized controlled evidence demonstrates that specific crystals enhance meditation outcomes beyond standard meditation effects; stated as tradition throughout.
/learn/crystal-pendulums,learn,M3 Crystal Care and Practice,S3.2 practices,article,,,new,MEDIUM,Instruction,Crystal Pendulum Guide: How to Use and Choose,Crystal Pendulums: How to Use and Choose One,"A crystal pendulum responds to unconscious hand movements. Choose a stone, establish your baseline responses, and use it as an honest reflective practice tool.",971,batch-097,1utDGo_TxbSMs0jpzKVNpU40gfTznPujnI7XyaaJM6AM,https://docs.google.com/document/d/1utDGo_TxbSMs0jpzKVNpU40gfTznPujnI7XyaaJM6AM/edit?usp=drivesdk,,No scientific evidence supports pendulum dowsing as a method of accessing external information beyond the user's own subconscious; stated clearly in the guide.
/learn/crystal-sprays,learn,M3 Crystal Care and Practice,S3.2 practices,article,,,new,MEDIUM,Instruction,How to Make a Crystal Spray: DIY Safety Guide,How to Make a Crystal Spray Safely at Home,"Make a crystal spray safely using the indirect method. Covers which stones must never go in water, essential oil dilution, and shelf life.",1056,batch-097,1RudQzcz3v0VR3g8EtwGD3CdC0xbkjzLe60xkaviG3Dk,https://docs.google.com/document/d/1RudQzcz3v0VR3g8EtwGD3CdC0xbkjzLe60xkaviG3Dk/edit?usp=drivesdk,,No peer-reviewed evidence supports crystal-infused water producing effects beyond plain water; stated as tradition. Essential oil dilution rates follow published aromatherapy guidelines but dermatological sensitivity varies by individual.
/learn/crystal-storage,learn,M3 Crystal Care and Practice,"S3.1 cleansing, charging and safety",article,,,new,MEDIUM,Instruction,Crystal Storage: Best Ways to Store Your Collection,Crystal Storage: How to Store Crystals Safely,"Store crystals by hardness group to prevent scratching, keep humidity below 40% for reactive minerals, and shield color-sensitive stones from UV light.",938,batch-098,15dZdoaudOkKqltD6Y0yk34rTw0x0Z3okL_Ot2qn5DcY,https://docs.google.com/document/d/15dZdoaudOkKqltD6Y0yk34rTw0x0Z3okL_Ot2qn5DcY/edit?usp=drivesdk,,none
/learn/ethical-crystal-sourcing,learn,"M4 Gemstone Science, Identification and Buying",S4.2 identification and buying,article,,,new,MEDIUM,Explanation,Ethical Crystal Sourcing: How to Buy More Responsibly,Ethical Crystal Sourcing: A Practical Buyer's Guide,"No universal certification covers decorative crystals. Learn which questions to ask, which regions carry higher risk, and how to find more transparent sellers.",1218,batch-099,1w882yIPVUUov1Cl3_PycJ2DD9Unfcy6QY1iQPhh12GQ,https://docs.google.com/document/d/1w882yIPVUUov1Cl3_PycJ2DD9Unfcy6QY1iQPhh12GQ/edit?usp=drivesdk,,No published study quantifies the proportion of retail crystal stock from high-risk supply chains. Child labor statistics in mica mining cited from published reporting rather than a single definitive primary study. No Fairtrade equivalent for decorative crystals verified as existing in 2026.
/learn/gemstone-vs-crystal-vs-mineral,learn,"M4 Gemstone Science, Identification and Buying",S4.3 gemstone science,article,,,new,MEDIUM,Comparison,Gemstone vs Crystal vs Mineral: Key Differences,Gemstone vs Crystal vs Mineral: Key Differences,"Mineral, crystal, and gemstone describe different things. A mineral is a chemical substance; a crystal is an atomic structure; a gemstone is valued for beauty and rarity.",929,batch-096,1dNk-eNNq2RSfmC1M9-9H1dlY3OXaIz2e0pIJJ3znLro,https://docs.google.com/document/d/1dNk-eNNq2RSfmC1M9-9H1dlY3OXaIz2e0pIJJ3znLro/edit?usp=drivesdk,,none
/learn/how-are-gemstones-formed,learn,"M4 Gemstone Science, Identification and Buying",S4.3 gemstone science,article,,,new,LOW,Explanation,How Are Gemstones Formed? A Geological Guide,How Are Gemstones Formed? Geology Explained,"Gemstones form through four geological processes: igneous activity, hydrothermal fluids, metamorphism, and erosion. Learn what creates rubies, diamonds, and opals.",897,batch-096,1JDHklMNAc23fcG-KgCdTtZjgANIX6k6X1rd--4sDyQ0,https://docs.google.com/document/d/1JDHklMNAc23fcG-KgCdTtZjgANIX6k6X1rd--4sDyQ0/edit?usp=drivesdk,,none
/learn/how-to-charge-crystals,learn,M3 Crystal Care and Practice,"S3.1 cleansing, charging and safety",article,,,rewrite,MEDIUM,Instruction,"How to Charge Crystals: Moonlight, Sunlight, Sound and Intention","How to Charge Crystals: Moonlight, Sun, Sound, Intention","Charge crystals with moonlight, sunlight, sound, earth, or intention. Sunlight fades amethyst and rose quartz. This guide covers each method and which stones it suits.",1377,batch-099,1Lr9TJAg8vM8ylfg7rMpNU55T0L8UhM5RBaPkou72uhk,https://docs.google.com/document/d/1Lr9TJAg8vM8ylfg7rMpNU55T0L8UhM5RBaPkou72uhk/edit?usp=drivesdk,,No controlled studies confirm that charging practices alter any measurable stone property. All charging descriptions reflect tradition. Specific sun-fading timescales for amethyst and rose quartz vary by specimen and UV intensity; no single published threshold is cited.
/learn/how-to-cleanse-crystals,learn,M3 Crystal Care and Practice,"S3.1 cleansing, charging and safety",article,,,rewrite,MEDIUM,Instruction,How to Cleanse Crystals: Methods and Which Stones They Suit,How to Cleanse Crystals: Every Method Explained,"Moonlight, sound, smoke, and water each suit different stones. Choose the right crystal cleansing method to avoid damaging selenite, lepidolite, or sun-sensitive stones.",1352,batch-099,1M-iIqt1aBo5eWNPnCJ1g5kTHSTsy6Zruc5Lj4A9DlhI,https://docs.google.com/document/d/1M-iIqt1aBo5eWNPnCJ1g5kTHSTsy6Zruc5Lj4A9DlhI/edit?usp=drivesdk,,"No peer-reviewed study measures energy accumulation in crystals; the concept of energetic cleansing is tradition, stated as such throughout."
/learn/how-to-know-if-a-chakra-bracelet-is-real,learn,"M4 Gemstone Science, Identification and Buying",S4.2 identification and buying,article,,,rewrite,MEDIUM,Instruction,How to Tell If a Chakra Bracelet Is Real Gemstone,How to Tell If a Chakra Bracelet Is Real,"Real chakra bracelets use identifiable natural stones. Check temperature, inclusions, weight, and dye bleed to distinguish genuine gemstone beads from glass or plastic.",1294,batch-099,153SWfgmfQ4lDfmulumliSpkPMzf72XWWoP7c6FbS92g,https://docs.google.com/document/d/153SWfgmfQ4lDfmulumliSpkPMzf72XWWoP7c6FbS92g/edit?usp=drivesdk,,No single authoritative source defines a canonical correct stone assignment for each chakra position; assignments vary across traditions. Retail price ranges for chakra bracelets not confirmed from a single current US source; described qualitatively.
/learn/how-to-program-crystals,learn,M3 Crystal Care and Practice,"S3.1 cleansing, charging and safety",article,,,new,MEDIUM,Instruction,How to Program a Crystal: Step-by-Step Guide,How to Program a Crystal: Step-by-Step Guide,"Programming a crystal means setting a specific intention for it. This guide covers what you need, the five steps, and how to tell when it has been done correctly.",825,batch-098,1L_KqNEjet41ak_TZgeXEtFR6I5aOYwlautES4e26-AU,https://docs.google.com/document/d/1L_KqNEjet41ak_TZgeXEtFR6I5aOYwlautES4e26-AU/edit?usp=drivesdk,,No peer-reviewed evidence exists for crystal programming as a physical phenomenon; the process is a contemplative and intentional practice from crystal tradition.
/learn/how-to-start-crystal-collection,learn,M3 Crystal Care and Practice,S3.2 practices,article,,,new,MEDIUM,Instruction,How to Start a Crystal Collection: Beginner's Guide,How to Start a Crystal Collection: Beginner Guide,"Start a crystal collection with 5 versatile stones, a clear budget, and a plan for care and storage. This guide covers what to buy first and where to buy safely.",881,batch-097,1q4T3rL5pjYfkNYQ6Hy-FobDsC1hMbGgCORWlmOxvJPQ,https://docs.google.com/document/d/1q4T3rL5pjYfkNYQ6Hy-FobDsC1hMbGgCORWlmOxvJPQ/edit?usp=drivesdk,,"Retail price ranges omitted — prices vary too widely by grade, seller, and form to quote a number that would be accurate across sellers. Recommend a search at time of purchase."
/learn/mohs-hardness-scale,learn,"M4 Gemstone Science, Identification and Buying",S4.3 gemstone science,article,,,new,LOW,Explanation,Mohs Hardness Scale: What It Means for Gemstones,Mohs Hardness Scale: Gemstone Guide,The Mohs scale ranks mineral scratch resistance from 1 (talc) to 10 (diamond). Learn where your stones sit and what hardness means for jewelry wear and care.,785,batch-096,1yDP5_oCH1g__d1ZZ93BZXlVeDnezXhLQkUna-meEkCg,https://docs.google.com/document/d/1yDP5_oCH1g__d1ZZ93BZXlVeDnezXhLQkUna-meEkCg/edit?usp=drivesdk,,none
/learn/salt-safe-crystals,learn,M3 Crystal Care and Practice,"S3.1 cleansing, charging and safety",article,,,rewrite,MEDIUM,Explanation,Salt-Safe Crystals: Which Stones Can Go in Salt?,Salt-Safe Crystals: Which Can Go in Salt? (Full List),"The physical rule for salt-safe crystals is hardness, solubility, and porosity. Quartz-family stones rate safe; selenite, malachite, and calcite never.",1216,batch-098,1-jqc41vpw3BeQzn74vTic93NSBBqbCt4wWXDh5alzAg,https://docs.google.com/document/d/1-jqc41vpw3BeQzn74vTic93NSBBqbCt4wWXDh5alzAg/edit?usp=drivesdk,,none
/learn/sun-safe-crystals,learn,M3 Crystal Care and Practice,"S3.1 cleansing, charging and safety",article,,,rewrite,MEDIUM,Explanation,Sun-Safe Crystals: Which Stones Can Go in Sunlight?,Sun-Safe Crystals: Which Stones Can Go in Sunlight?,Stones colored by iron oxide or chromium are sun-safe. UV destroys color centers in amethyst and fluorite; opal crazes in heat. Full table of 33 stones inside.,1307,batch-098,1TZx4N28mdAQUx_txzUcbtj2yrsZlgq8_1bk-NUoB4po,https://docs.google.com/document/d/1TZx4N28mdAQUx_txzUcbtj2yrsZlgq8_1bk-NUoB4po/edit?usp=drivesdk,,Aquamarine UV-fading rate varies by origin; precise exposure thresholds for most minerals are not published for retail specimens.
/learn/types-of-gemstone-cuts,learn,"M4 Gemstone Science, Identification and Buying",S4.3 gemstone science,article,,,new,LOW,Explanation,Types of Gemstone Cuts: A Buyer's Reference,Types of Gemstone Cuts Explained,"Gemstone cuts fall into four families: brilliant, step, cabochon, and rose. Learn what each does to light, which stones suit each cut, and what shapes to expect.",946,batch-096,1c_4ltLAezXW66gKd2ojwFZf3dB45hiK50x9MK8ZsMIM,https://docs.google.com/document/d/1c_4ltLAezXW66gKd2ojwFZf3dB45hiK50x9MK8ZsMIM/edit?usp=drivesdk,,none
/learn/types-of-gemstone-lustre,learn,"M4 Gemstone Science, Identification and Buying",S4.3 gemstone science,article,,,new,LOW,Explanation,Types of Gemstone Lustre: Identification Guide,Types of Gemstone Lustre Explained,Lustre describes how a mineral surface reflects light. Learn the seven main gemstone lustre types — from adamantine to waxy — with examples and identification tips.,934,batch-096,1Z4RZr8iSq-szw8dAx515FC7DhF2Bklqy8wQr1q94vnU,https://docs.google.com/document/d/1Z4RZr8iSq-szw8dAx515FC7DhF2Bklqy8wQr1q94vnU/edit?usp=drivesdk,,none
/learn/what-crystals-can-go-in-water,learn,M3 Crystal Care and Practice,"S3.1 cleansing, charging and safety",article,,,rewrite,MEDIUM,Explanation,What Crystals Can Go in Water? A Safety Guide,What Crystals Can Go in Water? Safety Guide,"Quartz-family stones (Mohs 7+) are generally safe for brief water contact. Selenite dissolves, malachite releases copper ions, and pyrite oxidizes in water.",1196,batch-099,1SJFy1tZzwJFSZpLysC4_0PnqSx9AgHYfKP_Dsuaw9cA,https://docs.google.com/document/d/1SJFy1tZzwJFSZpLysC4_0PnqSx9AgHYfKP_Dsuaw9cA/edit?usp=drivesdk,,Exact dissolution rates for selenite and calcite in standing versus running water not confirmed from a single primary source; stated conservatively.
