url,guide,gap
/angel-numbers/0,,Zero's role in numerology varies across traditions; some systems exclude it while others treat it as the foundational container of all numbers. This range is noted in the article.
/angel-numbers/11,,"Numerological associations are tradition with no empirical basis; cited sources (Millman 1995, Fontaine 2005, Virtue 2008) represent the tradition accurately."
/angel-numbers/111,,"Angel number meanings are spiritual tradition, not empirical claims; no primary scientific or historical religious sources exist for this concept; the framework originates in modern New Age spirituality (1990s onward)."
/angel-numbers/1111,,No peer-reviewed evidence supports angel number frameworks as predictive systems; associations are tradition only.
/angel-numbers/200,,"Angel number meanings are spiritual tradition, not empirical claims; the framework originates in modern New Age numerology popularized from the 1990s onward; no primary scientific sources exist for these associations."
/angel-numbers/22,,Numerological associations are tradition with no empirical basis; cited sources represent the tradition accurately.
/angel-numbers/222,,"Angel number meanings are spiritual tradition, not empirical claims; no primary scientific or historical religious sources exist for this concept."
/angel-numbers/300,,"Angel number meanings are spiritual tradition, not empirical claims; the framework originates in modern New Age numerology popularized from the 1990s onward; no primary scientific sources exist for these associations."
/angel-numbers/33,,Numerological associations are tradition with no empirical basis; cited sources represent the tradition accurately.
/angel-numbers/333,,"Angel number meanings are spiritual tradition, not empirical claims; no primary scientific or historical religious sources exist for this concept."
/angel-numbers/400,,"Angel number meanings are spiritual tradition, not empirical claims; the framework originates in modern New Age numerology popularized from the 1990s onward; no primary scientific sources exist for these associations."
/angel-numbers/44,,Whether 44 qualifies as a master number varies by numerological tradition; both interpretations are noted in the draft.
/angel-numbers/444,,"Angel number meanings are spiritual tradition, not empirical claims; no primary scientific or historical religious sources exist for this concept."
/angel-numbers/500,,"Angel number meanings are spiritual tradition, not empirical claims; the framework originates in modern New Age numerology popularized from the 1990s onward; no primary scientific sources exist for these associations."
/angel-numbers/55,,Whether 55 is treated as a master number depends on the tradition; this is noted clearly in the draft.
/angel-numbers/555,,No peer-reviewed evidence exists linking angel numbers to predictable life outcomes; associations are tradition only.
/angel-numbers/66,,Numerological associations are tradition with no empirical basis; cited sources represent the tradition accurately.
/angel-numbers/666,,"No peer-reviewed evidence supports angel number frameworks as predictive systems; cultural fear associations with 666 are religious/literary in origin, not numerological."
/angel-numbers/77,,Numerological associations are tradition with no empirical basis; cited sources represent the tradition accurately.
/angel-numbers/777,,No peer-reviewed evidence supports angel number frameworks as predictive systems; associations are tradition only.
/angel-numbers/888,,No peer-reviewed evidence supports angel number frameworks as predictive systems; abundance associations are tradition only.
/angel-numbers/911,,"Angel number meanings are spiritual tradition, not empirical claims; the framework originates in modern New Age numerology popularized from the 1990s onward; no primary scientific sources exist for these associations."
/angel-numbers/999,,No peer-reviewed evidence supports angel number frameworks as predictive systems; associations are tradition only.
/compare/citrine-vs-yellow-topaz,,"Much of the citrine sold commercially is heat-treated amethyst; prevalence figure is not precisely quantifiable from public sources, but GIA notes heat treatment is common in the trade."
/compare/lab-created-vs-natural-gemstones,,"Retail price premium for natural vs. lab-created varies substantially by gem type, grade, and market conditions; price ranges current as of September 2026 are illustrative — exact figures change with supply."
/compare/larvikite-vs-labradorite,,Mohs hardness of larvikite as a whole rock is not standardized — depends on proportion of feldspar vs. other minerals; estimate 6–6.5 based on dominant feldspar component.
/compare/moonstone-vs-opal,,Retail price ranges described qualitatively; not verified against current (September 2026) primary retail sources.
/compare/rose-quartz-vs-pink-quartz,,The exact mineral identity of the color-causing nanofibers in rose quartz remains technically unresolved — Goreva et al. (2001) confirmed dumortierite-related structure but noted FTIR/Raman spectra do not exactly match standard dumortierite; described as a closely related material.
/compare/ruby-vs-garnet,,Retail price ranges not verified against current (September 2026) primary retail sources; described qualitatively with price drivers instead.
/compare/sapphire-vs-tanzanite,,Tanzanite does not have a hub page in the site inventory so it was not linked to a hub. Retail price ranges described qualitatively; not verified against current (September 2026) primary retail sources.
/compare/tree-agate-vs-moss-agate,,"Specific inclusion mineral in tree agate dendrites varies by locality (manganese oxide, iron oxide, or both); no single authoritative source resolves the exact ratio across all commercial material."
/crystals/amazonite-and-rose-quartz-together,,Amazonite color-fading rate in direct sunlight not quantified in primary sources reviewed. Exact Mohs for amazonite/microcline is 6.0–6.5; some sources cite 6.5.
/crystals/amethyst-and-clear-quartz-together,,Retail evidence for herkimer diamond hub URL not in known_urls; no open gaps for this pair
/crystals/aquamarine-and-moonstone-together,,Moonstone adularescence fading under prolonged UV is reported anecdotally in trade sources but precise conditions are not well-documented.
/crystals/bloodstone-and-carnelian-together,,No bloodstone hub page exists on the site; hub link omitted from article.
/crystals/chrysocolla-and-lapis-lazuli-together,,No chrysocolla hub page exists on the site; hub link omitted from article.
/crystals/citrine-and-pyrite-together,,Natural versus heat-treated citrine sun-fading rate not quantified in primary sources; minor variation in published Mohs for pyrite (6.0–6.5) noted.
/crystals/clear-quartz-and-rose-quartz-together,,Rose quartz sun-fading rate varies by specimen; no quantified primary source found. Prolonged salt exposure effects on rose quartz surface not quantified.
/crystals/crystals-for-anxiety,,"Retail prices for lepidolite, blue lace agate, and sodalite tumbled stones not confirmed from a single US retailer; described qualitatively. No peer-reviewed evidence that crystals reduce anxiety symptoms beyond placebo."
/crystals/crystals-for-beginners,,"Retail prices for all six stones vary widely by grade and source; current single-source price evidence not confirmed, so prices described qualitatively only."
/crystals/crystals-for-concentration,,No clinical evidence that crystals improve cognitive concentration or focus. Retail prices not confirmed from a single current source; omitted.
/crystals/crystals-for-confidence,,No clinical evidence that crystals affect confidence or self-perception. Retail prices not confirmed from a single current source; omitted. Sunstone variety (oligoclase vs. labradorite feldspar) not always specified by sellers.
/crystals/crystals-for-connection,,No clinical evidence that crystals improve social bonds or communication. Retail prices not confirmed from a single current source; omitted.
/crystals/crystals-for-creativity,,No clinical evidence that crystals affect creativity or artistic output. Retail prices not confirmed from a single current source; omitted.
/crystals/crystals-for-grief,,No clinical evidence that crystals assist grief processing; all claims framed as tradition. Retail prices not confirmed across all stones listed; omitted.
/crystals/crystals-for-grounding,,No clinical studies confirm that specific crystals produce grounding effects. Retail price ranges not confirmed from a single current US source; omitted.
/crystals/crystals-for-healing,,No randomized controlled trials demonstrate that specific crystals produce health outcomes beyond placebo; noted in article with link to /learn/crystal-healing-science.
/crystals/crystals-for-independence,,No clinical evidence links specific stones to increased self-reliance. Sunstone inclusion chemistry (copper vs. iron oxide) differs by origin; retail labeling rarely specifies this distinction. Retail prices not confirmed.
/crystals/crystals-for-jealousy,,No clinical evidence that crystals affect jealousy or emotional states. Chrysoprase is mentioned in tradition but has no hub page on this site. Retail prices not confirmed from current source; omitted.
/crystals/crystals-for-love,,No clinical evidence that crystals affect emotional states or relationships. Retail price ranges not confirmed from a single current source; omitted. Exact Mindat URLs for some varieties may redirect to parent species pages.
/crystals/crystals-for-meditation,,No clinical studies confirm that specific crystals alter meditation outcomes. Retail prices omitted — no current single-source evidence confirmed.
/crystals/crystals-for-money,,No evidence that crystals produce financial outcomes. Most commercial citrine is heat-treated amethyst; distinction noted but prices not confirmed from a single current US source and are omitted. Malachite dust toxicity noted.
/crystals/crystals-for-new-home,,No clinical studies confirm that crystals affect the energy or atmosphere of a home. Retail prices vary widely by size and form; not confirmed from a single current US source; omitted.
/crystals/crystals-for-nightmares,,No clinical evidence supports crystals as a treatment for nightmares or trauma-related sleep disturbance. Retail prices not confirmed across all listed stones; omitted.
/crystals/crystals-for-nurses,,"No clinical studies confirm crystals reduce nursing burnout or improve patient outcomes. Prehnite does not have a hub page in the gemstone directory, so no internal link was added for it. Angelite (anhydrite, CaSO4, Mohs 3.5) was carried in legacy content but is not in the stone directory; dropped from rewrite per contract section 6."
/crystals/crystals-for-pregnancy,,"No clinical evidence supports crystal use during pregnancy. Which crystals are 'safe' or 'unsafe' in pregnancy is based entirely on tradition, not toxicology, except where mineral chemistry indicates real hazards (noted inline). Retail prices not confirmed across all listed stones."
/crystals/crystals-for-protection,,No clinical studies confirm crystals provide protection from external threats. Retail price ranges not confirmed from a single current US source; omitted.
/crystals/crystals-for-self-love,,No clinical evidence supports crystals as a tool for self-esteem or self-compassion. Retail prices for most stones in this guide not confirmed from a single current US source; omitted except amethyst/rose quartz range cited for anxiety piece.
/crystals/crystals-for-sleep,,No clinical studies confirm that specific crystals improve sleep outcomes. Retail prices for howlite and lepidolite not confirmed from a single current US source; omitted.
/crystals/crystals-for-students,,No clinical studies confirm that specific crystals improve memory or academic performance. The environmental-cueing mechanism (Godden/Baddeley 1975; Gollwitzer/Sheeran 2006) is plausible but not tested specifically with stones. Retail prices not confirmed from a single current source.
/crystals/crystals-for-tarot,,No studies confirm crystals affect tarot reading accuracy or quality. Retail prices omitted — no current single-source evidence confirmed.
/crystals/crystals-for-travel,,No clinical studies confirm crystals influence travel safety or outcomes. Retail price ranges for aquamarine and turquoise vary widely by grade; not confirmed from a single current US source; omitted.
/crystals/crystals-for-workplace,,No clinical studies confirm that desk crystals improve work performance or reduce measurable stress. Environmental cueing as a mechanism is plausible from behavioral psychology but not tested specifically with stones. Retail prices not confirmed from a single current source.
/crystals/fluorite-and-amethyst-together,,Fluorite fading in sunlight is well-documented; exact rate by color variety not quantified in sources reviewed.
/crystals/garnet-and-rose-quartz-together,,Garnet Mohs varies by species (6.5–7.5 across the garnet group); almandine and pyrope (most common red garnets) typically cited at 7.0–7.5. Rose quartz fading rate in sun not quantified in primary sources.
/crystals/howlite-and-amethyst-together,,Howlite is frequently dyed to simulate turquoise; dye stability under water or sunlight varies by dye type. Readers should be advised to check whether their howlite is dyed before any water or sun exposure.
/crystals/jade-and-rose-quartz-together,,"Jade in commerce refers to both nephrite (Mohs ~6.0) and jadeite (Mohs ~6.5-7.0); hardness comparison with rose quartz depends on jade variety. Seed data value of 6.5 used as representative. The commercial jade simulant problem (treated stone, dyed material) is noted but not exhaustively catalogued."
/crystals/kunzite-and-rose-quartz-together,,No kunzite hub page exists on the site; hub link omitted from article.
/crystals/kyanite-and-selenite-together,,Mindat pages for kyanite (min-2330) and selenite/gypsum (min-1785) were inaccessible during research due to server timeouts. Hardness values (kyanite anisotropic 4.5–7 Mohs; selenite/gypsum Mohs 2) and selenite water-solubility are well-established mineralogical facts consistent with site seed data and confirmed by the site's own water-safety content for selenite. No gaps affect article accuracy.
/crystals/labradorite-and-amethyst-together,,Labradorite fading rate in sunlight not quantified in primary sources; some variation in published Mohs range (6.0–6.5 for labradorite feldspar) noted.
/crystals/lapis-lazuli-and-sodalite-together,,"Lapis lazuli is a rock aggregate (lazurite, calcite, pyrite, sodalite); Mohs rating represents surface hardness of the aggregate; individual component hardness varies."
/crystals/lava-stone-and-black-tourmaline-together,,Lava stone Mohs corrected to 5–6 (seed value 3.5 wrong)
/crystals/moldavite-and-citrine-together,,Most commercial citrine is heat-treated amethyst; fading behavior differs slightly from natural citrine but both require care in direct sunlight. Sellers rarely disclose treatment status.
/crystals/moldavite-and-herkimer-diamond-together,,"No hub page exists for Herkimer diamond in known_urls; linked only at first mention as named entity without hub link. Herkimer diamond is a doubly-terminated quartz variety mined in Herkimer County, NY; Mohs hardness as quartz is 7; some sources cite 7–7.5 for the specific crystal habit."
/crystals/obsidian-and-selenite-together,,Obsidian Mohs is commonly cited as 5–5.5; exact figure varies slightly by source due to its glassy amorphous nature. Selenite dissolution rate in humid air versus water not quantified in sources reviewed.
/crystals/peridot-and-citrine-together,,Peridot sunlight fading rate not precisely quantified in available sources; general guidance to limit prolonged UV exposure applies to most colored stones.
/crystals/sodalite-and-amethyst-together,,Sodalite water sensitivity (surface hazing with repeated exposure) is reported in trade sources but a precise exposure threshold is not documented. Site guidance of 'technically possible but not recommended' followed.
/crystals/tiger-eye-and-black-tourmaline-together,,Tiger eye's historical crocidolite asbestos replacement is noted; polished commercial specimens are generally considered safe for handling. Precise water-exposure threshold for tiger eye is not uniformly established in sources.
/gemstones/agate/affirmations,affirmations,No clinical evidence for affirmation-crystal combination effects; all practice guidance is tradition.
/gemstones/agate/combinations,combinations,No scientific evidence supports crystal combination effects; all pairing rationale is tradition.
/gemstones/agate/how-to-identify,how-to-identify,No independent lab test data for specific online sellers; identification recommendations based on established gemological properties.
/gemstones/agate/meaning,meaning,Historical attributions to specific ancient cultures vary by source and cannot always be independently verified.
/gemstones/agate/price-guide,price-guide,"No standardized industry price index for agate exists. Ranges from one retail aggregator (crystalalmanac.com, September 2026); prices vary significantly by seller, origin, and grade. A human should verify ranges against additional retail sources."
/gemstones/agate/sleeping-with,sleeping-with,No clinical evidence for any sleep effects from proximity to agate; all such associations are tradition.
/gemstones/agate/who-should-not-wear,who-should-not-wear,No peer-reviewed evidence for astrological or metaphysical contraindications; astrological associations vary by tradition and source.
/gemstones/amazonite/affirmations,affirmations,No peer-reviewed evidence for affirmations producing outcomes via crystal use; the practice is tradition-based. Affirmation effectiveness in general psychology is a separate and contested field not addressed here.
/gemstones/amazonite/combinations,combinations,Crystal pairing traditions vary between practitioners and schools; no peer-reviewed evidence supports energetic synergy between stones. All pairings stated as tradition.
/gemstones/amazonite/how-to-identify,how-to-identify,No standardized consumer-grade test for lead-caused color differentiation from iron-caused color exists at home; gemological lab testing required for definitive chemical confirmation.
/gemstones/amazonite/meaning,meaning,"The exact ancient name used for amazonite in Egyptian or Mesopotamian records, as distinct from other green stones (turquoise, malachite), would require specialist Egyptological sources not accessed here."
/gemstones/amazonite/price-guide,price-guide,Retail price data is from a January 2024 survey source; prices checked in September 2026 may differ. No GIA or gem-trade price list for amazonite was located — the stone is not tracked in major graded pricing indices. Prices for top Colorado collector specimens were not formally surveyed.
/gemstones/amazonite/sleeping-with,sleeping-with,No clinical or peer-reviewed evidence exists for Amazonite affecting sleep quality; all sleep-related benefits are traditional accounts.
/gemstones/amazonite/who-should-not-wear,who-should-not-wear,"No peer-reviewed study on lead bioavailability from skin contact with amazonite jewelry found; the lead-leaching concern is documented for water elixir use, not for normal wear."
/gemstones/amethyst/affirmations,affirmations,Affirmation content is drawn from crystal practice tradition; no empirical studies on the effect of affirmations combined with crystals were reviewed.
/gemstones/amethyst/combinations,combinations,All pairing recommendations are within crystal tradition; no controlled evidence exists for energetic interactions between stones.
/gemstones/amethyst/how-to-identify,how-to-identify,At-home hardness and temperature tests are widely cited in crystal communities but have not been validated in controlled gemological studies reviewed here; their reliability is physically plausible but not formally confirmed for consumer use.
/gemstones/amethyst/price-guide,price-guide,Tumbled stone and raw specimen retail prices not systematically sourced from a single verifiable retail dataset; ranges are synthesized from general market observation. Crystal cluster and geode prices are specimen-specific and not given.
/gemstones/angel-aura-quartz/affirmations,affirmations,Affirmation effectiveness is not subject to gemological evidence; all guidance reflects crystal practice tradition. No clinical evidence for crystal-based affirmation outcomes.
/gemstones/angel-aura-quartz/can-go-in-water,can-go-in-water,No independent laboratory data on the precise rate of coating degradation under water exposure; guidance reflects consistent position across crystal-care references and is supported by the known physical properties of the coating metals.
/gemstones/angel-aura-quartz/combinations,combinations,All pairing recommendations are based on crystal practice tradition; no scientific evidence for energetic interactions between stones.
/gemstones/angel-aura-quartz/how-to-cleanse,how-to-cleanse,No independent peer-reviewed data on long-term durability of platinum-silver vapor coatings on quartz under crystal-care conditions; guidance is consistent with known physical properties of the materials involved.
/gemstones/angel-aura-quartz/how-to-identify,how-to-identify,No standardized gemological test protocol specifically for aura quartz coatings; identification criteria are consistent across crystal-trade references and supported by the physical properties of the constituent materials.
/gemstones/angel-aura-quartz/price-guide,price-guide,"Retail price data is from commercial and reference sites (September 2026), not independently audited market data. Wholesale/bulk prices were not independently verified."
/gemstones/angel-aura-quartz/sleeping-with,sleeping-with,No clinical research on effects of Angel Aura Quartz during sleep; all sleep-related observations are from crystal practice tradition.
/gemstones/angel-aura-quartz/who-should-not-wear,who-should-not-wear,No peer-reviewed data on metal vapor coating durability under wear; coating softness inferred from known Mohs values of platinum (~3.5–4) and silver (~2.5–3).
/gemstones/aquamarine/how-to-identify,how-to-identify,Definitive identification of heat treatment vs unheated in aquamarine typically requires spectroscopy not available to consumers; noted in text.
/gemstones/aquamarine/price-guide,price-guide,Tumbled stone and rough crystal retail prices are widely variable and not well-reported in trade sources; ranges given are for faceted loose gems unless noted.
/gemstones/aquamarine/sleeping-with,sleeping-with,No clinical or peer-reviewed evidence exists for crystal effects on sleep quality; page is framed as tradition throughout.
/gemstones/aventurine/affirmations,affirmations,Affirmation-crystal pairing is a personal practice tradition with no unified written canon; affirmations drawn from the stone's documented traditional associations and are not sourced from a single authoritative text.
/gemstones/aventurine/combinations,combinations,Crystal pairing traditions are not systematically documented in a single authoritative source; associations compiled from widely repeated crystal practice literature. No scientific evidence for energetic interactions between stones.
/gemstones/aventurine/how-to-cleanse,how-to-cleanse,No peer-reviewed study on the specific effect of extended water exposure on dyed aventurine pigment migration; practical advice sourced from gemological care guidelines.
/gemstones/aventurine/how-to-identify,how-to-identify,No published standardized visual test protocols for consumer-level aventurine identification; all tests based on established gemological properties documented in reference sources.
/gemstones/aventurine/price-guide,price-guide,"Retail price data for tumbled stones and carvings is difficult to standardize across sellers; ranges reflect multiple retail sources checked September 2026 but will vary by seller, grade, and market. No independent wholesale price publication for aventurine was found."
/gemstones/aventurine/who-should-not-wear,who-should-not-wear,No peer-reviewed evidence for astrological or chakra-based cautions; stated as tradition only. No published data on adverse reactions to wearing aventurine jewelry.
/gemstones/black-agate/can-go-in-water,can-go-in-water,The specific rate at which commercial black agate dye fades under soaking has not been quantified in peer-reviewed literature; the precaution is based on the chemistry of the sugar-acid dyeing process.
/gemstones/black-agate/combinations,combinations,All pairing recommendations are based on crystal tradition; no controlled evidence supports or refutes any energetic combination effect.
/gemstones/black-agate/how-to-cleanse,how-to-cleanse,The rate at which dye fades in prolonged-soaking conditions is not documented in peer-reviewed literature; the caveat is based on the nature of the dyeing process rather than controlled tests.
/gemstones/black-agate/how-to-identify,how-to-identify,"Definitive dyed-vs-natural determination for commercial black agate requires gemological equipment (spectroscope, immersion); at-home tests are indicators, not proof."
/gemstones/black-agate/price-guide,price-guide,Retail prices for unmounted raw natural (undyed) black agate specimens are not well-documented in publicly accessible listings; the premium for natural vs. dyed is estimated qualitatively based on trade norms rather than a surveyed price point.
/gemstones/black-agate/sleeping-with,sleeping-with,No clinical evidence links black agate or any crystal to measurable sleep outcomes; all sleep-related claims are tradition.
/gemstones/black-agate/who-should-not-wear,who-should-not-wear,No peer-reviewed evidence exists for or against any metaphysical caution; astrological guidance reflects varying traditions and is not universal.
/gemstones/black-moonstone/affirmations,affirmations,No clinical evidence connects crystal-specific affirmation practice to measurable outcomes beyond general positive self-talk psychology.
/gemstones/black-moonstone/combinations,combinations,Crystal energetic pairings are traditional; no evidence base for interaction between stones beyond physical compatibility.
/gemstones/black-moonstone/how-to-identify,how-to-identify,"Exact mineralogical identity of trade material varies; laboratory XRD/EDX is the only definitive test, impractical for most buyers."
/gemstones/black-moonstone/price-guide,price-guide,Wholesale/trade prices not publicly accessible; retail ranges approximate from online platforms September 2026.
/gemstones/black-moonstone/sleeping-with,sleeping-with,No clinical evidence supports crystal use for sleep quality; associations are traditional only.
/gemstones/black-moonstone/who-should-not-wear,who-should-not-wear,No peer-reviewed evidence exists for astrological or energetic contraindications; stated as tradition only.
/gemstones/black-obsidian/affirmations,affirmations,Affirmation traditions vary across practices; no single authoritative source; examples reflect common themes in crystal communities.
/gemstones/black-obsidian/can-go-in-water,can-go-in-water,No peer-reviewed studies specifically addressing prolonged water immersion effects on obsidian polish; recommendation based on general glassy mineraloid properties.
/gemstones/black-obsidian/combinations,combinations,Crystal pairings are entirely within tradition; no physical or scientific basis for specific combinations; traditions vary by practice and culture.
/gemstones/black-obsidian/how-to-identify,how-to-identify,No standardized retail authentication guide exists for obsidian; criteria based on physical gemology references.
/gemstones/black-obsidian/price-guide,price-guide,"Retail price evidence is from a limited seller sample (September 2026); prices vary significantly by seller, origin region, and carving quality. Per-carat pricing for gem-grade faceted obsidian was not found in retail sources consulted."
/gemstones/black-obsidian/sleeping-with,sleeping-with,No clinical evidence on sleep outcomes from obsidian placement; all sleep-related claims stated as tradition.
/gemstones/black-obsidian/who-should-not-wear,who-should-not-wear,Astrological cautions vary significantly across traditions; no single authoritative source; presented as tradition only.
/gemstones/black-onyx/combinations,combinations,Crystal pairing recommendations are entirely traditional; no peer-reviewed evidence exists for energetic interactions between stones.
/gemstones/black-onyx/price-guide,price-guide,"Price ranges sourced from secondary retail guides rather than verified gemological price databases (e.g., GIA price reports); ranges are consistent across multiple sources but should be treated as indicative. Natural (undyed) black onyx retail prices are rarely listed separately by major benchmarks."
/gemstones/black-tourmaline/affirmations,affirmations,"No scientific evidence supports affirmations spoken with a stone being more effective than affirmations spoken alone. Practice benefits, if any, come from the affirmation practice itself."
/gemstones/black-tourmaline/combinations,combinations,No physical or scientific basis exists for crystal pairing effects. All pairing descriptions reflect traditional and contemporary crystal practice only.
/gemstones/black-tourmaline/how-to-identify,how-to-identify,"Synthetic black tourmaline for the mass metaphysical market is not documented as commercially produced; main imitation risk is misidentified natural minerals (obsidian, onyx) and glass, not lab-grown material."
/gemstones/black-tourmaline/price-guide,price-guide,Precise wholesale-to-retail markup data and pricing for specific mine-origin premium specimens were not findable in current sources. Ranges given reflect commonly observed retail prices September 2026.
/gemstones/black-tourmaline/who-should-not-wear,who-should-not-wear,"No clinical evidence exists for or against physical effects of wearing black tourmaline. Vedic astrology cautions are traditional, not verifiable by scientific study."
/gemstones/blue-lace-agate/combinations,combinations,"All pairing recommendations are based on crystal-practice tradition, not controlled evidence. No primary astrological or mineralogical source formally codifies incompatible crystal pairs."
/gemstones/blue-lace-agate/how-to-identify,how-to-identify,UV fluorescence (green under shortwave UV in some Namibian specimens) is documented in the Wikipedia mineralogical entry; useful secondary test but requires shortwave UV lamp not commonly available to consumers.
/gemstones/blue-lace-agate/price-guide,price-guide,Retail price data varies significantly across sources and markets; ranges given reflect multiple retail data points checked September 2026 but individual sellers may price outside these ranges. No single authoritative wholesale price index exists for Blue Lace Agate.
/gemstones/blue-lace-agate/sleeping-with,sleeping-with,No clinical evidence that Blue Lace Agate affects sleep; all sleep-related associations are traditional. No formal sources specifically contraindicate night-time use for named zodiac signs.
/gemstones/blue-lace-agate/who-should-not-wear,who-should-not-wear,"No peer-reviewed Vedic or Western astrology sources specifically contraindicate Blue Lace Agate for named zodiac signs; traditional cautions drawn from crystal-practice literature, not primary astrological texts."
/gemstones/blue-onyx/affirmations,affirmations,No peer-reviewed evidence exists for affirmation effects being altered by holding a crystal; the routine described here is tradition-based practice only.
/gemstones/blue-onyx/can-go-in-water,can-go-in-water,No independent lab data on dye stability under water exposure for commercial blue onyx was found; guidance on dye risk is based on general gem-trade practice for dyed chalcedony.
/gemstones/blue-onyx/combinations,combinations,Crystal pairing effects have no peer-reviewed evidence base; all pairings described here are drawn from practitioner traditions and crystal reference sources. No scientific basis exists for synergistic crystal effects.
/gemstones/blue-onyx/how-to-cleanse,how-to-cleanse,No independent laboratory data on dye stability in water for commercial blue onyx specimens was found; the advice on brief vs. prolonged water exposure is based on general gem-trade guidance for dyed chalcedony.
/gemstones/blue-onyx/how-to-identify,how-to-identify,Definitive identification of dyed vs. natural-color chalcedony requires spectroscopic lab testing not available to most consumers. No retail testing kits specific to blue onyx dye detection were found.
/gemstones/blue-onyx/price-guide,price-guide,"Precise per-carat retail pricing for Blue Onyx was not found in a standardized gem-price database (GIA, AGTA) as of September 2026; this stone is not tracked by major grading labs. Price ranges stated are drawn from retail and wholesale listings and should be verified against current seller prices. Natural-color (undyed) Blue Onyx pricing was not found with confidence."
/gemstones/blue-onyx/sleeping-with,sleeping-with,No clinical evidence exists for crystal influence on sleep quality; all sleep-related effects described here are tradition-based. No evidence was found on whether dye migration occurs through pillow fabric in normal use.
/gemstones/blue-onyx/who-should-not-wear,who-should-not-wear,No peer-reviewed astrological contraindication data exists; astrological cautions are based on practitioner tradition only. No documented physical health risk from wearing Blue Onyx as jewelry.
/gemstones/blue-sandstone/affirmations,affirmations,No scientific evidence for affirmation effects specific to any stone; all practice described is tradition.
/gemstones/blue-sandstone/can-go-in-water,can-go-in-water,No peer-reviewed study specifically on water effects on polished blue goldstone surface finishes; glass water-stability is well-established in materials science.
/gemstones/blue-sandstone/combinations,combinations,All pairing claims are tradition; no controlled evidence for interaction effects between stones.
/gemstones/blue-sandstone/how-to-cleanse,how-to-cleanse,No scientific basis for energetic cleansing; all metaphysical cleansing claims are tradition only.
/gemstones/blue-sandstone/price-guide,price-guide,No per-carat pricing data found; Blue Sandstone is not priced per carat in any retail source consulted. Fine carved or large sphere retail pricing found only at wholesale level.
/gemstones/blue-sandstone/sleeping-with,sleeping-with,No controlled studies on crystal placement during sleep; all claims about sleep effects are tradition only.
/gemstones/blue-sandstone/who-should-not-wear,who-should-not-wear,No peer-reviewed evidence for any astrological or metaphysical cautions; all such claims are tradition only.
/gemstones/blue-tigers-eye/affirmations,affirmations,Affirmation practice outcomes are not clinically established for crystal use; stated as tradition and personal practice throughout.
/gemstones/blue-tigers-eye/combinations,combinations,All pairing associations are tradition; no physical incompatibility data exists or is claimed.
/gemstones/blue-tigers-eye/price-guide,price-guide,Per-carat pricing for gem-grade Blue Tiger's Eye not found in gem-trade databases. Ranges given are for retail tumbled and beaded forms (September 2026). Faceted or collector-grade per-carat benchmarks require a specialist dealer or gemological lab quote.
/gemstones/blue-tigers-eye/sleeping-with,sleeping-with,No clinical evidence exists for crystal effects on sleep quality; stated as tradition throughout.
/gemstones/blue-tigers-eye/who-should-not-wear,who-should-not-wear,Vedic gemology assignment of Blue Tiger's Eye to Saturn is not universal across all lineages; treated as tradition. No peer-reviewed clinical evidence for crystal effects cited (not applicable to this page type).
/gemstones/botswana-agate/how-to-identify,how-to-identify,No UV fluorescence reference specific to Botswana Agate located; general agate fluorescence behavior applied.
/gemstones/botswana-agate/price-guide,price-guide,Retail price data for large (50mm+) raw slabs and museum-quality specimens was not located. Price ranges from late 2024 to early 2025 retail evidence; September 2026 market prices may differ.
/gemstones/botswana-agate/who-should-not-wear,who-should-not-wear,No peer-reviewed Vedic astrology texts specifically addressing Botswana Agate located; astrological section draws on widely circulated practitioner tradition.
/gemstones/brazilian-agate/affirmations,affirmations,No empirical evidence for affirmation effects being enhanced by crystal use; all claims stated as tradition and personal practice.
/gemstones/brazilian-agate/can-go-in-water,can-go-in-water,"Dye bleed rate varies by manufacturer, dye chemistry, and finish quality; no industry-standard test data for commercial dyed agates."
/gemstones/brazilian-agate/combinations,combinations,All pairing claims are traditional; no empirical evidence for crystal interaction effects.
/gemstones/brazilian-agate/how-to-cleanse,how-to-cleanse,Dye stability in water varies by manufacturer and finish quality; no standardized test data for commercial dyed agates.
/gemstones/brazilian-agate/how-to-identify,how-to-identify,No systematic fraud-rate data for Brazilian Agate retail market; dye chemistry varies by producer and is not publicly standardized.
/gemstones/brazilian-agate/price-guide,price-guide,"Wholesale pricing not systematically tracked; retail prices vary substantially by seller, platform, and grade. Prices current September 2026."
/gemstones/brazilian-agate/sleeping-with,sleeping-with,No clinical research on Brazilian Agate effects on sleep; all sleep claims stated as tradition only.
/gemstones/brazilian-agate/who-should-not-wear,who-should-not-wear,No peer-reviewed evidence for metaphysical contraindications or astrological claims; stated as tradition only.
/gemstones/calcite/affirmations,affirmations,No clinical evidence that using affirmations with crystals produces different outcomes than affirmations alone. Associations are tradition.
/gemstones/calcite/combinations,combinations,All pairing associations are tradition with no clinical evidence base. No canonical reference text for crystal pairing; associations drawn from mainstream crystal-practice literature.
/gemstones/calcite/how-to-identify,how-to-identify,No published lab-test data on the prevalence of dyed quartz sold as colored calcite; that risk is widely noted in the gem trade but not formally quantified.
/gemstones/calcite/meaning,meaning,No single canonical astrological text for calcite associations found; associations are drawn from mainstream crystal-market tradition.
/gemstones/calcite/price-guide,price-guide,Retail prices for individual tumbled stones fluctuate significantly by seller and region; ranges given reflect September 2026 market observation and will change over time. No standardized grading system exists for calcite in the crystal market.
/gemstones/calcite/sleeping-with,sleeping-with,No clinical evidence that calcite or any crystal affects sleep quality; all sleep associations are tradition only.
/gemstones/calcite/who-should-not-wear,who-should-not-wear,No peer-reviewed toxicological data specific to calcite skin contact found; standard mineral safety data confirms low toxicity. Astrological cautions are tradition with no single canonical source.
/gemstones/caribbean-calcite/affirmations,affirmations,No clinical evidence that affirmations used with a crystal produce different outcomes than affirmations used without one. Traditional associations for this stone are recently established (first marketed 2019) and not yet settled across all practitioners.
/gemstones/caribbean-calcite/can-go-in-water,can-go-in-water,None for physical properties. No clinical evidence for water-based ritual cleansing.
/gemstones/caribbean-calcite/combinations,combinations,No scientific evidence that crystal pairings produce combined energetic effects. All pairing rationales are tradition-based. No standardized system exists for crystal pairing; different practitioners may suggest different combinations.
/gemstones/caribbean-calcite/how-to-cleanse,how-to-cleanse,No clinical evidence for metaphysical cleansing efficacy; methods described as tradition. Price of cleansing tools not researched.
/gemstones/caribbean-calcite/how-to-identify,how-to-identify,No independent gemological lab certification standard exists specifically for 'Caribbean Calcite' as a trade name. Origin documentation from seller is the primary provenance check.
/gemstones/caribbean-calcite/price-guide,price-guide,"No standardized per-carat pricing exists for this trade material. Retail prices vary widely by seller, quality grade, and geographic market. The range cited ($8-$60 per palm stone) reflects retail listings checked September 2026 from rockidentifier.io and will change as supply/demand shift. No wholesale or rough price data found from authoritative trade sources."
/gemstones/caribbean-calcite/sleeping-with,sleeping-with,No clinical evidence that placing crystals near a sleeping person affects sleep quality. Traditional associations described as tradition only.
/gemstones/caribbean-calcite/who-should-not-wear,who-should-not-wear,No published peer-reviewed studies on astrological contra-indications for Caribbean Calcite; zodiac associations are based on crystal-practice tradition only. No clinical evidence on metaphysical claims.
/gemstones/carnelian-agate/affirmations,affirmations,none; all association claims are stated as tradition
/gemstones/carnelian-agate/combinations,combinations,none; all pairing claims are stated as tradition throughout
/gemstones/carnelian-agate/how-to-identify,how-to-identify,Distinguishing natural from heat-treated carnelian agate cannot be done reliably with home tests; laboratory spectroscopy is required for a definitive answer.
/gemstones/carnelian-agate/price-guide,price-guide,Retail prices for collector-grade large specimens above $50/ct are estimated from market descriptions rather than verified individual sales.
/gemstones/carnelian-agate/sleeping-with,sleeping-with,"No clinical evidence supports any effect of carnelian agate on sleep quality, dream content, or energy levels; all reported effects are crystal tradition and personal accounts."
/gemstones/carnelian-agate/who-should-not-wear,who-should-not-wear,No peer-reviewed clinical evidence exists for any crystal-health interaction; all metaphysical and astrological cautions are tradition only.
/gemstones/carnelian/affirmations,affirmations,No clinical evidence exists for affirmations affecting outcomes when used with crystals.
/gemstones/carnelian/combinations,combinations,"All pairing traditions are based on metaphysical convention, not evidence."
/gemstones/carnelian/how-to-identify,how-to-identify,Home hardness testing can give false positives; precise identification of natural versus heat-treated carnelian requires laboratory testing. Seller claims of untreated carnelian should be viewed skeptically without documentation.
/gemstones/carnelian/meaning,meaning,"Specific chakra and modern crystal-tradition claims are cultural, not verifiable. Historical claims (Egypt, Rome, Islamic tradition) are well attested."
/gemstones/carnelian/price-guide,price-guide,Fine-grade untreated natural carnelian pricing from specialist dealers was not found; prices for top-tier natural material may exceed the stated ranges. Wholesale and regional market variation are not captured.
/gemstones/carnelian/sleeping-with,sleeping-with,No clinical evidence exists for any sleep effect from carnelian; all sleep-related claims are from crystal tradition.
/gemstones/carnelian/who-should-not-wear,who-should-not-wear,No peer-reviewed evidence exists for astrological or energetic contraindications; these are stated as tradition throughout.
/gemstones/cats-eye/affirmations,affirmations,No scientific evidence for effects of affirmations combined with gemstones on psychological outcomes. Practice is reported as tradition.
/gemstones/cats-eye/combinations,combinations,All pairing associations are from crystal tradition; no peer-reviewed evidence for energetic effects of mineral combinations.
/gemstones/cats-eye/how-to-identify,how-to-identify,"Home tests described (hardness, temperature) provide useful screening but are not definitive; gemological laboratory testing with refractometer, specific gravity, and spectroscopy is required for certain identification."
/gemstones/cats-eye/meaning,meaning,No peer-reviewed source for specific metaphysical or astrological associations; reported as tradition from gem trade and Vedic practice literature.
/gemstones/cats-eye/price-guide,price-guide,Retail prices from independent sources varied considerably; ranges given are aggregated from multiple gem trade sources checked September 2026 and should be treated as approximate. High-end auction prices for exceptional stones are not well represented in accessible retail data.
/gemstones/cats-eye/sleeping-with,sleeping-with,No clinical or peer-reviewed evidence for effects of gemstone proximity on sleep quality. All sleep-related associations are from crystal tradition and Vedic astrological practice.
/gemstones/cherry-quartz/affirmations,affirmations,No outcome evidence exists for crystal-affirmation pairing effects; all practice recommendations are traditional.
/gemstones/cherry-quartz/can-go-in-water,can-go-in-water,Commercial cherry quartz composition varies by manufacturer; neither dye type nor cinnabar presence affects water safety but exact colorant is often unverified for specific retail products.
/gemstones/cherry-quartz/combinations,combinations,Crystal combination recommendations are entirely tradition-based; no controlled studies support the energy interaction claims described.
/gemstones/cherry-quartz/how-to-cleanse,how-to-cleanse,"Manufacturer-specific composition (dye type, cinnabar presence) is not publicly disclosed for most commercial cherry quartz; does not affect physical cleansing safety."
/gemstones/cherry-quartz/how-to-identify,how-to-identify,No independent lab-testing standards exist specifically for cherry quartz sold as a crystal product; composition verification requires a refractometer or specific gravity test not available to most buyers at home.
/gemstones/cherry-quartz/price-guide,price-guide,Per-carat retail pricing for cherry quartz is not consistently listed on most retail sites; retail ranges given here are based on per-piece pricing observed September 2026 and will vary by seller and region.
/gemstones/cherry-quartz/sleeping-with,sleeping-with,No controlled studies exist on the sleep effects of keeping crystals nearby; all sleep-related claims are tradition only.
/gemstones/cherry-quartz/who-should-not-wear,who-should-not-wear,Cinnabar content in retail cherry quartz is not independently verified by third-party lab testing; most sources agree finished pieces pose no mercury hazard but manufacturer specifics are opaque.
/gemstones/citrine/affirmations,affirmations,none; affirmations are stated as tradition throughout
/gemstones/citrine/combinations,combinations,none; all pairings stated as tradition throughout
/gemstones/citrine/how-to-cleanse,how-to-cleanse,"UV fading rate under direct sunlight not precisely quantified in publicly available literature; 30-minute guideline is community consensus, not measured data"
/gemstones/citrine/meaning,meaning,Exact historical origin of the 'merchant's stone' designation is undocumented in academic sources; the term appears widely in modern crystal literature without a traceable primary source
/gemstones/citrine/price-guide,price-guide,"Wholesale prices for natural untreated citrine not separately confirmed from a second retail source; GemSelect (2025) used as sole price evidence base; per-piece retail benchmarks are estimates, not confirmed from a second source"
/gemstones/citrine/sleeping-with,sleeping-with,No clinical or peer-reviewed evidence exists for or against crystal effects on sleep quality; all claims reflect crystal tradition only
/gemstones/clear-quartz/affirmations,affirmations,No scientific evidence for stones amplifying or holding affirmations; all practice guidance is tradition-based
/gemstones/clear-quartz/combinations,combinations,No scientific evidence for energetic interactions between crystals; all combination guidance is drawn from crystal practice tradition
/gemstones/clear-quartz/how-to-identify,how-to-identify,UV fluorescence behavior for natural vs. synthetic quartz not confirmed from primary source; GIA page could not be fully retrieved
/gemstones/clear-quartz/meaning,meaning,Specific ancient Greek/Roman literary references to rock crystal for healing not independently verified from primary texts; tradition drawn from published crystal literature
/gemstones/clear-quartz/price-guide,price-guide,"Exact per-carat retail price data for gem-quality clear quartz not confirmed from a subscription-based price database (Gemval requires subscription); ranges given are drawn from publicly observable retail listings as of September 2026 and should be treated as illustrative, not definitive"
/gemstones/clear-quartz/sleeping-with,sleeping-with,No clinical or sleep-science research on quartz and sleep quality exists; all benefits described are tradition-based
/gemstones/clear-quartz/who-should-not-wear,who-should-not-wear,"Vedic astrology contraindications for clear quartz are drawn from published crystal tradition texts, not a peer-reviewed source; no medical literature on quartz jewelry causing harm was found, as expected"
/gemstones/crackle-quartz/affirmations,affirmations,no clinical evidence base for affirmation effects when combined with crystals; all associations are traditional
/gemstones/crackle-quartz/combinations,combinations,no gemmological or scientific literature on crystal pairing effects; all pairing associations are traditional
/gemstones/crackle-quartz/how-to-identify,how-to-identify,dye chemistry in commercial crackle quartz is not disclosed by manufacturers; gemmological lab testing of crackle quartz is rarely published
/gemstones/crackle-quartz/price-guide,price-guide,"specific current retail price ranges (per tumbled stone, per bead strand, per kilogram wholesale) not confirmed from verifiable retail sources at time of writing (September 2026); qualitative market position is well-supported"
/gemstones/crackle-quartz/sleeping-with,sleeping-with,no clinical evidence base for crystal effects on sleep; traditional associations only
/gemstones/crackle-quartz/who-should-not-wear,who-should-not-wear,specific dye types used in crackle quartz production not disclosed by most manufacturers; acute toxicity data on dyes used in gem-trade fracture filling is limited
/gemstones/crazy-lace-agate/affirmations,affirmations,No clinical evidence that affirmations used with crystals differ in effect from affirmations used alone; all claims are presented as crystal tradition.
/gemstones/crazy-lace-agate/combinations,combinations,Crystal pairing recommendations are entirely traditional; no physical basis for energetic compatibility claims exists.
/gemstones/crazy-lace-agate/how-to-identify,how-to-identify,No official gemological laboratory grading standard specifically for Crazy Lace Agate pattern authenticity exists; identification relies on standard chalcedony gemological tests.
/gemstones/crazy-lace-agate/price-guide,price-guide,"Wholesale bulk prices partially obscured in retailer listings; price ranges are retail-only estimates and will vary by seller, region, and grade. No per-carat pricing data found — Crazy Lace Agate is not typically priced by carat weight."
/gemstones/crazy-lace-agate/sleeping-with,sleeping-with,No clinical evidence that Crazy Lace Agate or any crystal affects sleep quality; sleep associations are drawn from crystal tradition only.
/gemstones/crazy-lace-agate/who-should-not-wear,who-should-not-wear,No peer-reviewed astrological contraindication data exists; astrological section is drawn from crystal tradition sources only. No documented toxicity or medical contraindications found.
/gemstones/diamond/combinations,combinations,"Crystal combination traditions vary widely by practitioner; no single authoritative source; all pairings are traditions, not tested interactions."
/gemstones/diamond/price-guide,price-guide,Crystal-practice rough diamond (chips/rough stones sold for grid or meditation use rather than jewelry) has limited retail price data; ranges given focus on jewelry-grade material. Prices fluctuate; figures reflect mid-2026 retail market.
/gemstones/diamond/who-should-not-wear,who-should-not-wear,Vedic astrological cautions vary by tradition and individual astrologer; no single authoritative source; presented as traditional belief only.
/gemstones/druzy-quartz/affirmations,affirmations,"Affirmation practices vary significantly between traditions; phrases represent common formats, not a single authoritative system. No scientific evidence supports affirmations producing outcomes through crystal interaction."
/gemstones/druzy-quartz/can-go-in-water,can-go-in-water,No published study specifically measures bond-strength degradation of druzy coatings under repeated water exposure; guidance is based on material properties of the individual components.
/gemstones/druzy-quartz/combinations,combinations,"Crystal combination traditions vary widely between practitioners; no authoritative canon exists. Pairings reflect common patterns in crystal practice literature, not empirical testing."
/gemstones/druzy-quartz/how-to-identify,how-to-identify,"Laboratory confirmation (Raman spectroscopy, XRF) is the only definitive method for distinguishing natural color from treatment; visual inspection gives strong indicators but not certainty."
/gemstones/druzy-quartz/price-guide,price-guide,"Wholesale-to-retail markup varies widely by seller and channel. Large sculptural specimens and exceptional amethyst geodes can exceed upper price bounds — no ceiling applies to museum-grade pieces. Ranges reflect retail evidence from gemslore.com (July 2026) and gemrockauctions.com, checked September 2026."
/gemstones/druzy-quartz/sleeping-with,sleeping-with,"No clinical evidence exists for or against crystal use during sleep; traditional accounts cited as practice, not outcome claims."
/gemstones/druzy-quartz/who-should-not-wear,who-should-not-wear,"No peer-reviewed astrological exclusion criteria exist for druzy quartz; astrological cautions reflect general crystal-practice traditions, not a formal system."
/gemstones/emerald/price-guide,price-guide,"Price ranges sourced from a single retail specialist (The Natural Emerald Company, February 2026). Wholesale pricing and auction records not independently checked. Ranges represent retail asking prices and may not reflect all market segments."
/gemstones/enhydro-agate/can-go-in-water,can-go-in-water,Exact permeability / porosity data for polished vs unpolished chalcedony shells is not quantified in accessible public sources; the porous-wall claim comes from multiple geological and collector references but no single quantified study was found.
/gemstones/enhydro-agate/combinations,combinations,No gemological or scientific basis exists for crystal pairing claims. All combinations are practitioner tradition. No classical astrological or Vedic source specifies enhydro agate in combination protocols.
/gemstones/enhydro-agate/how-to-identify,how-to-identify,UV fluorescence as an identification aid for enhydro agate is noted in some sources but is inconsistent — not all specimens fluoresce. Not used as a primary test in this article.
/gemstones/enhydro-agate/price-guide,price-guide,Per-carat pricing is not standardized for enhydro agate (sold per piece). Auction records and wholesale prices were not accessible. Retail price range ($20–$60 common; hundreds to $1000+ exceptional) is from publicly listed retail surveyed September 2026; a human should verify current market ranges before publication.
/gemstones/enhydro-agate/sleeping-with,sleeping-with,No clinical evidence supports crystal use for sleep. Metaphysical associations with sleep and dreams are from practitioner tradition only.
/gemstones/enhydro-agate/who-should-not-wear,who-should-not-wear,No classical gemological authority specifies astrological contraindications for enhydro agate. Vedic and Western astrology sources do not list it as a primary stone for any sign or planet; astrological cautions are from informal crystal practice only.
/gemstones/fancy-jasper/affirmations,affirmations,Affirmation effectiveness is a matter of personal practice; no clinical evidence exists for crystal-paired affirmation protocols. All associations are stated as tradition.
/gemstones/fancy-jasper/combinations,combinations,No peer-reviewed evidence supports crystal pairing claims; all combination recommendations are stated as tradition.
/gemstones/fancy-jasper/how-to-identify,how-to-identify,No standardized gemological test distinguishes naturally colored fancy jasper from dyed jasper without laboratory analysis; surface inspection and price signals are the practical field tools available to consumers.
/gemstones/fancy-jasper/price-guide,price-guide,Per-carat wholesale pricing for raw Fancy Jasper rough was not found in publicly available retail sources; slab and specimen pricing varies widely and no consistent retail evidence base was identified beyond bracelet and tumbled stone listings.
/gemstones/fancy-jasper/sleeping-with,sleeping-with,No clinical evidence exists linking Fancy Jasper or any crystal to sleep outcomes; all sleep-related associations are stated as tradition.
/gemstones/fancy-jasper/who-should-not-wear,who-should-not-wear,No peer-reviewed evidence exists for astrological sign incompatibilities; those claims are stated as tradition only.
/gemstones/flower-agate/affirmations,affirmations,"No clinical evidence for crystal-paired affirmation effects beyond general affirmation research. Zodiac and chakra associations are tradition, not evidence-based."
/gemstones/flower-agate/combinations,combinations,All pairing recommendations based on metaphysical tradition; no clinical or peer-reviewed evidence exists for crystal combination effects.
/gemstones/flower-agate/how-to-cleanse,how-to-cleanse,No peer-reviewed gemological studies found specifically on dye migration rates in chalcedony under different moisture exposures; guidance based on general chalcedony and agate treatment knowledge.
/gemstones/flower-agate/how-to-identify,how-to-identify,Raman spectroscopy studies specific to Flower Agate plume mineral composition not found in accessible literature; plume identification in individual pieces requires laboratory analysis. No formal authentication protocol from GIA or equivalent body found for this trade-name material.
/gemstones/flower-agate/price-guide,price-guide,"No formal wholesale price index found for Flower Agate. Per-carat range ($1-$8) reflects wide grade variation; upper end is display-quality cabochons, not commodity tumbled material. Prices may shift as Madagascar supply changes. Retail ranges aggregated from multiple sources checked September 2026."
/gemstones/flower-agate/sleeping-with,sleeping-with,No clinical evidence for any sleep benefit from crystal proximity; all sleep-related claims framed as tradition. No peer-reviewed study found on crystal placement and sleep quality.
/gemstones/flower-agate/who-should-not-wear,who-should-not-wear,No peer-reviewed sources for metaphysical or astrological contra-indications; framed as tradition. No formal gemological dye-migration study found for chalcedony specifically under normal wear conditions.
/gemstones/fluorite/affirmations,affirmations,No experimental evidence that affirmations paired with crystals produce effects beyond those of affirmations alone.
/gemstones/fluorite/combinations,combinations,"All pairing claims are based on traditional crystal associations, not experimental evidence."
/gemstones/fluorite/meaning,meaning,"Specific ancient Egyptian and Roman source texts are historical summaries, not primary citations; stated as historical tradition."
/gemstones/fluorite/price-guide,price-guide,Retail prices for specific origins (e.g. Rogerley Mine UK green fluorite) are not well documented with recent public retail data; premium estimates are approximate. Gemval subscriber price data unavailable.
/gemstones/fluorite/sleeping-with,sleeping-with,No clinical evidence for sleep effects; all effects stated as tradition.
/gemstones/fluorite/who-should-not-wear,who-should-not-wear,No peer-reviewed evidence for astrological contraindications; all zodiac and tradition claims stated as such.
/gemstones/garden-quartz/combinations,combinations,No physical mechanism for crystal energy interaction is established; all pairing recommendations reflect tradition only.
/gemstones/garden-quartz/how-to-identify,how-to-identify,Dye and treatment detection beyond visual inspection requires lab analysis; no standardized consumer test exists for inclusion authenticity in quartz.
/gemstones/garden-quartz/price-guide,price-guide,Per-carat pricing for cut and faceted Garden Quartz is not well-documented in primary gem-trade sources; figures cited are from retail and collector-market observations (September 2026). Wholesale pricing varies significantly by supply chain and region.
/gemstones/garden-quartz/sleeping-with,sleeping-with,No clinical research on crystal effects on sleep quality exists; all claims about sleep benefits are tradition only.
/gemstones/garden-quartz/who-should-not-wear,who-should-not-wear,No peer-reviewed studies exist on astrological contraindications for crystal wear; those claims reflect tradition only. Specific Vedic astrology guidance for lodolite is sparse in reference sources.
/gemstones/garnet/combinations,combinations,No clinical evidence exists for any crystal pairing effect. All pairing recommendations are based on traditional metaphysical associations.
/gemstones/garnet/how-to-identify,how-to-identify,At-home identification of garnet species (e.g. distinguishing tsavorite from chrome tourmaline) requires professional equipment and is not covered; that is gemologist territory.
/gemstones/garnet/meaning,meaning,Detailed Vedic/Jyotish garnet associations beyond general Mars linkage not confirmed with primary source; Aquarius association common in modern crystal literature but pre-modern source unclear.
/gemstones/garnet/price-guide,price-guide,Retail price for rough/tumbled garnet sold for crystal practice (not gemstone use) not found with adequate granularity. Per-carat ranges are for faceted gemstone material. Common red tumbled stones for crystal practice appear to retail roughly $1–$8 per piece but this is not confirmed by a dedicated retail survey at publication date.
/gemstones/garnet/sleeping-with,sleeping-with,No clinical or peer-reviewed research exists on garnet and sleep. All sleep-related claims are tradition-based.
/gemstones/grape-agate/affirmations,affirmations,No published research on grape agate affirmations. Traditional associations are modern (post-2015).
/gemstones/grape-agate/combinations,combinations,Crystal combination associations are entirely traditional and modern. No independent evidence distinguishes effective from ineffective pairings.
/gemstones/grape-agate/how-to-identify,how-to-identify,"No standardized gemological test protocol specific to grape agate. Dye-in-crevices observation is from mineral dealer literature, not peer-reviewed gemological study."
/gemstones/grape-agate/price-guide,price-guide,"Per-carat or per-gram wholesale pricing not found in publicly accessible sources. Retail price data from Etsy (July 2025–June 2026), FossilEra, and eBay UK; treat as indicative, not definitive."
/gemstones/grape-agate/sleeping-with,sleeping-with,"No clinical studies on grape agate and sleep. Traditional dream associations are entirely modern (post-2015) and drawn from crystal practitioner communities, not historical lineage."
/gemstones/grape-agate/who-should-not-wear,who-should-not-wear,No peer-reviewed or Mindat entry specific to grape agate as a named mineral; data drawn from chalcedony/SiO2 properties. No established astrological restriction literature — astrological associations are entirely modern tradition.
/gemstones/green-goldstone/combinations,combinations,No controlled research supports or refutes crystal pairing effects. Pairings are based on practitioner traditions only.
/gemstones/green-goldstone/how-to-identify,how-to-identify,No standardized retail testing protocol exists specifically for goldstone authentication; tests described are standard gemological methods applicable to glass identification.
/gemstones/green-goldstone/price-guide,price-guide,"Price per carat data not typically quoted for synthetic glass goldstone; no auction house or certified gemological index covers this material. Ranges are retail asking prices from English-language sellers, September 2026."
/gemstones/green-goldstone/sleeping-with,sleeping-with,"No clinical evidence exists for or against sleep effects of crystal proximity. Practitioner accounts reflect personal practice, not measured outcomes."
/gemstones/green-goldstone/who-should-not-wear,who-should-not-wear,No peer-reviewed astrological literature assigns a planetary ruler to green goldstone as a synthetic material; astrological associations reported are from practitioner tradition only.
/gemstones/green-opal/affirmations,affirmations,No scientific evidence for affirmation effects combined with crystals; practice is tradition only.
/gemstones/green-opal/combinations,combinations,No scientific evidence exists for crystal energy pairing effects; all pairing guidance is tradition-based.
/gemstones/green-opal/how-to-identify,how-to-identify,Synthetic green common opal prevalence in the crystal market not well documented. Prevalence of dyed imitations is a known trade concern but no quantified data found.
/gemstones/green-opal/price-guide,price-guide,Retail per-carat prices for faceted gem-quality Green Opal are sparsely documented; per-carat ranges from a single commercial source (summitgoldresources.com) and should be treated as indicative. High-end collector specimen prices not confirmed from primary auction sources.
/gemstones/green-opal/sleeping-with,sleeping-with,No clinical evidence exists for crystal effects on sleep; all associations are tradition only.
/gemstones/green-opal/who-should-not-wear,who-should-not-wear,Vedic sources vary on which ascendants are cautioned; no single authoritative list exists. Physical toxicity of green opal dust from nickel-bearing material not confirmed.
/gemstones/hematite/affirmations,affirmations,All affirmation effects are stated as tradition; no peer-reviewed evidence that crystal-paired affirmations produce measurably different outcomes from affirmations alone
/gemstones/hematite/combinations,combinations,All crystal pairing claims are traditional; no peer-reviewed evidence supports energetic interactions between minerals
/gemstones/hematite/price-guide,price-guide,Retail price evidence is from a 2023 source (buddhaandkarma.com); no GIA or trade association retail price guide for hematite at the tumbled-stone level was located; specialty collector specimen pricing had limited findable retail data
/gemstones/hematite/sleeping-with,sleeping-with,No clinical evidence for crystal effects on sleep; all sleep-related claims are tradition only
/gemstones/hematite/who-should-not-wear,who-should-not-wear,No peer-reviewed toxicology data on hematite dust exposure at typical casual-handling levels located; astrological cautions are tradition with no verifiable primary source
/gemstones/hematoid-quartz/affirmations,affirmations,No scientific evidence supports crystal-assisted affirmation practice as more effective than affirmation alone; all associations and methods are tradition.
/gemstones/hematoid-quartz/combinations,combinations,Crystal pairing associations are tradition only; no controlled evidence exists. Specific pairing advice varies significantly across practitioners.
/gemstones/hematoid-quartz/how-to-identify,how-to-identify,No standardized gemological grading system exists specifically for Hematoid Quartz; identification criteria are based on quartz mineralogy and visual inclusion characteristics.
/gemstones/hematoid-quartz/price-guide,price-guide,Per-carat pricing for Hematoid Quartz is not consistently published in gem-trade sources; the stone is sold by piece at retail. Auction and high-end collector data were not found in the search conducted September 2026.
/gemstones/hematoid-quartz/sleeping-with,sleeping-with,No clinical research exists on crystal placement during sleep; all sleep-related associations are from crystal tradition only.
/gemstones/hematoid-quartz/who-should-not-wear,who-should-not-wear,No peer-reviewed sources address who should avoid Hematoid Quartz; astrological cautions are drawn from crystal-tradition sources only and vary by practitioner.
/gemstones/honey-calcite/affirmations,affirmations,Affirmation traditions are not clinically validated; all claims are stated as traditional practice.
/gemstones/honey-calcite/combinations,combinations,Crystal pairing traditions are not clinically tested; all pairing recommendations are from practitioner tradition.
/gemstones/honey-calcite/how-to-identify,how-to-identify,No systematic study of Honey Calcite fraud rates in retail crystal markets; practitioner-reported tests are confirmable against known mineral properties.
/gemstones/honey-calcite/price-guide,price-guide,Per-carat pricing for high-grade faceted or display honey calcite is not well-documented in public gem-trade sources; wholesale bulk pricing varies by supplier and is not publicly listed.
/gemstones/honey-calcite/sleeping-with,sleeping-with,No clinical evidence exists for crystals affecting sleep quality; all sleep-related claims are traditional.
/gemstones/honey-calcite/who-should-not-wear,who-should-not-wear,No peer-reviewed astrological contraindications exist; astrological cautions are reported from practitioner traditions only.
/gemstones/howlite/affirmations,affirmations,"Affirmation practice is subjective; phrases and methods reflect common crystal-practice conventions, not a standardized system."
/gemstones/howlite/combinations,combinations,Crystal pairing traditions are not standardized; pairings reflect most common recommendations across contemporary crystal-practice sources. No physical or clinical basis exists for pairing effects.
/gemstones/howlite/price-guide,price-guide,No per-carat pricing data found for faceted howlite (rare product); carving and specialty-format prices not surveyed. Ranges reflect US online retail only.
/gemstones/howlite/sleeping-with,sleeping-with,No clinical evidence exists for or against sleep effects from howlite; traditional use is documented only in crystal-practice sources.
/gemstones/howlite/who-should-not-wear,who-should-not-wear,No strong traditional or astrological sources specifically exclude any group from wearing howlite; cautions are practical or drawn from general crystal-practice conventions.
/gemstones/indian-agate/affirmations,affirmations,No peer-reviewed research on crystal-paired affirmation effects.
/gemstones/indian-agate/combinations,combinations,Crystal pairing effects are not scientifically tested; all pairing rationale is from crystal healing tradition.
/gemstones/indian-agate/how-to-identify,how-to-identify,Laboratory RI and SG testing requires equipment not available to most consumers; visual and hardness tests provide strong but not absolute identification.
/gemstones/indian-agate/price-guide,price-guide,Per-carat retail pricing for faceted Indian Agate not found; agate is rarely sold by carat weight at retail. High-end collector specimen pricing not found.
/gemstones/indian-agate/sleeping-with,sleeping-with,No clinical evidence for crystal effects on sleep quality; all sleep associations are from crystal tradition.
/gemstones/indian-agate/who-should-not-wear,who-should-not-wear,No peer-reviewed Vedic astrology contraindications found specifically for Indian Agate; tradition-sourced cautions drawn from general agate lore.
/gemstones/jade/price-guide,price-guide,"Auction records for specific recent imperial jade lots were not independently verified; price ranges are from retail trade sources (BMJade, Gemslore, Huangs Jadeite, Jadeitovy Kamen, September 2026), not certified appraisal data. Hetian white nephrite pricing at the high end varies significantly by origin certification."
/gemstones/kyanite/affirmations,affirmations,No clinical evidence supports affirmations having effects attributable to the stone rather than to the practice itself; all rationale is tradition.
/gemstones/kyanite/combinations,combinations,No clinical evidence for combination effects; all pairing rationale is tradition. Green and orange kyanite combination traditions are less documented than blue kyanite.
/gemstones/kyanite/how-to-identify,how-to-identify,Lab-grown kyanite is not commercially produced as a gem material (as of September 2026); no lab-grown imitation market to report on.
/gemstones/kyanite/meaning,meaning,The name origin from Greek 'kyanos' (blue) is widely cited; exact first documentation of the name in scientific literature not independently verified in this research session.
/gemstones/kyanite/price-guide,price-guide,Green and orange kyanite retail price data not found in this research session; prices for Brazilian rough specimens at mine-level not found.
/gemstones/kyanite/sleeping-with,sleeping-with,No clinical evidence supports crystal effects on sleep quality or dream content; associations are tradition only.
/gemstones/kyanite/who-should-not-wear,who-should-not-wear,No peer-reviewed clinical evidence exists for metaphysical cautions; astrological associations vary by tradition and source.
/gemstones/labradorite/affirmations,affirmations,No peer-reviewed evidence for affirmation-crystal interactions; all content is tradition-based practice.
/gemstones/labradorite/combinations,combinations,All pairing recommendations are tradition-based. No peer-reviewed evidence exists for energetic interactions between crystals.
/gemstones/labradorite/how-to-identify,how-to-identify,No standard industry certification system for labradorite authenticity; GIA does not grade commercial labradorite cabochons. UV fluorescence differences between fakes may vary by resin type.
/gemstones/labradorite/price-guide,price-guide,"Retail price data reflects online gem-trade sources checked September 2026; prices vary by seller, grade, and origin and are subject to change. No auction-house or wholesale benchmark data was found for comparison."
/gemstones/labradorite/sleeping-with,sleeping-with,No clinical research on labradorite's effects on sleep; all sleep-related claims are tradition-based.
/gemstones/labradorite/who-should-not-wear,who-should-not-wear,"No peer-reviewed evidence for or against metaphysical cautions; astrology-based restrictions reflect crystal tradition only, not established scientific consensus."
/gemstones/lapis-lazuli/affirmations,affirmations,No scientific evidence for affirmation-crystal pairing effects; all described as tradition.
/gemstones/lapis-lazuli/combinations,combinations,"All energetic pairing claims are tradition with no scientific evidence; physical compatibility (hardness, storage) is factual."
/gemstones/lapis-lazuli/price-guide,price-guide,"Retail per-carat prices vary substantially by seller, format, and provenance claim; ranges are indicative from September 2026 sources; no universal market benchmark exists for lapis lazuli."
/gemstones/lapis-lazuli/sleeping-with,sleeping-with,No controlled research exists on crystal sleep effects; all benefits stated as tradition.
/gemstones/larimar/affirmations,affirmations,"No scientific evidence for affirmation efficacy specific to crystals; affirmation practice generally is supported by psychological self-regulation research, but crystal-specific claims are tradition only."
/gemstones/larimar/combinations,combinations,Crystal pairing recommendations are entirely within the tradition of crystal practice; no scientific evidence for energetic effects of stone combinations.
/gemstones/larimar/how-to-cleanse,how-to-cleanse,Precise time threshold for water-induced surface damage not established in published literature; practical guidance drawn from mineralogical properties and specialist care sources.
/gemstones/larimar/price-guide,price-guide,"No standardized grading system exists across the Larimar trade; grade labels (AAA, AA, A) are seller-defined. Published price ranges from multiple sources are consistent in broad bands but vary in precise boundaries."
/gemstones/larimar/sleeping-with,sleeping-with,No clinical evidence for sleep effects of keeping crystals near the bed; all sleep associations stated as tradition.
/gemstones/larimar/who-should-not-wear,who-should-not-wear,No peer-reviewed Vedic astrology primary source found for larimar; astrological associations drawn from crystal-trade tradition only.
/gemstones/larvikite/can-go-in-water,can-go-in-water,No published study specifically addresses the rate of polish degradation for larvikite under repeated water exposure; the recommendation to limit soaking is based on the known behavior of polished feldspathic rocks and gem-trade guidance.
/gemstones/larvikite/combinations,combinations,All crystal pairing associations are tradition; no controlled studies support energetic interactions between crystals.
/gemstones/larvikite/how-to-identify,how-to-identify,"No documented case studies of systematic larvikite counterfeiting exist in trade literature reviewed; identification criteria are based on mineralogical properties, not reported fraud incidents."
/gemstones/larvikite/price-guide,price-guide,"Larvikite is not widely traded by carat weight; per-piece retail pricing varies significantly by seller, finish quality, and size. Ranges based on retail listings reviewed September 2026. No auction or certified market data exists for larvikite as a gemstone."
/gemstones/larvikite/sleeping-with,sleeping-with,No clinical or peer-reviewed evidence exists for crystal placement effects on sleep. All sleep-related statements reflect tradition and anecdotal practitioner reports only.
/gemstones/larvikite/who-should-not-wear,who-should-not-wear,No peer-reviewed astrological compatibility data exists; astrological sections reflect traditional crystal community consensus only. No documented toxicology studies specific to larvikite dust beyond general silicate dust guidance.
/gemstones/lava-stone/affirmations,affirmations,Affirmation practice is a tradition; no controlled research on outcomes of using affirmations with crystals.
/gemstones/lava-stone/combinations,combinations,Crystal pairing claims are based on traditional associations and practitioner convention; no clinical evidence supports energetic interaction between stones.
/gemstones/lava-stone/how-to-identify,how-to-identify,"No standardized gemological grading system exists for lava stone — 'AAA grade' on seller listings is an informal designation, not a verified classification."
/gemstones/lava-stone/price-guide,price-guide,"No large tumbled stone or specimen retail price data found; price range covers bracelets and beads only. Seed data lists Mohs hardness as 3.5, but geological sources and product specs consistently place porous lava basalt at 5–6 Mohs; the seed figure may need correction."
/gemstones/lava-stone/sleeping-with,sleeping-with,No published sleep research on lava stone specifically. Traditional associations with grounding and emotional balance are stated as tradition throughout.
/gemstones/lepidolite/affirmations,affirmations,No clinical evidence supports crystal-accompanied affirmations producing specific outcomes; tradition-based.
/gemstones/lepidolite/combinations,combinations,All metaphysical pairing effects are tradition; no clinical evidence supports specific crystal combination outcomes.
/gemstones/lepidolite/price-guide,price-guide,"Per-carat pricing for faceted lepidolite is not documented; the stone is almost never faceted due to its softness and cleavage, so a per-carat gem market does not exist in practice."
/gemstones/lepidolite/sleeping-with,sleeping-with,No clinical research supports crystal placement affecting sleep quality; tradition-based claims stated as such.
/gemstones/lepidolite/who-should-not-wear,who-should-not-wear,No peer-reviewed clinical evidence on crystal healing outcomes; astrological and metaphysical cautions represent tradition only.
/gemstones/malachite/affirmations,affirmations,Affirmation practice has no standardized source; wording and methods reflect common practitioner conventions.
/gemstones/malachite/combinations,combinations,"Crystal pairing traditions are not standardized; pairings reflect common practitioner usage, not a single authoritative source."
/gemstones/malachite/price-guide,price-guide,"Retail prices vary significantly by seller, region, and platform; the ranges reflect broad U.S. retail evidence gathered September 2026 and may differ in other markets."
/gemstones/malachite/sleeping-with,sleeping-with,No clinical studies exist on malachite and sleep; all sleep and dream associations are tradition-based only.
/gemstones/malachite/who-should-not-wear,who-should-not-wear,Vedic and Western astrological contraindications for malachite are not well-documented in primary astrological texts; tradition-based claims are noted as such.
/gemstones/moldavite/affirmations,affirmations,none; all affirmation content is traditional practice
/gemstones/moldavite/combinations,combinations,"none; all pairings are traditional, not experimentally verified"
/gemstones/moldavite/how-to-identify,how-to-identify,Home density testing on faceted pieces is unreliable without specialist equipment; laboratory FTIR and chemical analysis remain the only definitive tests.
/gemstones/moldavite/price-guide,price-guide,No standardized grading system exists for moldavite; price ranges reflect observed retail listings as of September 2026 and may have changed; auction and specialty-dealer pricing for exceptional specimens can exceed stated ranges substantially.
/gemstones/moldavite/who-should-not-wear,who-should-not-wear,No peer-reviewed studies on reported moldavite-flush sensations; traditional cautions are based on practitioner accounts only.
/gemstones/moonstone/affirmations,affirmations,No peer-reviewed evidence exists that affirmations work more effectively when paired with crystals; the practice is framed throughout as a personal and traditional one.
/gemstones/moonstone/combinations,combinations,Crystal pairing traditions vary across practitioners and lineages; no single authoritative source exists for traditional pairings. All pairings reflect common practitioner consensus rather than any verifiable standard.
/gemstones/moonstone/how-to-identify,how-to-identify,"No synthetic moonstone (true lab-grown feldspar with adularescence) is commercially significant; 'synthetic moonstone' listings typically mean glass or imitation, not true synthetic feldspar."
/gemstones/moonstone/price-guide,price-guide,"Retail price evidence is from gem-trade and crystal retailer sources, not auction or laboratory records; prices vary significantly by seller, cutting quality, and treatment disclosure. Wholesale vs retail distinction not always clear in sources."
/gemstones/moonstone/sleeping-with,sleeping-with,No clinical evidence exists that placing any crystal near the bed affects sleep quality; all sleep-related associations are stated as tradition.
/gemstones/moonstone/who-should-not-wear,who-should-not-wear,"Vedic contraindication evidence is from tradition-based practitioner sources, not a single authoritative astrological reference; recommendations vary across sources."
/gemstones/moss-agate/affirmations,affirmations,Affirmation effectiveness is a matter of personal practice; no scientific evidence supports stone-affirmation interactions.
/gemstones/moss-agate/combinations,combinations,"Crystal pairing traditions vary across sources; no scientific evidence supports any specific pairing effect. Recommendations reflect common practitioner usage, not verified outcomes."
/gemstones/moss-agate/how-to-identify,how-to-identify,"At-home tests (temperature, scratch) are indicative but not conclusive; definitive identification requires gemological equipment."
/gemstones/moss-agate/price-guide,price-guide,"Retail prices surveyed September 2026; prices vary by seller, region, and market conditions. No standardized grading exists for Moss Agate, so price ranges are indicative."
/gemstones/moss-agate/sleeping-with,sleeping-with,No peer-reviewed sleep research exists on crystal placement; all sleep-related claims are traditional.
/gemstones/moss-agate/who-should-not-wear,who-should-not-wear,No peer-reviewed evidence exists for or against metaphysical cautions; astrological attributions vary by tradition and source.
/gemstones/obsidian/price-guide,price-guide,Price ranges are based on retail survey data from May–September 2026. Fine lapidary-grade rainbow and fire obsidian prices may vary significantly; limited data on carved or large decorative pieces.
/gemstones/opalite/affirmations,affirmations,Affirmation content is drawn from crystal practice tradition; no empirical studies on the effect of affirmations combined with crystals have been reviewed.
/gemstones/opalite/combinations,combinations,All pairing recommendations are drawn from crystal practice tradition. No controlled evidence exists for energetic interactions between stones.
/gemstones/opalite/how-to-identify,how-to-identify,No independent gemological laboratory reports specifically on opalite glass identification were located. Identification criteria reflect material properties of glass as documented by Mindat and standard gemological reference.
/gemstones/opalite/price-guide,price-guide,Pricing data from US and Canadian retail/wholesale listings checked September 2026. International pricing and specialty carved or large-format opalite prices may differ. No auction house price data for opalite was located.
/gemstones/opalite/sleeping-with,sleeping-with,"No peer-reviewed research on opalite specifically for sleep was found. All associations with dream activity, emotional calm, and night-time use are drawn from crystal practice tradition only."
/gemstones/opalite/who-should-not-wear,who-should-not-wear,No astrological contraindication evidence found in peer-reviewed sources; all zodiac and energy cautions reflect crystal practice tradition only. No Vedic astrology sources specifically warning against opalite were located.
/gemstones/peach-moonstone/affirmations,affirmations,No peer-reviewed evidence for affirmation effects when combined with crystals; practice stated as tradition throughout.
/gemstones/peach-moonstone/combinations,combinations,All pairing recommendations are traditional/metaphysical; no peer-reviewed evidence for crystal synergy effects.
/gemstones/peach-moonstone/how-to-identify,how-to-identify,At-home tests cannot substitute for gemological lab identification; page covers practical visual and tactile checks only.
/gemstones/peach-moonstone/price-guide,price-guide,"Retail price data from July 2026 (gemslore.com); prices fluctuate by seller, region, and grade. No single authoritative per-piece tumbled-stone price source found; per-piece ranges estimated from loose-carat data."
/gemstones/peach-moonstone/sleeping-with,sleeping-with,No clinical evidence for crystal effects on sleep; traditional associations stated as such throughout.
/gemstones/peach-moonstone/who-should-not-wear,who-should-not-wear,No peer-reviewed evidence for astrological contraindications; stated as tradition throughout.
/gemstones/peridot/affirmations,affirmations,Affirmation effectiveness is not demonstrated by controlled evidence; this page describes a traditional and mindfulness-based practice.
/gemstones/peridot/combinations,combinations,Crystal combination recommendations are tradition-based; no controlled evidence supports energetic pairing effects.
/gemstones/peridot/price-guide,price-guide,"No independent wholesale price data found; retail ranges drawn from gem-trade and retail-guide sources (jeweliste.com, ajluxe.com, rockchasing.com) as of mid-2026 and will vary by seller and market conditions."
/gemstones/peridot/sleeping-with,sleeping-with,No published clinical evidence exists for crystal effects during sleep; all sleep-related claims are tradition-based.
/gemstones/pink-agate/affirmations,affirmations,No clinical evidence that using a crystal as a focus object changes affirmation outcomes compared to affirmation practice alone.
/gemstones/pink-agate/can-go-in-water,can-go-in-water,Specific dye stability in water varies by dye chemistry and cannot be generalized without knowing the treatment used on an individual stone.
/gemstones/pink-agate/combinations,combinations,Crystal pairing associations are entirely traditional; no scientific evidence exists for energetic compatibility or incompatibility between stones.
/gemstones/pink-agate/how-to-cleanse,how-to-cleanse,Sun-fading risk for dyed material is physically plausible but specific timescales depend on dye type and UV intensity.
/gemstones/pink-agate/how-to-identify,how-to-identify,UV fluorescence response of pink agate varies by dye type and cannot be generalized without knowing the specific dye chemistry used on an individual stone.
/gemstones/pink-agate/price-guide,price-guide,No per-carat or per-gram pricing data found for faceted or high-quality pink agate; the market is almost entirely tumbled stones and beads. Pricing for raw rough specimens could not be confirmed with current retail evidence.
/gemstones/pink-agate/sleeping-with,sleeping-with,"No clinical evidence that sleeping with crystals alters sleep quality, emotional outcomes, or dream content. Traditional effects are practitioner-reported and vary individually."
/gemstones/pink-agate/who-should-not-wear,who-should-not-wear,No peer-reviewed evidence on crystal healing outcomes. Astrological contraindications are tradition only and vary by source.
/gemstones/pyrite/price-guide,price-guide,"Verified retail price ranges for individual natural cubic display specimens (collector grade, Spain origin) are based on general market knowledge; live individual-seller price data for loose tumbled stones and raw crystal clusters was not captured at a fixed date. Collector-grade specimen prices (display cubes, large clusters) require specialist retailer or auction data not found in this research pass."
/gemstones/rainbow-hematite/affirmations,affirmations,No peer-reviewed evidence that holding a crystal while repeating affirmations produces effects beyond the affirmation practice itself. All crystal-specific guidance is tradition.
/gemstones/rainbow-hematite/can-go-in-water,can-go-in-water,No published study specifically testing the effect of prolonged water exposure on the iridescent surface coating of rainbow hematite. The caution is based on the known fragility of the nano-film and general mineralogical reasoning.
/gemstones/rainbow-hematite/combinations,combinations,All crystal pairing guidance is based on practitioner tradition; no empirical evidence exists for energetic interactions between stones.
/gemstones/rainbow-hematite/how-to-cleanse,how-to-cleanse,No clinical evidence for energetic cleansing methods; all metaphysical guidance is tradition.
/gemstones/rainbow-hematite/how-to-identify,how-to-identify,No standardized retail labeling exists for natural vs. titanium-coated rainbow hematite; sellers' descriptions vary and are not always accurate.
/gemstones/rainbow-hematite/price-guide,price-guide,No published price data for high-quality natural (non-titanium-coated) Rainbow Hematite display specimens from specialist mineral dealers; that market segment is not well represented in retail web listings.
/gemstones/rainbow-hematite/sleeping-with,sleeping-with,No peer-reviewed studies on the effect of crystals on sleep quality. All sleep-related guidance is based on practitioner tradition. No clinical evidence supports or refutes the claim that grounding stones affect dream character.
/gemstones/rainbow-hematite/who-should-not-wear,who-should-not-wear,"No peer-reviewed evidence for astrological or energetic incompatibilities; traditions vary by source. Pregnancy and nursing precautions are based on conventional crystal-practice caution, not clinical evidence."
/gemstones/red-agate/how-to-identify,how-to-identify,"Gemological testing (refractive index, specific gravity by Archimedes method) requires professional equipment; at-home checks described are indicative, not definitive. Visual distinction between naturally colored and heat-treated red agate cannot be made reliably without lab analysis."
/gemstones/red-agate/price-guide,price-guide,"High-end collector specimens (large, naturally colored, unheated with provenance) were not found in retail listings; upper price bound for premium material estimated from category comparables rather than directly observed listings."
/gemstones/red-jasper/affirmations,affirmations,Affirmation content is tradition-based; no empirical evidence supports stone-specific affirmations over general affirmation practice.
/gemstones/red-jasper/combinations,combinations,Crystal combination recommendations are entirely tradition-based; no experimental evidence supports one pairing over another.
/gemstones/red-jasper/how-to-cleanse,how-to-cleanse,UV fading rate for red jasper (iron oxide coloration) is not quantified in accessible gemological literature; the caution about prolonged sunlight is standard lapidary practice rather than a measured threshold.
/gemstones/red-jasper/how-to-identify,how-to-identify,"No standardized consumer test kit for jasper dye exists; the acetone/nail-polish-remover test for surface dyes is field practice, not a laboratory procedure. Results are indicative, not conclusive."
/gemstones/red-jasper/meaning,meaning,Specific ancient textual references to 'red jasper' versus generic 'jasper' are difficult to disentangle across sources; the distinction is not always made in historical records.
/gemstones/red-jasper/price-guide,price-guide,"Per-carat pricing for jewelry-grade Red Jasper cabochons is not widely reported in accessible trade databases; the ranges given are retail consumer prices, not gem-trade wholesale."
/gemstones/red-jasper/sleeping-with,sleeping-with,"No controlled research exists on Red Jasper's effects during sleep; all claims about dream quality, protection, or energy during sleep are tradition only."
/gemstones/red-jasper/who-should-not-wear,who-should-not-wear,No peer-reviewed study links Red Jasper wear to any physiological outcome; astrological cautions vary widely by tradition and no authoritative single source exists.
/gemstones/red-tigers-eye/affirmations,affirmations,No clinical evidence that affirmation practice with crystals produces outcomes beyond those of affirmation practice alone. All effectiveness claims are within the crystal tradition.
/gemstones/red-tigers-eye/can-go-in-water,can-go-in-water,No published studies specifically on water effects on heat-treated red tiger's eye over long immersion periods; long-soak caution is precautionary based on iron oxide stability and polish durability data for quartz.
/gemstones/red-tigers-eye/combinations,combinations,"All pairing rationale is grounded in crystal tradition, not clinical or scientific evidence. No studies support or refute specific stone combinations."
/gemstones/red-tigers-eye/how-to-cleanse,how-to-cleanse,No published studies on fading rates of heat-treated tiger's eye under UV or prolonged sun exposure; the recommendation to limit sun exposure is precautionary based on general iron oxide photostability data.
/gemstones/red-tigers-eye/how-to-identify,how-to-identify,No independent lab-test data for rates of dyed imitation red tiger's eye in the retail market; the prevalence of dyed material is noted from trade convention but not quantified with published data.
/gemstones/red-tigers-eye/price-guide,price-guide,No per-carat pricing data found for faceted or collector-grade Red Tiger's Eye; retail evidence covers tumbled stones and bead bracelets only. High-end specimen prices not verified.
/gemstones/red-tigers-eye/sleeping-with,sleeping-with,"No clinical evidence for any effect of Red Tiger's Eye on sleep quality, dream frequency, or protection. All such claims are traditional."
/gemstones/red-tigers-eye/who-should-not-wear,who-should-not-wear,No peer-reviewed sources address astrological contraindications; those sections rely entirely on traditional practice accounts.
/gemstones/rhodonite/affirmations,affirmations,No scientific evidence for crystal-enhanced affirmation effects; practice described as tradition throughout.
/gemstones/rhodonite/combinations,combinations,Metaphysical pairing effects have no scientific basis; all recommendations stated as tradition.
/gemstones/rhodonite/how-to-identify,how-to-identify,No large-scale survey data on rhodonite misrepresentation rates in retail; identification tests based on documented mineral properties.
/gemstones/rhodonite/meaning,meaning,No scientific evidence for metaphysical healing effects; stated as tradition throughout.
/gemstones/rhodonite/price-guide,price-guide,"Per-carat pricing for gem-quality faceted rhodonite is not well represented in Western retail sources checked; price ranges reflect tumbled, cabochon, and carved retail forms only."
/gemstones/rhodonite/sleeping-with,sleeping-with,No clinical evidence that crystals affect sleep quality or emotional processing during sleep; stated as tradition.
/gemstones/rhodonite/who-should-not-wear,who-should-not-wear,No peer-reviewed evidence for metaphysical cautions or astrological contraindications; stated as tradition.
/gemstones/rose-quartz/affirmations,affirmations,No scientific evidence supports crystal-paired affirmation effects beyond general affirmation psychology; all claims framed as tradition.
/gemstones/rose-quartz/combinations,combinations,No scientific evidence exists for crystal pairing effects; all pairings described are crystal tradition only.
/gemstones/rose-quartz/how-to-identify,how-to-identify,Synthetic rose quartz (lab-grown) is uncommon in the consumer market; RI-based distinction requires a refractometer not available to most home buyers — noted as a professional-test limitation in the article.
/gemstones/rose-quartz/price-guide,price-guide,Wholesale pricing for bulk tumbled stones is not consistently disclosed by retailers. Retail ranges reflect consumer-facing prices as of September 2026 and shift with market demand and seller.
/gemstones/ruby-zoisite/affirmations,affirmations,All affirmation benefits based on tradition and personal practice; no controlled studies exist
/gemstones/ruby-zoisite/combinations,combinations,All crystal pairings stated as tradition; no controlled studies exist
/gemstones/ruby-zoisite/price-guide,price-guide,Retail price ranges vary between sellers and regions; figures are broad asking prices from July-September 2026
/gemstones/ruby-zoisite/sleeping-with,sleeping-with,No clinical evidence for crystal proximity effects on sleep; all associations stated as tradition
/gemstones/ruby-zoisite/who-should-not-wear,who-should-not-wear,No peer-reviewed data on metaphysical cautions; astrology cautions drawn from Vedic tradition sources only
/gemstones/ruby/affirmations,affirmations,Affirmation research is general (not specific to crystals); no studies examine crystal-plus-affirmation as a combined intervention.
/gemstones/ruby/combinations,combinations,No empirical research exists on combined crystal effects; all pairing logic is traditional and based on shared or complementary symbolic associations.
/gemstones/ruby/how-to-identify,how-to-identify,Home hardness tests are approximate and should not be used alone for purchase decisions; definitive identification requires laboratory gemological testing.
/gemstones/ruby/meaning,meaning,Historical attribution of specific cultural meanings is difficult to pin to single primary sources; associations drawn from established crystal-practice literature and stated as tradition.
/gemstones/ruby/price-guide,price-guide,Retail prices for small tumbled ruby and mass-market crystal-shop ruby are not well documented in verifiable sources; gem-trade ranges from The Sapphire Bank (June 2026) used as primary reference. Mass-market tumbled ruby pieces may be found for $5-30 per piece but quality and treatment disclosure vary enormously.
/gemstones/ruby/sleeping-with,sleeping-with,No clinical evidence on crystal effects during sleep; all sleep associations are traditional and experiential.
/gemstones/ruby/who-should-not-wear,who-should-not-wear,"Western astrological contraindications vary widely by source; Vedic cautions are from traditional texts and modern practitioners, not clinical evidence."
/gemstones/sapphire/affirmations,affirmations,No peer-reviewed evidence exists for the effect of affirmation practice combined with crystals on any measurable outcome. All content is presented as tradition.
/gemstones/sapphire/combinations,combinations,Crystal pairings are entirely within tradition; no scientific evidence exists for energetic interactions between stones and none is claimed.
/gemstones/sapphire/how-to-identify,how-to-identify,At-home scratch and SG tests give indicative rather than definitive results; laboratory testing is the only reliable method for distinguishing natural sapphire from lab-grown synthetic material.
/gemstones/sapphire/meaning,meaning,Historical symbolic attributions are well-documented in gemological literature but cannot be precisely sourced to single primary texts; stated as tradition.
/gemstones/sapphire/price-guide,price-guide,Price ranges reflect September 2026 trade and retail references; they are indicative ranges. Kashmir prices at the very top of the market depend on auction results not always publicly documented.
/gemstones/sapphire/sleeping-with,sleeping-with,No peer-reviewed evidence exists for gemstone effects on sleep quality. All sleep associations are stated as tradition.
/gemstones/sapphire/who-should-not-wear,who-should-not-wear,Vedic astrological cautions are drawn from widespread traditional sources; no peer-reviewed evidence for astrological gemstone effects exists and none is claimed.
/gemstones/selenite/affirmations,affirmations,No clinical or psychological studies on crystal-specific affirmation practices; the practice is stated as tradition throughout.
/gemstones/selenite/combinations,combinations,Crystal pairing traditions have no physical evidence base; all pairing descriptions reflect crystal practice tradition only.
/gemstones/selenite/how-to-identify,how-to-identify,Dyed or treated selenite is not commonly documented in gem trade literature; market risk is mainly misidentification or glass/plastic substitution.
/gemstones/selenite/meaning,meaning,"Birth month association not confirmed in standard sources; zodiac links (Cancer, Taurus) are from site tradition only."
/gemstones/selenite/price-guide,price-guide,"Wholesale import prices and per-carat prices for gem-grade transparent selenite were not found in reviewed sources; retail price data reflects U.S. consumer market, July 2026."
/gemstones/selenite/sleeping-with,sleeping-with,No peer-reviewed evidence on crystal placement and sleep quality; all sleep-related effects stated as practitioner tradition only.
/gemstones/selenite/who-should-not-wear,who-should-not-wear,No standard gemological or astrological sources confirm zodiac incompatibility claims; those sections are stated as tradition only.
/gemstones/smoky-quartz/affirmations,affirmations,No peer-reviewed evidence supports the efficacy of crystal affirmation practices beyond general mindfulness effects. All pairing of affirmations with Smoky Quartz is drawn from crystal practice tradition.
/gemstones/smoky-quartz/combinations,combinations,All pairing rationale is from crystal practice tradition. No peer-reviewed evidence supports stone interaction effects.
/gemstones/smoky-quartz/how-to-identify,how-to-identify,Distinguishing naturally irradiated Smoky Quartz from artificially irradiated rock crystal is not possible with standard gem-trade tests; specialist gemmological laboratory analysis is required and even then may be inconclusive.
/gemstones/smoky-quartz/price-guide,price-guide,"Wholesale prices for raw material from primary producing countries are not publicly available in reliable form; ranges given are retail prices from US and international gem sellers, checked September 2026."
/gemstones/smoky-quartz/sleeping-with,sleeping-with,No peer-reviewed evidence exists for crystal effects on sleep quality. All claims are from crystal practice tradition.
/gemstones/smoky-quartz/who-should-not-wear,who-should-not-wear,"No clinical evidence exists for metaphysical cautions; astrological restrictions are from crystal-practice tradition, not peer-reviewed astrology research."
/gemstones/sodalite/combinations,combinations,none — pairings are tradition throughout
/gemstones/sodalite/price-guide,price-guide,Hackmanite price data is sparse; ranges given from limited retail evidence. Princess Blue provenance premium noted but precise percentage not confirmed from a single authoritative source.
/gemstones/sodalite/who-should-not-wear,who-should-not-wear,No peer-reviewed evidence on sodalite toxicity; Mindat lists no specific health risk data for this mineral.
/gemstones/strawberry-quartz/combinations,combinations,Crystal pairing traditions are not standardized; recommendations vary across practitioners. All pairing suggestions stated as tradition rather than outcomes.
/gemstones/strawberry-quartz/how-to-identify,how-to-identify,No standardized lab certification specifically for the trade name 'strawberry quartz' exists; GIA and other labs identify constituent minerals (quartz with hematite/goethite/lepidocrocite inclusions). A gemological lab report confirms mineral species but not the trade name.
/gemstones/strawberry-quartz/price-guide,price-guide,Price evidence for rough specimens and collector-grade crystals is limited; no reliable current per-piece pricing found for high-end mineral-show material. Wholesale tumbled pricing is variable by origin and authenticity.
/gemstones/strawberry-quartz/sleeping-with,sleeping-with,No peer-reviewed research confirms or refutes sleep effects from sleeping near crystals. The page presents tradition as tradition throughout.
/gemstones/strawberry-quartz/who-should-not-wear,who-should-not-wear,"No Vedic astrology sources specifically contraindicate strawberry quartz for any nakshatra or rashi; no Western astrology sources name firm exclusions either. This reflects genuine absence of such claims, not a gap in research."
/gemstones/sunstone/affirmations,affirmations,Affirmation content is tradition only; no evidence base for specific phrase effects.
/gemstones/sunstone/combinations,combinations,All pairing rationale is tradition; no empirical evidence supports energetic synergy between crystal combinations.
/gemstones/sunstone/how-to-identify,how-to-identify,No standardized retail authentication protocol exists; definitive identification of copper-diffused andesine requires laboratory UV fluorescence spectroscopy.
/gemstones/sunstone/price-guide,price-guide,Retail price data changes continuously; figures are benchmarks from September 2026 sources and should be verified against a live price chart before purchase. Indian Sunstone retail prices are less consistently documented than Oregon Sunstone.
/gemstones/sunstone/sleeping-with,sleeping-with,No clinical evidence supports crystal placement affecting sleep quality; all sleep-related claims are tradition only.
/gemstones/sunstone/who-should-not-wear,who-should-not-wear,No clinical or peer-reviewed evidence for energetic compatibility claims; astrological guidance varies by tradition and practitioner.
/gemstones/tiger-eye/price-guide,price-guide,"No standardized per-carat grading scale exists for Tiger Eye; price ranges reflect broad retail observation from multiple sources (checked September 2026), not gem-lab valuations. Specific current retail pricing for high-end Marra Mamba Tiger Eye (Western Australia) was not found."
/gemstones/tortoise-ring/can-go-in-water,can-go-in-water,No quantified data on silver tarnish acceleration rate in chlorinated vs. salt water at ring thicknesses; jade porosity differences between nephrite and jadeite not distinguished
/gemstones/tortoise-ring/combinations,combinations,No authoritative Vedic textual source found for specific ring-pairing rules; combination advice cited to retailer and vastu blog sources only. Feng shui ring-pairing guidance sparse in available sources.
/gemstones/tortoise-ring/how-to-cleanse,how-to-cleanse,Specific dilution ratios for home silver cleaning are not standardized across sources; energetic cleansing methods cited from tradition only
/gemstones/tortoise-ring/how-to-identify,how-to-identify,"No independent lab data on plating thickness specific to tortoise rings; acid test process referenced from trade practice, not a primary scientific source"
/gemstones/tortoise-ring/meaning,meaning,"Kurma avatar number varies by tradition (some sources list second, others list different order); Vedic wearing rules cited only to retail/vastu blog sources, not primary scripture"
/gemstones/tortoise-ring/price-guide,price-guide,Solid copper tortoise ring retail prices not found at named retailers — copper price range is qualitative only. International Western-market silver prices found in limited listings. Gold spot price used is approximate for September 2026 and will have moved.
/gemstones/tree-agate/affirmations,affirmations,No clinical evidence exists for crystal-specific affirmation effects beyond general affirmation research. Associations are practitioner tradition.
/gemstones/tree-agate/combinations,combinations,All pairing associations are practitioner tradition with no empirical basis. Physical compatibility between stones is straightforward (none of the paired stones are reactive or chemically incompatible).
/gemstones/tree-agate/how-to-identify,how-to-identify,No specific gemological certificate exists for Tree Agate as a trade category; identification rests on visual and physical tests. Dendritic inclusion mineralogy varies by source and may require lab analysis for definitive identification.
/gemstones/tree-agate/price-guide,price-guide,"Price ranges are drawn from retail listings observed September 2026 and will vary by seller, geography, and market conditions. No wholesale or per-carat pricing data was available for Tree Agate as a trade category; retail unit pricing is used throughout."
/gemstones/tree-agate/sleeping-with,sleeping-with,No controlled research exists on the sleep effects of crystal proximity. All claims about Tree Agate's sleep associations are practitioner tradition.
/gemstones/tree-agate/who-should-not-wear,who-should-not-wear,No peer-reviewed astrological contraindication literature exists; astrological cautions reflect practitioner tradition only. No clinical evidence for any crystal wearing effects.
/gemstones/turquoise/affirmations,affirmations,No clinical evidence for affirmation efficacy specific to crystal use; practice value is entirely personal and traditional.
/gemstones/turquoise/combinations,combinations,No physical or scientific basis for crystal pairing exists; all recommendations are traditional associations only.
/gemstones/turquoise/price-guide,price-guide,Per-piece retail prices for tumbled stones and bracelets vary widely by seller and are not consistently listed with grade information; the per-carat ranges reflect retail survey data from July 2026.
/gemstones/turquoise/sleeping-with,sleeping-with,No peer-reviewed research on turquoise and sleep outcomes exists; all sleep-related claims are tradition only.
/gemstones/white-agate/affirmations,affirmations,No evidence base for affirmation efficacy specific to crystal use; traditional accounts only.
/gemstones/white-agate/combinations,combinations,Crystal pairing recommendations are entirely based on practitioner tradition with no verifiable evidence base.
/gemstones/white-agate/how-to-identify,how-to-identify,Definitive identification of dye type and imitation material requires gemological laboratory testing; non-destructive field tests are indicative only.
/gemstones/white-agate/price-guide,price-guide,"Per-carat retail prices for high-grade untreated White Agate cabochons are sparsely documented in current retail listings; the range given reflects general agate cabochon data. Large-specimen pricing is highly variable and based on general agate cost data, not White Agate-specific retail surveys."
/gemstones/white-agate/sleeping-with,sleeping-with,No peer-reviewed evidence for sleep effects of crystals; traditional accounts only.
/gemstones/white-agate/who-should-not-wear,who-should-not-wear,No peer-reviewed or systematic evidence exists for astrological contraindications; sources consulted are practitioner tradition only.
/gemstones/white-quartz/combinations,combinations,Crystal pairing traditions vary widely by source; no authoritative consensus exists; all pairings are practice-based tradition
/gemstones/white-quartz/how-to-identify,how-to-identify,No published retail fraud data specific to white quartz was found; identification tests apply general mineralogical principles
/gemstones/white-quartz/price-guide,price-guide,Faceted or gem-grade white quartz jewelry pricing was not surveyed; collector specimen pricing for large or exceptional display pieces was not surveyed
/gemstones/white-quartz/sleeping-with,sleeping-with,No clinical evidence exists for crystals affecting sleep quality; all associations described are traditional
/gemstones/white-quartz/who-should-not-wear,who-should-not-wear,Vedic astrology (Jyotish) sources conflict on which planet governs white or clear quartz; no strong consensus found across sources reviewed
/gemstones/yellow-calcite/affirmations,affirmations,No clinical studies specifically on crystal-affirmation practices were found or cited; affirmation efficacy is a matter of psychological and practitioner tradition.
/gemstones/yellow-calcite/can-go-in-water,can-go-in-water,"Precise rate of surface etching at room temperature in tap water (pH ~7) is not quantified; dissolution rate increases with acidity, which varies by region."
/gemstones/yellow-calcite/combinations,combinations,No experimental evidence exists for crystal pairing effects; all pairing recommendations are practitioner tradition.
/gemstones/yellow-calcite/how-to-cleanse,how-to-cleanse,Rate of color fading in prolonged sunlight is not quantified; general guidance that organic-impurity colors in calcite are UV-sensitive is established but no specific lux-hour threshold was found.
/gemstones/yellow-calcite/how-to-identify,how-to-identify,Specific prevalence of dyed yellow calcite vs. other fakes in the retail market is not quantified; based on general gem-trade knowledge.
/gemstones/yellow-calcite/price-guide,price-guide,"Wholesale pricing from primary mining sources (Mexico, Brazil, Peru) not found; per-carat pricing for gem-grade faceted yellow calcite is not well-represented in the US retail market surveyed."
/gemstones/yellow-calcite/sleeping-with,sleeping-with,No peer-reviewed evidence links calcite placement to sleep quality; all sleep-related associations are practitioner tradition.
/gemstones/yellow-calcite/who-should-not-wear,who-should-not-wear,No peer-reviewed studies on specific zodiac incompatibilities; astrological cautions are practitioner tradition only.
/learn/are-online-crystals-real,,No published audit of the percentage of crystal listings on major e-commerce platforms that are misrepresented. Price ranges for authentic versus fake specimens not confirmed from a single current US retail source. The statement that most commercial citrine is heat-treated amethyst is widely cited in the gem trade; frequency figures are not available from a primary study.
/learn/birthstone-guide,,"Traditional/historical birthstone lists (Ayurvedic, Polish, Russian, etc.) vary widely and are not covered; only the modern Western standard list is included."
/learn/chakra-crystals-guide,,The chakra system originates in Hindu and yogic texts; specific stone-chakra associations vary across traditions and lack a single canonical source. Assignments reflect widely used contemporary crystal practice conventions.
/learn/crystal-grids,,No peer-reviewed evidence for crystal grid efficacy; practice described as traditional and intentional throughout.
/learn/crystal-healing-science,,"The French studies (1999, Rome; 2001, Glasgow) were presented at conferences but never published in peer-reviewed journals. French himself acknowledged in 2021 that no peer-reviewed replication exists. The article states this limitation explicitly. A human editor may wish to commission a literature search for any subsequent published work on crystal healing placebo effects."
/learn/crystal-journaling,,No randomized controlled evidence specifically isolates crystal journaling as distinct from standard reflective journaling. Benefit attributed to the journaling component; crystal element is traditional.
/learn/crystal-meditation,,No randomized controlled evidence demonstrates that specific crystals enhance meditation outcomes beyond standard meditation effects; stated as tradition throughout.
/learn/crystal-pendulums,,No scientific evidence supports pendulum dowsing as a method of accessing external information beyond the user's own subconscious; stated clearly in the guide.
/learn/crystal-sprays,,No peer-reviewed evidence supports crystal-infused water producing effects beyond plain water; stated as tradition. Essential oil dilution rates follow published aromatherapy guidelines but dermatological sensitivity varies by individual.
/learn/ethical-crystal-sourcing,,No published study quantifies the proportion of retail crystal stock from high-risk supply chains. Child labor statistics in mica mining cited from published reporting rather than a single definitive primary study. No Fairtrade equivalent for decorative crystals verified as existing in 2026.
/learn/how-to-charge-crystals,,No controlled studies confirm that charging practices alter any measurable stone property. All charging descriptions reflect tradition. Specific sun-fading timescales for amethyst and rose quartz vary by specimen and UV intensity; no single published threshold is cited.
/learn/how-to-cleanse-crystals,,"No peer-reviewed study measures energy accumulation in crystals; the concept of energetic cleansing is tradition, stated as such throughout."
/learn/how-to-know-if-a-chakra-bracelet-is-real,,No single authoritative source defines a canonical correct stone assignment for each chakra position; assignments vary across traditions. Retail price ranges for chakra bracelets not confirmed from a single current US source; described qualitatively.
/learn/how-to-program-crystals,,No peer-reviewed evidence exists for crystal programming as a physical phenomenon; the process is a contemplative and intentional practice from crystal tradition.
/learn/how-to-start-crystal-collection,,"Retail price ranges omitted — prices vary too widely by grade, seller, and form to quote a number that would be accurate across sellers. Recommend a search at time of purchase."
/learn/sun-safe-crystals,,Aquamarine UV-fading rate varies by origin; precise exposure thresholds for most minerals are not published for retail specimens.
/learn/what-crystals-can-go-in-water,,Exact dissolution rates for selenite and calcite in standing versus running water not confirmed from a single primary source; stated conservatively.
