source_page_id,source_url,destination_url,relationship,anchor,current_or_proposed,reason
P-0001,/gemstones/pyrite/meaning,/gemstones/pyrite,parent,(writer chooses descriptive anchor),proposed,the stone's hub page: full profile and properties
P-0001,/gemstones/pyrite/meaning,/gemstones/pyrite/combinations,sibling,(writer chooses descriptive anchor),proposed,pairing follows meaning
P-0001,/gemstones/pyrite/meaning,/gemstones/pyrite/affirmations,sibling,(writer chooses descriptive anchor),proposed,using the stone intentionally
P-0001,/gemstones/pyrite/meaning,/gemstones/pyrite/who-should-not-wear,sibling,(writer chooses descriptive anchor),proposed,cautions before adopting the stone
P-0001,/gemstones/pyrite/meaning,/learn/gemstone-vs-crystal-vs-mineral,seed-parent,(writer chooses descriptive anchor),proposed,site-wide guide this stone-specific page specialises
P-0001,/gemstones/pyrite/meaning,/crystals/crystals-for-money,lateral,(writer chooses descriptive anchor),proposed,stone appears in this purpose guide
P-0001,/gemstones/pyrite/meaning,/crystals/crystals-for-confidence,lateral,(writer chooses descriptive anchor),proposed,stone appears in this purpose guide
P-0001,/gemstones/pyrite/meaning,/gemstones/zodiac/leo,taxonomy,(writer chooses descriptive anchor),proposed,zodiac filter page
P-0002,/gemstones/pyrite/how-to-cleanse,/gemstones/pyrite,parent,(writer chooses descriptive anchor),proposed,the stone's hub page: full profile and properties
P-0002,/gemstones/pyrite/how-to-cleanse,/gemstones/pyrite/can-go-in-water,sibling,(writer chooses descriptive anchor),proposed,whether water cleansing is safe for this stone
P-0002,/gemstones/pyrite/how-to-cleanse,/learn/how-to-cleanse-crystals,seed-parent,(writer chooses descriptive anchor),proposed,site-wide guide this stone-specific page specialises
P-0002,/gemstones/pyrite/how-to-cleanse,/crystals/crystals-for-money,lateral,(writer chooses descriptive anchor),proposed,stone appears in this purpose guide
P-0002,/gemstones/pyrite/how-to-cleanse,/crystals/crystals-for-confidence,lateral,(writer chooses descriptive anchor),proposed,stone appears in this purpose guide
P-0002,/gemstones/pyrite/how-to-cleanse,/learn/how-to-charge-crystals,next-step,(writer chooses descriptive anchor),proposed,charging follows cleansing
P-0003,/gemstones/pyrite/price-guide,/gemstones/pyrite,parent,(writer chooses descriptive anchor),proposed,the stone's hub page: full profile and properties
P-0003,/gemstones/pyrite/price-guide,/gemstones/pyrite/how-to-identify,sibling,(writer chooses descriptive anchor),proposed,avoid paying real-stone prices for imitations
P-0003,/gemstones/pyrite/price-guide,/learn/ethical-crystal-sourcing,seed-parent,(writer chooses descriptive anchor),proposed,site-wide guide this stone-specific page specialises
P-0003,/gemstones/pyrite/price-guide,/crystals/crystals-for-money,lateral,(writer chooses descriptive anchor),proposed,stone appears in this purpose guide
P-0003,/gemstones/pyrite/price-guide,/crystals/crystals-for-confidence,lateral,(writer chooses descriptive anchor),proposed,stone appears in this purpose guide
P-0003,/gemstones/pyrite/price-guide,/learn/mohs-hardness-scale,lateral,(writer chooses descriptive anchor),proposed,durability affects value
P-0004,/gemstones/pyrite/how-to-identify,/gemstones/pyrite,parent,(writer chooses descriptive anchor),proposed,the stone's hub page: full profile and properties
P-0004,/gemstones/pyrite/how-to-identify,/gemstones/pyrite/price-guide,sibling,(writer chooses descriptive anchor),proposed,price is an identification signal
P-0004,/gemstones/pyrite/how-to-identify,/gemstones/pyrite/meaning,sibling,(writer chooses descriptive anchor),proposed,what genuine material looks like
P-0004,/gemstones/pyrite/how-to-identify,/learn/are-online-crystals-real,seed-parent,(writer chooses descriptive anchor),proposed,site-wide guide this stone-specific page specialises
P-0004,/gemstones/pyrite/how-to-identify,/crystals/crystals-for-money,lateral,(writer chooses descriptive anchor),proposed,stone appears in this purpose guide
P-0004,/gemstones/pyrite/how-to-identify,/crystals/crystals-for-confidence,lateral,(writer chooses descriptive anchor),proposed,stone appears in this purpose guide
P-0004,/gemstones/pyrite/how-to-identify,/compare/lab-created-vs-natural-gemstones,lateral,(writer chooses descriptive anchor),proposed,lab-grown vs natural is a distinct question from fake vs real
P-0005,/gemstones/pyrite/sleeping-with,/gemstones/pyrite,parent,(writer chooses descriptive anchor),proposed,the stone's hub page: full profile and properties
P-0005,/gemstones/pyrite/sleeping-with,/gemstones/pyrite/who-should-not-wear,sibling,(writer chooses descriptive anchor),proposed,who should avoid night-time use
P-0005,/gemstones/pyrite/sleeping-with,/gemstones/pyrite/affirmations,sibling,(writer chooses descriptive anchor),proposed,bedtime affirmation routine
P-0005,/gemstones/pyrite/sleeping-with,/crystals/crystals-for-sleep,seed-parent,(writer chooses descriptive anchor),proposed,site-wide guide this stone-specific page specialises
P-0005,/gemstones/pyrite/sleeping-with,/crystals/crystals-for-money,lateral,(writer chooses descriptive anchor),proposed,stone appears in this purpose guide
P-0005,/gemstones/pyrite/sleeping-with,/crystals/crystals-for-confidence,lateral,(writer chooses descriptive anchor),proposed,stone appears in this purpose guide
P-0006,/gemstones/pyrite/combinations,/gemstones/pyrite,parent,(writer chooses descriptive anchor),proposed,the stone's hub page: full profile and properties
P-0006,/gemstones/pyrite/combinations,/gemstones/pyrite/meaning,sibling,(writer chooses descriptive anchor),proposed,the stone's own associations
P-0006,/gemstones/pyrite/combinations,/gemstones/pyrite/affirmations,sibling,(writer chooses descriptive anchor),proposed,pairing stones with intention
P-0006,/gemstones/pyrite/combinations,/learn/crystal-grids,seed-parent,(writer chooses descriptive anchor),proposed,site-wide guide this stone-specific page specialises
P-0006,/gemstones/pyrite/combinations,/crystals/crystals-for-money,lateral,(writer chooses descriptive anchor),proposed,stone appears in this purpose guide
P-0006,/gemstones/pyrite/combinations,/crystals/crystals-for-confidence,lateral,(writer chooses descriptive anchor),proposed,stone appears in this purpose guide
P-0007,/gemstones/pyrite/affirmations,/gemstones/pyrite,parent,(writer chooses descriptive anchor),proposed,the stone's hub page: full profile and properties
P-0007,/gemstones/pyrite/affirmations,/gemstones/pyrite/meaning,sibling,(writer chooses descriptive anchor),proposed,associations the affirmations draw on
P-0007,/gemstones/pyrite/affirmations,/gemstones/pyrite/combinations,sibling,(writer chooses descriptive anchor),proposed,stones to hold alongside
P-0007,/gemstones/pyrite/affirmations,/learn/how-to-program-crystals,seed-parent,(writer chooses descriptive anchor),proposed,site-wide guide this stone-specific page specialises
P-0007,/gemstones/pyrite/affirmations,/crystals/crystals-for-money,lateral,(writer chooses descriptive anchor),proposed,stone appears in this purpose guide
P-0007,/gemstones/pyrite/affirmations,/crystals/crystals-for-confidence,lateral,(writer chooses descriptive anchor),proposed,stone appears in this purpose guide
P-0008,/gemstones/amethyst/how-to-cleanse,/gemstones/amethyst,parent,(writer chooses descriptive anchor),proposed,the stone's hub page: full profile and properties
P-0008,/gemstones/amethyst/how-to-cleanse,/gemstones/amethyst/can-go-in-water,sibling,(writer chooses descriptive anchor),proposed,whether water cleansing is safe for this stone
P-0008,/gemstones/amethyst/how-to-cleanse,/learn/how-to-cleanse-crystals,seed-parent,(writer chooses descriptive anchor),proposed,site-wide guide this stone-specific page specialises
P-0008,/gemstones/amethyst/how-to-cleanse,/crystals/crystals-for-anxiety,lateral,(writer chooses descriptive anchor),proposed,stone appears in this purpose guide
P-0008,/gemstones/amethyst/how-to-cleanse,/crystals/crystals-for-meditation,lateral,(writer chooses descriptive anchor),proposed,stone appears in this purpose guide
P-0008,/gemstones/amethyst/how-to-cleanse,/learn/how-to-charge-crystals,next-step,(writer chooses descriptive anchor),proposed,charging follows cleansing
P-0009,/gemstones/amethyst/price-guide,/gemstones/amethyst,parent,(writer chooses descriptive anchor),proposed,the stone's hub page: full profile and properties
P-0009,/gemstones/amethyst/price-guide,/gemstones/amethyst/how-to-identify,sibling,(writer chooses descriptive anchor),proposed,avoid paying real-stone prices for imitations
P-0009,/gemstones/amethyst/price-guide,/learn/ethical-crystal-sourcing,seed-parent,(writer chooses descriptive anchor),proposed,site-wide guide this stone-specific page specialises
P-0009,/gemstones/amethyst/price-guide,/crystals/crystals-for-anxiety,lateral,(writer chooses descriptive anchor),proposed,stone appears in this purpose guide
P-0009,/gemstones/amethyst/price-guide,/crystals/crystals-for-meditation,lateral,(writer chooses descriptive anchor),proposed,stone appears in this purpose guide
P-0009,/gemstones/amethyst/price-guide,/learn/mohs-hardness-scale,lateral,(writer chooses descriptive anchor),proposed,durability affects value
P-0010,/gemstones/amethyst/how-to-identify,/gemstones/amethyst,parent,(writer chooses descriptive anchor),proposed,the stone's hub page: full profile and properties
P-0010,/gemstones/amethyst/how-to-identify,/gemstones/amethyst/price-guide,sibling,(writer chooses descriptive anchor),proposed,price is an identification signal
P-0010,/gemstones/amethyst/how-to-identify,/gemstones/amethyst/meaning,sibling,(writer chooses descriptive anchor),proposed,what genuine material looks like
P-0010,/gemstones/amethyst/how-to-identify,/learn/are-online-crystals-real,seed-parent,(writer chooses descriptive anchor),proposed,site-wide guide this stone-specific page specialises
P-0010,/gemstones/amethyst/how-to-identify,/crystals/crystals-for-anxiety,lateral,(writer chooses descriptive anchor),proposed,stone appears in this purpose guide
P-0010,/gemstones/amethyst/how-to-identify,/crystals/crystals-for-meditation,lateral,(writer chooses descriptive anchor),proposed,stone appears in this purpose guide
P-0010,/gemstones/amethyst/how-to-identify,/compare/lab-created-vs-natural-gemstones,lateral,(writer chooses descriptive anchor),proposed,lab-grown vs natural is a distinct question from fake vs real
P-0011,/gemstones/amethyst/combinations,/gemstones/amethyst,parent,(writer chooses descriptive anchor),proposed,the stone's hub page: full profile and properties
P-0011,/gemstones/amethyst/combinations,/gemstones/amethyst/meaning,sibling,(writer chooses descriptive anchor),proposed,the stone's own associations
P-0011,/gemstones/amethyst/combinations,/gemstones/amethyst/affirmations,sibling,(writer chooses descriptive anchor),proposed,pairing stones with intention
P-0011,/gemstones/amethyst/combinations,/learn/crystal-grids,seed-parent,(writer chooses descriptive anchor),proposed,site-wide guide this stone-specific page specialises
P-0011,/gemstones/amethyst/combinations,/crystals/crystals-for-anxiety,lateral,(writer chooses descriptive anchor),proposed,stone appears in this purpose guide
P-0011,/gemstones/amethyst/combinations,/crystals/crystals-for-meditation,lateral,(writer chooses descriptive anchor),proposed,stone appears in this purpose guide
P-0012,/gemstones/amethyst/affirmations,/gemstones/amethyst,parent,(writer chooses descriptive anchor),proposed,the stone's hub page: full profile and properties
P-0012,/gemstones/amethyst/affirmations,/gemstones/amethyst/meaning,sibling,(writer chooses descriptive anchor),proposed,associations the affirmations draw on
P-0012,/gemstones/amethyst/affirmations,/gemstones/amethyst/combinations,sibling,(writer chooses descriptive anchor),proposed,stones to hold alongside
P-0012,/gemstones/amethyst/affirmations,/learn/how-to-program-crystals,seed-parent,(writer chooses descriptive anchor),proposed,site-wide guide this stone-specific page specialises
P-0012,/gemstones/amethyst/affirmations,/crystals/crystals-for-anxiety,lateral,(writer chooses descriptive anchor),proposed,stone appears in this purpose guide
P-0012,/gemstones/amethyst/affirmations,/crystals/crystals-for-meditation,lateral,(writer chooses descriptive anchor),proposed,stone appears in this purpose guide
P-0013,/gemstones/jade/price-guide,/gemstones/jade,parent,(writer chooses descriptive anchor),proposed,the stone's hub page: full profile and properties
P-0013,/gemstones/jade/price-guide,/gemstones/jade/how-to-identify,sibling,(writer chooses descriptive anchor),proposed,avoid paying real-stone prices for imitations
P-0013,/gemstones/jade/price-guide,/learn/ethical-crystal-sourcing,seed-parent,(writer chooses descriptive anchor),proposed,site-wide guide this stone-specific page specialises
P-0013,/gemstones/jade/price-guide,/crystals/crystals-for-money,lateral,(writer chooses descriptive anchor),proposed,stone appears in this purpose guide
P-0013,/gemstones/jade/price-guide,/crystals/crystals-for-protection,lateral,(writer chooses descriptive anchor),proposed,stone appears in this purpose guide
P-0013,/gemstones/jade/price-guide,/learn/mohs-hardness-scale,lateral,(writer chooses descriptive anchor),proposed,durability affects value
P-0014,/gemstones/jade/how-to-identify,/gemstones/jade,parent,(writer chooses descriptive anchor),proposed,the stone's hub page: full profile and properties
P-0014,/gemstones/jade/how-to-identify,/gemstones/jade/price-guide,sibling,(writer chooses descriptive anchor),proposed,price is an identification signal
P-0014,/gemstones/jade/how-to-identify,/gemstones/jade/meaning,sibling,(writer chooses descriptive anchor),proposed,what genuine material looks like
P-0014,/gemstones/jade/how-to-identify,/learn/are-online-crystals-real,seed-parent,(writer chooses descriptive anchor),proposed,site-wide guide this stone-specific page specialises
P-0014,/gemstones/jade/how-to-identify,/crystals/crystals-for-money,lateral,(writer chooses descriptive anchor),proposed,stone appears in this purpose guide
P-0014,/gemstones/jade/how-to-identify,/crystals/crystals-for-protection,lateral,(writer chooses descriptive anchor),proposed,stone appears in this purpose guide
P-0014,/gemstones/jade/how-to-identify,/compare/lab-created-vs-natural-gemstones,lateral,(writer chooses descriptive anchor),proposed,lab-grown vs natural is a distinct question from fake vs real
P-0015,/gemstones/jade/how-to-cleanse,/gemstones/jade,parent,(writer chooses descriptive anchor),proposed,the stone's hub page: full profile and properties
P-0015,/gemstones/jade/how-to-cleanse,/gemstones/jade/can-go-in-water,sibling,(writer chooses descriptive anchor),proposed,whether water cleansing is safe for this stone
P-0015,/gemstones/jade/how-to-cleanse,/learn/how-to-cleanse-crystals,seed-parent,(writer chooses descriptive anchor),proposed,site-wide guide this stone-specific page specialises
P-0015,/gemstones/jade/how-to-cleanse,/crystals/crystals-for-money,lateral,(writer chooses descriptive anchor),proposed,stone appears in this purpose guide
P-0015,/gemstones/jade/how-to-cleanse,/crystals/crystals-for-protection,lateral,(writer chooses descriptive anchor),proposed,stone appears in this purpose guide
P-0015,/gemstones/jade/how-to-cleanse,/learn/how-to-charge-crystals,next-step,(writer chooses descriptive anchor),proposed,charging follows cleansing
P-0016,/gemstones/jade/sleeping-with,/gemstones/jade,parent,(writer chooses descriptive anchor),proposed,the stone's hub page: full profile and properties
P-0016,/gemstones/jade/sleeping-with,/gemstones/jade/who-should-not-wear,sibling,(writer chooses descriptive anchor),proposed,who should avoid night-time use
P-0016,/gemstones/jade/sleeping-with,/gemstones/jade/affirmations,sibling,(writer chooses descriptive anchor),proposed,bedtime affirmation routine
P-0016,/gemstones/jade/sleeping-with,/crystals/crystals-for-sleep,seed-parent,(writer chooses descriptive anchor),proposed,site-wide guide this stone-specific page specialises
P-0016,/gemstones/jade/sleeping-with,/crystals/crystals-for-money,lateral,(writer chooses descriptive anchor),proposed,stone appears in this purpose guide
P-0016,/gemstones/jade/sleeping-with,/crystals/crystals-for-protection,lateral,(writer chooses descriptive anchor),proposed,stone appears in this purpose guide
P-0017,/gemstones/jade/combinations,/gemstones/jade,parent,(writer chooses descriptive anchor),proposed,the stone's hub page: full profile and properties
P-0017,/gemstones/jade/combinations,/gemstones/jade/meaning,sibling,(writer chooses descriptive anchor),proposed,the stone's own associations
P-0017,/gemstones/jade/combinations,/gemstones/jade/affirmations,sibling,(writer chooses descriptive anchor),proposed,pairing stones with intention
P-0017,/gemstones/jade/combinations,/learn/crystal-grids,seed-parent,(writer chooses descriptive anchor),proposed,site-wide guide this stone-specific page specialises
P-0017,/gemstones/jade/combinations,/crystals/crystals-for-money,lateral,(writer chooses descriptive anchor),proposed,stone appears in this purpose guide
P-0017,/gemstones/jade/combinations,/crystals/crystals-for-protection,lateral,(writer chooses descriptive anchor),proposed,stone appears in this purpose guide
P-0018,/gemstones/jade/affirmations,/gemstones/jade,parent,(writer chooses descriptive anchor),proposed,the stone's hub page: full profile and properties
P-0018,/gemstones/jade/affirmations,/gemstones/jade/meaning,sibling,(writer chooses descriptive anchor),proposed,associations the affirmations draw on
P-0018,/gemstones/jade/affirmations,/gemstones/jade/combinations,sibling,(writer chooses descriptive anchor),proposed,stones to hold alongside
P-0018,/gemstones/jade/affirmations,/learn/how-to-program-crystals,seed-parent,(writer chooses descriptive anchor),proposed,site-wide guide this stone-specific page specialises
P-0018,/gemstones/jade/affirmations,/crystals/crystals-for-money,lateral,(writer chooses descriptive anchor),proposed,stone appears in this purpose guide
P-0018,/gemstones/jade/affirmations,/crystals/crystals-for-protection,lateral,(writer chooses descriptive anchor),proposed,stone appears in this purpose guide
P-0019,/gemstones/rose-quartz/how-to-cleanse,/gemstones/rose-quartz,parent,(writer chooses descriptive anchor),proposed,the stone's hub page: full profile and properties
P-0019,/gemstones/rose-quartz/how-to-cleanse,/gemstones/rose-quartz/can-go-in-water,sibling,(writer chooses descriptive anchor),proposed,whether water cleansing is safe for this stone
P-0019,/gemstones/rose-quartz/how-to-cleanse,/learn/how-to-cleanse-crystals,seed-parent,(writer chooses descriptive anchor),proposed,site-wide guide this stone-specific page specialises
P-0019,/gemstones/rose-quartz/how-to-cleanse,/crystals/crystals-for-love,lateral,(writer chooses descriptive anchor),proposed,stone appears in this purpose guide
P-0019,/gemstones/rose-quartz/how-to-cleanse,/crystals/crystals-for-grief,lateral,(writer chooses descriptive anchor),proposed,stone appears in this purpose guide
P-0019,/gemstones/rose-quartz/how-to-cleanse,/learn/how-to-charge-crystals,next-step,(writer chooses descriptive anchor),proposed,charging follows cleansing
P-0020,/gemstones/tiger-eye/how-to-cleanse,/gemstones/tiger-eye,parent,(writer chooses descriptive anchor),proposed,the stone's hub page: full profile and properties
P-0020,/gemstones/tiger-eye/how-to-cleanse,/gemstones/tiger-eye/can-go-in-water,sibling,(writer chooses descriptive anchor),proposed,whether water cleansing is safe for this stone
P-0020,/gemstones/tiger-eye/how-to-cleanse,/learn/how-to-cleanse-crystals,seed-parent,(writer chooses descriptive anchor),proposed,site-wide guide this stone-specific page specialises
P-0020,/gemstones/tiger-eye/how-to-cleanse,/crystals/crystals-for-confidence,lateral,(writer chooses descriptive anchor),proposed,stone appears in this purpose guide
P-0020,/gemstones/tiger-eye/how-to-cleanse,/crystals/crystals-for-confidence,lateral,(writer chooses descriptive anchor),proposed,stone appears in this purpose guide
P-0020,/gemstones/tiger-eye/how-to-cleanse,/learn/how-to-charge-crystals,next-step,(writer chooses descriptive anchor),proposed,charging follows cleansing
P-0021,/gemstones/tiger-eye/how-to-identify,/gemstones/tiger-eye,parent,(writer chooses descriptive anchor),proposed,the stone's hub page: full profile and properties
P-0021,/gemstones/tiger-eye/how-to-identify,/gemstones/tiger-eye/price-guide,sibling,(writer chooses descriptive anchor),proposed,price is an identification signal
P-0021,/gemstones/tiger-eye/how-to-identify,/gemstones/tiger-eye/meaning,sibling,(writer chooses descriptive anchor),proposed,what genuine material looks like
P-0021,/gemstones/tiger-eye/how-to-identify,/learn/are-online-crystals-real,seed-parent,(writer chooses descriptive anchor),proposed,site-wide guide this stone-specific page specialises
P-0021,/gemstones/tiger-eye/how-to-identify,/crystals/crystals-for-confidence,lateral,(writer chooses descriptive anchor),proposed,stone appears in this purpose guide
P-0021,/gemstones/tiger-eye/how-to-identify,/crystals/crystals-for-confidence,lateral,(writer chooses descriptive anchor),proposed,stone appears in this purpose guide
P-0021,/gemstones/tiger-eye/how-to-identify,/compare/lab-created-vs-natural-gemstones,lateral,(writer chooses descriptive anchor),proposed,lab-grown vs natural is a distinct question from fake vs real
P-0022,/gemstones/tiger-eye/price-guide,/gemstones/tiger-eye,parent,(writer chooses descriptive anchor),proposed,the stone's hub page: full profile and properties
P-0022,/gemstones/tiger-eye/price-guide,/gemstones/tiger-eye/how-to-identify,sibling,(writer chooses descriptive anchor),proposed,avoid paying real-stone prices for imitations
P-0022,/gemstones/tiger-eye/price-guide,/learn/ethical-crystal-sourcing,seed-parent,(writer chooses descriptive anchor),proposed,site-wide guide this stone-specific page specialises
P-0022,/gemstones/tiger-eye/price-guide,/crystals/crystals-for-confidence,lateral,(writer chooses descriptive anchor),proposed,stone appears in this purpose guide
P-0022,/gemstones/tiger-eye/price-guide,/crystals/crystals-for-confidence,lateral,(writer chooses descriptive anchor),proposed,stone appears in this purpose guide
P-0022,/gemstones/tiger-eye/price-guide,/learn/mohs-hardness-scale,lateral,(writer chooses descriptive anchor),proposed,durability affects value
P-0023,/gemstones/tiger-eye/combinations,/gemstones/tiger-eye,parent,(writer chooses descriptive anchor),proposed,the stone's hub page: full profile and properties
P-0023,/gemstones/tiger-eye/combinations,/gemstones/tiger-eye/meaning,sibling,(writer chooses descriptive anchor),proposed,the stone's own associations
P-0023,/gemstones/tiger-eye/combinations,/gemstones/tiger-eye/affirmations,sibling,(writer chooses descriptive anchor),proposed,pairing stones with intention
P-0023,/gemstones/tiger-eye/combinations,/learn/crystal-grids,seed-parent,(writer chooses descriptive anchor),proposed,site-wide guide this stone-specific page specialises
P-0023,/gemstones/tiger-eye/combinations,/crystals/crystals-for-confidence,lateral,(writer chooses descriptive anchor),proposed,stone appears in this purpose guide
P-0023,/gemstones/tiger-eye/combinations,/crystals/crystals-for-confidence,lateral,(writer chooses descriptive anchor),proposed,stone appears in this purpose guide
P-0024,/gemstones/tiger-eye/affirmations,/gemstones/tiger-eye,parent,(writer chooses descriptive anchor),proposed,the stone's hub page: full profile and properties
P-0024,/gemstones/tiger-eye/affirmations,/gemstones/tiger-eye/meaning,sibling,(writer chooses descriptive anchor),proposed,associations the affirmations draw on
P-0024,/gemstones/tiger-eye/affirmations,/gemstones/tiger-eye/combinations,sibling,(writer chooses descriptive anchor),proposed,stones to hold alongside
P-0024,/gemstones/tiger-eye/affirmations,/learn/how-to-program-crystals,seed-parent,(writer chooses descriptive anchor),proposed,site-wide guide this stone-specific page specialises
P-0024,/gemstones/tiger-eye/affirmations,/crystals/crystals-for-confidence,lateral,(writer chooses descriptive anchor),proposed,stone appears in this purpose guide
P-0024,/gemstones/tiger-eye/affirmations,/crystals/crystals-for-confidence,lateral,(writer chooses descriptive anchor),proposed,stone appears in this purpose guide
P-0025,/gemstones/rose-quartz/how-to-identify,/gemstones/rose-quartz,parent,(writer chooses descriptive anchor),proposed,the stone's hub page: full profile and properties
P-0025,/gemstones/rose-quartz/how-to-identify,/gemstones/rose-quartz/price-guide,sibling,(writer chooses descriptive anchor),proposed,price is an identification signal
P-0025,/gemstones/rose-quartz/how-to-identify,/gemstones/rose-quartz/meaning,sibling,(writer chooses descriptive anchor),proposed,what genuine material looks like
P-0025,/gemstones/rose-quartz/how-to-identify,/learn/are-online-crystals-real,seed-parent,(writer chooses descriptive anchor),proposed,site-wide guide this stone-specific page specialises
P-0025,/gemstones/rose-quartz/how-to-identify,/crystals/crystals-for-love,lateral,(writer chooses descriptive anchor),proposed,stone appears in this purpose guide
P-0025,/gemstones/rose-quartz/how-to-identify,/crystals/crystals-for-grief,lateral,(writer chooses descriptive anchor),proposed,stone appears in this purpose guide
P-0025,/gemstones/rose-quartz/how-to-identify,/compare/lab-created-vs-natural-gemstones,lateral,(writer chooses descriptive anchor),proposed,lab-grown vs natural is a distinct question from fake vs real
P-0026,/gemstones/rose-quartz/price-guide,/gemstones/rose-quartz,parent,(writer chooses descriptive anchor),proposed,the stone's hub page: full profile and properties
P-0026,/gemstones/rose-quartz/price-guide,/gemstones/rose-quartz/how-to-identify,sibling,(writer chooses descriptive anchor),proposed,avoid paying real-stone prices for imitations
P-0026,/gemstones/rose-quartz/price-guide,/learn/ethical-crystal-sourcing,seed-parent,(writer chooses descriptive anchor),proposed,site-wide guide this stone-specific page specialises
P-0026,/gemstones/rose-quartz/price-guide,/crystals/crystals-for-love,lateral,(writer chooses descriptive anchor),proposed,stone appears in this purpose guide
P-0026,/gemstones/rose-quartz/price-guide,/crystals/crystals-for-grief,lateral,(writer chooses descriptive anchor),proposed,stone appears in this purpose guide
P-0026,/gemstones/rose-quartz/price-guide,/learn/mohs-hardness-scale,lateral,(writer chooses descriptive anchor),proposed,durability affects value
P-0027,/gemstones/rose-quartz/combinations,/gemstones/rose-quartz,parent,(writer chooses descriptive anchor),proposed,the stone's hub page: full profile and properties
P-0027,/gemstones/rose-quartz/combinations,/gemstones/rose-quartz/meaning,sibling,(writer chooses descriptive anchor),proposed,the stone's own associations
P-0027,/gemstones/rose-quartz/combinations,/gemstones/rose-quartz/affirmations,sibling,(writer chooses descriptive anchor),proposed,pairing stones with intention
P-0027,/gemstones/rose-quartz/combinations,/learn/crystal-grids,seed-parent,(writer chooses descriptive anchor),proposed,site-wide guide this stone-specific page specialises
P-0027,/gemstones/rose-quartz/combinations,/crystals/crystals-for-love,lateral,(writer chooses descriptive anchor),proposed,stone appears in this purpose guide
P-0027,/gemstones/rose-quartz/combinations,/crystals/crystals-for-grief,lateral,(writer chooses descriptive anchor),proposed,stone appears in this purpose guide
P-0028,/gemstones/rose-quartz/affirmations,/gemstones/rose-quartz,parent,(writer chooses descriptive anchor),proposed,the stone's hub page: full profile and properties
P-0028,/gemstones/rose-quartz/affirmations,/gemstones/rose-quartz/meaning,sibling,(writer chooses descriptive anchor),proposed,associations the affirmations draw on
P-0028,/gemstones/rose-quartz/affirmations,/gemstones/rose-quartz/combinations,sibling,(writer chooses descriptive anchor),proposed,stones to hold alongside
P-0028,/gemstones/rose-quartz/affirmations,/learn/how-to-program-crystals,seed-parent,(writer chooses descriptive anchor),proposed,site-wide guide this stone-specific page specialises
P-0028,/gemstones/rose-quartz/affirmations,/crystals/crystals-for-love,lateral,(writer chooses descriptive anchor),proposed,stone appears in this purpose guide
P-0028,/gemstones/rose-quartz/affirmations,/crystals/crystals-for-grief,lateral,(writer chooses descriptive anchor),proposed,stone appears in this purpose guide
P-0029,/gemstones/garnet/meaning,/gemstones/garnet,parent,(writer chooses descriptive anchor),proposed,the stone's hub page: full profile and properties
P-0029,/gemstones/garnet/meaning,/gemstones/garnet/combinations,sibling,(writer chooses descriptive anchor),proposed,pairing follows meaning
P-0029,/gemstones/garnet/meaning,/gemstones/garnet/affirmations,sibling,(writer chooses descriptive anchor),proposed,using the stone intentionally
P-0029,/gemstones/garnet/meaning,/gemstones/garnet/who-should-not-wear,sibling,(writer chooses descriptive anchor),proposed,cautions before adopting the stone
P-0029,/gemstones/garnet/meaning,/learn/gemstone-vs-crystal-vs-mineral,seed-parent,(writer chooses descriptive anchor),proposed,site-wide guide this stone-specific page specialises
P-0029,/gemstones/garnet/meaning,/crystals/crystals-for-confidence,lateral,(writer chooses descriptive anchor),proposed,stone appears in this purpose guide
P-0029,/gemstones/garnet/meaning,/crystals/crystals-for-love,lateral,(writer chooses descriptive anchor),proposed,stone appears in this purpose guide
P-0029,/gemstones/garnet/meaning,/gemstones/zodiac/aries,taxonomy,(writer chooses descriptive anchor),proposed,zodiac filter page
P-0030,/gemstones/lava-stone/price-guide,/gemstones/lava-stone,parent,(writer chooses descriptive anchor),proposed,the stone's hub page: full profile and properties
P-0030,/gemstones/lava-stone/price-guide,/gemstones/lava-stone/how-to-identify,sibling,(writer chooses descriptive anchor),proposed,avoid paying real-stone prices for imitations
P-0030,/gemstones/lava-stone/price-guide,/learn/ethical-crystal-sourcing,seed-parent,(writer chooses descriptive anchor),proposed,site-wide guide this stone-specific page specialises
P-0030,/gemstones/lava-stone/price-guide,/crystals/crystals-for-grounding,lateral,(writer chooses descriptive anchor),proposed,stone appears in this purpose guide
P-0030,/gemstones/lava-stone/price-guide,/crystals/crystals-for-confidence,lateral,(writer chooses descriptive anchor),proposed,stone appears in this purpose guide
P-0030,/gemstones/lava-stone/price-guide,/learn/mohs-hardness-scale,lateral,(writer chooses descriptive anchor),proposed,durability affects value
P-0031,/gemstones/lava-stone/how-to-cleanse,/gemstones/lava-stone,parent,(writer chooses descriptive anchor),proposed,the stone's hub page: full profile and properties
P-0031,/gemstones/lava-stone/how-to-cleanse,/gemstones/lava-stone/can-go-in-water,sibling,(writer chooses descriptive anchor),proposed,whether water cleansing is safe for this stone
P-0031,/gemstones/lava-stone/how-to-cleanse,/learn/how-to-cleanse-crystals,seed-parent,(writer chooses descriptive anchor),proposed,site-wide guide this stone-specific page specialises
P-0031,/gemstones/lava-stone/how-to-cleanse,/crystals/crystals-for-grounding,lateral,(writer chooses descriptive anchor),proposed,stone appears in this purpose guide
P-0031,/gemstones/lava-stone/how-to-cleanse,/crystals/crystals-for-confidence,lateral,(writer chooses descriptive anchor),proposed,stone appears in this purpose guide
P-0031,/gemstones/lava-stone/how-to-cleanse,/learn/how-to-charge-crystals,next-step,(writer chooses descriptive anchor),proposed,charging follows cleansing
P-0032,/gemstones/lava-stone/can-go-in-water,/gemstones/lava-stone,parent,(writer chooses descriptive anchor),proposed,the stone's hub page: full profile and properties
P-0032,/gemstones/lava-stone/can-go-in-water,/gemstones/lava-stone/how-to-cleanse,sibling,(writer chooses descriptive anchor),proposed,water is one cleansing method among several
P-0032,/gemstones/lava-stone/can-go-in-water,/learn/what-crystals-can-go-in-water,seed-parent,(writer chooses descriptive anchor),proposed,site-wide guide this stone-specific page specialises
P-0032,/gemstones/lava-stone/can-go-in-water,/crystals/crystals-for-grounding,lateral,(writer chooses descriptive anchor),proposed,stone appears in this purpose guide
P-0032,/gemstones/lava-stone/can-go-in-water,/crystals/crystals-for-confidence,lateral,(writer chooses descriptive anchor),proposed,stone appears in this purpose guide
P-0032,/gemstones/lava-stone/can-go-in-water,/learn/salt-safe-crystals,lateral,(writer chooses descriptive anchor),proposed,salt cleansing is the common follow-up question
P-0032,/gemstones/lava-stone/can-go-in-water,/learn/sun-safe-crystals,lateral,(writer chooses descriptive anchor),proposed,sun charging after washing
P-0033,/gemstones/lava-stone/sleeping-with,/gemstones/lava-stone,parent,(writer chooses descriptive anchor),proposed,the stone's hub page: full profile and properties
P-0033,/gemstones/lava-stone/sleeping-with,/gemstones/lava-stone/who-should-not-wear,sibling,(writer chooses descriptive anchor),proposed,who should avoid night-time use
P-0033,/gemstones/lava-stone/sleeping-with,/gemstones/lava-stone/affirmations,sibling,(writer chooses descriptive anchor),proposed,bedtime affirmation routine
P-0033,/gemstones/lava-stone/sleeping-with,/crystals/crystals-for-sleep,seed-parent,(writer chooses descriptive anchor),proposed,site-wide guide this stone-specific page specialises
P-0033,/gemstones/lava-stone/sleeping-with,/crystals/crystals-for-grounding,lateral,(writer chooses descriptive anchor),proposed,stone appears in this purpose guide
P-0033,/gemstones/lava-stone/sleeping-with,/crystals/crystals-for-confidence,lateral,(writer chooses descriptive anchor),proposed,stone appears in this purpose guide
P-0034,/gemstones/lava-stone/how-to-identify,/gemstones/lava-stone,parent,(writer chooses descriptive anchor),proposed,the stone's hub page: full profile and properties
P-0034,/gemstones/lava-stone/how-to-identify,/gemstones/lava-stone/price-guide,sibling,(writer chooses descriptive anchor),proposed,price is an identification signal
P-0034,/gemstones/lava-stone/how-to-identify,/gemstones/lava-stone/meaning,sibling,(writer chooses descriptive anchor),proposed,what genuine material looks like
P-0034,/gemstones/lava-stone/how-to-identify,/learn/are-online-crystals-real,seed-parent,(writer chooses descriptive anchor),proposed,site-wide guide this stone-specific page specialises
P-0034,/gemstones/lava-stone/how-to-identify,/crystals/crystals-for-grounding,lateral,(writer chooses descriptive anchor),proposed,stone appears in this purpose guide
P-0034,/gemstones/lava-stone/how-to-identify,/crystals/crystals-for-confidence,lateral,(writer chooses descriptive anchor),proposed,stone appears in this purpose guide
P-0034,/gemstones/lava-stone/how-to-identify,/compare/lab-created-vs-natural-gemstones,lateral,(writer chooses descriptive anchor),proposed,lab-grown vs natural is a distinct question from fake vs real
P-0035,/gemstones/lava-stone/combinations,/gemstones/lava-stone,parent,(writer chooses descriptive anchor),proposed,the stone's hub page: full profile and properties
P-0035,/gemstones/lava-stone/combinations,/gemstones/lava-stone/meaning,sibling,(writer chooses descriptive anchor),proposed,the stone's own associations
P-0035,/gemstones/lava-stone/combinations,/gemstones/lava-stone/affirmations,sibling,(writer chooses descriptive anchor),proposed,pairing stones with intention
P-0035,/gemstones/lava-stone/combinations,/learn/crystal-grids,seed-parent,(writer chooses descriptive anchor),proposed,site-wide guide this stone-specific page specialises
P-0035,/gemstones/lava-stone/combinations,/crystals/crystals-for-grounding,lateral,(writer chooses descriptive anchor),proposed,stone appears in this purpose guide
P-0035,/gemstones/lava-stone/combinations,/crystals/crystals-for-confidence,lateral,(writer chooses descriptive anchor),proposed,stone appears in this purpose guide
P-0036,/gemstones/lava-stone/affirmations,/gemstones/lava-stone,parent,(writer chooses descriptive anchor),proposed,the stone's hub page: full profile and properties
P-0036,/gemstones/lava-stone/affirmations,/gemstones/lava-stone/meaning,sibling,(writer chooses descriptive anchor),proposed,associations the affirmations draw on
P-0036,/gemstones/lava-stone/affirmations,/gemstones/lava-stone/combinations,sibling,(writer chooses descriptive anchor),proposed,stones to hold alongside
P-0036,/gemstones/lava-stone/affirmations,/learn/how-to-program-crystals,seed-parent,(writer chooses descriptive anchor),proposed,site-wide guide this stone-specific page specialises
P-0036,/gemstones/lava-stone/affirmations,/crystals/crystals-for-grounding,lateral,(writer chooses descriptive anchor),proposed,stone appears in this purpose guide
P-0036,/gemstones/lava-stone/affirmations,/crystals/crystals-for-confidence,lateral,(writer chooses descriptive anchor),proposed,stone appears in this purpose guide
P-0037,/gemstones/lapis-lazuli/meaning,/gemstones/lapis-lazuli,parent,(writer chooses descriptive anchor),proposed,the stone's hub page: full profile and properties
P-0037,/gemstones/lapis-lazuli/meaning,/gemstones/lapis-lazuli/combinations,sibling,(writer chooses descriptive anchor),proposed,pairing follows meaning
P-0037,/gemstones/lapis-lazuli/meaning,/gemstones/lapis-lazuli/affirmations,sibling,(writer chooses descriptive anchor),proposed,using the stone intentionally
P-0037,/gemstones/lapis-lazuli/meaning,/gemstones/lapis-lazuli/who-should-not-wear,sibling,(writer chooses descriptive anchor),proposed,cautions before adopting the stone
P-0037,/gemstones/lapis-lazuli/meaning,/learn/gemstone-vs-crystal-vs-mineral,seed-parent,(writer chooses descriptive anchor),proposed,site-wide guide this stone-specific page specialises
P-0037,/gemstones/lapis-lazuli/meaning,/crystals/crystals-for-connection,lateral,(writer chooses descriptive anchor),proposed,stone appears in this purpose guide
P-0037,/gemstones/lapis-lazuli/meaning,/crystals/crystals-for-meditation,lateral,(writer chooses descriptive anchor),proposed,stone appears in this purpose guide
P-0037,/gemstones/lapis-lazuli/meaning,/gemstones/zodiac/sagittarius,taxonomy,(writer chooses descriptive anchor),proposed,zodiac filter page
P-0038,/gemstones/lapis-lazuli/how-to-cleanse,/gemstones/lapis-lazuli,parent,(writer chooses descriptive anchor),proposed,the stone's hub page: full profile and properties
P-0038,/gemstones/lapis-lazuli/how-to-cleanse,/gemstones/lapis-lazuli/can-go-in-water,sibling,(writer chooses descriptive anchor),proposed,whether water cleansing is safe for this stone
P-0038,/gemstones/lapis-lazuli/how-to-cleanse,/learn/how-to-cleanse-crystals,seed-parent,(writer chooses descriptive anchor),proposed,site-wide guide this stone-specific page specialises
P-0038,/gemstones/lapis-lazuli/how-to-cleanse,/crystals/crystals-for-connection,lateral,(writer chooses descriptive anchor),proposed,stone appears in this purpose guide
P-0038,/gemstones/lapis-lazuli/how-to-cleanse,/crystals/crystals-for-meditation,lateral,(writer chooses descriptive anchor),proposed,stone appears in this purpose guide
P-0038,/gemstones/lapis-lazuli/how-to-cleanse,/learn/how-to-charge-crystals,next-step,(writer chooses descriptive anchor),proposed,charging follows cleansing
P-0039,/gemstones/lapis-lazuli/sleeping-with,/gemstones/lapis-lazuli,parent,(writer chooses descriptive anchor),proposed,the stone's hub page: full profile and properties
P-0039,/gemstones/lapis-lazuli/sleeping-with,/gemstones/lapis-lazuli/who-should-not-wear,sibling,(writer chooses descriptive anchor),proposed,who should avoid night-time use
P-0039,/gemstones/lapis-lazuli/sleeping-with,/gemstones/lapis-lazuli/affirmations,sibling,(writer chooses descriptive anchor),proposed,bedtime affirmation routine
P-0039,/gemstones/lapis-lazuli/sleeping-with,/crystals/crystals-for-sleep,seed-parent,(writer chooses descriptive anchor),proposed,site-wide guide this stone-specific page specialises
P-0039,/gemstones/lapis-lazuli/sleeping-with,/crystals/crystals-for-connection,lateral,(writer chooses descriptive anchor),proposed,stone appears in this purpose guide
P-0039,/gemstones/lapis-lazuli/sleeping-with,/crystals/crystals-for-meditation,lateral,(writer chooses descriptive anchor),proposed,stone appears in this purpose guide
P-0040,/gemstones/lapis-lazuli/how-to-identify,/gemstones/lapis-lazuli,parent,(writer chooses descriptive anchor),proposed,the stone's hub page: full profile and properties
P-0040,/gemstones/lapis-lazuli/how-to-identify,/gemstones/lapis-lazuli/price-guide,sibling,(writer chooses descriptive anchor),proposed,price is an identification signal
P-0040,/gemstones/lapis-lazuli/how-to-identify,/gemstones/lapis-lazuli/meaning,sibling,(writer chooses descriptive anchor),proposed,what genuine material looks like
P-0040,/gemstones/lapis-lazuli/how-to-identify,/learn/are-online-crystals-real,seed-parent,(writer chooses descriptive anchor),proposed,site-wide guide this stone-specific page specialises
P-0040,/gemstones/lapis-lazuli/how-to-identify,/crystals/crystals-for-connection,lateral,(writer chooses descriptive anchor),proposed,stone appears in this purpose guide
P-0040,/gemstones/lapis-lazuli/how-to-identify,/crystals/crystals-for-meditation,lateral,(writer chooses descriptive anchor),proposed,stone appears in this purpose guide
P-0040,/gemstones/lapis-lazuli/how-to-identify,/compare/lab-created-vs-natural-gemstones,lateral,(writer chooses descriptive anchor),proposed,lab-grown vs natural is a distinct question from fake vs real
P-0041,/gemstones/lapis-lazuli/price-guide,/gemstones/lapis-lazuli,parent,(writer chooses descriptive anchor),proposed,the stone's hub page: full profile and properties
P-0041,/gemstones/lapis-lazuli/price-guide,/gemstones/lapis-lazuli/how-to-identify,sibling,(writer chooses descriptive anchor),proposed,avoid paying real-stone prices for imitations
P-0041,/gemstones/lapis-lazuli/price-guide,/learn/ethical-crystal-sourcing,seed-parent,(writer chooses descriptive anchor),proposed,site-wide guide this stone-specific page specialises
P-0041,/gemstones/lapis-lazuli/price-guide,/crystals/crystals-for-connection,lateral,(writer chooses descriptive anchor),proposed,stone appears in this purpose guide
P-0041,/gemstones/lapis-lazuli/price-guide,/crystals/crystals-for-meditation,lateral,(writer chooses descriptive anchor),proposed,stone appears in this purpose guide
P-0041,/gemstones/lapis-lazuli/price-guide,/learn/mohs-hardness-scale,lateral,(writer chooses descriptive anchor),proposed,durability affects value
P-0042,/gemstones/lapis-lazuli/combinations,/gemstones/lapis-lazuli,parent,(writer chooses descriptive anchor),proposed,the stone's hub page: full profile and properties
P-0042,/gemstones/lapis-lazuli/combinations,/gemstones/lapis-lazuli/meaning,sibling,(writer chooses descriptive anchor),proposed,the stone's own associations
P-0042,/gemstones/lapis-lazuli/combinations,/gemstones/lapis-lazuli/affirmations,sibling,(writer chooses descriptive anchor),proposed,pairing stones with intention
P-0042,/gemstones/lapis-lazuli/combinations,/learn/crystal-grids,seed-parent,(writer chooses descriptive anchor),proposed,site-wide guide this stone-specific page specialises
P-0042,/gemstones/lapis-lazuli/combinations,/crystals/crystals-for-connection,lateral,(writer chooses descriptive anchor),proposed,stone appears in this purpose guide
P-0042,/gemstones/lapis-lazuli/combinations,/crystals/crystals-for-meditation,lateral,(writer chooses descriptive anchor),proposed,stone appears in this purpose guide
P-0043,/gemstones/lapis-lazuli/affirmations,/gemstones/lapis-lazuli,parent,(writer chooses descriptive anchor),proposed,the stone's hub page: full profile and properties
P-0043,/gemstones/lapis-lazuli/affirmations,/gemstones/lapis-lazuli/meaning,sibling,(writer chooses descriptive anchor),proposed,associations the affirmations draw on
P-0043,/gemstones/lapis-lazuli/affirmations,/gemstones/lapis-lazuli/combinations,sibling,(writer chooses descriptive anchor),proposed,stones to hold alongside
P-0043,/gemstones/lapis-lazuli/affirmations,/learn/how-to-program-crystals,seed-parent,(writer chooses descriptive anchor),proposed,site-wide guide this stone-specific page specialises
P-0043,/gemstones/lapis-lazuli/affirmations,/crystals/crystals-for-connection,lateral,(writer chooses descriptive anchor),proposed,stone appears in this purpose guide
P-0043,/gemstones/lapis-lazuli/affirmations,/crystals/crystals-for-meditation,lateral,(writer chooses descriptive anchor),proposed,stone appears in this purpose guide
P-0044,/gemstones/black-tourmaline/who-should-not-wear,/gemstones/black-tourmaline,parent,(writer chooses descriptive anchor),proposed,the stone's hub page: full profile and properties
P-0044,/gemstones/black-tourmaline/who-should-not-wear,/gemstones/black-tourmaline/meaning,sibling,(writer chooses descriptive anchor),proposed,what the stone is traditionally for
P-0044,/gemstones/black-tourmaline/who-should-not-wear,/gemstones/black-tourmaline/sleeping-with,sibling,(writer chooses descriptive anchor),proposed,night-time use cautions
P-0044,/gemstones/black-tourmaline/who-should-not-wear,/learn/crystal-healing-science,seed-parent,(writer chooses descriptive anchor),proposed,site-wide guide this stone-specific page specialises
P-0044,/gemstones/black-tourmaline/who-should-not-wear,/crystals/crystals-for-protection,lateral,(writer chooses descriptive anchor),proposed,stone appears in this purpose guide
P-0044,/gemstones/black-tourmaline/who-should-not-wear,/crystals/crystals-for-grounding,lateral,(writer chooses descriptive anchor),proposed,stone appears in this purpose guide
P-0045,/gemstones/black-onyx/how-to-cleanse,/gemstones/black-onyx,parent,(writer chooses descriptive anchor),proposed,the stone's hub page: full profile and properties
P-0045,/gemstones/black-onyx/how-to-cleanse,/gemstones/black-onyx/can-go-in-water,sibling,(writer chooses descriptive anchor),proposed,whether water cleansing is safe for this stone
P-0045,/gemstones/black-onyx/how-to-cleanse,/learn/how-to-cleanse-crystals,seed-parent,(writer chooses descriptive anchor),proposed,site-wide guide this stone-specific page specialises
P-0045,/gemstones/black-onyx/how-to-cleanse,/crystals/crystals-for-protection,lateral,(writer chooses descriptive anchor),proposed,stone appears in this purpose guide
P-0045,/gemstones/black-onyx/how-to-cleanse,/crystals/crystals-for-grounding,lateral,(writer chooses descriptive anchor),proposed,stone appears in this purpose guide
P-0045,/gemstones/black-onyx/how-to-cleanse,/learn/how-to-charge-crystals,next-step,(writer chooses descriptive anchor),proposed,charging follows cleansing
P-0046,/gemstones/peridot/meaning,/gemstones/peridot,parent,(writer chooses descriptive anchor),proposed,the stone's hub page: full profile and properties
P-0046,/gemstones/peridot/meaning,/gemstones/peridot/combinations,sibling,(writer chooses descriptive anchor),proposed,pairing follows meaning
P-0046,/gemstones/peridot/meaning,/gemstones/peridot/affirmations,sibling,(writer chooses descriptive anchor),proposed,using the stone intentionally
P-0046,/gemstones/peridot/meaning,/gemstones/peridot/who-should-not-wear,sibling,(writer chooses descriptive anchor),proposed,cautions before adopting the stone
P-0046,/gemstones/peridot/meaning,/learn/gemstone-vs-crystal-vs-mineral,seed-parent,(writer chooses descriptive anchor),proposed,site-wide guide this stone-specific page specialises
P-0046,/gemstones/peridot/meaning,/crystals/crystals-for-healing,lateral,(writer chooses descriptive anchor),proposed,stone appears in this purpose guide
P-0046,/gemstones/peridot/meaning,/crystals/crystals-for-grief,lateral,(writer chooses descriptive anchor),proposed,stone appears in this purpose guide
P-0046,/gemstones/peridot/meaning,/gemstones/zodiac/leo,taxonomy,(writer chooses descriptive anchor),proposed,zodiac filter page
P-0047,/gemstones/garnet/how-to-cleanse,/gemstones/garnet,parent,(writer chooses descriptive anchor),proposed,the stone's hub page: full profile and properties
P-0047,/gemstones/garnet/how-to-cleanse,/gemstones/garnet/can-go-in-water,sibling,(writer chooses descriptive anchor),proposed,whether water cleansing is safe for this stone
P-0047,/gemstones/garnet/how-to-cleanse,/learn/how-to-cleanse-crystals,seed-parent,(writer chooses descriptive anchor),proposed,site-wide guide this stone-specific page specialises
P-0047,/gemstones/garnet/how-to-cleanse,/crystals/crystals-for-confidence,lateral,(writer chooses descriptive anchor),proposed,stone appears in this purpose guide
P-0047,/gemstones/garnet/how-to-cleanse,/crystals/crystals-for-love,lateral,(writer chooses descriptive anchor),proposed,stone appears in this purpose guide
P-0047,/gemstones/garnet/how-to-cleanse,/learn/how-to-charge-crystals,next-step,(writer chooses descriptive anchor),proposed,charging follows cleansing
P-0048,/gemstones/garnet/sleeping-with,/gemstones/garnet,parent,(writer chooses descriptive anchor),proposed,the stone's hub page: full profile and properties
P-0048,/gemstones/garnet/sleeping-with,/gemstones/garnet/who-should-not-wear,sibling,(writer chooses descriptive anchor),proposed,who should avoid night-time use
P-0048,/gemstones/garnet/sleeping-with,/gemstones/garnet/affirmations,sibling,(writer chooses descriptive anchor),proposed,bedtime affirmation routine
P-0048,/gemstones/garnet/sleeping-with,/crystals/crystals-for-sleep,seed-parent,(writer chooses descriptive anchor),proposed,site-wide guide this stone-specific page specialises
P-0048,/gemstones/garnet/sleeping-with,/crystals/crystals-for-confidence,lateral,(writer chooses descriptive anchor),proposed,stone appears in this purpose guide
P-0048,/gemstones/garnet/sleeping-with,/crystals/crystals-for-love,lateral,(writer chooses descriptive anchor),proposed,stone appears in this purpose guide
P-0049,/gemstones/garnet/how-to-identify,/gemstones/garnet,parent,(writer chooses descriptive anchor),proposed,the stone's hub page: full profile and properties
P-0049,/gemstones/garnet/how-to-identify,/gemstones/garnet/price-guide,sibling,(writer chooses descriptive anchor),proposed,price is an identification signal
P-0049,/gemstones/garnet/how-to-identify,/gemstones/garnet/meaning,sibling,(writer chooses descriptive anchor),proposed,what genuine material looks like
P-0049,/gemstones/garnet/how-to-identify,/learn/are-online-crystals-real,seed-parent,(writer chooses descriptive anchor),proposed,site-wide guide this stone-specific page specialises
P-0049,/gemstones/garnet/how-to-identify,/crystals/crystals-for-confidence,lateral,(writer chooses descriptive anchor),proposed,stone appears in this purpose guide
P-0049,/gemstones/garnet/how-to-identify,/crystals/crystals-for-love,lateral,(writer chooses descriptive anchor),proposed,stone appears in this purpose guide
P-0049,/gemstones/garnet/how-to-identify,/compare/lab-created-vs-natural-gemstones,lateral,(writer chooses descriptive anchor),proposed,lab-grown vs natural is a distinct question from fake vs real
P-0050,/gemstones/garnet/price-guide,/gemstones/garnet,parent,(writer chooses descriptive anchor),proposed,the stone's hub page: full profile and properties
P-0050,/gemstones/garnet/price-guide,/gemstones/garnet/how-to-identify,sibling,(writer chooses descriptive anchor),proposed,avoid paying real-stone prices for imitations
P-0050,/gemstones/garnet/price-guide,/learn/ethical-crystal-sourcing,seed-parent,(writer chooses descriptive anchor),proposed,site-wide guide this stone-specific page specialises
P-0050,/gemstones/garnet/price-guide,/crystals/crystals-for-confidence,lateral,(writer chooses descriptive anchor),proposed,stone appears in this purpose guide
P-0050,/gemstones/garnet/price-guide,/crystals/crystals-for-love,lateral,(writer chooses descriptive anchor),proposed,stone appears in this purpose guide
P-0050,/gemstones/garnet/price-guide,/learn/mohs-hardness-scale,lateral,(writer chooses descriptive anchor),proposed,durability affects value
P-0051,/gemstones/garnet/combinations,/gemstones/garnet,parent,(writer chooses descriptive anchor),proposed,the stone's hub page: full profile and properties
P-0051,/gemstones/garnet/combinations,/gemstones/garnet/meaning,sibling,(writer chooses descriptive anchor),proposed,the stone's own associations
P-0051,/gemstones/garnet/combinations,/gemstones/garnet/affirmations,sibling,(writer chooses descriptive anchor),proposed,pairing stones with intention
P-0051,/gemstones/garnet/combinations,/learn/crystal-grids,seed-parent,(writer chooses descriptive anchor),proposed,site-wide guide this stone-specific page specialises
P-0051,/gemstones/garnet/combinations,/crystals/crystals-for-confidence,lateral,(writer chooses descriptive anchor),proposed,stone appears in this purpose guide
P-0051,/gemstones/garnet/combinations,/crystals/crystals-for-love,lateral,(writer chooses descriptive anchor),proposed,stone appears in this purpose guide
P-0052,/gemstones/garnet/affirmations,/gemstones/garnet,parent,(writer chooses descriptive anchor),proposed,the stone's hub page: full profile and properties
P-0052,/gemstones/garnet/affirmations,/gemstones/garnet/meaning,sibling,(writer chooses descriptive anchor),proposed,associations the affirmations draw on
P-0052,/gemstones/garnet/affirmations,/gemstones/garnet/combinations,sibling,(writer chooses descriptive anchor),proposed,stones to hold alongside
P-0052,/gemstones/garnet/affirmations,/learn/how-to-program-crystals,seed-parent,(writer chooses descriptive anchor),proposed,site-wide guide this stone-specific page specialises
P-0052,/gemstones/garnet/affirmations,/crystals/crystals-for-confidence,lateral,(writer chooses descriptive anchor),proposed,stone appears in this purpose guide
P-0052,/gemstones/garnet/affirmations,/crystals/crystals-for-love,lateral,(writer chooses descriptive anchor),proposed,stone appears in this purpose guide
P-0053,/gemstones/black-onyx/sleeping-with,/gemstones/black-onyx,parent,(writer chooses descriptive anchor),proposed,the stone's hub page: full profile and properties
P-0053,/gemstones/black-onyx/sleeping-with,/gemstones/black-onyx/who-should-not-wear,sibling,(writer chooses descriptive anchor),proposed,who should avoid night-time use
P-0053,/gemstones/black-onyx/sleeping-with,/gemstones/black-onyx/affirmations,sibling,(writer chooses descriptive anchor),proposed,bedtime affirmation routine
P-0053,/gemstones/black-onyx/sleeping-with,/crystals/crystals-for-sleep,seed-parent,(writer chooses descriptive anchor),proposed,site-wide guide this stone-specific page specialises
P-0053,/gemstones/black-onyx/sleeping-with,/crystals/crystals-for-protection,lateral,(writer chooses descriptive anchor),proposed,stone appears in this purpose guide
P-0053,/gemstones/black-onyx/sleeping-with,/crystals/crystals-for-grounding,lateral,(writer chooses descriptive anchor),proposed,stone appears in this purpose guide
P-0054,/gemstones/black-onyx/how-to-identify,/gemstones/black-onyx,parent,(writer chooses descriptive anchor),proposed,the stone's hub page: full profile and properties
P-0054,/gemstones/black-onyx/how-to-identify,/gemstones/black-onyx/price-guide,sibling,(writer chooses descriptive anchor),proposed,price is an identification signal
P-0054,/gemstones/black-onyx/how-to-identify,/gemstones/black-onyx/meaning,sibling,(writer chooses descriptive anchor),proposed,what genuine material looks like
P-0054,/gemstones/black-onyx/how-to-identify,/learn/are-online-crystals-real,seed-parent,(writer chooses descriptive anchor),proposed,site-wide guide this stone-specific page specialises
P-0054,/gemstones/black-onyx/how-to-identify,/crystals/crystals-for-protection,lateral,(writer chooses descriptive anchor),proposed,stone appears in this purpose guide
P-0054,/gemstones/black-onyx/how-to-identify,/crystals/crystals-for-grounding,lateral,(writer chooses descriptive anchor),proposed,stone appears in this purpose guide
P-0054,/gemstones/black-onyx/how-to-identify,/compare/lab-created-vs-natural-gemstones,lateral,(writer chooses descriptive anchor),proposed,lab-grown vs natural is a distinct question from fake vs real
P-0055,/gemstones/black-onyx/price-guide,/gemstones/black-onyx,parent,(writer chooses descriptive anchor),proposed,the stone's hub page: full profile and properties
P-0055,/gemstones/black-onyx/price-guide,/gemstones/black-onyx/how-to-identify,sibling,(writer chooses descriptive anchor),proposed,avoid paying real-stone prices for imitations
P-0055,/gemstones/black-onyx/price-guide,/learn/ethical-crystal-sourcing,seed-parent,(writer chooses descriptive anchor),proposed,site-wide guide this stone-specific page specialises
P-0055,/gemstones/black-onyx/price-guide,/crystals/crystals-for-protection,lateral,(writer chooses descriptive anchor),proposed,stone appears in this purpose guide
P-0055,/gemstones/black-onyx/price-guide,/crystals/crystals-for-grounding,lateral,(writer chooses descriptive anchor),proposed,stone appears in this purpose guide
P-0055,/gemstones/black-onyx/price-guide,/learn/mohs-hardness-scale,lateral,(writer chooses descriptive anchor),proposed,durability affects value
P-0056,/gemstones/black-onyx/combinations,/gemstones/black-onyx,parent,(writer chooses descriptive anchor),proposed,the stone's hub page: full profile and properties
P-0056,/gemstones/black-onyx/combinations,/gemstones/black-onyx/meaning,sibling,(writer chooses descriptive anchor),proposed,the stone's own associations
P-0056,/gemstones/black-onyx/combinations,/gemstones/black-onyx/affirmations,sibling,(writer chooses descriptive anchor),proposed,pairing stones with intention
P-0056,/gemstones/black-onyx/combinations,/learn/crystal-grids,seed-parent,(writer chooses descriptive anchor),proposed,site-wide guide this stone-specific page specialises
P-0056,/gemstones/black-onyx/combinations,/crystals/crystals-for-protection,lateral,(writer chooses descriptive anchor),proposed,stone appears in this purpose guide
P-0056,/gemstones/black-onyx/combinations,/crystals/crystals-for-grounding,lateral,(writer chooses descriptive anchor),proposed,stone appears in this purpose guide
P-0057,/gemstones/black-onyx/affirmations,/gemstones/black-onyx,parent,(writer chooses descriptive anchor),proposed,the stone's hub page: full profile and properties
P-0057,/gemstones/black-onyx/affirmations,/gemstones/black-onyx/meaning,sibling,(writer chooses descriptive anchor),proposed,associations the affirmations draw on
P-0057,/gemstones/black-onyx/affirmations,/gemstones/black-onyx/combinations,sibling,(writer chooses descriptive anchor),proposed,stones to hold alongside
P-0057,/gemstones/black-onyx/affirmations,/learn/how-to-program-crystals,seed-parent,(writer chooses descriptive anchor),proposed,site-wide guide this stone-specific page specialises
P-0057,/gemstones/black-onyx/affirmations,/crystals/crystals-for-protection,lateral,(writer chooses descriptive anchor),proposed,stone appears in this purpose guide
P-0057,/gemstones/black-onyx/affirmations,/crystals/crystals-for-grounding,lateral,(writer chooses descriptive anchor),proposed,stone appears in this purpose guide
P-0058,/gemstones/aquamarine/meaning,/gemstones/aquamarine,parent,(writer chooses descriptive anchor),proposed,the stone's hub page: full profile and properties
P-0058,/gemstones/aquamarine/meaning,/gemstones/aquamarine/combinations,sibling,(writer chooses descriptive anchor),proposed,pairing follows meaning
P-0058,/gemstones/aquamarine/meaning,/gemstones/aquamarine/affirmations,sibling,(writer chooses descriptive anchor),proposed,using the stone intentionally
P-0058,/gemstones/aquamarine/meaning,/gemstones/aquamarine/who-should-not-wear,sibling,(writer chooses descriptive anchor),proposed,cautions before adopting the stone
P-0058,/gemstones/aquamarine/meaning,/learn/gemstone-vs-crystal-vs-mineral,seed-parent,(writer chooses descriptive anchor),proposed,site-wide guide this stone-specific page specialises
P-0058,/gemstones/aquamarine/meaning,/crystals/crystals-for-anxiety,lateral,(writer chooses descriptive anchor),proposed,stone appears in this purpose guide
P-0058,/gemstones/aquamarine/meaning,/crystals/crystals-for-connection,lateral,(writer chooses descriptive anchor),proposed,stone appears in this purpose guide
P-0058,/gemstones/aquamarine/meaning,/gemstones/zodiac/pisces,taxonomy,(writer chooses descriptive anchor),proposed,zodiac filter page
P-0059,/gemstones/aquamarine/how-to-cleanse,/gemstones/aquamarine,parent,(writer chooses descriptive anchor),proposed,the stone's hub page: full profile and properties
P-0059,/gemstones/aquamarine/how-to-cleanse,/gemstones/aquamarine/can-go-in-water,sibling,(writer chooses descriptive anchor),proposed,whether water cleansing is safe for this stone
P-0059,/gemstones/aquamarine/how-to-cleanse,/learn/how-to-cleanse-crystals,seed-parent,(writer chooses descriptive anchor),proposed,site-wide guide this stone-specific page specialises
P-0059,/gemstones/aquamarine/how-to-cleanse,/crystals/crystals-for-anxiety,lateral,(writer chooses descriptive anchor),proposed,stone appears in this purpose guide
P-0059,/gemstones/aquamarine/how-to-cleanse,/crystals/crystals-for-connection,lateral,(writer chooses descriptive anchor),proposed,stone appears in this purpose guide
P-0059,/gemstones/aquamarine/how-to-cleanse,/learn/how-to-charge-crystals,next-step,(writer chooses descriptive anchor),proposed,charging follows cleansing
P-0060,/gemstones/aquamarine/sleeping-with,/gemstones/aquamarine,parent,(writer chooses descriptive anchor),proposed,the stone's hub page: full profile and properties
P-0060,/gemstones/aquamarine/sleeping-with,/gemstones/aquamarine/who-should-not-wear,sibling,(writer chooses descriptive anchor),proposed,who should avoid night-time use
P-0060,/gemstones/aquamarine/sleeping-with,/gemstones/aquamarine/affirmations,sibling,(writer chooses descriptive anchor),proposed,bedtime affirmation routine
P-0060,/gemstones/aquamarine/sleeping-with,/crystals/crystals-for-sleep,seed-parent,(writer chooses descriptive anchor),proposed,site-wide guide this stone-specific page specialises
P-0060,/gemstones/aquamarine/sleeping-with,/crystals/crystals-for-anxiety,lateral,(writer chooses descriptive anchor),proposed,stone appears in this purpose guide
P-0060,/gemstones/aquamarine/sleeping-with,/crystals/crystals-for-connection,lateral,(writer chooses descriptive anchor),proposed,stone appears in this purpose guide
P-0061,/gemstones/aquamarine/how-to-identify,/gemstones/aquamarine,parent,(writer chooses descriptive anchor),proposed,the stone's hub page: full profile and properties
P-0061,/gemstones/aquamarine/how-to-identify,/gemstones/aquamarine/price-guide,sibling,(writer chooses descriptive anchor),proposed,price is an identification signal
P-0061,/gemstones/aquamarine/how-to-identify,/gemstones/aquamarine/meaning,sibling,(writer chooses descriptive anchor),proposed,what genuine material looks like
P-0061,/gemstones/aquamarine/how-to-identify,/learn/are-online-crystals-real,seed-parent,(writer chooses descriptive anchor),proposed,site-wide guide this stone-specific page specialises
P-0061,/gemstones/aquamarine/how-to-identify,/crystals/crystals-for-anxiety,lateral,(writer chooses descriptive anchor),proposed,stone appears in this purpose guide
P-0061,/gemstones/aquamarine/how-to-identify,/crystals/crystals-for-connection,lateral,(writer chooses descriptive anchor),proposed,stone appears in this purpose guide
P-0061,/gemstones/aquamarine/how-to-identify,/compare/lab-created-vs-natural-gemstones,lateral,(writer chooses descriptive anchor),proposed,lab-grown vs natural is a distinct question from fake vs real
P-0062,/gemstones/aquamarine/price-guide,/gemstones/aquamarine,parent,(writer chooses descriptive anchor),proposed,the stone's hub page: full profile and properties
P-0062,/gemstones/aquamarine/price-guide,/gemstones/aquamarine/how-to-identify,sibling,(writer chooses descriptive anchor),proposed,avoid paying real-stone prices for imitations
P-0062,/gemstones/aquamarine/price-guide,/learn/ethical-crystal-sourcing,seed-parent,(writer chooses descriptive anchor),proposed,site-wide guide this stone-specific page specialises
P-0062,/gemstones/aquamarine/price-guide,/crystals/crystals-for-anxiety,lateral,(writer chooses descriptive anchor),proposed,stone appears in this purpose guide
P-0062,/gemstones/aquamarine/price-guide,/crystals/crystals-for-connection,lateral,(writer chooses descriptive anchor),proposed,stone appears in this purpose guide
P-0062,/gemstones/aquamarine/price-guide,/learn/mohs-hardness-scale,lateral,(writer chooses descriptive anchor),proposed,durability affects value
P-0063,/gemstones/aquamarine/combinations,/gemstones/aquamarine,parent,(writer chooses descriptive anchor),proposed,the stone's hub page: full profile and properties
P-0063,/gemstones/aquamarine/combinations,/gemstones/aquamarine/meaning,sibling,(writer chooses descriptive anchor),proposed,the stone's own associations
P-0063,/gemstones/aquamarine/combinations,/gemstones/aquamarine/affirmations,sibling,(writer chooses descriptive anchor),proposed,pairing stones with intention
P-0063,/gemstones/aquamarine/combinations,/learn/crystal-grids,seed-parent,(writer chooses descriptive anchor),proposed,site-wide guide this stone-specific page specialises
P-0063,/gemstones/aquamarine/combinations,/crystals/crystals-for-anxiety,lateral,(writer chooses descriptive anchor),proposed,stone appears in this purpose guide
P-0063,/gemstones/aquamarine/combinations,/crystals/crystals-for-connection,lateral,(writer chooses descriptive anchor),proposed,stone appears in this purpose guide
P-0064,/gemstones/aquamarine/affirmations,/gemstones/aquamarine,parent,(writer chooses descriptive anchor),proposed,the stone's hub page: full profile and properties
P-0064,/gemstones/aquamarine/affirmations,/gemstones/aquamarine/meaning,sibling,(writer chooses descriptive anchor),proposed,associations the affirmations draw on
P-0064,/gemstones/aquamarine/affirmations,/gemstones/aquamarine/combinations,sibling,(writer chooses descriptive anchor),proposed,stones to hold alongside
P-0064,/gemstones/aquamarine/affirmations,/learn/how-to-program-crystals,seed-parent,(writer chooses descriptive anchor),proposed,site-wide guide this stone-specific page specialises
P-0064,/gemstones/aquamarine/affirmations,/crystals/crystals-for-anxiety,lateral,(writer chooses descriptive anchor),proposed,stone appears in this purpose guide
P-0064,/gemstones/aquamarine/affirmations,/crystals/crystals-for-connection,lateral,(writer chooses descriptive anchor),proposed,stone appears in this purpose guide
P-0065,/gemstones/black-tourmaline/how-to-cleanse,/gemstones/black-tourmaline,parent,(writer chooses descriptive anchor),proposed,the stone's hub page: full profile and properties
P-0065,/gemstones/black-tourmaline/how-to-cleanse,/gemstones/black-tourmaline/can-go-in-water,sibling,(writer chooses descriptive anchor),proposed,whether water cleansing is safe for this stone
P-0065,/gemstones/black-tourmaline/how-to-cleanse,/learn/how-to-cleanse-crystals,seed-parent,(writer chooses descriptive anchor),proposed,site-wide guide this stone-specific page specialises
P-0065,/gemstones/black-tourmaline/how-to-cleanse,/crystals/crystals-for-protection,lateral,(writer chooses descriptive anchor),proposed,stone appears in this purpose guide
P-0065,/gemstones/black-tourmaline/how-to-cleanse,/crystals/crystals-for-grounding,lateral,(writer chooses descriptive anchor),proposed,stone appears in this purpose guide
P-0065,/gemstones/black-tourmaline/how-to-cleanse,/learn/how-to-charge-crystals,next-step,(writer chooses descriptive anchor),proposed,charging follows cleansing
P-0066,/gemstones/black-tourmaline/how-to-identify,/gemstones/black-tourmaline,parent,(writer chooses descriptive anchor),proposed,the stone's hub page: full profile and properties
P-0066,/gemstones/black-tourmaline/how-to-identify,/gemstones/black-tourmaline/price-guide,sibling,(writer chooses descriptive anchor),proposed,price is an identification signal
P-0066,/gemstones/black-tourmaline/how-to-identify,/gemstones/black-tourmaline/meaning,sibling,(writer chooses descriptive anchor),proposed,what genuine material looks like
P-0066,/gemstones/black-tourmaline/how-to-identify,/learn/are-online-crystals-real,seed-parent,(writer chooses descriptive anchor),proposed,site-wide guide this stone-specific page specialises
P-0066,/gemstones/black-tourmaline/how-to-identify,/crystals/crystals-for-protection,lateral,(writer chooses descriptive anchor),proposed,stone appears in this purpose guide
P-0066,/gemstones/black-tourmaline/how-to-identify,/crystals/crystals-for-grounding,lateral,(writer chooses descriptive anchor),proposed,stone appears in this purpose guide
P-0066,/gemstones/black-tourmaline/how-to-identify,/compare/lab-created-vs-natural-gemstones,lateral,(writer chooses descriptive anchor),proposed,lab-grown vs natural is a distinct question from fake vs real
P-0067,/gemstones/black-tourmaline/price-guide,/gemstones/black-tourmaline,parent,(writer chooses descriptive anchor),proposed,the stone's hub page: full profile and properties
P-0067,/gemstones/black-tourmaline/price-guide,/gemstones/black-tourmaline/how-to-identify,sibling,(writer chooses descriptive anchor),proposed,avoid paying real-stone prices for imitations
P-0067,/gemstones/black-tourmaline/price-guide,/learn/ethical-crystal-sourcing,seed-parent,(writer chooses descriptive anchor),proposed,site-wide guide this stone-specific page specialises
P-0067,/gemstones/black-tourmaline/price-guide,/crystals/crystals-for-protection,lateral,(writer chooses descriptive anchor),proposed,stone appears in this purpose guide
P-0067,/gemstones/black-tourmaline/price-guide,/crystals/crystals-for-grounding,lateral,(writer chooses descriptive anchor),proposed,stone appears in this purpose guide
P-0067,/gemstones/black-tourmaline/price-guide,/learn/mohs-hardness-scale,lateral,(writer chooses descriptive anchor),proposed,durability affects value
P-0068,/gemstones/black-tourmaline/combinations,/gemstones/black-tourmaline,parent,(writer chooses descriptive anchor),proposed,the stone's hub page: full profile and properties
P-0068,/gemstones/black-tourmaline/combinations,/gemstones/black-tourmaline/meaning,sibling,(writer chooses descriptive anchor),proposed,the stone's own associations
P-0068,/gemstones/black-tourmaline/combinations,/gemstones/black-tourmaline/affirmations,sibling,(writer chooses descriptive anchor),proposed,pairing stones with intention
P-0068,/gemstones/black-tourmaline/combinations,/learn/crystal-grids,seed-parent,(writer chooses descriptive anchor),proposed,site-wide guide this stone-specific page specialises
P-0068,/gemstones/black-tourmaline/combinations,/crystals/crystals-for-protection,lateral,(writer chooses descriptive anchor),proposed,stone appears in this purpose guide
P-0068,/gemstones/black-tourmaline/combinations,/crystals/crystals-for-grounding,lateral,(writer chooses descriptive anchor),proposed,stone appears in this purpose guide
P-0069,/gemstones/black-tourmaline/affirmations,/gemstones/black-tourmaline,parent,(writer chooses descriptive anchor),proposed,the stone's hub page: full profile and properties
P-0069,/gemstones/black-tourmaline/affirmations,/gemstones/black-tourmaline/meaning,sibling,(writer chooses descriptive anchor),proposed,associations the affirmations draw on
P-0069,/gemstones/black-tourmaline/affirmations,/gemstones/black-tourmaline/combinations,sibling,(writer chooses descriptive anchor),proposed,stones to hold alongside
P-0069,/gemstones/black-tourmaline/affirmations,/learn/how-to-program-crystals,seed-parent,(writer chooses descriptive anchor),proposed,site-wide guide this stone-specific page specialises
P-0069,/gemstones/black-tourmaline/affirmations,/crystals/crystals-for-protection,lateral,(writer chooses descriptive anchor),proposed,stone appears in this purpose guide
P-0069,/gemstones/black-tourmaline/affirmations,/crystals/crystals-for-grounding,lateral,(writer chooses descriptive anchor),proposed,stone appears in this purpose guide
P-0070,/gemstones/peridot/price-guide,/gemstones/peridot,parent,(writer chooses descriptive anchor),proposed,the stone's hub page: full profile and properties
P-0070,/gemstones/peridot/price-guide,/gemstones/peridot/how-to-identify,sibling,(writer chooses descriptive anchor),proposed,avoid paying real-stone prices for imitations
P-0070,/gemstones/peridot/price-guide,/learn/ethical-crystal-sourcing,seed-parent,(writer chooses descriptive anchor),proposed,site-wide guide this stone-specific page specialises
P-0070,/gemstones/peridot/price-guide,/crystals/crystals-for-healing,lateral,(writer chooses descriptive anchor),proposed,stone appears in this purpose guide
P-0070,/gemstones/peridot/price-guide,/crystals/crystals-for-grief,lateral,(writer chooses descriptive anchor),proposed,stone appears in this purpose guide
P-0070,/gemstones/peridot/price-guide,/learn/mohs-hardness-scale,lateral,(writer chooses descriptive anchor),proposed,durability affects value
P-0071,/gemstones/peridot/how-to-cleanse,/gemstones/peridot,parent,(writer chooses descriptive anchor),proposed,the stone's hub page: full profile and properties
P-0071,/gemstones/peridot/how-to-cleanse,/gemstones/peridot/can-go-in-water,sibling,(writer chooses descriptive anchor),proposed,whether water cleansing is safe for this stone
P-0071,/gemstones/peridot/how-to-cleanse,/learn/how-to-cleanse-crystals,seed-parent,(writer chooses descriptive anchor),proposed,site-wide guide this stone-specific page specialises
P-0071,/gemstones/peridot/how-to-cleanse,/crystals/crystals-for-healing,lateral,(writer chooses descriptive anchor),proposed,stone appears in this purpose guide
P-0071,/gemstones/peridot/how-to-cleanse,/crystals/crystals-for-grief,lateral,(writer chooses descriptive anchor),proposed,stone appears in this purpose guide
P-0071,/gemstones/peridot/how-to-cleanse,/learn/how-to-charge-crystals,next-step,(writer chooses descriptive anchor),proposed,charging follows cleansing
P-0072,/gemstones/peridot/can-go-in-water,/gemstones/peridot,parent,(writer chooses descriptive anchor),proposed,the stone's hub page: full profile and properties
P-0072,/gemstones/peridot/can-go-in-water,/gemstones/peridot/how-to-cleanse,sibling,(writer chooses descriptive anchor),proposed,water is one cleansing method among several
P-0072,/gemstones/peridot/can-go-in-water,/learn/what-crystals-can-go-in-water,seed-parent,(writer chooses descriptive anchor),proposed,site-wide guide this stone-specific page specialises
P-0072,/gemstones/peridot/can-go-in-water,/crystals/crystals-for-healing,lateral,(writer chooses descriptive anchor),proposed,stone appears in this purpose guide
P-0072,/gemstones/peridot/can-go-in-water,/crystals/crystals-for-grief,lateral,(writer chooses descriptive anchor),proposed,stone appears in this purpose guide
P-0072,/gemstones/peridot/can-go-in-water,/learn/salt-safe-crystals,lateral,(writer chooses descriptive anchor),proposed,salt cleansing is the common follow-up question
P-0072,/gemstones/peridot/can-go-in-water,/learn/sun-safe-crystals,lateral,(writer chooses descriptive anchor),proposed,sun charging after washing
P-0073,/gemstones/peridot/sleeping-with,/gemstones/peridot,parent,(writer chooses descriptive anchor),proposed,the stone's hub page: full profile and properties
P-0073,/gemstones/peridot/sleeping-with,/gemstones/peridot/who-should-not-wear,sibling,(writer chooses descriptive anchor),proposed,who should avoid night-time use
P-0073,/gemstones/peridot/sleeping-with,/gemstones/peridot/affirmations,sibling,(writer chooses descriptive anchor),proposed,bedtime affirmation routine
P-0073,/gemstones/peridot/sleeping-with,/crystals/crystals-for-sleep,seed-parent,(writer chooses descriptive anchor),proposed,site-wide guide this stone-specific page specialises
P-0073,/gemstones/peridot/sleeping-with,/crystals/crystals-for-healing,lateral,(writer chooses descriptive anchor),proposed,stone appears in this purpose guide
P-0073,/gemstones/peridot/sleeping-with,/crystals/crystals-for-grief,lateral,(writer chooses descriptive anchor),proposed,stone appears in this purpose guide
P-0074,/gemstones/peridot/how-to-identify,/gemstones/peridot,parent,(writer chooses descriptive anchor),proposed,the stone's hub page: full profile and properties
P-0074,/gemstones/peridot/how-to-identify,/gemstones/peridot/price-guide,sibling,(writer chooses descriptive anchor),proposed,price is an identification signal
P-0074,/gemstones/peridot/how-to-identify,/gemstones/peridot/meaning,sibling,(writer chooses descriptive anchor),proposed,what genuine material looks like
P-0074,/gemstones/peridot/how-to-identify,/learn/are-online-crystals-real,seed-parent,(writer chooses descriptive anchor),proposed,site-wide guide this stone-specific page specialises
P-0074,/gemstones/peridot/how-to-identify,/crystals/crystals-for-healing,lateral,(writer chooses descriptive anchor),proposed,stone appears in this purpose guide
P-0074,/gemstones/peridot/how-to-identify,/crystals/crystals-for-grief,lateral,(writer chooses descriptive anchor),proposed,stone appears in this purpose guide
P-0074,/gemstones/peridot/how-to-identify,/compare/lab-created-vs-natural-gemstones,lateral,(writer chooses descriptive anchor),proposed,lab-grown vs natural is a distinct question from fake vs real
P-0075,/gemstones/peridot/combinations,/gemstones/peridot,parent,(writer chooses descriptive anchor),proposed,the stone's hub page: full profile and properties
P-0075,/gemstones/peridot/combinations,/gemstones/peridot/meaning,sibling,(writer chooses descriptive anchor),proposed,the stone's own associations
P-0075,/gemstones/peridot/combinations,/gemstones/peridot/affirmations,sibling,(writer chooses descriptive anchor),proposed,pairing stones with intention
P-0075,/gemstones/peridot/combinations,/learn/crystal-grids,seed-parent,(writer chooses descriptive anchor),proposed,site-wide guide this stone-specific page specialises
P-0075,/gemstones/peridot/combinations,/crystals/crystals-for-healing,lateral,(writer chooses descriptive anchor),proposed,stone appears in this purpose guide
P-0075,/gemstones/peridot/combinations,/crystals/crystals-for-grief,lateral,(writer chooses descriptive anchor),proposed,stone appears in this purpose guide
P-0076,/gemstones/peridot/affirmations,/gemstones/peridot,parent,(writer chooses descriptive anchor),proposed,the stone's hub page: full profile and properties
P-0076,/gemstones/peridot/affirmations,/gemstones/peridot/meaning,sibling,(writer chooses descriptive anchor),proposed,associations the affirmations draw on
P-0076,/gemstones/peridot/affirmations,/gemstones/peridot/combinations,sibling,(writer chooses descriptive anchor),proposed,stones to hold alongside
P-0076,/gemstones/peridot/affirmations,/learn/how-to-program-crystals,seed-parent,(writer chooses descriptive anchor),proposed,site-wide guide this stone-specific page specialises
P-0076,/gemstones/peridot/affirmations,/crystals/crystals-for-healing,lateral,(writer chooses descriptive anchor),proposed,stone appears in this purpose guide
P-0076,/gemstones/peridot/affirmations,/crystals/crystals-for-grief,lateral,(writer chooses descriptive anchor),proposed,stone appears in this purpose guide
P-0077,/gemstones/turquoise/how-to-cleanse,/gemstones/turquoise,parent,(writer chooses descriptive anchor),proposed,the stone's hub page: full profile and properties
P-0077,/gemstones/turquoise/how-to-cleanse,/gemstones/turquoise/can-go-in-water,sibling,(writer chooses descriptive anchor),proposed,whether water cleansing is safe for this stone
P-0077,/gemstones/turquoise/how-to-cleanse,/learn/how-to-cleanse-crystals,seed-parent,(writer chooses descriptive anchor),proposed,site-wide guide this stone-specific page specialises
P-0077,/gemstones/turquoise/how-to-cleanse,/crystals/crystals-for-connection,lateral,(writer chooses descriptive anchor),proposed,stone appears in this purpose guide
P-0077,/gemstones/turquoise/how-to-cleanse,/crystals/crystals-for-protection,lateral,(writer chooses descriptive anchor),proposed,stone appears in this purpose guide
P-0077,/gemstones/turquoise/how-to-cleanse,/learn/how-to-charge-crystals,next-step,(writer chooses descriptive anchor),proposed,charging follows cleansing
P-0078,/gemstones/turquoise/can-go-in-water,/gemstones/turquoise,parent,(writer chooses descriptive anchor),proposed,the stone's hub page: full profile and properties
P-0078,/gemstones/turquoise/can-go-in-water,/gemstones/turquoise/how-to-cleanse,sibling,(writer chooses descriptive anchor),proposed,water is one cleansing method among several
P-0078,/gemstones/turquoise/can-go-in-water,/learn/what-crystals-can-go-in-water,seed-parent,(writer chooses descriptive anchor),proposed,site-wide guide this stone-specific page specialises
P-0078,/gemstones/turquoise/can-go-in-water,/crystals/crystals-for-connection,lateral,(writer chooses descriptive anchor),proposed,stone appears in this purpose guide
P-0078,/gemstones/turquoise/can-go-in-water,/crystals/crystals-for-protection,lateral,(writer chooses descriptive anchor),proposed,stone appears in this purpose guide
P-0078,/gemstones/turquoise/can-go-in-water,/learn/salt-safe-crystals,lateral,(writer chooses descriptive anchor),proposed,salt cleansing is the common follow-up question
P-0078,/gemstones/turquoise/can-go-in-water,/learn/sun-safe-crystals,lateral,(writer chooses descriptive anchor),proposed,sun charging after washing
P-0079,/gemstones/turquoise/sleeping-with,/gemstones/turquoise,parent,(writer chooses descriptive anchor),proposed,the stone's hub page: full profile and properties
P-0079,/gemstones/turquoise/sleeping-with,/gemstones/turquoise/who-should-not-wear,sibling,(writer chooses descriptive anchor),proposed,who should avoid night-time use
P-0079,/gemstones/turquoise/sleeping-with,/gemstones/turquoise/affirmations,sibling,(writer chooses descriptive anchor),proposed,bedtime affirmation routine
P-0079,/gemstones/turquoise/sleeping-with,/crystals/crystals-for-sleep,seed-parent,(writer chooses descriptive anchor),proposed,site-wide guide this stone-specific page specialises
P-0079,/gemstones/turquoise/sleeping-with,/crystals/crystals-for-connection,lateral,(writer chooses descriptive anchor),proposed,stone appears in this purpose guide
P-0079,/gemstones/turquoise/sleeping-with,/crystals/crystals-for-protection,lateral,(writer chooses descriptive anchor),proposed,stone appears in this purpose guide
P-0080,/gemstones/turquoise/meaning,/gemstones/turquoise,parent,(writer chooses descriptive anchor),proposed,the stone's hub page: full profile and properties
P-0080,/gemstones/turquoise/meaning,/gemstones/turquoise/combinations,sibling,(writer chooses descriptive anchor),proposed,pairing follows meaning
P-0080,/gemstones/turquoise/meaning,/gemstones/turquoise/affirmations,sibling,(writer chooses descriptive anchor),proposed,using the stone intentionally
P-0080,/gemstones/turquoise/meaning,/gemstones/turquoise/who-should-not-wear,sibling,(writer chooses descriptive anchor),proposed,cautions before adopting the stone
P-0080,/gemstones/turquoise/meaning,/learn/gemstone-vs-crystal-vs-mineral,seed-parent,(writer chooses descriptive anchor),proposed,site-wide guide this stone-specific page specialises
P-0080,/gemstones/turquoise/meaning,/crystals/crystals-for-connection,lateral,(writer chooses descriptive anchor),proposed,stone appears in this purpose guide
P-0080,/gemstones/turquoise/meaning,/crystals/crystals-for-protection,lateral,(writer chooses descriptive anchor),proposed,stone appears in this purpose guide
P-0080,/gemstones/turquoise/meaning,/gemstones/zodiac/sagittarius,taxonomy,(writer chooses descriptive anchor),proposed,zodiac filter page
P-0081,/gemstones/turquoise/how-to-identify,/gemstones/turquoise,parent,(writer chooses descriptive anchor),proposed,the stone's hub page: full profile and properties
P-0081,/gemstones/turquoise/how-to-identify,/gemstones/turquoise/price-guide,sibling,(writer chooses descriptive anchor),proposed,price is an identification signal
P-0081,/gemstones/turquoise/how-to-identify,/gemstones/turquoise/meaning,sibling,(writer chooses descriptive anchor),proposed,what genuine material looks like
P-0081,/gemstones/turquoise/how-to-identify,/learn/are-online-crystals-real,seed-parent,(writer chooses descriptive anchor),proposed,site-wide guide this stone-specific page specialises
P-0081,/gemstones/turquoise/how-to-identify,/crystals/crystals-for-connection,lateral,(writer chooses descriptive anchor),proposed,stone appears in this purpose guide
P-0081,/gemstones/turquoise/how-to-identify,/crystals/crystals-for-protection,lateral,(writer chooses descriptive anchor),proposed,stone appears in this purpose guide
P-0081,/gemstones/turquoise/how-to-identify,/compare/lab-created-vs-natural-gemstones,lateral,(writer chooses descriptive anchor),proposed,lab-grown vs natural is a distinct question from fake vs real
P-0082,/gemstones/turquoise/price-guide,/gemstones/turquoise,parent,(writer chooses descriptive anchor),proposed,the stone's hub page: full profile and properties
P-0082,/gemstones/turquoise/price-guide,/gemstones/turquoise/how-to-identify,sibling,(writer chooses descriptive anchor),proposed,avoid paying real-stone prices for imitations
P-0082,/gemstones/turquoise/price-guide,/learn/ethical-crystal-sourcing,seed-parent,(writer chooses descriptive anchor),proposed,site-wide guide this stone-specific page specialises
P-0082,/gemstones/turquoise/price-guide,/crystals/crystals-for-connection,lateral,(writer chooses descriptive anchor),proposed,stone appears in this purpose guide
P-0082,/gemstones/turquoise/price-guide,/crystals/crystals-for-protection,lateral,(writer chooses descriptive anchor),proposed,stone appears in this purpose guide
P-0082,/gemstones/turquoise/price-guide,/learn/mohs-hardness-scale,lateral,(writer chooses descriptive anchor),proposed,durability affects value
P-0083,/gemstones/turquoise/combinations,/gemstones/turquoise,parent,(writer chooses descriptive anchor),proposed,the stone's hub page: full profile and properties
P-0083,/gemstones/turquoise/combinations,/gemstones/turquoise/meaning,sibling,(writer chooses descriptive anchor),proposed,the stone's own associations
P-0083,/gemstones/turquoise/combinations,/gemstones/turquoise/affirmations,sibling,(writer chooses descriptive anchor),proposed,pairing stones with intention
P-0083,/gemstones/turquoise/combinations,/learn/crystal-grids,seed-parent,(writer chooses descriptive anchor),proposed,site-wide guide this stone-specific page specialises
P-0083,/gemstones/turquoise/combinations,/crystals/crystals-for-connection,lateral,(writer chooses descriptive anchor),proposed,stone appears in this purpose guide
P-0083,/gemstones/turquoise/combinations,/crystals/crystals-for-protection,lateral,(writer chooses descriptive anchor),proposed,stone appears in this purpose guide
P-0084,/gemstones/turquoise/affirmations,/gemstones/turquoise,parent,(writer chooses descriptive anchor),proposed,the stone's hub page: full profile and properties
P-0084,/gemstones/turquoise/affirmations,/gemstones/turquoise/meaning,sibling,(writer chooses descriptive anchor),proposed,associations the affirmations draw on
P-0084,/gemstones/turquoise/affirmations,/gemstones/turquoise/combinations,sibling,(writer chooses descriptive anchor),proposed,stones to hold alongside
P-0084,/gemstones/turquoise/affirmations,/learn/how-to-program-crystals,seed-parent,(writer chooses descriptive anchor),proposed,site-wide guide this stone-specific page specialises
P-0084,/gemstones/turquoise/affirmations,/crystals/crystals-for-connection,lateral,(writer chooses descriptive anchor),proposed,stone appears in this purpose guide
P-0084,/gemstones/turquoise/affirmations,/crystals/crystals-for-protection,lateral,(writer chooses descriptive anchor),proposed,stone appears in this purpose guide
P-0085,/gemstones/moldavite/how-to-cleanse,/gemstones/moldavite,parent,(writer chooses descriptive anchor),proposed,the stone's hub page: full profile and properties
P-0085,/gemstones/moldavite/how-to-cleanse,/gemstones/moldavite/can-go-in-water,sibling,(writer chooses descriptive anchor),proposed,whether water cleansing is safe for this stone
P-0085,/gemstones/moldavite/how-to-cleanse,/learn/how-to-cleanse-crystals,seed-parent,(writer chooses descriptive anchor),proposed,site-wide guide this stone-specific page specialises
P-0085,/gemstones/moldavite/how-to-cleanse,/crystals/crystals-for-self-love,lateral,(writer chooses descriptive anchor),proposed,stone appears in this purpose guide
P-0085,/gemstones/moldavite/how-to-cleanse,/crystals/crystals-for-meditation,lateral,(writer chooses descriptive anchor),proposed,stone appears in this purpose guide
P-0085,/gemstones/moldavite/how-to-cleanse,/learn/how-to-charge-crystals,next-step,(writer chooses descriptive anchor),proposed,charging follows cleansing
P-0086,/gemstones/black-obsidian/can-go-in-water,/gemstones/black-obsidian,parent,(writer chooses descriptive anchor),proposed,the stone's hub page: full profile and properties
P-0086,/gemstones/black-obsidian/can-go-in-water,/gemstones/black-obsidian/how-to-cleanse,sibling,(writer chooses descriptive anchor),proposed,water is one cleansing method among several
P-0086,/gemstones/black-obsidian/can-go-in-water,/learn/what-crystals-can-go-in-water,seed-parent,(writer chooses descriptive anchor),proposed,site-wide guide this stone-specific page specialises
P-0086,/gemstones/black-obsidian/can-go-in-water,/learn/salt-safe-crystals,lateral,(writer chooses descriptive anchor),proposed,salt cleansing is the common follow-up question
P-0086,/gemstones/black-obsidian/can-go-in-water,/learn/sun-safe-crystals,lateral,(writer chooses descriptive anchor),proposed,sun charging after washing
P-0087,/gemstones/obsidian/how-to-cleanse,/gemstones/obsidian,parent,(writer chooses descriptive anchor),proposed,the stone's hub page: full profile and properties
P-0087,/gemstones/obsidian/how-to-cleanse,/gemstones/obsidian/can-go-in-water,sibling,(writer chooses descriptive anchor),proposed,whether water cleansing is safe for this stone
P-0087,/gemstones/obsidian/how-to-cleanse,/learn/how-to-cleanse-crystals,seed-parent,(writer chooses descriptive anchor),proposed,site-wide guide this stone-specific page specialises
P-0087,/gemstones/obsidian/how-to-cleanse,/crystals/crystals-for-protection,lateral,(writer chooses descriptive anchor),proposed,stone appears in this purpose guide
P-0087,/gemstones/obsidian/how-to-cleanse,/crystals/crystals-for-grounding,lateral,(writer chooses descriptive anchor),proposed,stone appears in this purpose guide
P-0087,/gemstones/obsidian/how-to-cleanse,/learn/how-to-charge-crystals,next-step,(writer chooses descriptive anchor),proposed,charging follows cleansing
P-0088,/gemstones/aventurine/how-to-cleanse,/gemstones/aventurine,parent,(writer chooses descriptive anchor),proposed,the stone's hub page: full profile and properties
P-0088,/gemstones/aventurine/how-to-cleanse,/gemstones/aventurine/can-go-in-water,sibling,(writer chooses descriptive anchor),proposed,whether water cleansing is safe for this stone
P-0088,/gemstones/aventurine/how-to-cleanse,/learn/how-to-cleanse-crystals,seed-parent,(writer chooses descriptive anchor),proposed,site-wide guide this stone-specific page specialises
P-0088,/gemstones/aventurine/how-to-cleanse,/crystals/crystals-for-money,lateral,(writer chooses descriptive anchor),proposed,stone appears in this purpose guide
P-0088,/gemstones/aventurine/how-to-cleanse,/crystals/crystals-for-confidence,lateral,(writer chooses descriptive anchor),proposed,stone appears in this purpose guide
P-0088,/gemstones/aventurine/how-to-cleanse,/learn/how-to-charge-crystals,next-step,(writer chooses descriptive anchor),proposed,charging follows cleansing
P-0089,/gemstones/larvikite/who-should-not-wear,/gemstones/larvikite,parent,(writer chooses descriptive anchor),proposed,the stone's hub page: full profile and properties
P-0089,/gemstones/larvikite/who-should-not-wear,/gemstones/larvikite/meaning,sibling,(writer chooses descriptive anchor),proposed,what the stone is traditionally for
P-0089,/gemstones/larvikite/who-should-not-wear,/gemstones/larvikite/sleeping-with,sibling,(writer chooses descriptive anchor),proposed,night-time use cautions
P-0089,/gemstones/larvikite/who-should-not-wear,/learn/crystal-healing-science,seed-parent,(writer chooses descriptive anchor),proposed,site-wide guide this stone-specific page specialises
P-0090,/gemstones/larvikite/how-to-cleanse,/gemstones/larvikite,parent,(writer chooses descriptive anchor),proposed,the stone's hub page: full profile and properties
P-0090,/gemstones/larvikite/how-to-cleanse,/gemstones/larvikite/can-go-in-water,sibling,(writer chooses descriptive anchor),proposed,whether water cleansing is safe for this stone
P-0090,/gemstones/larvikite/how-to-cleanse,/learn/how-to-cleanse-crystals,seed-parent,(writer chooses descriptive anchor),proposed,site-wide guide this stone-specific page specialises
P-0090,/gemstones/larvikite/how-to-cleanse,/learn/how-to-charge-crystals,next-step,(writer chooses descriptive anchor),proposed,charging follows cleansing
P-0091,/gemstones/larvikite/can-go-in-water,/gemstones/larvikite,parent,(writer chooses descriptive anchor),proposed,the stone's hub page: full profile and properties
P-0091,/gemstones/larvikite/can-go-in-water,/gemstones/larvikite/how-to-cleanse,sibling,(writer chooses descriptive anchor),proposed,water is one cleansing method among several
P-0091,/gemstones/larvikite/can-go-in-water,/learn/what-crystals-can-go-in-water,seed-parent,(writer chooses descriptive anchor),proposed,site-wide guide this stone-specific page specialises
P-0091,/gemstones/larvikite/can-go-in-water,/learn/salt-safe-crystals,lateral,(writer chooses descriptive anchor),proposed,salt cleansing is the common follow-up question
P-0091,/gemstones/larvikite/can-go-in-water,/learn/sun-safe-crystals,lateral,(writer chooses descriptive anchor),proposed,sun charging after washing
P-0092,/gemstones/larvikite/sleeping-with,/gemstones/larvikite,parent,(writer chooses descriptive anchor),proposed,the stone's hub page: full profile and properties
P-0092,/gemstones/larvikite/sleeping-with,/gemstones/larvikite/who-should-not-wear,sibling,(writer chooses descriptive anchor),proposed,who should avoid night-time use
P-0092,/gemstones/larvikite/sleeping-with,/gemstones/larvikite/affirmations,sibling,(writer chooses descriptive anchor),proposed,bedtime affirmation routine
P-0092,/gemstones/larvikite/sleeping-with,/crystals/crystals-for-sleep,seed-parent,(writer chooses descriptive anchor),proposed,site-wide guide this stone-specific page specialises
P-0093,/gemstones/larvikite/how-to-identify,/gemstones/larvikite,parent,(writer chooses descriptive anchor),proposed,the stone's hub page: full profile and properties
P-0093,/gemstones/larvikite/how-to-identify,/gemstones/larvikite/price-guide,sibling,(writer chooses descriptive anchor),proposed,price is an identification signal
P-0093,/gemstones/larvikite/how-to-identify,/gemstones/larvikite/meaning,sibling,(writer chooses descriptive anchor),proposed,what genuine material looks like
P-0093,/gemstones/larvikite/how-to-identify,/learn/are-online-crystals-real,seed-parent,(writer chooses descriptive anchor),proposed,site-wide guide this stone-specific page specialises
P-0093,/gemstones/larvikite/how-to-identify,/compare/lab-created-vs-natural-gemstones,lateral,(writer chooses descriptive anchor),proposed,lab-grown vs natural is a distinct question from fake vs real
P-0094,/gemstones/larvikite/price-guide,/gemstones/larvikite,parent,(writer chooses descriptive anchor),proposed,the stone's hub page: full profile and properties
P-0094,/gemstones/larvikite/price-guide,/gemstones/larvikite/how-to-identify,sibling,(writer chooses descriptive anchor),proposed,avoid paying real-stone prices for imitations
P-0094,/gemstones/larvikite/price-guide,/learn/ethical-crystal-sourcing,seed-parent,(writer chooses descriptive anchor),proposed,site-wide guide this stone-specific page specialises
P-0094,/gemstones/larvikite/price-guide,/learn/mohs-hardness-scale,lateral,(writer chooses descriptive anchor),proposed,durability affects value
P-0095,/gemstones/larvikite/combinations,/gemstones/larvikite,parent,(writer chooses descriptive anchor),proposed,the stone's hub page: full profile and properties
P-0095,/gemstones/larvikite/combinations,/gemstones/larvikite/meaning,sibling,(writer chooses descriptive anchor),proposed,the stone's own associations
P-0095,/gemstones/larvikite/combinations,/gemstones/larvikite/affirmations,sibling,(writer chooses descriptive anchor),proposed,pairing stones with intention
P-0095,/gemstones/larvikite/combinations,/learn/crystal-grids,seed-parent,(writer chooses descriptive anchor),proposed,site-wide guide this stone-specific page specialises
P-0096,/gemstones/larvikite/affirmations,/gemstones/larvikite,parent,(writer chooses descriptive anchor),proposed,the stone's hub page: full profile and properties
P-0096,/gemstones/larvikite/affirmations,/gemstones/larvikite/meaning,sibling,(writer chooses descriptive anchor),proposed,associations the affirmations draw on
P-0096,/gemstones/larvikite/affirmations,/gemstones/larvikite/combinations,sibling,(writer chooses descriptive anchor),proposed,stones to hold alongside
P-0096,/gemstones/larvikite/affirmations,/learn/how-to-program-crystals,seed-parent,(writer chooses descriptive anchor),proposed,site-wide guide this stone-specific page specialises
P-0097,/gemstones/diamond/how-to-identify,/gemstones/diamond,parent,(writer chooses descriptive anchor),proposed,the stone's hub page: full profile and properties
P-0097,/gemstones/diamond/how-to-identify,/gemstones/diamond/price-guide,sibling,(writer chooses descriptive anchor),proposed,price is an identification signal
P-0097,/gemstones/diamond/how-to-identify,/gemstones/diamond/meaning,sibling,(writer chooses descriptive anchor),proposed,what genuine material looks like
P-0097,/gemstones/diamond/how-to-identify,/learn/are-online-crystals-real,seed-parent,(writer chooses descriptive anchor),proposed,site-wide guide this stone-specific page specialises
P-0097,/gemstones/diamond/how-to-identify,/crystals/crystals-for-confidence,lateral,(writer chooses descriptive anchor),proposed,stone appears in this purpose guide
P-0097,/gemstones/diamond/how-to-identify,/crystals/crystals-for-confidence,lateral,(writer chooses descriptive anchor),proposed,stone appears in this purpose guide
P-0097,/gemstones/diamond/how-to-identify,/compare/lab-created-vs-natural-gemstones,lateral,(writer chooses descriptive anchor),proposed,lab-grown vs natural is a distinct question from fake vs real
P-0098,/gemstones/labradorite/who-should-not-wear,/gemstones/labradorite,parent,(writer chooses descriptive anchor),proposed,the stone's hub page: full profile and properties
P-0098,/gemstones/labradorite/who-should-not-wear,/gemstones/labradorite/meaning,sibling,(writer chooses descriptive anchor),proposed,what the stone is traditionally for
P-0098,/gemstones/labradorite/who-should-not-wear,/gemstones/labradorite/sleeping-with,sibling,(writer chooses descriptive anchor),proposed,night-time use cautions
P-0098,/gemstones/labradorite/who-should-not-wear,/learn/crystal-healing-science,seed-parent,(writer chooses descriptive anchor),proposed,site-wide guide this stone-specific page specialises
P-0098,/gemstones/labradorite/who-should-not-wear,/crystals/crystals-for-self-love,lateral,(writer chooses descriptive anchor),proposed,stone appears in this purpose guide
P-0098,/gemstones/labradorite/who-should-not-wear,/crystals/crystals-for-meditation,lateral,(writer chooses descriptive anchor),proposed,stone appears in this purpose guide
P-0099,/gemstones/labradorite/how-to-cleanse,/gemstones/labradorite,parent,(writer chooses descriptive anchor),proposed,the stone's hub page: full profile and properties
P-0099,/gemstones/labradorite/how-to-cleanse,/gemstones/labradorite/can-go-in-water,sibling,(writer chooses descriptive anchor),proposed,whether water cleansing is safe for this stone
P-0099,/gemstones/labradorite/how-to-cleanse,/learn/how-to-cleanse-crystals,seed-parent,(writer chooses descriptive anchor),proposed,site-wide guide this stone-specific page specialises
P-0099,/gemstones/labradorite/how-to-cleanse,/crystals/crystals-for-self-love,lateral,(writer chooses descriptive anchor),proposed,stone appears in this purpose guide
P-0099,/gemstones/labradorite/how-to-cleanse,/crystals/crystals-for-meditation,lateral,(writer chooses descriptive anchor),proposed,stone appears in this purpose guide
P-0099,/gemstones/labradorite/how-to-cleanse,/learn/how-to-charge-crystals,next-step,(writer chooses descriptive anchor),proposed,charging follows cleansing
P-0100,/gemstones/labradorite/sleeping-with,/gemstones/labradorite,parent,(writer chooses descriptive anchor),proposed,the stone's hub page: full profile and properties
P-0100,/gemstones/labradorite/sleeping-with,/gemstones/labradorite/who-should-not-wear,sibling,(writer chooses descriptive anchor),proposed,who should avoid night-time use
P-0100,/gemstones/labradorite/sleeping-with,/gemstones/labradorite/affirmations,sibling,(writer chooses descriptive anchor),proposed,bedtime affirmation routine
P-0100,/gemstones/labradorite/sleeping-with,/crystals/crystals-for-sleep,seed-parent,(writer chooses descriptive anchor),proposed,site-wide guide this stone-specific page specialises
P-0100,/gemstones/labradorite/sleeping-with,/crystals/crystals-for-self-love,lateral,(writer chooses descriptive anchor),proposed,stone appears in this purpose guide
P-0100,/gemstones/labradorite/sleeping-with,/crystals/crystals-for-meditation,lateral,(writer chooses descriptive anchor),proposed,stone appears in this purpose guide
P-0101,/gemstones/labradorite/how-to-identify,/gemstones/labradorite,parent,(writer chooses descriptive anchor),proposed,the stone's hub page: full profile and properties
P-0101,/gemstones/labradorite/how-to-identify,/gemstones/labradorite/price-guide,sibling,(writer chooses descriptive anchor),proposed,price is an identification signal
P-0101,/gemstones/labradorite/how-to-identify,/gemstones/labradorite/meaning,sibling,(writer chooses descriptive anchor),proposed,what genuine material looks like
P-0101,/gemstones/labradorite/how-to-identify,/learn/are-online-crystals-real,seed-parent,(writer chooses descriptive anchor),proposed,site-wide guide this stone-specific page specialises
P-0101,/gemstones/labradorite/how-to-identify,/crystals/crystals-for-self-love,lateral,(writer chooses descriptive anchor),proposed,stone appears in this purpose guide
P-0101,/gemstones/labradorite/how-to-identify,/crystals/crystals-for-meditation,lateral,(writer chooses descriptive anchor),proposed,stone appears in this purpose guide
P-0101,/gemstones/labradorite/how-to-identify,/compare/lab-created-vs-natural-gemstones,lateral,(writer chooses descriptive anchor),proposed,lab-grown vs natural is a distinct question from fake vs real
P-0102,/gemstones/labradorite/price-guide,/gemstones/labradorite,parent,(writer chooses descriptive anchor),proposed,the stone's hub page: full profile and properties
P-0102,/gemstones/labradorite/price-guide,/gemstones/labradorite/how-to-identify,sibling,(writer chooses descriptive anchor),proposed,avoid paying real-stone prices for imitations
P-0102,/gemstones/labradorite/price-guide,/learn/ethical-crystal-sourcing,seed-parent,(writer chooses descriptive anchor),proposed,site-wide guide this stone-specific page specialises
P-0102,/gemstones/labradorite/price-guide,/crystals/crystals-for-self-love,lateral,(writer chooses descriptive anchor),proposed,stone appears in this purpose guide
P-0102,/gemstones/labradorite/price-guide,/crystals/crystals-for-meditation,lateral,(writer chooses descriptive anchor),proposed,stone appears in this purpose guide
P-0102,/gemstones/labradorite/price-guide,/learn/mohs-hardness-scale,lateral,(writer chooses descriptive anchor),proposed,durability affects value
P-0103,/gemstones/labradorite/combinations,/gemstones/labradorite,parent,(writer chooses descriptive anchor),proposed,the stone's hub page: full profile and properties
P-0103,/gemstones/labradorite/combinations,/gemstones/labradorite/meaning,sibling,(writer chooses descriptive anchor),proposed,the stone's own associations
P-0103,/gemstones/labradorite/combinations,/gemstones/labradorite/affirmations,sibling,(writer chooses descriptive anchor),proposed,pairing stones with intention
P-0103,/gemstones/labradorite/combinations,/learn/crystal-grids,seed-parent,(writer chooses descriptive anchor),proposed,site-wide guide this stone-specific page specialises
P-0103,/gemstones/labradorite/combinations,/crystals/crystals-for-self-love,lateral,(writer chooses descriptive anchor),proposed,stone appears in this purpose guide
P-0103,/gemstones/labradorite/combinations,/crystals/crystals-for-meditation,lateral,(writer chooses descriptive anchor),proposed,stone appears in this purpose guide
P-0104,/gemstones/labradorite/affirmations,/gemstones/labradorite,parent,(writer chooses descriptive anchor),proposed,the stone's hub page: full profile and properties
P-0104,/gemstones/labradorite/affirmations,/gemstones/labradorite/meaning,sibling,(writer chooses descriptive anchor),proposed,associations the affirmations draw on
P-0104,/gemstones/labradorite/affirmations,/gemstones/labradorite/combinations,sibling,(writer chooses descriptive anchor),proposed,stones to hold alongside
P-0104,/gemstones/labradorite/affirmations,/learn/how-to-program-crystals,seed-parent,(writer chooses descriptive anchor),proposed,site-wide guide this stone-specific page specialises
P-0104,/gemstones/labradorite/affirmations,/crystals/crystals-for-self-love,lateral,(writer chooses descriptive anchor),proposed,stone appears in this purpose guide
P-0104,/gemstones/labradorite/affirmations,/crystals/crystals-for-meditation,lateral,(writer chooses descriptive anchor),proposed,stone appears in this purpose guide
P-0105,/gemstones/cats-eye/meaning,/gemstones/cats-eye,parent,(writer chooses descriptive anchor),proposed,the stone's hub page: full profile and properties
P-0105,/gemstones/cats-eye/meaning,/gemstones/cats-eye/combinations,sibling,(writer chooses descriptive anchor),proposed,pairing follows meaning
P-0105,/gemstones/cats-eye/meaning,/gemstones/cats-eye/affirmations,sibling,(writer chooses descriptive anchor),proposed,using the stone intentionally
P-0105,/gemstones/cats-eye/meaning,/gemstones/cats-eye/who-should-not-wear,sibling,(writer chooses descriptive anchor),proposed,cautions before adopting the stone
P-0105,/gemstones/cats-eye/meaning,/learn/gemstone-vs-crystal-vs-mineral,seed-parent,(writer chooses descriptive anchor),proposed,site-wide guide this stone-specific page specialises
P-0106,/gemstones/opalite/how-to-cleanse,/gemstones/opalite,parent,(writer chooses descriptive anchor),proposed,the stone's hub page: full profile and properties
P-0106,/gemstones/opalite/how-to-cleanse,/gemstones/opalite/can-go-in-water,sibling,(writer chooses descriptive anchor),proposed,whether water cleansing is safe for this stone
P-0106,/gemstones/opalite/how-to-cleanse,/learn/how-to-cleanse-crystals,seed-parent,(writer chooses descriptive anchor),proposed,site-wide guide this stone-specific page specialises
P-0106,/gemstones/opalite/how-to-cleanse,/learn/how-to-charge-crystals,next-step,(writer chooses descriptive anchor),proposed,charging follows cleansing
P-0107,/gemstones/malachite/how-to-cleanse,/gemstones/malachite,parent,(writer chooses descriptive anchor),proposed,the stone's hub page: full profile and properties
P-0107,/gemstones/malachite/how-to-cleanse,/gemstones/malachite/can-go-in-water,sibling,(writer chooses descriptive anchor),proposed,whether water cleansing is safe for this stone
P-0107,/gemstones/malachite/how-to-cleanse,/learn/how-to-cleanse-crystals,seed-parent,(writer chooses descriptive anchor),proposed,site-wide guide this stone-specific page specialises
P-0107,/gemstones/malachite/how-to-cleanse,/crystals/crystals-for-self-love,lateral,(writer chooses descriptive anchor),proposed,stone appears in this purpose guide
P-0107,/gemstones/malachite/how-to-cleanse,/crystals/crystals-for-protection,lateral,(writer chooses descriptive anchor),proposed,stone appears in this purpose guide
P-0107,/gemstones/malachite/how-to-cleanse,/learn/how-to-charge-crystals,next-step,(writer chooses descriptive anchor),proposed,charging follows cleansing
P-0108,/gemstones/aventurine/who-should-not-wear,/gemstones/aventurine,parent,(writer chooses descriptive anchor),proposed,the stone's hub page: full profile and properties
P-0108,/gemstones/aventurine/who-should-not-wear,/gemstones/aventurine/meaning,sibling,(writer chooses descriptive anchor),proposed,what the stone is traditionally for
P-0108,/gemstones/aventurine/who-should-not-wear,/gemstones/aventurine/sleeping-with,sibling,(writer chooses descriptive anchor),proposed,night-time use cautions
P-0108,/gemstones/aventurine/who-should-not-wear,/learn/crystal-healing-science,seed-parent,(writer chooses descriptive anchor),proposed,site-wide guide this stone-specific page specialises
P-0108,/gemstones/aventurine/who-should-not-wear,/crystals/crystals-for-money,lateral,(writer chooses descriptive anchor),proposed,stone appears in this purpose guide
P-0108,/gemstones/aventurine/who-should-not-wear,/crystals/crystals-for-confidence,lateral,(writer chooses descriptive anchor),proposed,stone appears in this purpose guide
P-0109,/gemstones/aventurine/how-to-identify,/gemstones/aventurine,parent,(writer chooses descriptive anchor),proposed,the stone's hub page: full profile and properties
P-0109,/gemstones/aventurine/how-to-identify,/gemstones/aventurine/price-guide,sibling,(writer chooses descriptive anchor),proposed,price is an identification signal
P-0109,/gemstones/aventurine/how-to-identify,/gemstones/aventurine/meaning,sibling,(writer chooses descriptive anchor),proposed,what genuine material looks like
P-0109,/gemstones/aventurine/how-to-identify,/learn/are-online-crystals-real,seed-parent,(writer chooses descriptive anchor),proposed,site-wide guide this stone-specific page specialises
P-0109,/gemstones/aventurine/how-to-identify,/crystals/crystals-for-money,lateral,(writer chooses descriptive anchor),proposed,stone appears in this purpose guide
P-0109,/gemstones/aventurine/how-to-identify,/crystals/crystals-for-confidence,lateral,(writer chooses descriptive anchor),proposed,stone appears in this purpose guide
P-0109,/gemstones/aventurine/how-to-identify,/compare/lab-created-vs-natural-gemstones,lateral,(writer chooses descriptive anchor),proposed,lab-grown vs natural is a distinct question from fake vs real
P-0110,/gemstones/aventurine/price-guide,/gemstones/aventurine,parent,(writer chooses descriptive anchor),proposed,the stone's hub page: full profile and properties
P-0110,/gemstones/aventurine/price-guide,/gemstones/aventurine/how-to-identify,sibling,(writer chooses descriptive anchor),proposed,avoid paying real-stone prices for imitations
P-0110,/gemstones/aventurine/price-guide,/learn/ethical-crystal-sourcing,seed-parent,(writer chooses descriptive anchor),proposed,site-wide guide this stone-specific page specialises
P-0110,/gemstones/aventurine/price-guide,/crystals/crystals-for-money,lateral,(writer chooses descriptive anchor),proposed,stone appears in this purpose guide
P-0110,/gemstones/aventurine/price-guide,/crystals/crystals-for-confidence,lateral,(writer chooses descriptive anchor),proposed,stone appears in this purpose guide
P-0110,/gemstones/aventurine/price-guide,/learn/mohs-hardness-scale,lateral,(writer chooses descriptive anchor),proposed,durability affects value
P-0111,/gemstones/aventurine/combinations,/gemstones/aventurine,parent,(writer chooses descriptive anchor),proposed,the stone's hub page: full profile and properties
P-0111,/gemstones/aventurine/combinations,/gemstones/aventurine/meaning,sibling,(writer chooses descriptive anchor),proposed,the stone's own associations
P-0111,/gemstones/aventurine/combinations,/gemstones/aventurine/affirmations,sibling,(writer chooses descriptive anchor),proposed,pairing stones with intention
P-0111,/gemstones/aventurine/combinations,/learn/crystal-grids,seed-parent,(writer chooses descriptive anchor),proposed,site-wide guide this stone-specific page specialises
P-0111,/gemstones/aventurine/combinations,/crystals/crystals-for-money,lateral,(writer chooses descriptive anchor),proposed,stone appears in this purpose guide
P-0111,/gemstones/aventurine/combinations,/crystals/crystals-for-confidence,lateral,(writer chooses descriptive anchor),proposed,stone appears in this purpose guide
P-0112,/gemstones/aventurine/affirmations,/gemstones/aventurine,parent,(writer chooses descriptive anchor),proposed,the stone's hub page: full profile and properties
P-0112,/gemstones/aventurine/affirmations,/gemstones/aventurine/meaning,sibling,(writer chooses descriptive anchor),proposed,associations the affirmations draw on
P-0112,/gemstones/aventurine/affirmations,/gemstones/aventurine/combinations,sibling,(writer chooses descriptive anchor),proposed,stones to hold alongside
P-0112,/gemstones/aventurine/affirmations,/learn/how-to-program-crystals,seed-parent,(writer chooses descriptive anchor),proposed,site-wide guide this stone-specific page specialises
P-0112,/gemstones/aventurine/affirmations,/crystals/crystals-for-money,lateral,(writer chooses descriptive anchor),proposed,stone appears in this purpose guide
P-0112,/gemstones/aventurine/affirmations,/crystals/crystals-for-confidence,lateral,(writer chooses descriptive anchor),proposed,stone appears in this purpose guide
P-0113,/gemstones/lepidolite/how-to-cleanse,/gemstones/lepidolite,parent,(writer chooses descriptive anchor),proposed,the stone's hub page: full profile and properties
P-0113,/gemstones/lepidolite/how-to-cleanse,/gemstones/lepidolite/can-go-in-water,sibling,(writer chooses descriptive anchor),proposed,whether water cleansing is safe for this stone
P-0113,/gemstones/lepidolite/how-to-cleanse,/learn/how-to-cleanse-crystals,seed-parent,(writer chooses descriptive anchor),proposed,site-wide guide this stone-specific page specialises
P-0113,/gemstones/lepidolite/how-to-cleanse,/learn/how-to-charge-crystals,next-step,(writer chooses descriptive anchor),proposed,charging follows cleansing
P-0114,/gemstones/cats-eye/price-guide,/gemstones/cats-eye,parent,(writer chooses descriptive anchor),proposed,the stone's hub page: full profile and properties
P-0114,/gemstones/cats-eye/price-guide,/gemstones/cats-eye/how-to-identify,sibling,(writer chooses descriptive anchor),proposed,avoid paying real-stone prices for imitations
P-0114,/gemstones/cats-eye/price-guide,/learn/ethical-crystal-sourcing,seed-parent,(writer chooses descriptive anchor),proposed,site-wide guide this stone-specific page specialises
P-0114,/gemstones/cats-eye/price-guide,/learn/mohs-hardness-scale,lateral,(writer chooses descriptive anchor),proposed,durability affects value
P-0115,/gemstones/cats-eye/how-to-cleanse,/gemstones/cats-eye,parent,(writer chooses descriptive anchor),proposed,the stone's hub page: full profile and properties
P-0115,/gemstones/cats-eye/how-to-cleanse,/gemstones/cats-eye/can-go-in-water,sibling,(writer chooses descriptive anchor),proposed,whether water cleansing is safe for this stone
P-0115,/gemstones/cats-eye/how-to-cleanse,/learn/how-to-cleanse-crystals,seed-parent,(writer chooses descriptive anchor),proposed,site-wide guide this stone-specific page specialises
P-0115,/gemstones/cats-eye/how-to-cleanse,/learn/how-to-charge-crystals,next-step,(writer chooses descriptive anchor),proposed,charging follows cleansing
P-0116,/gemstones/cats-eye/can-go-in-water,/gemstones/cats-eye,parent,(writer chooses descriptive anchor),proposed,the stone's hub page: full profile and properties
P-0116,/gemstones/cats-eye/can-go-in-water,/gemstones/cats-eye/how-to-cleanse,sibling,(writer chooses descriptive anchor),proposed,water is one cleansing method among several
P-0116,/gemstones/cats-eye/can-go-in-water,/learn/what-crystals-can-go-in-water,seed-parent,(writer chooses descriptive anchor),proposed,site-wide guide this stone-specific page specialises
P-0116,/gemstones/cats-eye/can-go-in-water,/learn/salt-safe-crystals,lateral,(writer chooses descriptive anchor),proposed,salt cleansing is the common follow-up question
P-0116,/gemstones/cats-eye/can-go-in-water,/learn/sun-safe-crystals,lateral,(writer chooses descriptive anchor),proposed,sun charging after washing
P-0117,/gemstones/cats-eye/sleeping-with,/gemstones/cats-eye,parent,(writer chooses descriptive anchor),proposed,the stone's hub page: full profile and properties
P-0117,/gemstones/cats-eye/sleeping-with,/gemstones/cats-eye/who-should-not-wear,sibling,(writer chooses descriptive anchor),proposed,who should avoid night-time use
P-0117,/gemstones/cats-eye/sleeping-with,/gemstones/cats-eye/affirmations,sibling,(writer chooses descriptive anchor),proposed,bedtime affirmation routine
P-0117,/gemstones/cats-eye/sleeping-with,/crystals/crystals-for-sleep,seed-parent,(writer chooses descriptive anchor),proposed,site-wide guide this stone-specific page specialises
P-0118,/gemstones/cats-eye/how-to-identify,/gemstones/cats-eye,parent,(writer chooses descriptive anchor),proposed,the stone's hub page: full profile and properties
P-0118,/gemstones/cats-eye/how-to-identify,/gemstones/cats-eye/price-guide,sibling,(writer chooses descriptive anchor),proposed,price is an identification signal
P-0118,/gemstones/cats-eye/how-to-identify,/gemstones/cats-eye/meaning,sibling,(writer chooses descriptive anchor),proposed,what genuine material looks like
P-0118,/gemstones/cats-eye/how-to-identify,/learn/are-online-crystals-real,seed-parent,(writer chooses descriptive anchor),proposed,site-wide guide this stone-specific page specialises
P-0118,/gemstones/cats-eye/how-to-identify,/compare/lab-created-vs-natural-gemstones,lateral,(writer chooses descriptive anchor),proposed,lab-grown vs natural is a distinct question from fake vs real
P-0119,/gemstones/cats-eye/combinations,/gemstones/cats-eye,parent,(writer chooses descriptive anchor),proposed,the stone's hub page: full profile and properties
P-0119,/gemstones/cats-eye/combinations,/gemstones/cats-eye/meaning,sibling,(writer chooses descriptive anchor),proposed,the stone's own associations
P-0119,/gemstones/cats-eye/combinations,/gemstones/cats-eye/affirmations,sibling,(writer chooses descriptive anchor),proposed,pairing stones with intention
P-0119,/gemstones/cats-eye/combinations,/learn/crystal-grids,seed-parent,(writer chooses descriptive anchor),proposed,site-wide guide this stone-specific page specialises
P-0120,/gemstones/cats-eye/affirmations,/gemstones/cats-eye,parent,(writer chooses descriptive anchor),proposed,the stone's hub page: full profile and properties
P-0120,/gemstones/cats-eye/affirmations,/gemstones/cats-eye/meaning,sibling,(writer chooses descriptive anchor),proposed,associations the affirmations draw on
P-0120,/gemstones/cats-eye/affirmations,/gemstones/cats-eye/combinations,sibling,(writer chooses descriptive anchor),proposed,stones to hold alongside
P-0120,/gemstones/cats-eye/affirmations,/learn/how-to-program-crystals,seed-parent,(writer chooses descriptive anchor),proposed,site-wide guide this stone-specific page specialises
P-0121,/gemstones/citrine/how-to-cleanse,/gemstones/citrine,parent,(writer chooses descriptive anchor),proposed,the stone's hub page: full profile and properties
P-0121,/gemstones/citrine/how-to-cleanse,/gemstones/citrine/can-go-in-water,sibling,(writer chooses descriptive anchor),proposed,whether water cleansing is safe for this stone
P-0121,/gemstones/citrine/how-to-cleanse,/learn/how-to-cleanse-crystals,seed-parent,(writer chooses descriptive anchor),proposed,site-wide guide this stone-specific page specialises
P-0121,/gemstones/citrine/how-to-cleanse,/crystals/crystals-for-money,lateral,(writer chooses descriptive anchor),proposed,stone appears in this purpose guide
P-0121,/gemstones/citrine/how-to-cleanse,/crystals/crystals-for-confidence,lateral,(writer chooses descriptive anchor),proposed,stone appears in this purpose guide
P-0121,/gemstones/citrine/how-to-cleanse,/learn/how-to-charge-crystals,next-step,(writer chooses descriptive anchor),proposed,charging follows cleansing
P-0122,/gemstones/citrine/sleeping-with,/gemstones/citrine,parent,(writer chooses descriptive anchor),proposed,the stone's hub page: full profile and properties
P-0122,/gemstones/citrine/sleeping-with,/gemstones/citrine/who-should-not-wear,sibling,(writer chooses descriptive anchor),proposed,who should avoid night-time use
P-0122,/gemstones/citrine/sleeping-with,/gemstones/citrine/affirmations,sibling,(writer chooses descriptive anchor),proposed,bedtime affirmation routine
P-0122,/gemstones/citrine/sleeping-with,/crystals/crystals-for-sleep,seed-parent,(writer chooses descriptive anchor),proposed,site-wide guide this stone-specific page specialises
P-0122,/gemstones/citrine/sleeping-with,/crystals/crystals-for-money,lateral,(writer chooses descriptive anchor),proposed,stone appears in this purpose guide
P-0122,/gemstones/citrine/sleeping-with,/crystals/crystals-for-confidence,lateral,(writer chooses descriptive anchor),proposed,stone appears in this purpose guide
P-0123,/gemstones/citrine/meaning,/gemstones/citrine,parent,(writer chooses descriptive anchor),proposed,the stone's hub page: full profile and properties
P-0123,/gemstones/citrine/meaning,/gemstones/citrine/combinations,sibling,(writer chooses descriptive anchor),proposed,pairing follows meaning
P-0123,/gemstones/citrine/meaning,/gemstones/citrine/affirmations,sibling,(writer chooses descriptive anchor),proposed,using the stone intentionally
P-0123,/gemstones/citrine/meaning,/gemstones/citrine/who-should-not-wear,sibling,(writer chooses descriptive anchor),proposed,cautions before adopting the stone
P-0123,/gemstones/citrine/meaning,/learn/gemstone-vs-crystal-vs-mineral,seed-parent,(writer chooses descriptive anchor),proposed,site-wide guide this stone-specific page specialises
P-0123,/gemstones/citrine/meaning,/crystals/crystals-for-money,lateral,(writer chooses descriptive anchor),proposed,stone appears in this purpose guide
P-0123,/gemstones/citrine/meaning,/crystals/crystals-for-confidence,lateral,(writer chooses descriptive anchor),proposed,stone appears in this purpose guide
P-0123,/gemstones/citrine/meaning,/gemstones/zodiac/aries,taxonomy,(writer chooses descriptive anchor),proposed,zodiac filter page
P-0124,/gemstones/citrine/how-to-identify,/gemstones/citrine,parent,(writer chooses descriptive anchor),proposed,the stone's hub page: full profile and properties
P-0124,/gemstones/citrine/how-to-identify,/gemstones/citrine/price-guide,sibling,(writer chooses descriptive anchor),proposed,price is an identification signal
P-0124,/gemstones/citrine/how-to-identify,/gemstones/citrine/meaning,sibling,(writer chooses descriptive anchor),proposed,what genuine material looks like
P-0124,/gemstones/citrine/how-to-identify,/learn/are-online-crystals-real,seed-parent,(writer chooses descriptive anchor),proposed,site-wide guide this stone-specific page specialises
P-0124,/gemstones/citrine/how-to-identify,/crystals/crystals-for-money,lateral,(writer chooses descriptive anchor),proposed,stone appears in this purpose guide
P-0124,/gemstones/citrine/how-to-identify,/crystals/crystals-for-confidence,lateral,(writer chooses descriptive anchor),proposed,stone appears in this purpose guide
P-0124,/gemstones/citrine/how-to-identify,/compare/lab-created-vs-natural-gemstones,lateral,(writer chooses descriptive anchor),proposed,lab-grown vs natural is a distinct question from fake vs real
P-0125,/gemstones/citrine/price-guide,/gemstones/citrine,parent,(writer chooses descriptive anchor),proposed,the stone's hub page: full profile and properties
P-0125,/gemstones/citrine/price-guide,/gemstones/citrine/how-to-identify,sibling,(writer chooses descriptive anchor),proposed,avoid paying real-stone prices for imitations
P-0125,/gemstones/citrine/price-guide,/learn/ethical-crystal-sourcing,seed-parent,(writer chooses descriptive anchor),proposed,site-wide guide this stone-specific page specialises
P-0125,/gemstones/citrine/price-guide,/crystals/crystals-for-money,lateral,(writer chooses descriptive anchor),proposed,stone appears in this purpose guide
P-0125,/gemstones/citrine/price-guide,/crystals/crystals-for-confidence,lateral,(writer chooses descriptive anchor),proposed,stone appears in this purpose guide
P-0125,/gemstones/citrine/price-guide,/learn/mohs-hardness-scale,lateral,(writer chooses descriptive anchor),proposed,durability affects value
P-0126,/gemstones/citrine/combinations,/gemstones/citrine,parent,(writer chooses descriptive anchor),proposed,the stone's hub page: full profile and properties
P-0126,/gemstones/citrine/combinations,/gemstones/citrine/meaning,sibling,(writer chooses descriptive anchor),proposed,the stone's own associations
P-0126,/gemstones/citrine/combinations,/gemstones/citrine/affirmations,sibling,(writer chooses descriptive anchor),proposed,pairing stones with intention
P-0126,/gemstones/citrine/combinations,/learn/crystal-grids,seed-parent,(writer chooses descriptive anchor),proposed,site-wide guide this stone-specific page specialises
P-0126,/gemstones/citrine/combinations,/crystals/crystals-for-money,lateral,(writer chooses descriptive anchor),proposed,stone appears in this purpose guide
P-0126,/gemstones/citrine/combinations,/crystals/crystals-for-confidence,lateral,(writer chooses descriptive anchor),proposed,stone appears in this purpose guide
P-0127,/gemstones/citrine/affirmations,/gemstones/citrine,parent,(writer chooses descriptive anchor),proposed,the stone's hub page: full profile and properties
P-0127,/gemstones/citrine/affirmations,/gemstones/citrine/meaning,sibling,(writer chooses descriptive anchor),proposed,associations the affirmations draw on
P-0127,/gemstones/citrine/affirmations,/gemstones/citrine/combinations,sibling,(writer chooses descriptive anchor),proposed,stones to hold alongside
P-0127,/gemstones/citrine/affirmations,/learn/how-to-program-crystals,seed-parent,(writer chooses descriptive anchor),proposed,site-wide guide this stone-specific page specialises
P-0127,/gemstones/citrine/affirmations,/crystals/crystals-for-money,lateral,(writer chooses descriptive anchor),proposed,stone appears in this purpose guide
P-0127,/gemstones/citrine/affirmations,/crystals/crystals-for-confidence,lateral,(writer chooses descriptive anchor),proposed,stone appears in this purpose guide
P-0128,/gemstones/opal/meaning,/gemstones/opal,parent,(writer chooses descriptive anchor),proposed,the stone's hub page: full profile and properties
P-0128,/gemstones/opal/meaning,/gemstones/opal/combinations,sibling,(writer chooses descriptive anchor),proposed,pairing follows meaning
P-0128,/gemstones/opal/meaning,/gemstones/opal/affirmations,sibling,(writer chooses descriptive anchor),proposed,using the stone intentionally
P-0128,/gemstones/opal/meaning,/gemstones/opal/who-should-not-wear,sibling,(writer chooses descriptive anchor),proposed,cautions before adopting the stone
P-0128,/gemstones/opal/meaning,/learn/gemstone-vs-crystal-vs-mineral,seed-parent,(writer chooses descriptive anchor),proposed,site-wide guide this stone-specific page specialises
P-0128,/gemstones/opal/meaning,/crystals/crystals-for-creativity,lateral,(writer chooses descriptive anchor),proposed,stone appears in this purpose guide
P-0128,/gemstones/opal/meaning,/crystals/crystals-for-meditation,lateral,(writer chooses descriptive anchor),proposed,stone appears in this purpose guide
P-0128,/gemstones/opal/meaning,/gemstones/zodiac/libra,taxonomy,(writer chooses descriptive anchor),proposed,zodiac filter page
P-0129,/gemstones/moldavite/who-should-not-wear,/gemstones/moldavite,parent,(writer chooses descriptive anchor),proposed,the stone's hub page: full profile and properties
P-0129,/gemstones/moldavite/who-should-not-wear,/gemstones/moldavite/meaning,sibling,(writer chooses descriptive anchor),proposed,what the stone is traditionally for
P-0129,/gemstones/moldavite/who-should-not-wear,/gemstones/moldavite/sleeping-with,sibling,(writer chooses descriptive anchor),proposed,night-time use cautions
P-0129,/gemstones/moldavite/who-should-not-wear,/learn/crystal-healing-science,seed-parent,(writer chooses descriptive anchor),proposed,site-wide guide this stone-specific page specialises
P-0129,/gemstones/moldavite/who-should-not-wear,/crystals/crystals-for-self-love,lateral,(writer chooses descriptive anchor),proposed,stone appears in this purpose guide
P-0129,/gemstones/moldavite/who-should-not-wear,/crystals/crystals-for-meditation,lateral,(writer chooses descriptive anchor),proposed,stone appears in this purpose guide
P-0130,/gemstones/moldavite/how-to-identify,/gemstones/moldavite,parent,(writer chooses descriptive anchor),proposed,the stone's hub page: full profile and properties
P-0130,/gemstones/moldavite/how-to-identify,/gemstones/moldavite/price-guide,sibling,(writer chooses descriptive anchor),proposed,price is an identification signal
P-0130,/gemstones/moldavite/how-to-identify,/gemstones/moldavite/meaning,sibling,(writer chooses descriptive anchor),proposed,what genuine material looks like
P-0130,/gemstones/moldavite/how-to-identify,/learn/are-online-crystals-real,seed-parent,(writer chooses descriptive anchor),proposed,site-wide guide this stone-specific page specialises
P-0130,/gemstones/moldavite/how-to-identify,/crystals/crystals-for-self-love,lateral,(writer chooses descriptive anchor),proposed,stone appears in this purpose guide
P-0130,/gemstones/moldavite/how-to-identify,/crystals/crystals-for-meditation,lateral,(writer chooses descriptive anchor),proposed,stone appears in this purpose guide
P-0130,/gemstones/moldavite/how-to-identify,/compare/lab-created-vs-natural-gemstones,lateral,(writer chooses descriptive anchor),proposed,lab-grown vs natural is a distinct question from fake vs real
P-0131,/gemstones/moldavite/price-guide,/gemstones/moldavite,parent,(writer chooses descriptive anchor),proposed,the stone's hub page: full profile and properties
P-0131,/gemstones/moldavite/price-guide,/gemstones/moldavite/how-to-identify,sibling,(writer chooses descriptive anchor),proposed,avoid paying real-stone prices for imitations
P-0131,/gemstones/moldavite/price-guide,/learn/ethical-crystal-sourcing,seed-parent,(writer chooses descriptive anchor),proposed,site-wide guide this stone-specific page specialises
P-0131,/gemstones/moldavite/price-guide,/crystals/crystals-for-self-love,lateral,(writer chooses descriptive anchor),proposed,stone appears in this purpose guide
P-0131,/gemstones/moldavite/price-guide,/crystals/crystals-for-meditation,lateral,(writer chooses descriptive anchor),proposed,stone appears in this purpose guide
P-0131,/gemstones/moldavite/price-guide,/learn/mohs-hardness-scale,lateral,(writer chooses descriptive anchor),proposed,durability affects value
P-0132,/gemstones/moldavite/combinations,/gemstones/moldavite,parent,(writer chooses descriptive anchor),proposed,the stone's hub page: full profile and properties
P-0132,/gemstones/moldavite/combinations,/gemstones/moldavite/meaning,sibling,(writer chooses descriptive anchor),proposed,the stone's own associations
P-0132,/gemstones/moldavite/combinations,/gemstones/moldavite/affirmations,sibling,(writer chooses descriptive anchor),proposed,pairing stones with intention
P-0132,/gemstones/moldavite/combinations,/learn/crystal-grids,seed-parent,(writer chooses descriptive anchor),proposed,site-wide guide this stone-specific page specialises
P-0132,/gemstones/moldavite/combinations,/crystals/crystals-for-self-love,lateral,(writer chooses descriptive anchor),proposed,stone appears in this purpose guide
P-0132,/gemstones/moldavite/combinations,/crystals/crystals-for-meditation,lateral,(writer chooses descriptive anchor),proposed,stone appears in this purpose guide
P-0133,/gemstones/moldavite/affirmations,/gemstones/moldavite,parent,(writer chooses descriptive anchor),proposed,the stone's hub page: full profile and properties
P-0133,/gemstones/moldavite/affirmations,/gemstones/moldavite/meaning,sibling,(writer chooses descriptive anchor),proposed,associations the affirmations draw on
P-0133,/gemstones/moldavite/affirmations,/gemstones/moldavite/combinations,sibling,(writer chooses descriptive anchor),proposed,stones to hold alongside
P-0133,/gemstones/moldavite/affirmations,/learn/how-to-program-crystals,seed-parent,(writer chooses descriptive anchor),proposed,site-wide guide this stone-specific page specialises
P-0133,/gemstones/moldavite/affirmations,/crystals/crystals-for-self-love,lateral,(writer chooses descriptive anchor),proposed,stone appears in this purpose guide
P-0133,/gemstones/moldavite/affirmations,/crystals/crystals-for-meditation,lateral,(writer chooses descriptive anchor),proposed,stone appears in this purpose guide
P-0134,/gemstones/opal/how-to-cleanse,/gemstones/opal,parent,(writer chooses descriptive anchor),proposed,the stone's hub page: full profile and properties
P-0134,/gemstones/opal/how-to-cleanse,/gemstones/opal/can-go-in-water,sibling,(writer chooses descriptive anchor),proposed,whether water cleansing is safe for this stone
P-0134,/gemstones/opal/how-to-cleanse,/learn/how-to-cleanse-crystals,seed-parent,(writer chooses descriptive anchor),proposed,site-wide guide this stone-specific page specialises
P-0134,/gemstones/opal/how-to-cleanse,/crystals/crystals-for-creativity,lateral,(writer chooses descriptive anchor),proposed,stone appears in this purpose guide
P-0134,/gemstones/opal/how-to-cleanse,/crystals/crystals-for-meditation,lateral,(writer chooses descriptive anchor),proposed,stone appears in this purpose guide
P-0134,/gemstones/opal/how-to-cleanse,/learn/how-to-charge-crystals,next-step,(writer chooses descriptive anchor),proposed,charging follows cleansing
P-0135,/gemstones/opal/sleeping-with,/gemstones/opal,parent,(writer chooses descriptive anchor),proposed,the stone's hub page: full profile and properties
P-0135,/gemstones/opal/sleeping-with,/gemstones/opal/who-should-not-wear,sibling,(writer chooses descriptive anchor),proposed,who should avoid night-time use
P-0135,/gemstones/opal/sleeping-with,/gemstones/opal/affirmations,sibling,(writer chooses descriptive anchor),proposed,bedtime affirmation routine
P-0135,/gemstones/opal/sleeping-with,/crystals/crystals-for-sleep,seed-parent,(writer chooses descriptive anchor),proposed,site-wide guide this stone-specific page specialises
P-0135,/gemstones/opal/sleeping-with,/crystals/crystals-for-creativity,lateral,(writer chooses descriptive anchor),proposed,stone appears in this purpose guide
P-0135,/gemstones/opal/sleeping-with,/crystals/crystals-for-meditation,lateral,(writer chooses descriptive anchor),proposed,stone appears in this purpose guide
P-0136,/gemstones/opal/how-to-identify,/gemstones/opal,parent,(writer chooses descriptive anchor),proposed,the stone's hub page: full profile and properties
P-0136,/gemstones/opal/how-to-identify,/gemstones/opal/price-guide,sibling,(writer chooses descriptive anchor),proposed,price is an identification signal
P-0136,/gemstones/opal/how-to-identify,/gemstones/opal/meaning,sibling,(writer chooses descriptive anchor),proposed,what genuine material looks like
P-0136,/gemstones/opal/how-to-identify,/learn/are-online-crystals-real,seed-parent,(writer chooses descriptive anchor),proposed,site-wide guide this stone-specific page specialises
P-0136,/gemstones/opal/how-to-identify,/crystals/crystals-for-creativity,lateral,(writer chooses descriptive anchor),proposed,stone appears in this purpose guide
P-0136,/gemstones/opal/how-to-identify,/crystals/crystals-for-meditation,lateral,(writer chooses descriptive anchor),proposed,stone appears in this purpose guide
P-0136,/gemstones/opal/how-to-identify,/compare/lab-created-vs-natural-gemstones,lateral,(writer chooses descriptive anchor),proposed,lab-grown vs natural is a distinct question from fake vs real
P-0137,/gemstones/opal/price-guide,/gemstones/opal,parent,(writer chooses descriptive anchor),proposed,the stone's hub page: full profile and properties
P-0137,/gemstones/opal/price-guide,/gemstones/opal/how-to-identify,sibling,(writer chooses descriptive anchor),proposed,avoid paying real-stone prices for imitations
P-0137,/gemstones/opal/price-guide,/learn/ethical-crystal-sourcing,seed-parent,(writer chooses descriptive anchor),proposed,site-wide guide this stone-specific page specialises
P-0137,/gemstones/opal/price-guide,/crystals/crystals-for-creativity,lateral,(writer chooses descriptive anchor),proposed,stone appears in this purpose guide
P-0137,/gemstones/opal/price-guide,/crystals/crystals-for-meditation,lateral,(writer chooses descriptive anchor),proposed,stone appears in this purpose guide
P-0137,/gemstones/opal/price-guide,/learn/mohs-hardness-scale,lateral,(writer chooses descriptive anchor),proposed,durability affects value
P-0138,/gemstones/opal/combinations,/gemstones/opal,parent,(writer chooses descriptive anchor),proposed,the stone's hub page: full profile and properties
P-0138,/gemstones/opal/combinations,/gemstones/opal/meaning,sibling,(writer chooses descriptive anchor),proposed,the stone's own associations
P-0138,/gemstones/opal/combinations,/gemstones/opal/affirmations,sibling,(writer chooses descriptive anchor),proposed,pairing stones with intention
P-0138,/gemstones/opal/combinations,/learn/crystal-grids,seed-parent,(writer chooses descriptive anchor),proposed,site-wide guide this stone-specific page specialises
P-0138,/gemstones/opal/combinations,/crystals/crystals-for-creativity,lateral,(writer chooses descriptive anchor),proposed,stone appears in this purpose guide
P-0138,/gemstones/opal/combinations,/crystals/crystals-for-meditation,lateral,(writer chooses descriptive anchor),proposed,stone appears in this purpose guide
P-0139,/gemstones/opal/affirmations,/gemstones/opal,parent,(writer chooses descriptive anchor),proposed,the stone's hub page: full profile and properties
P-0139,/gemstones/opal/affirmations,/gemstones/opal/meaning,sibling,(writer chooses descriptive anchor),proposed,associations the affirmations draw on
P-0139,/gemstones/opal/affirmations,/gemstones/opal/combinations,sibling,(writer chooses descriptive anchor),proposed,stones to hold alongside
P-0139,/gemstones/opal/affirmations,/learn/how-to-program-crystals,seed-parent,(writer chooses descriptive anchor),proposed,site-wide guide this stone-specific page specialises
P-0139,/gemstones/opal/affirmations,/crystals/crystals-for-creativity,lateral,(writer chooses descriptive anchor),proposed,stone appears in this purpose guide
P-0139,/gemstones/opal/affirmations,/crystals/crystals-for-meditation,lateral,(writer chooses descriptive anchor),proposed,stone appears in this purpose guide
P-0140,/gemstones/howlite/how-to-cleanse,/gemstones/howlite,parent,(writer chooses descriptive anchor),proposed,the stone's hub page: full profile and properties
P-0140,/gemstones/howlite/how-to-cleanse,/gemstones/howlite/can-go-in-water,sibling,(writer chooses descriptive anchor),proposed,whether water cleansing is safe for this stone
P-0140,/gemstones/howlite/how-to-cleanse,/learn/how-to-cleanse-crystals,seed-parent,(writer chooses descriptive anchor),proposed,site-wide guide this stone-specific page specialises
P-0140,/gemstones/howlite/how-to-cleanse,/crystals/crystals-for-anxiety,lateral,(writer chooses descriptive anchor),proposed,stone appears in this purpose guide
P-0140,/gemstones/howlite/how-to-cleanse,/crystals/crystals-for-sleep,lateral,(writer chooses descriptive anchor),proposed,stone appears in this purpose guide
P-0140,/gemstones/howlite/how-to-cleanse,/learn/how-to-charge-crystals,next-step,(writer chooses descriptive anchor),proposed,charging follows cleansing
P-0141,/gemstones/moss-agate/who-should-not-wear,/gemstones/moss-agate,parent,(writer chooses descriptive anchor),proposed,the stone's hub page: full profile and properties
P-0141,/gemstones/moss-agate/who-should-not-wear,/gemstones/moss-agate/meaning,sibling,(writer chooses descriptive anchor),proposed,what the stone is traditionally for
P-0141,/gemstones/moss-agate/who-should-not-wear,/gemstones/moss-agate/sleeping-with,sibling,(writer chooses descriptive anchor),proposed,night-time use cautions
P-0141,/gemstones/moss-agate/who-should-not-wear,/learn/crystal-healing-science,seed-parent,(writer chooses descriptive anchor),proposed,site-wide guide this stone-specific page specialises
P-0142,/gemstones/moss-agate/how-to-cleanse,/gemstones/moss-agate,parent,(writer chooses descriptive anchor),proposed,the stone's hub page: full profile and properties
P-0142,/gemstones/moss-agate/how-to-cleanse,/gemstones/moss-agate/can-go-in-water,sibling,(writer chooses descriptive anchor),proposed,whether water cleansing is safe for this stone
P-0142,/gemstones/moss-agate/how-to-cleanse,/learn/how-to-cleanse-crystals,seed-parent,(writer chooses descriptive anchor),proposed,site-wide guide this stone-specific page specialises
P-0142,/gemstones/moss-agate/how-to-cleanse,/learn/how-to-charge-crystals,next-step,(writer chooses descriptive anchor),proposed,charging follows cleansing
P-0143,/gemstones/moss-agate/sleeping-with,/gemstones/moss-agate,parent,(writer chooses descriptive anchor),proposed,the stone's hub page: full profile and properties
P-0143,/gemstones/moss-agate/sleeping-with,/gemstones/moss-agate/who-should-not-wear,sibling,(writer chooses descriptive anchor),proposed,who should avoid night-time use
P-0143,/gemstones/moss-agate/sleeping-with,/gemstones/moss-agate/affirmations,sibling,(writer chooses descriptive anchor),proposed,bedtime affirmation routine
P-0143,/gemstones/moss-agate/sleeping-with,/crystals/crystals-for-sleep,seed-parent,(writer chooses descriptive anchor),proposed,site-wide guide this stone-specific page specialises
P-0144,/gemstones/moss-agate/how-to-identify,/gemstones/moss-agate,parent,(writer chooses descriptive anchor),proposed,the stone's hub page: full profile and properties
P-0144,/gemstones/moss-agate/how-to-identify,/gemstones/moss-agate/price-guide,sibling,(writer chooses descriptive anchor),proposed,price is an identification signal
P-0144,/gemstones/moss-agate/how-to-identify,/gemstones/moss-agate/meaning,sibling,(writer chooses descriptive anchor),proposed,what genuine material looks like
P-0144,/gemstones/moss-agate/how-to-identify,/learn/are-online-crystals-real,seed-parent,(writer chooses descriptive anchor),proposed,site-wide guide this stone-specific page specialises
P-0144,/gemstones/moss-agate/how-to-identify,/compare/lab-created-vs-natural-gemstones,lateral,(writer chooses descriptive anchor),proposed,lab-grown vs natural is a distinct question from fake vs real
P-0145,/gemstones/moss-agate/price-guide,/gemstones/moss-agate,parent,(writer chooses descriptive anchor),proposed,the stone's hub page: full profile and properties
P-0145,/gemstones/moss-agate/price-guide,/gemstones/moss-agate/how-to-identify,sibling,(writer chooses descriptive anchor),proposed,avoid paying real-stone prices for imitations
P-0145,/gemstones/moss-agate/price-guide,/learn/ethical-crystal-sourcing,seed-parent,(writer chooses descriptive anchor),proposed,site-wide guide this stone-specific page specialises
P-0145,/gemstones/moss-agate/price-guide,/learn/mohs-hardness-scale,lateral,(writer chooses descriptive anchor),proposed,durability affects value
P-0146,/gemstones/moss-agate/combinations,/gemstones/moss-agate,parent,(writer chooses descriptive anchor),proposed,the stone's hub page: full profile and properties
P-0146,/gemstones/moss-agate/combinations,/gemstones/moss-agate/meaning,sibling,(writer chooses descriptive anchor),proposed,the stone's own associations
P-0146,/gemstones/moss-agate/combinations,/gemstones/moss-agate/affirmations,sibling,(writer chooses descriptive anchor),proposed,pairing stones with intention
P-0146,/gemstones/moss-agate/combinations,/learn/crystal-grids,seed-parent,(writer chooses descriptive anchor),proposed,site-wide guide this stone-specific page specialises
P-0147,/gemstones/moss-agate/affirmations,/gemstones/moss-agate,parent,(writer chooses descriptive anchor),proposed,the stone's hub page: full profile and properties
P-0147,/gemstones/moss-agate/affirmations,/gemstones/moss-agate/meaning,sibling,(writer chooses descriptive anchor),proposed,associations the affirmations draw on
P-0147,/gemstones/moss-agate/affirmations,/gemstones/moss-agate/combinations,sibling,(writer chooses descriptive anchor),proposed,stones to hold alongside
P-0147,/gemstones/moss-agate/affirmations,/learn/how-to-program-crystals,seed-parent,(writer chooses descriptive anchor),proposed,site-wide guide this stone-specific page specialises
P-0148,/gemstones/obsidian/meaning,/gemstones/obsidian,parent,(writer chooses descriptive anchor),proposed,the stone's hub page: full profile and properties
P-0148,/gemstones/obsidian/meaning,/gemstones/obsidian/combinations,sibling,(writer chooses descriptive anchor),proposed,pairing follows meaning
P-0148,/gemstones/obsidian/meaning,/gemstones/obsidian/affirmations,sibling,(writer chooses descriptive anchor),proposed,using the stone intentionally
P-0148,/gemstones/obsidian/meaning,/gemstones/obsidian/who-should-not-wear,sibling,(writer chooses descriptive anchor),proposed,cautions before adopting the stone
P-0148,/gemstones/obsidian/meaning,/learn/gemstone-vs-crystal-vs-mineral,seed-parent,(writer chooses descriptive anchor),proposed,site-wide guide this stone-specific page specialises
P-0148,/gemstones/obsidian/meaning,/crystals/crystals-for-protection,lateral,(writer chooses descriptive anchor),proposed,stone appears in this purpose guide
P-0148,/gemstones/obsidian/meaning,/crystals/crystals-for-grounding,lateral,(writer chooses descriptive anchor),proposed,stone appears in this purpose guide
P-0148,/gemstones/obsidian/meaning,/gemstones/zodiac/scorpio,taxonomy,(writer chooses descriptive anchor),proposed,zodiac filter page
P-0149,/gemstones/obsidian/who-should-not-wear,/gemstones/obsidian,parent,(writer chooses descriptive anchor),proposed,the stone's hub page: full profile and properties
P-0149,/gemstones/obsidian/who-should-not-wear,/gemstones/obsidian/meaning,sibling,(writer chooses descriptive anchor),proposed,what the stone is traditionally for
P-0149,/gemstones/obsidian/who-should-not-wear,/gemstones/obsidian/sleeping-with,sibling,(writer chooses descriptive anchor),proposed,night-time use cautions
P-0149,/gemstones/obsidian/who-should-not-wear,/learn/crystal-healing-science,seed-parent,(writer chooses descriptive anchor),proposed,site-wide guide this stone-specific page specialises
P-0149,/gemstones/obsidian/who-should-not-wear,/crystals/crystals-for-protection,lateral,(writer chooses descriptive anchor),proposed,stone appears in this purpose guide
P-0149,/gemstones/obsidian/who-should-not-wear,/crystals/crystals-for-grounding,lateral,(writer chooses descriptive anchor),proposed,stone appears in this purpose guide
P-0150,/gemstones/obsidian/sleeping-with,/gemstones/obsidian,parent,(writer chooses descriptive anchor),proposed,the stone's hub page: full profile and properties
P-0150,/gemstones/obsidian/sleeping-with,/gemstones/obsidian/who-should-not-wear,sibling,(writer chooses descriptive anchor),proposed,who should avoid night-time use
P-0150,/gemstones/obsidian/sleeping-with,/gemstones/obsidian/affirmations,sibling,(writer chooses descriptive anchor),proposed,bedtime affirmation routine
P-0150,/gemstones/obsidian/sleeping-with,/crystals/crystals-for-sleep,seed-parent,(writer chooses descriptive anchor),proposed,site-wide guide this stone-specific page specialises
P-0150,/gemstones/obsidian/sleeping-with,/crystals/crystals-for-protection,lateral,(writer chooses descriptive anchor),proposed,stone appears in this purpose guide
P-0150,/gemstones/obsidian/sleeping-with,/crystals/crystals-for-grounding,lateral,(writer chooses descriptive anchor),proposed,stone appears in this purpose guide
P-0151,/gemstones/obsidian/how-to-identify,/gemstones/obsidian,parent,(writer chooses descriptive anchor),proposed,the stone's hub page: full profile and properties
P-0151,/gemstones/obsidian/how-to-identify,/gemstones/obsidian/price-guide,sibling,(writer chooses descriptive anchor),proposed,price is an identification signal
P-0151,/gemstones/obsidian/how-to-identify,/gemstones/obsidian/meaning,sibling,(writer chooses descriptive anchor),proposed,what genuine material looks like
P-0151,/gemstones/obsidian/how-to-identify,/learn/are-online-crystals-real,seed-parent,(writer chooses descriptive anchor),proposed,site-wide guide this stone-specific page specialises
P-0151,/gemstones/obsidian/how-to-identify,/crystals/crystals-for-protection,lateral,(writer chooses descriptive anchor),proposed,stone appears in this purpose guide
P-0151,/gemstones/obsidian/how-to-identify,/crystals/crystals-for-grounding,lateral,(writer chooses descriptive anchor),proposed,stone appears in this purpose guide
P-0151,/gemstones/obsidian/how-to-identify,/compare/lab-created-vs-natural-gemstones,lateral,(writer chooses descriptive anchor),proposed,lab-grown vs natural is a distinct question from fake vs real
P-0152,/gemstones/obsidian/price-guide,/gemstones/obsidian,parent,(writer chooses descriptive anchor),proposed,the stone's hub page: full profile and properties
P-0152,/gemstones/obsidian/price-guide,/gemstones/obsidian/how-to-identify,sibling,(writer chooses descriptive anchor),proposed,avoid paying real-stone prices for imitations
P-0152,/gemstones/obsidian/price-guide,/learn/ethical-crystal-sourcing,seed-parent,(writer chooses descriptive anchor),proposed,site-wide guide this stone-specific page specialises
P-0152,/gemstones/obsidian/price-guide,/crystals/crystals-for-protection,lateral,(writer chooses descriptive anchor),proposed,stone appears in this purpose guide
P-0152,/gemstones/obsidian/price-guide,/crystals/crystals-for-grounding,lateral,(writer chooses descriptive anchor),proposed,stone appears in this purpose guide
P-0152,/gemstones/obsidian/price-guide,/learn/mohs-hardness-scale,lateral,(writer chooses descriptive anchor),proposed,durability affects value
P-0153,/gemstones/obsidian/combinations,/gemstones/obsidian,parent,(writer chooses descriptive anchor),proposed,the stone's hub page: full profile and properties
P-0153,/gemstones/obsidian/combinations,/gemstones/obsidian/meaning,sibling,(writer chooses descriptive anchor),proposed,the stone's own associations
P-0153,/gemstones/obsidian/combinations,/gemstones/obsidian/affirmations,sibling,(writer chooses descriptive anchor),proposed,pairing stones with intention
P-0153,/gemstones/obsidian/combinations,/learn/crystal-grids,seed-parent,(writer chooses descriptive anchor),proposed,site-wide guide this stone-specific page specialises
P-0153,/gemstones/obsidian/combinations,/crystals/crystals-for-protection,lateral,(writer chooses descriptive anchor),proposed,stone appears in this purpose guide
P-0153,/gemstones/obsidian/combinations,/crystals/crystals-for-grounding,lateral,(writer chooses descriptive anchor),proposed,stone appears in this purpose guide
P-0154,/gemstones/obsidian/affirmations,/gemstones/obsidian,parent,(writer chooses descriptive anchor),proposed,the stone's hub page: full profile and properties
P-0154,/gemstones/obsidian/affirmations,/gemstones/obsidian/meaning,sibling,(writer chooses descriptive anchor),proposed,associations the affirmations draw on
P-0154,/gemstones/obsidian/affirmations,/gemstones/obsidian/combinations,sibling,(writer chooses descriptive anchor),proposed,stones to hold alongside
P-0154,/gemstones/obsidian/affirmations,/learn/how-to-program-crystals,seed-parent,(writer chooses descriptive anchor),proposed,site-wide guide this stone-specific page specialises
P-0154,/gemstones/obsidian/affirmations,/crystals/crystals-for-protection,lateral,(writer chooses descriptive anchor),proposed,stone appears in this purpose guide
P-0154,/gemstones/obsidian/affirmations,/crystals/crystals-for-grounding,lateral,(writer chooses descriptive anchor),proposed,stone appears in this purpose guide
P-0155,/gemstones/opalite/who-should-not-wear,/gemstones/opalite,parent,(writer chooses descriptive anchor),proposed,the stone's hub page: full profile and properties
P-0155,/gemstones/opalite/who-should-not-wear,/gemstones/opalite/meaning,sibling,(writer chooses descriptive anchor),proposed,what the stone is traditionally for
P-0155,/gemstones/opalite/who-should-not-wear,/gemstones/opalite/sleeping-with,sibling,(writer chooses descriptive anchor),proposed,night-time use cautions
P-0155,/gemstones/opalite/who-should-not-wear,/learn/crystal-healing-science,seed-parent,(writer chooses descriptive anchor),proposed,site-wide guide this stone-specific page specialises
P-0156,/gemstones/opalite/sleeping-with,/gemstones/opalite,parent,(writer chooses descriptive anchor),proposed,the stone's hub page: full profile and properties
P-0156,/gemstones/opalite/sleeping-with,/gemstones/opalite/who-should-not-wear,sibling,(writer chooses descriptive anchor),proposed,who should avoid night-time use
P-0156,/gemstones/opalite/sleeping-with,/gemstones/opalite/affirmations,sibling,(writer chooses descriptive anchor),proposed,bedtime affirmation routine
P-0156,/gemstones/opalite/sleeping-with,/crystals/crystals-for-sleep,seed-parent,(writer chooses descriptive anchor),proposed,site-wide guide this stone-specific page specialises
P-0157,/gemstones/opalite/how-to-identify,/gemstones/opalite,parent,(writer chooses descriptive anchor),proposed,the stone's hub page: full profile and properties
P-0157,/gemstones/opalite/how-to-identify,/gemstones/opalite/price-guide,sibling,(writer chooses descriptive anchor),proposed,price is an identification signal
P-0157,/gemstones/opalite/how-to-identify,/gemstones/opalite/meaning,sibling,(writer chooses descriptive anchor),proposed,what genuine material looks like
P-0157,/gemstones/opalite/how-to-identify,/learn/are-online-crystals-real,seed-parent,(writer chooses descriptive anchor),proposed,site-wide guide this stone-specific page specialises
P-0157,/gemstones/opalite/how-to-identify,/compare/lab-created-vs-natural-gemstones,lateral,(writer chooses descriptive anchor),proposed,lab-grown vs natural is a distinct question from fake vs real
P-0158,/gemstones/opalite/price-guide,/gemstones/opalite,parent,(writer chooses descriptive anchor),proposed,the stone's hub page: full profile and properties
P-0158,/gemstones/opalite/price-guide,/gemstones/opalite/how-to-identify,sibling,(writer chooses descriptive anchor),proposed,avoid paying real-stone prices for imitations
P-0158,/gemstones/opalite/price-guide,/learn/ethical-crystal-sourcing,seed-parent,(writer chooses descriptive anchor),proposed,site-wide guide this stone-specific page specialises
P-0158,/gemstones/opalite/price-guide,/learn/mohs-hardness-scale,lateral,(writer chooses descriptive anchor),proposed,durability affects value
P-0159,/gemstones/opalite/combinations,/gemstones/opalite,parent,(writer chooses descriptive anchor),proposed,the stone's hub page: full profile and properties
P-0159,/gemstones/opalite/combinations,/gemstones/opalite/meaning,sibling,(writer chooses descriptive anchor),proposed,the stone's own associations
P-0159,/gemstones/opalite/combinations,/gemstones/opalite/affirmations,sibling,(writer chooses descriptive anchor),proposed,pairing stones with intention
P-0159,/gemstones/opalite/combinations,/learn/crystal-grids,seed-parent,(writer chooses descriptive anchor),proposed,site-wide guide this stone-specific page specialises
P-0160,/gemstones/opalite/affirmations,/gemstones/opalite,parent,(writer chooses descriptive anchor),proposed,the stone's hub page: full profile and properties
P-0160,/gemstones/opalite/affirmations,/gemstones/opalite/meaning,sibling,(writer chooses descriptive anchor),proposed,associations the affirmations draw on
P-0160,/gemstones/opalite/affirmations,/gemstones/opalite/combinations,sibling,(writer chooses descriptive anchor),proposed,stones to hold alongside
P-0160,/gemstones/opalite/affirmations,/learn/how-to-program-crystals,seed-parent,(writer chooses descriptive anchor),proposed,site-wide guide this stone-specific page specialises
P-0161,/gemstones/moonstone/who-should-not-wear,/gemstones/moonstone,parent,(writer chooses descriptive anchor),proposed,the stone's hub page: full profile and properties
P-0161,/gemstones/moonstone/who-should-not-wear,/gemstones/moonstone/meaning,sibling,(writer chooses descriptive anchor),proposed,what the stone is traditionally for
P-0161,/gemstones/moonstone/who-should-not-wear,/gemstones/moonstone/sleeping-with,sibling,(writer chooses descriptive anchor),proposed,night-time use cautions
P-0161,/gemstones/moonstone/who-should-not-wear,/learn/crystal-healing-science,seed-parent,(writer chooses descriptive anchor),proposed,site-wide guide this stone-specific page specialises
P-0161,/gemstones/moonstone/who-should-not-wear,/crystals/crystals-for-meditation,lateral,(writer chooses descriptive anchor),proposed,stone appears in this purpose guide
P-0161,/gemstones/moonstone/who-should-not-wear,/crystals/crystals-for-grief,lateral,(writer chooses descriptive anchor),proposed,stone appears in this purpose guide
P-0162,/gemstones/moonstone/how-to-cleanse,/gemstones/moonstone,parent,(writer chooses descriptive anchor),proposed,the stone's hub page: full profile and properties
P-0162,/gemstones/moonstone/how-to-cleanse,/gemstones/moonstone/can-go-in-water,sibling,(writer chooses descriptive anchor),proposed,whether water cleansing is safe for this stone
P-0162,/gemstones/moonstone/how-to-cleanse,/learn/how-to-cleanse-crystals,seed-parent,(writer chooses descriptive anchor),proposed,site-wide guide this stone-specific page specialises
P-0162,/gemstones/moonstone/how-to-cleanse,/crystals/crystals-for-meditation,lateral,(writer chooses descriptive anchor),proposed,stone appears in this purpose guide
P-0162,/gemstones/moonstone/how-to-cleanse,/crystals/crystals-for-grief,lateral,(writer chooses descriptive anchor),proposed,stone appears in this purpose guide
P-0162,/gemstones/moonstone/how-to-cleanse,/learn/how-to-charge-crystals,next-step,(writer chooses descriptive anchor),proposed,charging follows cleansing
P-0163,/gemstones/moonstone/sleeping-with,/gemstones/moonstone,parent,(writer chooses descriptive anchor),proposed,the stone's hub page: full profile and properties
P-0163,/gemstones/moonstone/sleeping-with,/gemstones/moonstone/who-should-not-wear,sibling,(writer chooses descriptive anchor),proposed,who should avoid night-time use
P-0163,/gemstones/moonstone/sleeping-with,/gemstones/moonstone/affirmations,sibling,(writer chooses descriptive anchor),proposed,bedtime affirmation routine
P-0163,/gemstones/moonstone/sleeping-with,/crystals/crystals-for-sleep,seed-parent,(writer chooses descriptive anchor),proposed,site-wide guide this stone-specific page specialises
P-0163,/gemstones/moonstone/sleeping-with,/crystals/crystals-for-meditation,lateral,(writer chooses descriptive anchor),proposed,stone appears in this purpose guide
P-0163,/gemstones/moonstone/sleeping-with,/crystals/crystals-for-grief,lateral,(writer chooses descriptive anchor),proposed,stone appears in this purpose guide
P-0164,/gemstones/moonstone/how-to-identify,/gemstones/moonstone,parent,(writer chooses descriptive anchor),proposed,the stone's hub page: full profile and properties
P-0164,/gemstones/moonstone/how-to-identify,/gemstones/moonstone/price-guide,sibling,(writer chooses descriptive anchor),proposed,price is an identification signal
P-0164,/gemstones/moonstone/how-to-identify,/gemstones/moonstone/meaning,sibling,(writer chooses descriptive anchor),proposed,what genuine material looks like
P-0164,/gemstones/moonstone/how-to-identify,/learn/are-online-crystals-real,seed-parent,(writer chooses descriptive anchor),proposed,site-wide guide this stone-specific page specialises
P-0164,/gemstones/moonstone/how-to-identify,/crystals/crystals-for-meditation,lateral,(writer chooses descriptive anchor),proposed,stone appears in this purpose guide
P-0164,/gemstones/moonstone/how-to-identify,/crystals/crystals-for-grief,lateral,(writer chooses descriptive anchor),proposed,stone appears in this purpose guide
P-0164,/gemstones/moonstone/how-to-identify,/compare/lab-created-vs-natural-gemstones,lateral,(writer chooses descriptive anchor),proposed,lab-grown vs natural is a distinct question from fake vs real
P-0165,/gemstones/moonstone/price-guide,/gemstones/moonstone,parent,(writer chooses descriptive anchor),proposed,the stone's hub page: full profile and properties
P-0165,/gemstones/moonstone/price-guide,/gemstones/moonstone/how-to-identify,sibling,(writer chooses descriptive anchor),proposed,avoid paying real-stone prices for imitations
P-0165,/gemstones/moonstone/price-guide,/learn/ethical-crystal-sourcing,seed-parent,(writer chooses descriptive anchor),proposed,site-wide guide this stone-specific page specialises
P-0165,/gemstones/moonstone/price-guide,/crystals/crystals-for-meditation,lateral,(writer chooses descriptive anchor),proposed,stone appears in this purpose guide
P-0165,/gemstones/moonstone/price-guide,/crystals/crystals-for-grief,lateral,(writer chooses descriptive anchor),proposed,stone appears in this purpose guide
P-0165,/gemstones/moonstone/price-guide,/learn/mohs-hardness-scale,lateral,(writer chooses descriptive anchor),proposed,durability affects value
P-0166,/gemstones/moonstone/combinations,/gemstones/moonstone,parent,(writer chooses descriptive anchor),proposed,the stone's hub page: full profile and properties
P-0166,/gemstones/moonstone/combinations,/gemstones/moonstone/meaning,sibling,(writer chooses descriptive anchor),proposed,the stone's own associations
P-0166,/gemstones/moonstone/combinations,/gemstones/moonstone/affirmations,sibling,(writer chooses descriptive anchor),proposed,pairing stones with intention
P-0166,/gemstones/moonstone/combinations,/learn/crystal-grids,seed-parent,(writer chooses descriptive anchor),proposed,site-wide guide this stone-specific page specialises
P-0166,/gemstones/moonstone/combinations,/crystals/crystals-for-meditation,lateral,(writer chooses descriptive anchor),proposed,stone appears in this purpose guide
P-0166,/gemstones/moonstone/combinations,/crystals/crystals-for-grief,lateral,(writer chooses descriptive anchor),proposed,stone appears in this purpose guide
P-0167,/gemstones/moonstone/affirmations,/gemstones/moonstone,parent,(writer chooses descriptive anchor),proposed,the stone's hub page: full profile and properties
P-0167,/gemstones/moonstone/affirmations,/gemstones/moonstone/meaning,sibling,(writer chooses descriptive anchor),proposed,associations the affirmations draw on
P-0167,/gemstones/moonstone/affirmations,/gemstones/moonstone/combinations,sibling,(writer chooses descriptive anchor),proposed,stones to hold alongside
P-0167,/gemstones/moonstone/affirmations,/learn/how-to-program-crystals,seed-parent,(writer chooses descriptive anchor),proposed,site-wide guide this stone-specific page specialises
P-0167,/gemstones/moonstone/affirmations,/crystals/crystals-for-meditation,lateral,(writer chooses descriptive anchor),proposed,stone appears in this purpose guide
P-0167,/gemstones/moonstone/affirmations,/crystals/crystals-for-grief,lateral,(writer chooses descriptive anchor),proposed,stone appears in this purpose guide
P-0168,/gemstones/indian-agate/who-should-not-wear,/gemstones/indian-agate,parent,(writer chooses descriptive anchor),proposed,the stone's hub page: full profile and properties
P-0168,/gemstones/indian-agate/who-should-not-wear,/gemstones/indian-agate/meaning,sibling,(writer chooses descriptive anchor),proposed,what the stone is traditionally for
P-0168,/gemstones/indian-agate/who-should-not-wear,/gemstones/indian-agate/sleeping-with,sibling,(writer chooses descriptive anchor),proposed,night-time use cautions
P-0168,/gemstones/indian-agate/who-should-not-wear,/learn/crystal-healing-science,seed-parent,(writer chooses descriptive anchor),proposed,site-wide guide this stone-specific page specialises
P-0169,/gemstones/indian-agate/how-to-cleanse,/gemstones/indian-agate,parent,(writer chooses descriptive anchor),proposed,the stone's hub page: full profile and properties
P-0169,/gemstones/indian-agate/how-to-cleanse,/gemstones/indian-agate/can-go-in-water,sibling,(writer chooses descriptive anchor),proposed,whether water cleansing is safe for this stone
P-0169,/gemstones/indian-agate/how-to-cleanse,/learn/how-to-cleanse-crystals,seed-parent,(writer chooses descriptive anchor),proposed,site-wide guide this stone-specific page specialises
P-0169,/gemstones/indian-agate/how-to-cleanse,/learn/how-to-charge-crystals,next-step,(writer chooses descriptive anchor),proposed,charging follows cleansing
P-0170,/gemstones/indian-agate/can-go-in-water,/gemstones/indian-agate,parent,(writer chooses descriptive anchor),proposed,the stone's hub page: full profile and properties
P-0170,/gemstones/indian-agate/can-go-in-water,/gemstones/indian-agate/how-to-cleanse,sibling,(writer chooses descriptive anchor),proposed,water is one cleansing method among several
P-0170,/gemstones/indian-agate/can-go-in-water,/learn/what-crystals-can-go-in-water,seed-parent,(writer chooses descriptive anchor),proposed,site-wide guide this stone-specific page specialises
P-0170,/gemstones/indian-agate/can-go-in-water,/learn/salt-safe-crystals,lateral,(writer chooses descriptive anchor),proposed,salt cleansing is the common follow-up question
P-0170,/gemstones/indian-agate/can-go-in-water,/learn/sun-safe-crystals,lateral,(writer chooses descriptive anchor),proposed,sun charging after washing
P-0171,/gemstones/indian-agate/sleeping-with,/gemstones/indian-agate,parent,(writer chooses descriptive anchor),proposed,the stone's hub page: full profile and properties
P-0171,/gemstones/indian-agate/sleeping-with,/gemstones/indian-agate/who-should-not-wear,sibling,(writer chooses descriptive anchor),proposed,who should avoid night-time use
P-0171,/gemstones/indian-agate/sleeping-with,/gemstones/indian-agate/affirmations,sibling,(writer chooses descriptive anchor),proposed,bedtime affirmation routine
P-0171,/gemstones/indian-agate/sleeping-with,/crystals/crystals-for-sleep,seed-parent,(writer chooses descriptive anchor),proposed,site-wide guide this stone-specific page specialises
P-0172,/gemstones/indian-agate/how-to-identify,/gemstones/indian-agate,parent,(writer chooses descriptive anchor),proposed,the stone's hub page: full profile and properties
P-0172,/gemstones/indian-agate/how-to-identify,/gemstones/indian-agate/price-guide,sibling,(writer chooses descriptive anchor),proposed,price is an identification signal
P-0172,/gemstones/indian-agate/how-to-identify,/gemstones/indian-agate/meaning,sibling,(writer chooses descriptive anchor),proposed,what genuine material looks like
P-0172,/gemstones/indian-agate/how-to-identify,/learn/are-online-crystals-real,seed-parent,(writer chooses descriptive anchor),proposed,site-wide guide this stone-specific page specialises
P-0172,/gemstones/indian-agate/how-to-identify,/compare/lab-created-vs-natural-gemstones,lateral,(writer chooses descriptive anchor),proposed,lab-grown vs natural is a distinct question from fake vs real
P-0173,/gemstones/indian-agate/price-guide,/gemstones/indian-agate,parent,(writer chooses descriptive anchor),proposed,the stone's hub page: full profile and properties
P-0173,/gemstones/indian-agate/price-guide,/gemstones/indian-agate/how-to-identify,sibling,(writer chooses descriptive anchor),proposed,avoid paying real-stone prices for imitations
P-0173,/gemstones/indian-agate/price-guide,/learn/ethical-crystal-sourcing,seed-parent,(writer chooses descriptive anchor),proposed,site-wide guide this stone-specific page specialises
P-0173,/gemstones/indian-agate/price-guide,/learn/mohs-hardness-scale,lateral,(writer chooses descriptive anchor),proposed,durability affects value
P-0174,/gemstones/indian-agate/combinations,/gemstones/indian-agate,parent,(writer chooses descriptive anchor),proposed,the stone's hub page: full profile and properties
P-0174,/gemstones/indian-agate/combinations,/gemstones/indian-agate/meaning,sibling,(writer chooses descriptive anchor),proposed,the stone's own associations
P-0174,/gemstones/indian-agate/combinations,/gemstones/indian-agate/affirmations,sibling,(writer chooses descriptive anchor),proposed,pairing stones with intention
P-0174,/gemstones/indian-agate/combinations,/learn/crystal-grids,seed-parent,(writer chooses descriptive anchor),proposed,site-wide guide this stone-specific page specialises
P-0175,/gemstones/indian-agate/affirmations,/gemstones/indian-agate,parent,(writer chooses descriptive anchor),proposed,the stone's hub page: full profile and properties
P-0175,/gemstones/indian-agate/affirmations,/gemstones/indian-agate/meaning,sibling,(writer chooses descriptive anchor),proposed,associations the affirmations draw on
P-0175,/gemstones/indian-agate/affirmations,/gemstones/indian-agate/combinations,sibling,(writer chooses descriptive anchor),proposed,stones to hold alongside
P-0175,/gemstones/indian-agate/affirmations,/learn/how-to-program-crystals,seed-parent,(writer chooses descriptive anchor),proposed,site-wide guide this stone-specific page specialises
P-0176,/gemstones/malachite/who-should-not-wear,/gemstones/malachite,parent,(writer chooses descriptive anchor),proposed,the stone's hub page: full profile and properties
P-0176,/gemstones/malachite/who-should-not-wear,/gemstones/malachite/meaning,sibling,(writer chooses descriptive anchor),proposed,what the stone is traditionally for
P-0176,/gemstones/malachite/who-should-not-wear,/gemstones/malachite/sleeping-with,sibling,(writer chooses descriptive anchor),proposed,night-time use cautions
P-0176,/gemstones/malachite/who-should-not-wear,/learn/crystal-healing-science,seed-parent,(writer chooses descriptive anchor),proposed,site-wide guide this stone-specific page specialises
P-0176,/gemstones/malachite/who-should-not-wear,/crystals/crystals-for-self-love,lateral,(writer chooses descriptive anchor),proposed,stone appears in this purpose guide
P-0176,/gemstones/malachite/who-should-not-wear,/crystals/crystals-for-protection,lateral,(writer chooses descriptive anchor),proposed,stone appears in this purpose guide
P-0177,/gemstones/malachite/sleeping-with,/gemstones/malachite,parent,(writer chooses descriptive anchor),proposed,the stone's hub page: full profile and properties
P-0177,/gemstones/malachite/sleeping-with,/gemstones/malachite/who-should-not-wear,sibling,(writer chooses descriptive anchor),proposed,who should avoid night-time use
P-0177,/gemstones/malachite/sleeping-with,/gemstones/malachite/affirmations,sibling,(writer chooses descriptive anchor),proposed,bedtime affirmation routine
P-0177,/gemstones/malachite/sleeping-with,/crystals/crystals-for-sleep,seed-parent,(writer chooses descriptive anchor),proposed,site-wide guide this stone-specific page specialises
P-0177,/gemstones/malachite/sleeping-with,/crystals/crystals-for-self-love,lateral,(writer chooses descriptive anchor),proposed,stone appears in this purpose guide
P-0177,/gemstones/malachite/sleeping-with,/crystals/crystals-for-protection,lateral,(writer chooses descriptive anchor),proposed,stone appears in this purpose guide
P-0178,/gemstones/malachite/meaning,/gemstones/malachite,parent,(writer chooses descriptive anchor),proposed,the stone's hub page: full profile and properties
P-0178,/gemstones/malachite/meaning,/gemstones/malachite/combinations,sibling,(writer chooses descriptive anchor),proposed,pairing follows meaning
P-0178,/gemstones/malachite/meaning,/gemstones/malachite/affirmations,sibling,(writer chooses descriptive anchor),proposed,using the stone intentionally
P-0178,/gemstones/malachite/meaning,/gemstones/malachite/who-should-not-wear,sibling,(writer chooses descriptive anchor),proposed,cautions before adopting the stone
P-0178,/gemstones/malachite/meaning,/learn/gemstone-vs-crystal-vs-mineral,seed-parent,(writer chooses descriptive anchor),proposed,site-wide guide this stone-specific page specialises
P-0178,/gemstones/malachite/meaning,/crystals/crystals-for-self-love,lateral,(writer chooses descriptive anchor),proposed,stone appears in this purpose guide
P-0178,/gemstones/malachite/meaning,/crystals/crystals-for-protection,lateral,(writer chooses descriptive anchor),proposed,stone appears in this purpose guide
P-0178,/gemstones/malachite/meaning,/gemstones/zodiac/capricorn,taxonomy,(writer chooses descriptive anchor),proposed,zodiac filter page
P-0179,/gemstones/malachite/how-to-identify,/gemstones/malachite,parent,(writer chooses descriptive anchor),proposed,the stone's hub page: full profile and properties
P-0179,/gemstones/malachite/how-to-identify,/gemstones/malachite/price-guide,sibling,(writer chooses descriptive anchor),proposed,price is an identification signal
P-0179,/gemstones/malachite/how-to-identify,/gemstones/malachite/meaning,sibling,(writer chooses descriptive anchor),proposed,what genuine material looks like
P-0179,/gemstones/malachite/how-to-identify,/learn/are-online-crystals-real,seed-parent,(writer chooses descriptive anchor),proposed,site-wide guide this stone-specific page specialises
P-0179,/gemstones/malachite/how-to-identify,/crystals/crystals-for-self-love,lateral,(writer chooses descriptive anchor),proposed,stone appears in this purpose guide
P-0179,/gemstones/malachite/how-to-identify,/crystals/crystals-for-protection,lateral,(writer chooses descriptive anchor),proposed,stone appears in this purpose guide
P-0179,/gemstones/malachite/how-to-identify,/compare/lab-created-vs-natural-gemstones,lateral,(writer chooses descriptive anchor),proposed,lab-grown vs natural is a distinct question from fake vs real
P-0180,/gemstones/malachite/price-guide,/gemstones/malachite,parent,(writer chooses descriptive anchor),proposed,the stone's hub page: full profile and properties
P-0180,/gemstones/malachite/price-guide,/gemstones/malachite/how-to-identify,sibling,(writer chooses descriptive anchor),proposed,avoid paying real-stone prices for imitations
P-0180,/gemstones/malachite/price-guide,/learn/ethical-crystal-sourcing,seed-parent,(writer chooses descriptive anchor),proposed,site-wide guide this stone-specific page specialises
P-0180,/gemstones/malachite/price-guide,/crystals/crystals-for-self-love,lateral,(writer chooses descriptive anchor),proposed,stone appears in this purpose guide
P-0180,/gemstones/malachite/price-guide,/crystals/crystals-for-protection,lateral,(writer chooses descriptive anchor),proposed,stone appears in this purpose guide
P-0180,/gemstones/malachite/price-guide,/learn/mohs-hardness-scale,lateral,(writer chooses descriptive anchor),proposed,durability affects value
P-0181,/gemstones/malachite/combinations,/gemstones/malachite,parent,(writer chooses descriptive anchor),proposed,the stone's hub page: full profile and properties
P-0181,/gemstones/malachite/combinations,/gemstones/malachite/meaning,sibling,(writer chooses descriptive anchor),proposed,the stone's own associations
P-0181,/gemstones/malachite/combinations,/gemstones/malachite/affirmations,sibling,(writer chooses descriptive anchor),proposed,pairing stones with intention
P-0181,/gemstones/malachite/combinations,/learn/crystal-grids,seed-parent,(writer chooses descriptive anchor),proposed,site-wide guide this stone-specific page specialises
P-0181,/gemstones/malachite/combinations,/crystals/crystals-for-self-love,lateral,(writer chooses descriptive anchor),proposed,stone appears in this purpose guide
P-0181,/gemstones/malachite/combinations,/crystals/crystals-for-protection,lateral,(writer chooses descriptive anchor),proposed,stone appears in this purpose guide
P-0182,/gemstones/malachite/affirmations,/gemstones/malachite,parent,(writer chooses descriptive anchor),proposed,the stone's hub page: full profile and properties
P-0182,/gemstones/malachite/affirmations,/gemstones/malachite/meaning,sibling,(writer chooses descriptive anchor),proposed,associations the affirmations draw on
P-0182,/gemstones/malachite/affirmations,/gemstones/malachite/combinations,sibling,(writer chooses descriptive anchor),proposed,stones to hold alongside
P-0182,/gemstones/malachite/affirmations,/learn/how-to-program-crystals,seed-parent,(writer chooses descriptive anchor),proposed,site-wide guide this stone-specific page specialises
P-0182,/gemstones/malachite/affirmations,/crystals/crystals-for-self-love,lateral,(writer chooses descriptive anchor),proposed,stone appears in this purpose guide
P-0182,/gemstones/malachite/affirmations,/crystals/crystals-for-protection,lateral,(writer chooses descriptive anchor),proposed,stone appears in this purpose guide
P-0183,/gemstones/hematite/who-should-not-wear,/gemstones/hematite,parent,(writer chooses descriptive anchor),proposed,the stone's hub page: full profile and properties
P-0183,/gemstones/hematite/who-should-not-wear,/gemstones/hematite/meaning,sibling,(writer chooses descriptive anchor),proposed,what the stone is traditionally for
P-0183,/gemstones/hematite/who-should-not-wear,/gemstones/hematite/sleeping-with,sibling,(writer chooses descriptive anchor),proposed,night-time use cautions
P-0183,/gemstones/hematite/who-should-not-wear,/learn/crystal-healing-science,seed-parent,(writer chooses descriptive anchor),proposed,site-wide guide this stone-specific page specialises
P-0183,/gemstones/hematite/who-should-not-wear,/crystals/crystals-for-grounding,lateral,(writer chooses descriptive anchor),proposed,stone appears in this purpose guide
P-0183,/gemstones/hematite/who-should-not-wear,/crystals/crystals-for-protection,lateral,(writer chooses descriptive anchor),proposed,stone appears in this purpose guide
P-0184,/gemstones/hematite/how-to-cleanse,/gemstones/hematite,parent,(writer chooses descriptive anchor),proposed,the stone's hub page: full profile and properties
P-0184,/gemstones/hematite/how-to-cleanse,/gemstones/hematite/can-go-in-water,sibling,(writer chooses descriptive anchor),proposed,whether water cleansing is safe for this stone
P-0184,/gemstones/hematite/how-to-cleanse,/learn/how-to-cleanse-crystals,seed-parent,(writer chooses descriptive anchor),proposed,site-wide guide this stone-specific page specialises
P-0184,/gemstones/hematite/how-to-cleanse,/crystals/crystals-for-grounding,lateral,(writer chooses descriptive anchor),proposed,stone appears in this purpose guide
P-0184,/gemstones/hematite/how-to-cleanse,/crystals/crystals-for-protection,lateral,(writer chooses descriptive anchor),proposed,stone appears in this purpose guide
P-0184,/gemstones/hematite/how-to-cleanse,/learn/how-to-charge-crystals,next-step,(writer chooses descriptive anchor),proposed,charging follows cleansing
P-0185,/gemstones/hematite/sleeping-with,/gemstones/hematite,parent,(writer chooses descriptive anchor),proposed,the stone's hub page: full profile and properties
P-0185,/gemstones/hematite/sleeping-with,/gemstones/hematite/who-should-not-wear,sibling,(writer chooses descriptive anchor),proposed,who should avoid night-time use
P-0185,/gemstones/hematite/sleeping-with,/gemstones/hematite/affirmations,sibling,(writer chooses descriptive anchor),proposed,bedtime affirmation routine
P-0185,/gemstones/hematite/sleeping-with,/crystals/crystals-for-sleep,seed-parent,(writer chooses descriptive anchor),proposed,site-wide guide this stone-specific page specialises
P-0185,/gemstones/hematite/sleeping-with,/crystals/crystals-for-grounding,lateral,(writer chooses descriptive anchor),proposed,stone appears in this purpose guide
P-0185,/gemstones/hematite/sleeping-with,/crystals/crystals-for-protection,lateral,(writer chooses descriptive anchor),proposed,stone appears in this purpose guide
P-0186,/gemstones/hematite/how-to-identify,/gemstones/hematite,parent,(writer chooses descriptive anchor),proposed,the stone's hub page: full profile and properties
P-0186,/gemstones/hematite/how-to-identify,/gemstones/hematite/price-guide,sibling,(writer chooses descriptive anchor),proposed,price is an identification signal
P-0186,/gemstones/hematite/how-to-identify,/gemstones/hematite/meaning,sibling,(writer chooses descriptive anchor),proposed,what genuine material looks like
P-0186,/gemstones/hematite/how-to-identify,/learn/are-online-crystals-real,seed-parent,(writer chooses descriptive anchor),proposed,site-wide guide this stone-specific page specialises
P-0186,/gemstones/hematite/how-to-identify,/crystals/crystals-for-grounding,lateral,(writer chooses descriptive anchor),proposed,stone appears in this purpose guide
P-0186,/gemstones/hematite/how-to-identify,/crystals/crystals-for-protection,lateral,(writer chooses descriptive anchor),proposed,stone appears in this purpose guide
P-0186,/gemstones/hematite/how-to-identify,/compare/lab-created-vs-natural-gemstones,lateral,(writer chooses descriptive anchor),proposed,lab-grown vs natural is a distinct question from fake vs real
P-0187,/gemstones/hematite/price-guide,/gemstones/hematite,parent,(writer chooses descriptive anchor),proposed,the stone's hub page: full profile and properties
P-0187,/gemstones/hematite/price-guide,/gemstones/hematite/how-to-identify,sibling,(writer chooses descriptive anchor),proposed,avoid paying real-stone prices for imitations
P-0187,/gemstones/hematite/price-guide,/learn/ethical-crystal-sourcing,seed-parent,(writer chooses descriptive anchor),proposed,site-wide guide this stone-specific page specialises
P-0187,/gemstones/hematite/price-guide,/crystals/crystals-for-grounding,lateral,(writer chooses descriptive anchor),proposed,stone appears in this purpose guide
P-0187,/gemstones/hematite/price-guide,/crystals/crystals-for-protection,lateral,(writer chooses descriptive anchor),proposed,stone appears in this purpose guide
P-0187,/gemstones/hematite/price-guide,/learn/mohs-hardness-scale,lateral,(writer chooses descriptive anchor),proposed,durability affects value
P-0188,/gemstones/hematite/combinations,/gemstones/hematite,parent,(writer chooses descriptive anchor),proposed,the stone's hub page: full profile and properties
P-0188,/gemstones/hematite/combinations,/gemstones/hematite/meaning,sibling,(writer chooses descriptive anchor),proposed,the stone's own associations
P-0188,/gemstones/hematite/combinations,/gemstones/hematite/affirmations,sibling,(writer chooses descriptive anchor),proposed,pairing stones with intention
P-0188,/gemstones/hematite/combinations,/learn/crystal-grids,seed-parent,(writer chooses descriptive anchor),proposed,site-wide guide this stone-specific page specialises
P-0188,/gemstones/hematite/combinations,/crystals/crystals-for-grounding,lateral,(writer chooses descriptive anchor),proposed,stone appears in this purpose guide
P-0188,/gemstones/hematite/combinations,/crystals/crystals-for-protection,lateral,(writer chooses descriptive anchor),proposed,stone appears in this purpose guide
P-0189,/gemstones/hematite/affirmations,/gemstones/hematite,parent,(writer chooses descriptive anchor),proposed,the stone's hub page: full profile and properties
P-0189,/gemstones/hematite/affirmations,/gemstones/hematite/meaning,sibling,(writer chooses descriptive anchor),proposed,associations the affirmations draw on
P-0189,/gemstones/hematite/affirmations,/gemstones/hematite/combinations,sibling,(writer chooses descriptive anchor),proposed,stones to hold alongside
P-0189,/gemstones/hematite/affirmations,/learn/how-to-program-crystals,seed-parent,(writer chooses descriptive anchor),proposed,site-wide guide this stone-specific page specialises
P-0189,/gemstones/hematite/affirmations,/crystals/crystals-for-grounding,lateral,(writer chooses descriptive anchor),proposed,stone appears in this purpose guide
P-0189,/gemstones/hematite/affirmations,/crystals/crystals-for-protection,lateral,(writer chooses descriptive anchor),proposed,stone appears in this purpose guide
P-0190,/gemstones/black-obsidian/who-should-not-wear,/gemstones/black-obsidian,parent,(writer chooses descriptive anchor),proposed,the stone's hub page: full profile and properties
P-0190,/gemstones/black-obsidian/who-should-not-wear,/gemstones/black-obsidian/meaning,sibling,(writer chooses descriptive anchor),proposed,what the stone is traditionally for
P-0190,/gemstones/black-obsidian/who-should-not-wear,/gemstones/black-obsidian/sleeping-with,sibling,(writer chooses descriptive anchor),proposed,night-time use cautions
P-0190,/gemstones/black-obsidian/who-should-not-wear,/learn/crystal-healing-science,seed-parent,(writer chooses descriptive anchor),proposed,site-wide guide this stone-specific page specialises
P-0191,/gemstones/black-obsidian/how-to-cleanse,/gemstones/black-obsidian,parent,(writer chooses descriptive anchor),proposed,the stone's hub page: full profile and properties
P-0191,/gemstones/black-obsidian/how-to-cleanse,/gemstones/black-obsidian/can-go-in-water,sibling,(writer chooses descriptive anchor),proposed,whether water cleansing is safe for this stone
P-0191,/gemstones/black-obsidian/how-to-cleanse,/learn/how-to-cleanse-crystals,seed-parent,(writer chooses descriptive anchor),proposed,site-wide guide this stone-specific page specialises
P-0191,/gemstones/black-obsidian/how-to-cleanse,/learn/how-to-charge-crystals,next-step,(writer chooses descriptive anchor),proposed,charging follows cleansing
P-0192,/gemstones/black-obsidian/sleeping-with,/gemstones/black-obsidian,parent,(writer chooses descriptive anchor),proposed,the stone's hub page: full profile and properties
P-0192,/gemstones/black-obsidian/sleeping-with,/gemstones/black-obsidian/who-should-not-wear,sibling,(writer chooses descriptive anchor),proposed,who should avoid night-time use
P-0192,/gemstones/black-obsidian/sleeping-with,/gemstones/black-obsidian/affirmations,sibling,(writer chooses descriptive anchor),proposed,bedtime affirmation routine
P-0192,/gemstones/black-obsidian/sleeping-with,/crystals/crystals-for-sleep,seed-parent,(writer chooses descriptive anchor),proposed,site-wide guide this stone-specific page specialises
P-0193,/gemstones/black-obsidian/how-to-identify,/gemstones/black-obsidian,parent,(writer chooses descriptive anchor),proposed,the stone's hub page: full profile and properties
P-0193,/gemstones/black-obsidian/how-to-identify,/gemstones/black-obsidian/price-guide,sibling,(writer chooses descriptive anchor),proposed,price is an identification signal
P-0193,/gemstones/black-obsidian/how-to-identify,/gemstones/black-obsidian/meaning,sibling,(writer chooses descriptive anchor),proposed,what genuine material looks like
P-0193,/gemstones/black-obsidian/how-to-identify,/learn/are-online-crystals-real,seed-parent,(writer chooses descriptive anchor),proposed,site-wide guide this stone-specific page specialises
P-0193,/gemstones/black-obsidian/how-to-identify,/compare/lab-created-vs-natural-gemstones,lateral,(writer chooses descriptive anchor),proposed,lab-grown vs natural is a distinct question from fake vs real
P-0194,/gemstones/black-obsidian/price-guide,/gemstones/black-obsidian,parent,(writer chooses descriptive anchor),proposed,the stone's hub page: full profile and properties
P-0194,/gemstones/black-obsidian/price-guide,/gemstones/black-obsidian/how-to-identify,sibling,(writer chooses descriptive anchor),proposed,avoid paying real-stone prices for imitations
P-0194,/gemstones/black-obsidian/price-guide,/learn/ethical-crystal-sourcing,seed-parent,(writer chooses descriptive anchor),proposed,site-wide guide this stone-specific page specialises
P-0194,/gemstones/black-obsidian/price-guide,/learn/mohs-hardness-scale,lateral,(writer chooses descriptive anchor),proposed,durability affects value
P-0195,/gemstones/black-obsidian/combinations,/gemstones/black-obsidian,parent,(writer chooses descriptive anchor),proposed,the stone's hub page: full profile and properties
P-0195,/gemstones/black-obsidian/combinations,/gemstones/black-obsidian/meaning,sibling,(writer chooses descriptive anchor),proposed,the stone's own associations
P-0195,/gemstones/black-obsidian/combinations,/gemstones/black-obsidian/affirmations,sibling,(writer chooses descriptive anchor),proposed,pairing stones with intention
P-0195,/gemstones/black-obsidian/combinations,/learn/crystal-grids,seed-parent,(writer chooses descriptive anchor),proposed,site-wide guide this stone-specific page specialises
P-0196,/gemstones/black-obsidian/affirmations,/gemstones/black-obsidian,parent,(writer chooses descriptive anchor),proposed,the stone's hub page: full profile and properties
P-0196,/gemstones/black-obsidian/affirmations,/gemstones/black-obsidian/meaning,sibling,(writer chooses descriptive anchor),proposed,associations the affirmations draw on
P-0196,/gemstones/black-obsidian/affirmations,/gemstones/black-obsidian/combinations,sibling,(writer chooses descriptive anchor),proposed,stones to hold alongside
P-0196,/gemstones/black-obsidian/affirmations,/learn/how-to-program-crystals,seed-parent,(writer chooses descriptive anchor),proposed,site-wide guide this stone-specific page specialises
P-0197,/gemstones/hematoid-quartz/who-should-not-wear,/gemstones/hematoid-quartz,parent,(writer chooses descriptive anchor),proposed,the stone's hub page: full profile and properties
P-0197,/gemstones/hematoid-quartz/who-should-not-wear,/gemstones/hematoid-quartz/meaning,sibling,(writer chooses descriptive anchor),proposed,what the stone is traditionally for
P-0197,/gemstones/hematoid-quartz/who-should-not-wear,/gemstones/hematoid-quartz/sleeping-with,sibling,(writer chooses descriptive anchor),proposed,night-time use cautions
P-0197,/gemstones/hematoid-quartz/who-should-not-wear,/learn/crystal-healing-science,seed-parent,(writer chooses descriptive anchor),proposed,site-wide guide this stone-specific page specialises
P-0198,/gemstones/hematoid-quartz/how-to-cleanse,/gemstones/hematoid-quartz,parent,(writer chooses descriptive anchor),proposed,the stone's hub page: full profile and properties
P-0198,/gemstones/hematoid-quartz/how-to-cleanse,/gemstones/hematoid-quartz/can-go-in-water,sibling,(writer chooses descriptive anchor),proposed,whether water cleansing is safe for this stone
P-0198,/gemstones/hematoid-quartz/how-to-cleanse,/learn/how-to-cleanse-crystals,seed-parent,(writer chooses descriptive anchor),proposed,site-wide guide this stone-specific page specialises
P-0198,/gemstones/hematoid-quartz/how-to-cleanse,/learn/how-to-charge-crystals,next-step,(writer chooses descriptive anchor),proposed,charging follows cleansing
P-0199,/gemstones/hematoid-quartz/can-go-in-water,/gemstones/hematoid-quartz,parent,(writer chooses descriptive anchor),proposed,the stone's hub page: full profile and properties
P-0199,/gemstones/hematoid-quartz/can-go-in-water,/gemstones/hematoid-quartz/how-to-cleanse,sibling,(writer chooses descriptive anchor),proposed,water is one cleansing method among several
P-0199,/gemstones/hematoid-quartz/can-go-in-water,/learn/what-crystals-can-go-in-water,seed-parent,(writer chooses descriptive anchor),proposed,site-wide guide this stone-specific page specialises
P-0199,/gemstones/hematoid-quartz/can-go-in-water,/learn/salt-safe-crystals,lateral,(writer chooses descriptive anchor),proposed,salt cleansing is the common follow-up question
P-0199,/gemstones/hematoid-quartz/can-go-in-water,/learn/sun-safe-crystals,lateral,(writer chooses descriptive anchor),proposed,sun charging after washing
P-0200,/gemstones/hematoid-quartz/sleeping-with,/gemstones/hematoid-quartz,parent,(writer chooses descriptive anchor),proposed,the stone's hub page: full profile and properties
P-0200,/gemstones/hematoid-quartz/sleeping-with,/gemstones/hematoid-quartz/who-should-not-wear,sibling,(writer chooses descriptive anchor),proposed,who should avoid night-time use
P-0200,/gemstones/hematoid-quartz/sleeping-with,/gemstones/hematoid-quartz/affirmations,sibling,(writer chooses descriptive anchor),proposed,bedtime affirmation routine
P-0200,/gemstones/hematoid-quartz/sleeping-with,/crystals/crystals-for-sleep,seed-parent,(writer chooses descriptive anchor),proposed,site-wide guide this stone-specific page specialises
P-0201,/gemstones/hematoid-quartz/how-to-identify,/gemstones/hematoid-quartz,parent,(writer chooses descriptive anchor),proposed,the stone's hub page: full profile and properties
P-0201,/gemstones/hematoid-quartz/how-to-identify,/gemstones/hematoid-quartz/price-guide,sibling,(writer chooses descriptive anchor),proposed,price is an identification signal
P-0201,/gemstones/hematoid-quartz/how-to-identify,/gemstones/hematoid-quartz/meaning,sibling,(writer chooses descriptive anchor),proposed,what genuine material looks like
P-0201,/gemstones/hematoid-quartz/how-to-identify,/learn/are-online-crystals-real,seed-parent,(writer chooses descriptive anchor),proposed,site-wide guide this stone-specific page specialises
P-0201,/gemstones/hematoid-quartz/how-to-identify,/compare/lab-created-vs-natural-gemstones,lateral,(writer chooses descriptive anchor),proposed,lab-grown vs natural is a distinct question from fake vs real
P-0202,/gemstones/hematoid-quartz/price-guide,/gemstones/hematoid-quartz,parent,(writer chooses descriptive anchor),proposed,the stone's hub page: full profile and properties
P-0202,/gemstones/hematoid-quartz/price-guide,/gemstones/hematoid-quartz/how-to-identify,sibling,(writer chooses descriptive anchor),proposed,avoid paying real-stone prices for imitations
P-0202,/gemstones/hematoid-quartz/price-guide,/learn/ethical-crystal-sourcing,seed-parent,(writer chooses descriptive anchor),proposed,site-wide guide this stone-specific page specialises
P-0202,/gemstones/hematoid-quartz/price-guide,/learn/mohs-hardness-scale,lateral,(writer chooses descriptive anchor),proposed,durability affects value
P-0203,/gemstones/hematoid-quartz/combinations,/gemstones/hematoid-quartz,parent,(writer chooses descriptive anchor),proposed,the stone's hub page: full profile and properties
P-0203,/gemstones/hematoid-quartz/combinations,/gemstones/hematoid-quartz/meaning,sibling,(writer chooses descriptive anchor),proposed,the stone's own associations
P-0203,/gemstones/hematoid-quartz/combinations,/gemstones/hematoid-quartz/affirmations,sibling,(writer chooses descriptive anchor),proposed,pairing stones with intention
P-0203,/gemstones/hematoid-quartz/combinations,/learn/crystal-grids,seed-parent,(writer chooses descriptive anchor),proposed,site-wide guide this stone-specific page specialises
P-0204,/gemstones/hematoid-quartz/affirmations,/gemstones/hematoid-quartz,parent,(writer chooses descriptive anchor),proposed,the stone's hub page: full profile and properties
P-0204,/gemstones/hematoid-quartz/affirmations,/gemstones/hematoid-quartz/meaning,sibling,(writer chooses descriptive anchor),proposed,associations the affirmations draw on
P-0204,/gemstones/hematoid-quartz/affirmations,/gemstones/hematoid-quartz/combinations,sibling,(writer chooses descriptive anchor),proposed,stones to hold alongside
P-0204,/gemstones/hematoid-quartz/affirmations,/learn/how-to-program-crystals,seed-parent,(writer chooses descriptive anchor),proposed,site-wide guide this stone-specific page specialises
P-0205,/gemstones/enhydro-agate/who-should-not-wear,/gemstones/enhydro-agate,parent,(writer chooses descriptive anchor),proposed,the stone's hub page: full profile and properties
P-0205,/gemstones/enhydro-agate/who-should-not-wear,/gemstones/enhydro-agate/meaning,sibling,(writer chooses descriptive anchor),proposed,what the stone is traditionally for
P-0205,/gemstones/enhydro-agate/who-should-not-wear,/gemstones/enhydro-agate/sleeping-with,sibling,(writer chooses descriptive anchor),proposed,night-time use cautions
P-0205,/gemstones/enhydro-agate/who-should-not-wear,/learn/crystal-healing-science,seed-parent,(writer chooses descriptive anchor),proposed,site-wide guide this stone-specific page specialises
P-0206,/gemstones/enhydro-agate/how-to-cleanse,/gemstones/enhydro-agate,parent,(writer chooses descriptive anchor),proposed,the stone's hub page: full profile and properties
P-0206,/gemstones/enhydro-agate/how-to-cleanse,/gemstones/enhydro-agate/can-go-in-water,sibling,(writer chooses descriptive anchor),proposed,whether water cleansing is safe for this stone
P-0206,/gemstones/enhydro-agate/how-to-cleanse,/learn/how-to-cleanse-crystals,seed-parent,(writer chooses descriptive anchor),proposed,site-wide guide this stone-specific page specialises
P-0206,/gemstones/enhydro-agate/how-to-cleanse,/learn/how-to-charge-crystals,next-step,(writer chooses descriptive anchor),proposed,charging follows cleansing
P-0207,/gemstones/enhydro-agate/can-go-in-water,/gemstones/enhydro-agate,parent,(writer chooses descriptive anchor),proposed,the stone's hub page: full profile and properties
P-0207,/gemstones/enhydro-agate/can-go-in-water,/gemstones/enhydro-agate/how-to-cleanse,sibling,(writer chooses descriptive anchor),proposed,water is one cleansing method among several
P-0207,/gemstones/enhydro-agate/can-go-in-water,/learn/what-crystals-can-go-in-water,seed-parent,(writer chooses descriptive anchor),proposed,site-wide guide this stone-specific page specialises
P-0207,/gemstones/enhydro-agate/can-go-in-water,/learn/salt-safe-crystals,lateral,(writer chooses descriptive anchor),proposed,salt cleansing is the common follow-up question
P-0207,/gemstones/enhydro-agate/can-go-in-water,/learn/sun-safe-crystals,lateral,(writer chooses descriptive anchor),proposed,sun charging after washing
P-0208,/gemstones/enhydro-agate/sleeping-with,/gemstones/enhydro-agate,parent,(writer chooses descriptive anchor),proposed,the stone's hub page: full profile and properties
P-0208,/gemstones/enhydro-agate/sleeping-with,/gemstones/enhydro-agate/who-should-not-wear,sibling,(writer chooses descriptive anchor),proposed,who should avoid night-time use
P-0208,/gemstones/enhydro-agate/sleeping-with,/gemstones/enhydro-agate/affirmations,sibling,(writer chooses descriptive anchor),proposed,bedtime affirmation routine
P-0208,/gemstones/enhydro-agate/sleeping-with,/crystals/crystals-for-sleep,seed-parent,(writer chooses descriptive anchor),proposed,site-wide guide this stone-specific page specialises
P-0209,/gemstones/enhydro-agate/how-to-identify,/gemstones/enhydro-agate,parent,(writer chooses descriptive anchor),proposed,the stone's hub page: full profile and properties
P-0209,/gemstones/enhydro-agate/how-to-identify,/gemstones/enhydro-agate/price-guide,sibling,(writer chooses descriptive anchor),proposed,price is an identification signal
P-0209,/gemstones/enhydro-agate/how-to-identify,/gemstones/enhydro-agate/meaning,sibling,(writer chooses descriptive anchor),proposed,what genuine material looks like
P-0209,/gemstones/enhydro-agate/how-to-identify,/learn/are-online-crystals-real,seed-parent,(writer chooses descriptive anchor),proposed,site-wide guide this stone-specific page specialises
P-0209,/gemstones/enhydro-agate/how-to-identify,/compare/lab-created-vs-natural-gemstones,lateral,(writer chooses descriptive anchor),proposed,lab-grown vs natural is a distinct question from fake vs real
P-0210,/gemstones/enhydro-agate/price-guide,/gemstones/enhydro-agate,parent,(writer chooses descriptive anchor),proposed,the stone's hub page: full profile and properties
P-0210,/gemstones/enhydro-agate/price-guide,/gemstones/enhydro-agate/how-to-identify,sibling,(writer chooses descriptive anchor),proposed,avoid paying real-stone prices for imitations
P-0210,/gemstones/enhydro-agate/price-guide,/learn/ethical-crystal-sourcing,seed-parent,(writer chooses descriptive anchor),proposed,site-wide guide this stone-specific page specialises
P-0210,/gemstones/enhydro-agate/price-guide,/learn/mohs-hardness-scale,lateral,(writer chooses descriptive anchor),proposed,durability affects value
P-0211,/gemstones/enhydro-agate/combinations,/gemstones/enhydro-agate,parent,(writer chooses descriptive anchor),proposed,the stone's hub page: full profile and properties
P-0211,/gemstones/enhydro-agate/combinations,/gemstones/enhydro-agate/meaning,sibling,(writer chooses descriptive anchor),proposed,the stone's own associations
P-0211,/gemstones/enhydro-agate/combinations,/gemstones/enhydro-agate/affirmations,sibling,(writer chooses descriptive anchor),proposed,pairing stones with intention
P-0211,/gemstones/enhydro-agate/combinations,/learn/crystal-grids,seed-parent,(writer chooses descriptive anchor),proposed,site-wide guide this stone-specific page specialises
P-0212,/gemstones/enhydro-agate/affirmations,/gemstones/enhydro-agate,parent,(writer chooses descriptive anchor),proposed,the stone's hub page: full profile and properties
P-0212,/gemstones/enhydro-agate/affirmations,/gemstones/enhydro-agate/meaning,sibling,(writer chooses descriptive anchor),proposed,associations the affirmations draw on
P-0212,/gemstones/enhydro-agate/affirmations,/gemstones/enhydro-agate/combinations,sibling,(writer chooses descriptive anchor),proposed,stones to hold alongside
P-0212,/gemstones/enhydro-agate/affirmations,/learn/how-to-program-crystals,seed-parent,(writer chooses descriptive anchor),proposed,site-wide guide this stone-specific page specialises
P-0213,/gemstones/selenite/who-should-not-wear,/gemstones/selenite,parent,(writer chooses descriptive anchor),proposed,the stone's hub page: full profile and properties
P-0213,/gemstones/selenite/who-should-not-wear,/gemstones/selenite/meaning,sibling,(writer chooses descriptive anchor),proposed,what the stone is traditionally for
P-0213,/gemstones/selenite/who-should-not-wear,/gemstones/selenite/sleeping-with,sibling,(writer chooses descriptive anchor),proposed,night-time use cautions
P-0213,/gemstones/selenite/who-should-not-wear,/learn/crystal-healing-science,seed-parent,(writer chooses descriptive anchor),proposed,site-wide guide this stone-specific page specialises
P-0213,/gemstones/selenite/who-should-not-wear,/crystals/crystals-for-anxiety,lateral,(writer chooses descriptive anchor),proposed,stone appears in this purpose guide
P-0213,/gemstones/selenite/who-should-not-wear,/crystals/crystals-for-meditation,lateral,(writer chooses descriptive anchor),proposed,stone appears in this purpose guide
P-0214,/gemstones/selenite/how-to-cleanse,/gemstones/selenite,parent,(writer chooses descriptive anchor),proposed,the stone's hub page: full profile and properties
P-0214,/gemstones/selenite/how-to-cleanse,/gemstones/selenite/can-go-in-water,sibling,(writer chooses descriptive anchor),proposed,whether water cleansing is safe for this stone
P-0214,/gemstones/selenite/how-to-cleanse,/learn/how-to-cleanse-crystals,seed-parent,(writer chooses descriptive anchor),proposed,site-wide guide this stone-specific page specialises
P-0214,/gemstones/selenite/how-to-cleanse,/crystals/crystals-for-anxiety,lateral,(writer chooses descriptive anchor),proposed,stone appears in this purpose guide
P-0214,/gemstones/selenite/how-to-cleanse,/crystals/crystals-for-meditation,lateral,(writer chooses descriptive anchor),proposed,stone appears in this purpose guide
P-0214,/gemstones/selenite/how-to-cleanse,/learn/how-to-charge-crystals,next-step,(writer chooses descriptive anchor),proposed,charging follows cleansing
P-0215,/gemstones/selenite/sleeping-with,/gemstones/selenite,parent,(writer chooses descriptive anchor),proposed,the stone's hub page: full profile and properties
P-0215,/gemstones/selenite/sleeping-with,/gemstones/selenite/who-should-not-wear,sibling,(writer chooses descriptive anchor),proposed,who should avoid night-time use
P-0215,/gemstones/selenite/sleeping-with,/gemstones/selenite/affirmations,sibling,(writer chooses descriptive anchor),proposed,bedtime affirmation routine
P-0215,/gemstones/selenite/sleeping-with,/crystals/crystals-for-sleep,seed-parent,(writer chooses descriptive anchor),proposed,site-wide guide this stone-specific page specialises
P-0215,/gemstones/selenite/sleeping-with,/crystals/crystals-for-anxiety,lateral,(writer chooses descriptive anchor),proposed,stone appears in this purpose guide
P-0215,/gemstones/selenite/sleeping-with,/crystals/crystals-for-meditation,lateral,(writer chooses descriptive anchor),proposed,stone appears in this purpose guide
P-0216,/gemstones/selenite/meaning,/gemstones/selenite,parent,(writer chooses descriptive anchor),proposed,the stone's hub page: full profile and properties
P-0216,/gemstones/selenite/meaning,/gemstones/selenite/combinations,sibling,(writer chooses descriptive anchor),proposed,pairing follows meaning
P-0216,/gemstones/selenite/meaning,/gemstones/selenite/affirmations,sibling,(writer chooses descriptive anchor),proposed,using the stone intentionally
P-0216,/gemstones/selenite/meaning,/gemstones/selenite/who-should-not-wear,sibling,(writer chooses descriptive anchor),proposed,cautions before adopting the stone
P-0216,/gemstones/selenite/meaning,/learn/gemstone-vs-crystal-vs-mineral,seed-parent,(writer chooses descriptive anchor),proposed,site-wide guide this stone-specific page specialises
P-0216,/gemstones/selenite/meaning,/crystals/crystals-for-anxiety,lateral,(writer chooses descriptive anchor),proposed,stone appears in this purpose guide
P-0216,/gemstones/selenite/meaning,/crystals/crystals-for-meditation,lateral,(writer chooses descriptive anchor),proposed,stone appears in this purpose guide
P-0216,/gemstones/selenite/meaning,/gemstones/zodiac/cancer,taxonomy,(writer chooses descriptive anchor),proposed,zodiac filter page
P-0217,/gemstones/selenite/how-to-identify,/gemstones/selenite,parent,(writer chooses descriptive anchor),proposed,the stone's hub page: full profile and properties
P-0217,/gemstones/selenite/how-to-identify,/gemstones/selenite/price-guide,sibling,(writer chooses descriptive anchor),proposed,price is an identification signal
P-0217,/gemstones/selenite/how-to-identify,/gemstones/selenite/meaning,sibling,(writer chooses descriptive anchor),proposed,what genuine material looks like
P-0217,/gemstones/selenite/how-to-identify,/learn/are-online-crystals-real,seed-parent,(writer chooses descriptive anchor),proposed,site-wide guide this stone-specific page specialises
P-0217,/gemstones/selenite/how-to-identify,/crystals/crystals-for-anxiety,lateral,(writer chooses descriptive anchor),proposed,stone appears in this purpose guide
P-0217,/gemstones/selenite/how-to-identify,/crystals/crystals-for-meditation,lateral,(writer chooses descriptive anchor),proposed,stone appears in this purpose guide
P-0217,/gemstones/selenite/how-to-identify,/compare/lab-created-vs-natural-gemstones,lateral,(writer chooses descriptive anchor),proposed,lab-grown vs natural is a distinct question from fake vs real
P-0218,/gemstones/selenite/price-guide,/gemstones/selenite,parent,(writer chooses descriptive anchor),proposed,the stone's hub page: full profile and properties
P-0218,/gemstones/selenite/price-guide,/gemstones/selenite/how-to-identify,sibling,(writer chooses descriptive anchor),proposed,avoid paying real-stone prices for imitations
P-0218,/gemstones/selenite/price-guide,/learn/ethical-crystal-sourcing,seed-parent,(writer chooses descriptive anchor),proposed,site-wide guide this stone-specific page specialises
P-0218,/gemstones/selenite/price-guide,/crystals/crystals-for-anxiety,lateral,(writer chooses descriptive anchor),proposed,stone appears in this purpose guide
P-0218,/gemstones/selenite/price-guide,/crystals/crystals-for-meditation,lateral,(writer chooses descriptive anchor),proposed,stone appears in this purpose guide
P-0218,/gemstones/selenite/price-guide,/learn/mohs-hardness-scale,lateral,(writer chooses descriptive anchor),proposed,durability affects value
P-0219,/gemstones/selenite/combinations,/gemstones/selenite,parent,(writer chooses descriptive anchor),proposed,the stone's hub page: full profile and properties
P-0219,/gemstones/selenite/combinations,/gemstones/selenite/meaning,sibling,(writer chooses descriptive anchor),proposed,the stone's own associations
P-0219,/gemstones/selenite/combinations,/gemstones/selenite/affirmations,sibling,(writer chooses descriptive anchor),proposed,pairing stones with intention
P-0219,/gemstones/selenite/combinations,/learn/crystal-grids,seed-parent,(writer chooses descriptive anchor),proposed,site-wide guide this stone-specific page specialises
P-0219,/gemstones/selenite/combinations,/crystals/crystals-for-anxiety,lateral,(writer chooses descriptive anchor),proposed,stone appears in this purpose guide
P-0219,/gemstones/selenite/combinations,/crystals/crystals-for-meditation,lateral,(writer chooses descriptive anchor),proposed,stone appears in this purpose guide
P-0220,/gemstones/selenite/affirmations,/gemstones/selenite,parent,(writer chooses descriptive anchor),proposed,the stone's hub page: full profile and properties
P-0220,/gemstones/selenite/affirmations,/gemstones/selenite/meaning,sibling,(writer chooses descriptive anchor),proposed,associations the affirmations draw on
P-0220,/gemstones/selenite/affirmations,/gemstones/selenite/combinations,sibling,(writer chooses descriptive anchor),proposed,stones to hold alongside
P-0220,/gemstones/selenite/affirmations,/learn/how-to-program-crystals,seed-parent,(writer chooses descriptive anchor),proposed,site-wide guide this stone-specific page specialises
P-0220,/gemstones/selenite/affirmations,/crystals/crystals-for-anxiety,lateral,(writer chooses descriptive anchor),proposed,stone appears in this purpose guide
P-0220,/gemstones/selenite/affirmations,/crystals/crystals-for-meditation,lateral,(writer chooses descriptive anchor),proposed,stone appears in this purpose guide
P-0221,/gemstones/crazy-lace-agate/who-should-not-wear,/gemstones/crazy-lace-agate,parent,(writer chooses descriptive anchor),proposed,the stone's hub page: full profile and properties
P-0221,/gemstones/crazy-lace-agate/who-should-not-wear,/gemstones/crazy-lace-agate/meaning,sibling,(writer chooses descriptive anchor),proposed,what the stone is traditionally for
P-0221,/gemstones/crazy-lace-agate/who-should-not-wear,/gemstones/crazy-lace-agate/sleeping-with,sibling,(writer chooses descriptive anchor),proposed,night-time use cautions
P-0221,/gemstones/crazy-lace-agate/who-should-not-wear,/learn/crystal-healing-science,seed-parent,(writer chooses descriptive anchor),proposed,site-wide guide this stone-specific page specialises
P-0222,/gemstones/crazy-lace-agate/how-to-cleanse,/gemstones/crazy-lace-agate,parent,(writer chooses descriptive anchor),proposed,the stone's hub page: full profile and properties
P-0222,/gemstones/crazy-lace-agate/how-to-cleanse,/gemstones/crazy-lace-agate/can-go-in-water,sibling,(writer chooses descriptive anchor),proposed,whether water cleansing is safe for this stone
P-0222,/gemstones/crazy-lace-agate/how-to-cleanse,/learn/how-to-cleanse-crystals,seed-parent,(writer chooses descriptive anchor),proposed,site-wide guide this stone-specific page specialises
P-0222,/gemstones/crazy-lace-agate/how-to-cleanse,/learn/how-to-charge-crystals,next-step,(writer chooses descriptive anchor),proposed,charging follows cleansing
P-0223,/gemstones/crazy-lace-agate/can-go-in-water,/gemstones/crazy-lace-agate,parent,(writer chooses descriptive anchor),proposed,the stone's hub page: full profile and properties
P-0223,/gemstones/crazy-lace-agate/can-go-in-water,/gemstones/crazy-lace-agate/how-to-cleanse,sibling,(writer chooses descriptive anchor),proposed,water is one cleansing method among several
P-0223,/gemstones/crazy-lace-agate/can-go-in-water,/learn/what-crystals-can-go-in-water,seed-parent,(writer chooses descriptive anchor),proposed,site-wide guide this stone-specific page specialises
P-0223,/gemstones/crazy-lace-agate/can-go-in-water,/learn/salt-safe-crystals,lateral,(writer chooses descriptive anchor),proposed,salt cleansing is the common follow-up question
P-0223,/gemstones/crazy-lace-agate/can-go-in-water,/learn/sun-safe-crystals,lateral,(writer chooses descriptive anchor),proposed,sun charging after washing
P-0224,/gemstones/crazy-lace-agate/sleeping-with,/gemstones/crazy-lace-agate,parent,(writer chooses descriptive anchor),proposed,the stone's hub page: full profile and properties
P-0224,/gemstones/crazy-lace-agate/sleeping-with,/gemstones/crazy-lace-agate/who-should-not-wear,sibling,(writer chooses descriptive anchor),proposed,who should avoid night-time use
P-0224,/gemstones/crazy-lace-agate/sleeping-with,/gemstones/crazy-lace-agate/affirmations,sibling,(writer chooses descriptive anchor),proposed,bedtime affirmation routine
P-0224,/gemstones/crazy-lace-agate/sleeping-with,/crystals/crystals-for-sleep,seed-parent,(writer chooses descriptive anchor),proposed,site-wide guide this stone-specific page specialises
P-0225,/gemstones/crazy-lace-agate/how-to-identify,/gemstones/crazy-lace-agate,parent,(writer chooses descriptive anchor),proposed,the stone's hub page: full profile and properties
P-0225,/gemstones/crazy-lace-agate/how-to-identify,/gemstones/crazy-lace-agate/price-guide,sibling,(writer chooses descriptive anchor),proposed,price is an identification signal
P-0225,/gemstones/crazy-lace-agate/how-to-identify,/gemstones/crazy-lace-agate/meaning,sibling,(writer chooses descriptive anchor),proposed,what genuine material looks like
P-0225,/gemstones/crazy-lace-agate/how-to-identify,/learn/are-online-crystals-real,seed-parent,(writer chooses descriptive anchor),proposed,site-wide guide this stone-specific page specialises
P-0225,/gemstones/crazy-lace-agate/how-to-identify,/compare/lab-created-vs-natural-gemstones,lateral,(writer chooses descriptive anchor),proposed,lab-grown vs natural is a distinct question from fake vs real
P-0226,/gemstones/crazy-lace-agate/price-guide,/gemstones/crazy-lace-agate,parent,(writer chooses descriptive anchor),proposed,the stone's hub page: full profile and properties
P-0226,/gemstones/crazy-lace-agate/price-guide,/gemstones/crazy-lace-agate/how-to-identify,sibling,(writer chooses descriptive anchor),proposed,avoid paying real-stone prices for imitations
P-0226,/gemstones/crazy-lace-agate/price-guide,/learn/ethical-crystal-sourcing,seed-parent,(writer chooses descriptive anchor),proposed,site-wide guide this stone-specific page specialises
P-0226,/gemstones/crazy-lace-agate/price-guide,/learn/mohs-hardness-scale,lateral,(writer chooses descriptive anchor),proposed,durability affects value
P-0227,/gemstones/crazy-lace-agate/combinations,/gemstones/crazy-lace-agate,parent,(writer chooses descriptive anchor),proposed,the stone's hub page: full profile and properties
P-0227,/gemstones/crazy-lace-agate/combinations,/gemstones/crazy-lace-agate/meaning,sibling,(writer chooses descriptive anchor),proposed,the stone's own associations
P-0227,/gemstones/crazy-lace-agate/combinations,/gemstones/crazy-lace-agate/affirmations,sibling,(writer chooses descriptive anchor),proposed,pairing stones with intention
P-0227,/gemstones/crazy-lace-agate/combinations,/learn/crystal-grids,seed-parent,(writer chooses descriptive anchor),proposed,site-wide guide this stone-specific page specialises
P-0228,/gemstones/crazy-lace-agate/affirmations,/gemstones/crazy-lace-agate,parent,(writer chooses descriptive anchor),proposed,the stone's hub page: full profile and properties
P-0228,/gemstones/crazy-lace-agate/affirmations,/gemstones/crazy-lace-agate/meaning,sibling,(writer chooses descriptive anchor),proposed,associations the affirmations draw on
P-0228,/gemstones/crazy-lace-agate/affirmations,/gemstones/crazy-lace-agate/combinations,sibling,(writer chooses descriptive anchor),proposed,stones to hold alongside
P-0228,/gemstones/crazy-lace-agate/affirmations,/learn/how-to-program-crystals,seed-parent,(writer chooses descriptive anchor),proposed,site-wide guide this stone-specific page specialises
P-0229,/gemstones/green-opal/who-should-not-wear,/gemstones/green-opal,parent,(writer chooses descriptive anchor),proposed,the stone's hub page: full profile and properties
P-0229,/gemstones/green-opal/who-should-not-wear,/gemstones/green-opal/meaning,sibling,(writer chooses descriptive anchor),proposed,what the stone is traditionally for
P-0229,/gemstones/green-opal/who-should-not-wear,/gemstones/green-opal/sleeping-with,sibling,(writer chooses descriptive anchor),proposed,night-time use cautions
P-0229,/gemstones/green-opal/who-should-not-wear,/learn/crystal-healing-science,seed-parent,(writer chooses descriptive anchor),proposed,site-wide guide this stone-specific page specialises
P-0230,/gemstones/green-opal/how-to-cleanse,/gemstones/green-opal,parent,(writer chooses descriptive anchor),proposed,the stone's hub page: full profile and properties
P-0230,/gemstones/green-opal/how-to-cleanse,/gemstones/green-opal/can-go-in-water,sibling,(writer chooses descriptive anchor),proposed,whether water cleansing is safe for this stone
P-0230,/gemstones/green-opal/how-to-cleanse,/learn/how-to-cleanse-crystals,seed-parent,(writer chooses descriptive anchor),proposed,site-wide guide this stone-specific page specialises
P-0230,/gemstones/green-opal/how-to-cleanse,/learn/how-to-charge-crystals,next-step,(writer chooses descriptive anchor),proposed,charging follows cleansing
P-0231,/gemstones/green-opal/can-go-in-water,/gemstones/green-opal,parent,(writer chooses descriptive anchor),proposed,the stone's hub page: full profile and properties
P-0231,/gemstones/green-opal/can-go-in-water,/gemstones/green-opal/how-to-cleanse,sibling,(writer chooses descriptive anchor),proposed,water is one cleansing method among several
P-0231,/gemstones/green-opal/can-go-in-water,/learn/what-crystals-can-go-in-water,seed-parent,(writer chooses descriptive anchor),proposed,site-wide guide this stone-specific page specialises
P-0231,/gemstones/green-opal/can-go-in-water,/learn/salt-safe-crystals,lateral,(writer chooses descriptive anchor),proposed,salt cleansing is the common follow-up question
P-0231,/gemstones/green-opal/can-go-in-water,/learn/sun-safe-crystals,lateral,(writer chooses descriptive anchor),proposed,sun charging after washing
P-0232,/gemstones/green-opal/sleeping-with,/gemstones/green-opal,parent,(writer chooses descriptive anchor),proposed,the stone's hub page: full profile and properties
P-0232,/gemstones/green-opal/sleeping-with,/gemstones/green-opal/who-should-not-wear,sibling,(writer chooses descriptive anchor),proposed,who should avoid night-time use
P-0232,/gemstones/green-opal/sleeping-with,/gemstones/green-opal/affirmations,sibling,(writer chooses descriptive anchor),proposed,bedtime affirmation routine
P-0232,/gemstones/green-opal/sleeping-with,/crystals/crystals-for-sleep,seed-parent,(writer chooses descriptive anchor),proposed,site-wide guide this stone-specific page specialises
P-0233,/gemstones/green-opal/how-to-identify,/gemstones/green-opal,parent,(writer chooses descriptive anchor),proposed,the stone's hub page: full profile and properties
P-0233,/gemstones/green-opal/how-to-identify,/gemstones/green-opal/price-guide,sibling,(writer chooses descriptive anchor),proposed,price is an identification signal
P-0233,/gemstones/green-opal/how-to-identify,/gemstones/green-opal/meaning,sibling,(writer chooses descriptive anchor),proposed,what genuine material looks like
P-0233,/gemstones/green-opal/how-to-identify,/learn/are-online-crystals-real,seed-parent,(writer chooses descriptive anchor),proposed,site-wide guide this stone-specific page specialises
P-0233,/gemstones/green-opal/how-to-identify,/compare/lab-created-vs-natural-gemstones,lateral,(writer chooses descriptive anchor),proposed,lab-grown vs natural is a distinct question from fake vs real
P-0234,/gemstones/green-opal/price-guide,/gemstones/green-opal,parent,(writer chooses descriptive anchor),proposed,the stone's hub page: full profile and properties
P-0234,/gemstones/green-opal/price-guide,/gemstones/green-opal/how-to-identify,sibling,(writer chooses descriptive anchor),proposed,avoid paying real-stone prices for imitations
P-0234,/gemstones/green-opal/price-guide,/learn/ethical-crystal-sourcing,seed-parent,(writer chooses descriptive anchor),proposed,site-wide guide this stone-specific page specialises
P-0234,/gemstones/green-opal/price-guide,/learn/mohs-hardness-scale,lateral,(writer chooses descriptive anchor),proposed,durability affects value
P-0235,/gemstones/green-opal/combinations,/gemstones/green-opal,parent,(writer chooses descriptive anchor),proposed,the stone's hub page: full profile and properties
P-0235,/gemstones/green-opal/combinations,/gemstones/green-opal/meaning,sibling,(writer chooses descriptive anchor),proposed,the stone's own associations
P-0235,/gemstones/green-opal/combinations,/gemstones/green-opal/affirmations,sibling,(writer chooses descriptive anchor),proposed,pairing stones with intention
P-0235,/gemstones/green-opal/combinations,/learn/crystal-grids,seed-parent,(writer chooses descriptive anchor),proposed,site-wide guide this stone-specific page specialises
P-0236,/gemstones/green-opal/affirmations,/gemstones/green-opal,parent,(writer chooses descriptive anchor),proposed,the stone's hub page: full profile and properties
P-0236,/gemstones/green-opal/affirmations,/gemstones/green-opal/meaning,sibling,(writer chooses descriptive anchor),proposed,associations the affirmations draw on
P-0236,/gemstones/green-opal/affirmations,/gemstones/green-opal/combinations,sibling,(writer chooses descriptive anchor),proposed,stones to hold alongside
P-0236,/gemstones/green-opal/affirmations,/learn/how-to-program-crystals,seed-parent,(writer chooses descriptive anchor),proposed,site-wide guide this stone-specific page specialises
P-0237,/gemstones/lepidolite/who-should-not-wear,/gemstones/lepidolite,parent,(writer chooses descriptive anchor),proposed,the stone's hub page: full profile and properties
P-0237,/gemstones/lepidolite/who-should-not-wear,/gemstones/lepidolite/meaning,sibling,(writer chooses descriptive anchor),proposed,what the stone is traditionally for
P-0237,/gemstones/lepidolite/who-should-not-wear,/gemstones/lepidolite/sleeping-with,sibling,(writer chooses descriptive anchor),proposed,night-time use cautions
P-0237,/gemstones/lepidolite/who-should-not-wear,/learn/crystal-healing-science,seed-parent,(writer chooses descriptive anchor),proposed,site-wide guide this stone-specific page specialises
P-0238,/gemstones/lepidolite/sleeping-with,/gemstones/lepidolite,parent,(writer chooses descriptive anchor),proposed,the stone's hub page: full profile and properties
P-0238,/gemstones/lepidolite/sleeping-with,/gemstones/lepidolite/who-should-not-wear,sibling,(writer chooses descriptive anchor),proposed,who should avoid night-time use
P-0238,/gemstones/lepidolite/sleeping-with,/gemstones/lepidolite/affirmations,sibling,(writer chooses descriptive anchor),proposed,bedtime affirmation routine
P-0238,/gemstones/lepidolite/sleeping-with,/crystals/crystals-for-sleep,seed-parent,(writer chooses descriptive anchor),proposed,site-wide guide this stone-specific page specialises
P-0239,/gemstones/lepidolite/how-to-identify,/gemstones/lepidolite,parent,(writer chooses descriptive anchor),proposed,the stone's hub page: full profile and properties
P-0239,/gemstones/lepidolite/how-to-identify,/gemstones/lepidolite/price-guide,sibling,(writer chooses descriptive anchor),proposed,price is an identification signal
P-0239,/gemstones/lepidolite/how-to-identify,/gemstones/lepidolite/meaning,sibling,(writer chooses descriptive anchor),proposed,what genuine material looks like
P-0239,/gemstones/lepidolite/how-to-identify,/learn/are-online-crystals-real,seed-parent,(writer chooses descriptive anchor),proposed,site-wide guide this stone-specific page specialises
P-0239,/gemstones/lepidolite/how-to-identify,/compare/lab-created-vs-natural-gemstones,lateral,(writer chooses descriptive anchor),proposed,lab-grown vs natural is a distinct question from fake vs real
P-0240,/gemstones/lepidolite/price-guide,/gemstones/lepidolite,parent,(writer chooses descriptive anchor),proposed,the stone's hub page: full profile and properties
P-0240,/gemstones/lepidolite/price-guide,/gemstones/lepidolite/how-to-identify,sibling,(writer chooses descriptive anchor),proposed,avoid paying real-stone prices for imitations
P-0240,/gemstones/lepidolite/price-guide,/learn/ethical-crystal-sourcing,seed-parent,(writer chooses descriptive anchor),proposed,site-wide guide this stone-specific page specialises
P-0240,/gemstones/lepidolite/price-guide,/learn/mohs-hardness-scale,lateral,(writer chooses descriptive anchor),proposed,durability affects value
P-0241,/gemstones/lepidolite/combinations,/gemstones/lepidolite,parent,(writer chooses descriptive anchor),proposed,the stone's hub page: full profile and properties
P-0241,/gemstones/lepidolite/combinations,/gemstones/lepidolite/meaning,sibling,(writer chooses descriptive anchor),proposed,the stone's own associations
P-0241,/gemstones/lepidolite/combinations,/gemstones/lepidolite/affirmations,sibling,(writer chooses descriptive anchor),proposed,pairing stones with intention
P-0241,/gemstones/lepidolite/combinations,/learn/crystal-grids,seed-parent,(writer chooses descriptive anchor),proposed,site-wide guide this stone-specific page specialises
P-0242,/gemstones/lepidolite/affirmations,/gemstones/lepidolite,parent,(writer chooses descriptive anchor),proposed,the stone's hub page: full profile and properties
P-0242,/gemstones/lepidolite/affirmations,/gemstones/lepidolite/meaning,sibling,(writer chooses descriptive anchor),proposed,associations the affirmations draw on
P-0242,/gemstones/lepidolite/affirmations,/gemstones/lepidolite/combinations,sibling,(writer chooses descriptive anchor),proposed,stones to hold alongside
P-0242,/gemstones/lepidolite/affirmations,/learn/how-to-program-crystals,seed-parent,(writer chooses descriptive anchor),proposed,site-wide guide this stone-specific page specialises
P-0243,/gemstones/howlite/who-should-not-wear,/gemstones/howlite,parent,(writer chooses descriptive anchor),proposed,the stone's hub page: full profile and properties
P-0243,/gemstones/howlite/who-should-not-wear,/gemstones/howlite/meaning,sibling,(writer chooses descriptive anchor),proposed,what the stone is traditionally for
P-0243,/gemstones/howlite/who-should-not-wear,/gemstones/howlite/sleeping-with,sibling,(writer chooses descriptive anchor),proposed,night-time use cautions
P-0243,/gemstones/howlite/who-should-not-wear,/learn/crystal-healing-science,seed-parent,(writer chooses descriptive anchor),proposed,site-wide guide this stone-specific page specialises
P-0243,/gemstones/howlite/who-should-not-wear,/crystals/crystals-for-anxiety,lateral,(writer chooses descriptive anchor),proposed,stone appears in this purpose guide
P-0243,/gemstones/howlite/who-should-not-wear,/crystals/crystals-for-sleep,lateral,(writer chooses descriptive anchor),proposed,stone appears in this purpose guide
P-0244,/gemstones/howlite/sleeping-with,/gemstones/howlite,parent,(writer chooses descriptive anchor),proposed,the stone's hub page: full profile and properties
P-0244,/gemstones/howlite/sleeping-with,/gemstones/howlite/who-should-not-wear,sibling,(writer chooses descriptive anchor),proposed,who should avoid night-time use
P-0244,/gemstones/howlite/sleeping-with,/gemstones/howlite/affirmations,sibling,(writer chooses descriptive anchor),proposed,bedtime affirmation routine
P-0244,/gemstones/howlite/sleeping-with,/crystals/crystals-for-sleep,seed-parent,(writer chooses descriptive anchor),proposed,site-wide guide this stone-specific page specialises
P-0244,/gemstones/howlite/sleeping-with,/crystals/crystals-for-anxiety,lateral,(writer chooses descriptive anchor),proposed,stone appears in this purpose guide
P-0244,/gemstones/howlite/sleeping-with,/crystals/crystals-for-sleep,lateral,(writer chooses descriptive anchor),proposed,stone appears in this purpose guide
P-0245,/gemstones/howlite/meaning,/gemstones/howlite,parent,(writer chooses descriptive anchor),proposed,the stone's hub page: full profile and properties
P-0245,/gemstones/howlite/meaning,/gemstones/howlite/combinations,sibling,(writer chooses descriptive anchor),proposed,pairing follows meaning
P-0245,/gemstones/howlite/meaning,/gemstones/howlite/affirmations,sibling,(writer chooses descriptive anchor),proposed,using the stone intentionally
P-0245,/gemstones/howlite/meaning,/gemstones/howlite/who-should-not-wear,sibling,(writer chooses descriptive anchor),proposed,cautions before adopting the stone
P-0245,/gemstones/howlite/meaning,/learn/gemstone-vs-crystal-vs-mineral,seed-parent,(writer chooses descriptive anchor),proposed,site-wide guide this stone-specific page specialises
P-0245,/gemstones/howlite/meaning,/crystals/crystals-for-anxiety,lateral,(writer chooses descriptive anchor),proposed,stone appears in this purpose guide
P-0245,/gemstones/howlite/meaning,/crystals/crystals-for-sleep,lateral,(writer chooses descriptive anchor),proposed,stone appears in this purpose guide
P-0245,/gemstones/howlite/meaning,/gemstones/zodiac/gemini,taxonomy,(writer chooses descriptive anchor),proposed,zodiac filter page
P-0246,/gemstones/howlite/how-to-identify,/gemstones/howlite,parent,(writer chooses descriptive anchor),proposed,the stone's hub page: full profile and properties
P-0246,/gemstones/howlite/how-to-identify,/gemstones/howlite/price-guide,sibling,(writer chooses descriptive anchor),proposed,price is an identification signal
P-0246,/gemstones/howlite/how-to-identify,/gemstones/howlite/meaning,sibling,(writer chooses descriptive anchor),proposed,what genuine material looks like
P-0246,/gemstones/howlite/how-to-identify,/learn/are-online-crystals-real,seed-parent,(writer chooses descriptive anchor),proposed,site-wide guide this stone-specific page specialises
P-0246,/gemstones/howlite/how-to-identify,/crystals/crystals-for-anxiety,lateral,(writer chooses descriptive anchor),proposed,stone appears in this purpose guide
P-0246,/gemstones/howlite/how-to-identify,/crystals/crystals-for-sleep,lateral,(writer chooses descriptive anchor),proposed,stone appears in this purpose guide
P-0246,/gemstones/howlite/how-to-identify,/compare/lab-created-vs-natural-gemstones,lateral,(writer chooses descriptive anchor),proposed,lab-grown vs natural is a distinct question from fake vs real
P-0247,/gemstones/howlite/price-guide,/gemstones/howlite,parent,(writer chooses descriptive anchor),proposed,the stone's hub page: full profile and properties
P-0247,/gemstones/howlite/price-guide,/gemstones/howlite/how-to-identify,sibling,(writer chooses descriptive anchor),proposed,avoid paying real-stone prices for imitations
P-0247,/gemstones/howlite/price-guide,/learn/ethical-crystal-sourcing,seed-parent,(writer chooses descriptive anchor),proposed,site-wide guide this stone-specific page specialises
P-0247,/gemstones/howlite/price-guide,/crystals/crystals-for-anxiety,lateral,(writer chooses descriptive anchor),proposed,stone appears in this purpose guide
P-0247,/gemstones/howlite/price-guide,/crystals/crystals-for-sleep,lateral,(writer chooses descriptive anchor),proposed,stone appears in this purpose guide
P-0247,/gemstones/howlite/price-guide,/learn/mohs-hardness-scale,lateral,(writer chooses descriptive anchor),proposed,durability affects value
P-0248,/gemstones/howlite/combinations,/gemstones/howlite,parent,(writer chooses descriptive anchor),proposed,the stone's hub page: full profile and properties
P-0248,/gemstones/howlite/combinations,/gemstones/howlite/meaning,sibling,(writer chooses descriptive anchor),proposed,the stone's own associations
P-0248,/gemstones/howlite/combinations,/gemstones/howlite/affirmations,sibling,(writer chooses descriptive anchor),proposed,pairing stones with intention
P-0248,/gemstones/howlite/combinations,/learn/crystal-grids,seed-parent,(writer chooses descriptive anchor),proposed,site-wide guide this stone-specific page specialises
P-0248,/gemstones/howlite/combinations,/crystals/crystals-for-anxiety,lateral,(writer chooses descriptive anchor),proposed,stone appears in this purpose guide
P-0248,/gemstones/howlite/combinations,/crystals/crystals-for-sleep,lateral,(writer chooses descriptive anchor),proposed,stone appears in this purpose guide
P-0249,/gemstones/howlite/affirmations,/gemstones/howlite,parent,(writer chooses descriptive anchor),proposed,the stone's hub page: full profile and properties
P-0249,/gemstones/howlite/affirmations,/gemstones/howlite/meaning,sibling,(writer chooses descriptive anchor),proposed,associations the affirmations draw on
P-0249,/gemstones/howlite/affirmations,/gemstones/howlite/combinations,sibling,(writer chooses descriptive anchor),proposed,stones to hold alongside
P-0249,/gemstones/howlite/affirmations,/learn/how-to-program-crystals,seed-parent,(writer chooses descriptive anchor),proposed,site-wide guide this stone-specific page specialises
P-0249,/gemstones/howlite/affirmations,/crystals/crystals-for-anxiety,lateral,(writer chooses descriptive anchor),proposed,stone appears in this purpose guide
P-0249,/gemstones/howlite/affirmations,/crystals/crystals-for-sleep,lateral,(writer chooses descriptive anchor),proposed,stone appears in this purpose guide
P-0250,/gemstones/amazonite/who-should-not-wear,/gemstones/amazonite,parent,(writer chooses descriptive anchor),proposed,the stone's hub page: full profile and properties
P-0250,/gemstones/amazonite/who-should-not-wear,/gemstones/amazonite/meaning,sibling,(writer chooses descriptive anchor),proposed,what the stone is traditionally for
P-0250,/gemstones/amazonite/who-should-not-wear,/gemstones/amazonite/sleeping-with,sibling,(writer chooses descriptive anchor),proposed,night-time use cautions
P-0250,/gemstones/amazonite/who-should-not-wear,/learn/crystal-healing-science,seed-parent,(writer chooses descriptive anchor),proposed,site-wide guide this stone-specific page specialises
P-0250,/gemstones/amazonite/who-should-not-wear,/crystals/crystals-for-connection,lateral,(writer chooses descriptive anchor),proposed,stone appears in this purpose guide
P-0250,/gemstones/amazonite/who-should-not-wear,/crystals/crystals-for-anxiety,lateral,(writer chooses descriptive anchor),proposed,stone appears in this purpose guide
P-0251,/gemstones/amazonite/how-to-cleanse,/gemstones/amazonite,parent,(writer chooses descriptive anchor),proposed,the stone's hub page: full profile and properties
P-0251,/gemstones/amazonite/how-to-cleanse,/gemstones/amazonite/can-go-in-water,sibling,(writer chooses descriptive anchor),proposed,whether water cleansing is safe for this stone
P-0251,/gemstones/amazonite/how-to-cleanse,/learn/how-to-cleanse-crystals,seed-parent,(writer chooses descriptive anchor),proposed,site-wide guide this stone-specific page specialises
P-0251,/gemstones/amazonite/how-to-cleanse,/crystals/crystals-for-connection,lateral,(writer chooses descriptive anchor),proposed,stone appears in this purpose guide
P-0251,/gemstones/amazonite/how-to-cleanse,/crystals/crystals-for-anxiety,lateral,(writer chooses descriptive anchor),proposed,stone appears in this purpose guide
P-0251,/gemstones/amazonite/how-to-cleanse,/learn/how-to-charge-crystals,next-step,(writer chooses descriptive anchor),proposed,charging follows cleansing
P-0252,/gemstones/amazonite/sleeping-with,/gemstones/amazonite,parent,(writer chooses descriptive anchor),proposed,the stone's hub page: full profile and properties
P-0252,/gemstones/amazonite/sleeping-with,/gemstones/amazonite/who-should-not-wear,sibling,(writer chooses descriptive anchor),proposed,who should avoid night-time use
P-0252,/gemstones/amazonite/sleeping-with,/gemstones/amazonite/affirmations,sibling,(writer chooses descriptive anchor),proposed,bedtime affirmation routine
P-0252,/gemstones/amazonite/sleeping-with,/crystals/crystals-for-sleep,seed-parent,(writer chooses descriptive anchor),proposed,site-wide guide this stone-specific page specialises
P-0252,/gemstones/amazonite/sleeping-with,/crystals/crystals-for-connection,lateral,(writer chooses descriptive anchor),proposed,stone appears in this purpose guide
P-0252,/gemstones/amazonite/sleeping-with,/crystals/crystals-for-anxiety,lateral,(writer chooses descriptive anchor),proposed,stone appears in this purpose guide
P-0253,/gemstones/amazonite/meaning,/gemstones/amazonite,parent,(writer chooses descriptive anchor),proposed,the stone's hub page: full profile and properties
P-0253,/gemstones/amazonite/meaning,/gemstones/amazonite/combinations,sibling,(writer chooses descriptive anchor),proposed,pairing follows meaning
P-0253,/gemstones/amazonite/meaning,/gemstones/amazonite/affirmations,sibling,(writer chooses descriptive anchor),proposed,using the stone intentionally
P-0253,/gemstones/amazonite/meaning,/gemstones/amazonite/who-should-not-wear,sibling,(writer chooses descriptive anchor),proposed,cautions before adopting the stone
P-0253,/gemstones/amazonite/meaning,/learn/gemstone-vs-crystal-vs-mineral,seed-parent,(writer chooses descriptive anchor),proposed,site-wide guide this stone-specific page specialises
P-0253,/gemstones/amazonite/meaning,/crystals/crystals-for-connection,lateral,(writer chooses descriptive anchor),proposed,stone appears in this purpose guide
P-0253,/gemstones/amazonite/meaning,/crystals/crystals-for-anxiety,lateral,(writer chooses descriptive anchor),proposed,stone appears in this purpose guide
P-0253,/gemstones/amazonite/meaning,/gemstones/zodiac/virgo,taxonomy,(writer chooses descriptive anchor),proposed,zodiac filter page
P-0254,/gemstones/amazonite/how-to-identify,/gemstones/amazonite,parent,(writer chooses descriptive anchor),proposed,the stone's hub page: full profile and properties
P-0254,/gemstones/amazonite/how-to-identify,/gemstones/amazonite/price-guide,sibling,(writer chooses descriptive anchor),proposed,price is an identification signal
P-0254,/gemstones/amazonite/how-to-identify,/gemstones/amazonite/meaning,sibling,(writer chooses descriptive anchor),proposed,what genuine material looks like
P-0254,/gemstones/amazonite/how-to-identify,/learn/are-online-crystals-real,seed-parent,(writer chooses descriptive anchor),proposed,site-wide guide this stone-specific page specialises
P-0254,/gemstones/amazonite/how-to-identify,/crystals/crystals-for-connection,lateral,(writer chooses descriptive anchor),proposed,stone appears in this purpose guide
P-0254,/gemstones/amazonite/how-to-identify,/crystals/crystals-for-anxiety,lateral,(writer chooses descriptive anchor),proposed,stone appears in this purpose guide
P-0254,/gemstones/amazonite/how-to-identify,/compare/lab-created-vs-natural-gemstones,lateral,(writer chooses descriptive anchor),proposed,lab-grown vs natural is a distinct question from fake vs real
P-0255,/gemstones/amazonite/price-guide,/gemstones/amazonite,parent,(writer chooses descriptive anchor),proposed,the stone's hub page: full profile and properties
P-0255,/gemstones/amazonite/price-guide,/gemstones/amazonite/how-to-identify,sibling,(writer chooses descriptive anchor),proposed,avoid paying real-stone prices for imitations
P-0255,/gemstones/amazonite/price-guide,/learn/ethical-crystal-sourcing,seed-parent,(writer chooses descriptive anchor),proposed,site-wide guide this stone-specific page specialises
P-0255,/gemstones/amazonite/price-guide,/crystals/crystals-for-connection,lateral,(writer chooses descriptive anchor),proposed,stone appears in this purpose guide
P-0255,/gemstones/amazonite/price-guide,/crystals/crystals-for-anxiety,lateral,(writer chooses descriptive anchor),proposed,stone appears in this purpose guide
P-0255,/gemstones/amazonite/price-guide,/learn/mohs-hardness-scale,lateral,(writer chooses descriptive anchor),proposed,durability affects value
P-0256,/gemstones/amazonite/combinations,/gemstones/amazonite,parent,(writer chooses descriptive anchor),proposed,the stone's hub page: full profile and properties
P-0256,/gemstones/amazonite/combinations,/gemstones/amazonite/meaning,sibling,(writer chooses descriptive anchor),proposed,the stone's own associations
P-0256,/gemstones/amazonite/combinations,/gemstones/amazonite/affirmations,sibling,(writer chooses descriptive anchor),proposed,pairing stones with intention
P-0256,/gemstones/amazonite/combinations,/learn/crystal-grids,seed-parent,(writer chooses descriptive anchor),proposed,site-wide guide this stone-specific page specialises
P-0256,/gemstones/amazonite/combinations,/crystals/crystals-for-connection,lateral,(writer chooses descriptive anchor),proposed,stone appears in this purpose guide
P-0256,/gemstones/amazonite/combinations,/crystals/crystals-for-anxiety,lateral,(writer chooses descriptive anchor),proposed,stone appears in this purpose guide
P-0257,/gemstones/amazonite/affirmations,/gemstones/amazonite,parent,(writer chooses descriptive anchor),proposed,the stone's hub page: full profile and properties
P-0257,/gemstones/amazonite/affirmations,/gemstones/amazonite/meaning,sibling,(writer chooses descriptive anchor),proposed,associations the affirmations draw on
P-0257,/gemstones/amazonite/affirmations,/gemstones/amazonite/combinations,sibling,(writer chooses descriptive anchor),proposed,stones to hold alongside
P-0257,/gemstones/amazonite/affirmations,/learn/how-to-program-crystals,seed-parent,(writer chooses descriptive anchor),proposed,site-wide guide this stone-specific page specialises
P-0257,/gemstones/amazonite/affirmations,/crystals/crystals-for-connection,lateral,(writer chooses descriptive anchor),proposed,stone appears in this purpose guide
P-0257,/gemstones/amazonite/affirmations,/crystals/crystals-for-anxiety,lateral,(writer chooses descriptive anchor),proposed,stone appears in this purpose guide
P-0258,/gemstones/diamond/who-should-not-wear,/gemstones/diamond,parent,(writer chooses descriptive anchor),proposed,the stone's hub page: full profile and properties
P-0258,/gemstones/diamond/who-should-not-wear,/gemstones/diamond/meaning,sibling,(writer chooses descriptive anchor),proposed,what the stone is traditionally for
P-0258,/gemstones/diamond/who-should-not-wear,/gemstones/diamond/sleeping-with,sibling,(writer chooses descriptive anchor),proposed,night-time use cautions
P-0258,/gemstones/diamond/who-should-not-wear,/learn/crystal-healing-science,seed-parent,(writer chooses descriptive anchor),proposed,site-wide guide this stone-specific page specialises
P-0258,/gemstones/diamond/who-should-not-wear,/crystals/crystals-for-confidence,lateral,(writer chooses descriptive anchor),proposed,stone appears in this purpose guide
P-0258,/gemstones/diamond/who-should-not-wear,/crystals/crystals-for-confidence,lateral,(writer chooses descriptive anchor),proposed,stone appears in this purpose guide
P-0259,/gemstones/diamond/how-to-cleanse,/gemstones/diamond,parent,(writer chooses descriptive anchor),proposed,the stone's hub page: full profile and properties
P-0259,/gemstones/diamond/how-to-cleanse,/gemstones/diamond/can-go-in-water,sibling,(writer chooses descriptive anchor),proposed,whether water cleansing is safe for this stone
P-0259,/gemstones/diamond/how-to-cleanse,/learn/how-to-cleanse-crystals,seed-parent,(writer chooses descriptive anchor),proposed,site-wide guide this stone-specific page specialises
P-0259,/gemstones/diamond/how-to-cleanse,/crystals/crystals-for-confidence,lateral,(writer chooses descriptive anchor),proposed,stone appears in this purpose guide
P-0259,/gemstones/diamond/how-to-cleanse,/crystals/crystals-for-confidence,lateral,(writer chooses descriptive anchor),proposed,stone appears in this purpose guide
P-0259,/gemstones/diamond/how-to-cleanse,/learn/how-to-charge-crystals,next-step,(writer chooses descriptive anchor),proposed,charging follows cleansing
P-0260,/gemstones/diamond/can-go-in-water,/gemstones/diamond,parent,(writer chooses descriptive anchor),proposed,the stone's hub page: full profile and properties
P-0260,/gemstones/diamond/can-go-in-water,/gemstones/diamond/how-to-cleanse,sibling,(writer chooses descriptive anchor),proposed,water is one cleansing method among several
P-0260,/gemstones/diamond/can-go-in-water,/learn/what-crystals-can-go-in-water,seed-parent,(writer chooses descriptive anchor),proposed,site-wide guide this stone-specific page specialises
P-0260,/gemstones/diamond/can-go-in-water,/crystals/crystals-for-confidence,lateral,(writer chooses descriptive anchor),proposed,stone appears in this purpose guide
P-0260,/gemstones/diamond/can-go-in-water,/crystals/crystals-for-confidence,lateral,(writer chooses descriptive anchor),proposed,stone appears in this purpose guide
P-0260,/gemstones/diamond/can-go-in-water,/learn/salt-safe-crystals,lateral,(writer chooses descriptive anchor),proposed,salt cleansing is the common follow-up question
P-0260,/gemstones/diamond/can-go-in-water,/learn/sun-safe-crystals,lateral,(writer chooses descriptive anchor),proposed,sun charging after washing
P-0261,/gemstones/diamond/sleeping-with,/gemstones/diamond,parent,(writer chooses descriptive anchor),proposed,the stone's hub page: full profile and properties
P-0261,/gemstones/diamond/sleeping-with,/gemstones/diamond/who-should-not-wear,sibling,(writer chooses descriptive anchor),proposed,who should avoid night-time use
P-0261,/gemstones/diamond/sleeping-with,/gemstones/diamond/affirmations,sibling,(writer chooses descriptive anchor),proposed,bedtime affirmation routine
P-0261,/gemstones/diamond/sleeping-with,/crystals/crystals-for-sleep,seed-parent,(writer chooses descriptive anchor),proposed,site-wide guide this stone-specific page specialises
P-0261,/gemstones/diamond/sleeping-with,/crystals/crystals-for-confidence,lateral,(writer chooses descriptive anchor),proposed,stone appears in this purpose guide
P-0261,/gemstones/diamond/sleeping-with,/crystals/crystals-for-confidence,lateral,(writer chooses descriptive anchor),proposed,stone appears in this purpose guide
P-0262,/gemstones/diamond/meaning,/gemstones/diamond,parent,(writer chooses descriptive anchor),proposed,the stone's hub page: full profile and properties
P-0262,/gemstones/diamond/meaning,/gemstones/diamond/combinations,sibling,(writer chooses descriptive anchor),proposed,pairing follows meaning
P-0262,/gemstones/diamond/meaning,/gemstones/diamond/affirmations,sibling,(writer chooses descriptive anchor),proposed,using the stone intentionally
P-0262,/gemstones/diamond/meaning,/gemstones/diamond/who-should-not-wear,sibling,(writer chooses descriptive anchor),proposed,cautions before adopting the stone
P-0262,/gemstones/diamond/meaning,/learn/gemstone-vs-crystal-vs-mineral,seed-parent,(writer chooses descriptive anchor),proposed,site-wide guide this stone-specific page specialises
P-0262,/gemstones/diamond/meaning,/crystals/crystals-for-confidence,lateral,(writer chooses descriptive anchor),proposed,stone appears in this purpose guide
P-0262,/gemstones/diamond/meaning,/crystals/crystals-for-confidence,lateral,(writer chooses descriptive anchor),proposed,stone appears in this purpose guide
P-0262,/gemstones/diamond/meaning,/gemstones/zodiac/aries,taxonomy,(writer chooses descriptive anchor),proposed,zodiac filter page
P-0263,/gemstones/diamond/price-guide,/gemstones/diamond,parent,(writer chooses descriptive anchor),proposed,the stone's hub page: full profile and properties
P-0263,/gemstones/diamond/price-guide,/gemstones/diamond/how-to-identify,sibling,(writer chooses descriptive anchor),proposed,avoid paying real-stone prices for imitations
P-0263,/gemstones/diamond/price-guide,/learn/ethical-crystal-sourcing,seed-parent,(writer chooses descriptive anchor),proposed,site-wide guide this stone-specific page specialises
P-0263,/gemstones/diamond/price-guide,/crystals/crystals-for-confidence,lateral,(writer chooses descriptive anchor),proposed,stone appears in this purpose guide
P-0263,/gemstones/diamond/price-guide,/crystals/crystals-for-confidence,lateral,(writer chooses descriptive anchor),proposed,stone appears in this purpose guide
P-0263,/gemstones/diamond/price-guide,/learn/mohs-hardness-scale,lateral,(writer chooses descriptive anchor),proposed,durability affects value
P-0264,/gemstones/diamond/combinations,/gemstones/diamond,parent,(writer chooses descriptive anchor),proposed,the stone's hub page: full profile and properties
P-0264,/gemstones/diamond/combinations,/gemstones/diamond/meaning,sibling,(writer chooses descriptive anchor),proposed,the stone's own associations
P-0264,/gemstones/diamond/combinations,/gemstones/diamond/affirmations,sibling,(writer chooses descriptive anchor),proposed,pairing stones with intention
P-0264,/gemstones/diamond/combinations,/learn/crystal-grids,seed-parent,(writer chooses descriptive anchor),proposed,site-wide guide this stone-specific page specialises
P-0264,/gemstones/diamond/combinations,/crystals/crystals-for-confidence,lateral,(writer chooses descriptive anchor),proposed,stone appears in this purpose guide
P-0264,/gemstones/diamond/combinations,/crystals/crystals-for-confidence,lateral,(writer chooses descriptive anchor),proposed,stone appears in this purpose guide
P-0265,/gemstones/diamond/affirmations,/gemstones/diamond,parent,(writer chooses descriptive anchor),proposed,the stone's hub page: full profile and properties
P-0265,/gemstones/diamond/affirmations,/gemstones/diamond/meaning,sibling,(writer chooses descriptive anchor),proposed,associations the affirmations draw on
P-0265,/gemstones/diamond/affirmations,/gemstones/diamond/combinations,sibling,(writer chooses descriptive anchor),proposed,stones to hold alongside
P-0265,/gemstones/diamond/affirmations,/learn/how-to-program-crystals,seed-parent,(writer chooses descriptive anchor),proposed,site-wide guide this stone-specific page specialises
P-0265,/gemstones/diamond/affirmations,/crystals/crystals-for-confidence,lateral,(writer chooses descriptive anchor),proposed,stone appears in this purpose guide
P-0265,/gemstones/diamond/affirmations,/crystals/crystals-for-confidence,lateral,(writer chooses descriptive anchor),proposed,stone appears in this purpose guide
P-0266,/gemstones/fluorite/who-should-not-wear,/gemstones/fluorite,parent,(writer chooses descriptive anchor),proposed,the stone's hub page: full profile and properties
P-0266,/gemstones/fluorite/who-should-not-wear,/gemstones/fluorite/meaning,sibling,(writer chooses descriptive anchor),proposed,what the stone is traditionally for
P-0266,/gemstones/fluorite/who-should-not-wear,/gemstones/fluorite/sleeping-with,sibling,(writer chooses descriptive anchor),proposed,night-time use cautions
P-0266,/gemstones/fluorite/who-should-not-wear,/learn/crystal-healing-science,seed-parent,(writer chooses descriptive anchor),proposed,site-wide guide this stone-specific page specialises
P-0266,/gemstones/fluorite/who-should-not-wear,/crystals/crystals-for-concentration,lateral,(writer chooses descriptive anchor),proposed,stone appears in this purpose guide
P-0266,/gemstones/fluorite/who-should-not-wear,/crystals/crystals-for-meditation,lateral,(writer chooses descriptive anchor),proposed,stone appears in this purpose guide
P-0267,/gemstones/fluorite/how-to-cleanse,/gemstones/fluorite,parent,(writer chooses descriptive anchor),proposed,the stone's hub page: full profile and properties
P-0267,/gemstones/fluorite/how-to-cleanse,/gemstones/fluorite/can-go-in-water,sibling,(writer chooses descriptive anchor),proposed,whether water cleansing is safe for this stone
P-0267,/gemstones/fluorite/how-to-cleanse,/learn/how-to-cleanse-crystals,seed-parent,(writer chooses descriptive anchor),proposed,site-wide guide this stone-specific page specialises
P-0267,/gemstones/fluorite/how-to-cleanse,/crystals/crystals-for-concentration,lateral,(writer chooses descriptive anchor),proposed,stone appears in this purpose guide
P-0267,/gemstones/fluorite/how-to-cleanse,/crystals/crystals-for-meditation,lateral,(writer chooses descriptive anchor),proposed,stone appears in this purpose guide
P-0267,/gemstones/fluorite/how-to-cleanse,/learn/how-to-charge-crystals,next-step,(writer chooses descriptive anchor),proposed,charging follows cleansing
P-0268,/gemstones/fluorite/sleeping-with,/gemstones/fluorite,parent,(writer chooses descriptive anchor),proposed,the stone's hub page: full profile and properties
P-0268,/gemstones/fluorite/sleeping-with,/gemstones/fluorite/who-should-not-wear,sibling,(writer chooses descriptive anchor),proposed,who should avoid night-time use
P-0268,/gemstones/fluorite/sleeping-with,/gemstones/fluorite/affirmations,sibling,(writer chooses descriptive anchor),proposed,bedtime affirmation routine
P-0268,/gemstones/fluorite/sleeping-with,/crystals/crystals-for-sleep,seed-parent,(writer chooses descriptive anchor),proposed,site-wide guide this stone-specific page specialises
P-0268,/gemstones/fluorite/sleeping-with,/crystals/crystals-for-concentration,lateral,(writer chooses descriptive anchor),proposed,stone appears in this purpose guide
P-0268,/gemstones/fluorite/sleeping-with,/crystals/crystals-for-meditation,lateral,(writer chooses descriptive anchor),proposed,stone appears in this purpose guide
P-0269,/gemstones/fluorite/meaning,/gemstones/fluorite,parent,(writer chooses descriptive anchor),proposed,the stone's hub page: full profile and properties
P-0269,/gemstones/fluorite/meaning,/gemstones/fluorite/combinations,sibling,(writer chooses descriptive anchor),proposed,pairing follows meaning
P-0269,/gemstones/fluorite/meaning,/gemstones/fluorite/affirmations,sibling,(writer chooses descriptive anchor),proposed,using the stone intentionally
P-0269,/gemstones/fluorite/meaning,/gemstones/fluorite/who-should-not-wear,sibling,(writer chooses descriptive anchor),proposed,cautions before adopting the stone
P-0269,/gemstones/fluorite/meaning,/learn/gemstone-vs-crystal-vs-mineral,seed-parent,(writer chooses descriptive anchor),proposed,site-wide guide this stone-specific page specialises
P-0269,/gemstones/fluorite/meaning,/crystals/crystals-for-concentration,lateral,(writer chooses descriptive anchor),proposed,stone appears in this purpose guide
P-0269,/gemstones/fluorite/meaning,/crystals/crystals-for-meditation,lateral,(writer chooses descriptive anchor),proposed,stone appears in this purpose guide
P-0269,/gemstones/fluorite/meaning,/gemstones/zodiac/pisces,taxonomy,(writer chooses descriptive anchor),proposed,zodiac filter page
P-0270,/gemstones/fluorite/how-to-identify,/gemstones/fluorite,parent,(writer chooses descriptive anchor),proposed,the stone's hub page: full profile and properties
P-0270,/gemstones/fluorite/how-to-identify,/gemstones/fluorite/price-guide,sibling,(writer chooses descriptive anchor),proposed,price is an identification signal
P-0270,/gemstones/fluorite/how-to-identify,/gemstones/fluorite/meaning,sibling,(writer chooses descriptive anchor),proposed,what genuine material looks like
P-0270,/gemstones/fluorite/how-to-identify,/learn/are-online-crystals-real,seed-parent,(writer chooses descriptive anchor),proposed,site-wide guide this stone-specific page specialises
P-0270,/gemstones/fluorite/how-to-identify,/crystals/crystals-for-concentration,lateral,(writer chooses descriptive anchor),proposed,stone appears in this purpose guide
P-0270,/gemstones/fluorite/how-to-identify,/crystals/crystals-for-meditation,lateral,(writer chooses descriptive anchor),proposed,stone appears in this purpose guide
P-0270,/gemstones/fluorite/how-to-identify,/compare/lab-created-vs-natural-gemstones,lateral,(writer chooses descriptive anchor),proposed,lab-grown vs natural is a distinct question from fake vs real
P-0271,/gemstones/fluorite/price-guide,/gemstones/fluorite,parent,(writer chooses descriptive anchor),proposed,the stone's hub page: full profile and properties
P-0271,/gemstones/fluorite/price-guide,/gemstones/fluorite/how-to-identify,sibling,(writer chooses descriptive anchor),proposed,avoid paying real-stone prices for imitations
P-0271,/gemstones/fluorite/price-guide,/learn/ethical-crystal-sourcing,seed-parent,(writer chooses descriptive anchor),proposed,site-wide guide this stone-specific page specialises
P-0271,/gemstones/fluorite/price-guide,/crystals/crystals-for-concentration,lateral,(writer chooses descriptive anchor),proposed,stone appears in this purpose guide
P-0271,/gemstones/fluorite/price-guide,/crystals/crystals-for-meditation,lateral,(writer chooses descriptive anchor),proposed,stone appears in this purpose guide
P-0271,/gemstones/fluorite/price-guide,/learn/mohs-hardness-scale,lateral,(writer chooses descriptive anchor),proposed,durability affects value
P-0272,/gemstones/fluorite/combinations,/gemstones/fluorite,parent,(writer chooses descriptive anchor),proposed,the stone's hub page: full profile and properties
P-0272,/gemstones/fluorite/combinations,/gemstones/fluorite/meaning,sibling,(writer chooses descriptive anchor),proposed,the stone's own associations
P-0272,/gemstones/fluorite/combinations,/gemstones/fluorite/affirmations,sibling,(writer chooses descriptive anchor),proposed,pairing stones with intention
P-0272,/gemstones/fluorite/combinations,/learn/crystal-grids,seed-parent,(writer chooses descriptive anchor),proposed,site-wide guide this stone-specific page specialises
P-0272,/gemstones/fluorite/combinations,/crystals/crystals-for-concentration,lateral,(writer chooses descriptive anchor),proposed,stone appears in this purpose guide
P-0272,/gemstones/fluorite/combinations,/crystals/crystals-for-meditation,lateral,(writer chooses descriptive anchor),proposed,stone appears in this purpose guide
P-0273,/gemstones/fluorite/affirmations,/gemstones/fluorite,parent,(writer chooses descriptive anchor),proposed,the stone's hub page: full profile and properties
P-0273,/gemstones/fluorite/affirmations,/gemstones/fluorite/meaning,sibling,(writer chooses descriptive anchor),proposed,associations the affirmations draw on
P-0273,/gemstones/fluorite/affirmations,/gemstones/fluorite/combinations,sibling,(writer chooses descriptive anchor),proposed,stones to hold alongside
P-0273,/gemstones/fluorite/affirmations,/learn/how-to-program-crystals,seed-parent,(writer chooses descriptive anchor),proposed,site-wide guide this stone-specific page specialises
P-0273,/gemstones/fluorite/affirmations,/crystals/crystals-for-concentration,lateral,(writer chooses descriptive anchor),proposed,stone appears in this purpose guide
P-0273,/gemstones/fluorite/affirmations,/crystals/crystals-for-meditation,lateral,(writer chooses descriptive anchor),proposed,stone appears in this purpose guide
P-0274,/gemstones/blue-tigers-eye/who-should-not-wear,/gemstones/blue-tigers-eye,parent,(writer chooses descriptive anchor),proposed,the stone's hub page: full profile and properties
P-0274,/gemstones/blue-tigers-eye/who-should-not-wear,/gemstones/blue-tigers-eye/meaning,sibling,(writer chooses descriptive anchor),proposed,what the stone is traditionally for
P-0274,/gemstones/blue-tigers-eye/who-should-not-wear,/gemstones/blue-tigers-eye/sleeping-with,sibling,(writer chooses descriptive anchor),proposed,night-time use cautions
P-0274,/gemstones/blue-tigers-eye/who-should-not-wear,/learn/crystal-healing-science,seed-parent,(writer chooses descriptive anchor),proposed,site-wide guide this stone-specific page specialises
P-0275,/gemstones/blue-tigers-eye/how-to-cleanse,/gemstones/blue-tigers-eye,parent,(writer chooses descriptive anchor),proposed,the stone's hub page: full profile and properties
P-0275,/gemstones/blue-tigers-eye/how-to-cleanse,/gemstones/blue-tigers-eye/can-go-in-water,sibling,(writer chooses descriptive anchor),proposed,whether water cleansing is safe for this stone
P-0275,/gemstones/blue-tigers-eye/how-to-cleanse,/learn/how-to-cleanse-crystals,seed-parent,(writer chooses descriptive anchor),proposed,site-wide guide this stone-specific page specialises
P-0275,/gemstones/blue-tigers-eye/how-to-cleanse,/learn/how-to-charge-crystals,next-step,(writer chooses descriptive anchor),proposed,charging follows cleansing
P-0276,/gemstones/blue-tigers-eye/can-go-in-water,/gemstones/blue-tigers-eye,parent,(writer chooses descriptive anchor),proposed,the stone's hub page: full profile and properties
P-0276,/gemstones/blue-tigers-eye/can-go-in-water,/gemstones/blue-tigers-eye/how-to-cleanse,sibling,(writer chooses descriptive anchor),proposed,water is one cleansing method among several
P-0276,/gemstones/blue-tigers-eye/can-go-in-water,/learn/what-crystals-can-go-in-water,seed-parent,(writer chooses descriptive anchor),proposed,site-wide guide this stone-specific page specialises
P-0276,/gemstones/blue-tigers-eye/can-go-in-water,/learn/salt-safe-crystals,lateral,(writer chooses descriptive anchor),proposed,salt cleansing is the common follow-up question
P-0276,/gemstones/blue-tigers-eye/can-go-in-water,/learn/sun-safe-crystals,lateral,(writer chooses descriptive anchor),proposed,sun charging after washing
P-0277,/gemstones/blue-tigers-eye/sleeping-with,/gemstones/blue-tigers-eye,parent,(writer chooses descriptive anchor),proposed,the stone's hub page: full profile and properties
P-0277,/gemstones/blue-tigers-eye/sleeping-with,/gemstones/blue-tigers-eye/who-should-not-wear,sibling,(writer chooses descriptive anchor),proposed,who should avoid night-time use
P-0277,/gemstones/blue-tigers-eye/sleeping-with,/gemstones/blue-tigers-eye/affirmations,sibling,(writer chooses descriptive anchor),proposed,bedtime affirmation routine
P-0277,/gemstones/blue-tigers-eye/sleeping-with,/crystals/crystals-for-sleep,seed-parent,(writer chooses descriptive anchor),proposed,site-wide guide this stone-specific page specialises
P-0278,/gemstones/blue-tigers-eye/how-to-identify,/gemstones/blue-tigers-eye,parent,(writer chooses descriptive anchor),proposed,the stone's hub page: full profile and properties
P-0278,/gemstones/blue-tigers-eye/how-to-identify,/gemstones/blue-tigers-eye/price-guide,sibling,(writer chooses descriptive anchor),proposed,price is an identification signal
P-0278,/gemstones/blue-tigers-eye/how-to-identify,/gemstones/blue-tigers-eye/meaning,sibling,(writer chooses descriptive anchor),proposed,what genuine material looks like
P-0278,/gemstones/blue-tigers-eye/how-to-identify,/learn/are-online-crystals-real,seed-parent,(writer chooses descriptive anchor),proposed,site-wide guide this stone-specific page specialises
P-0278,/gemstones/blue-tigers-eye/how-to-identify,/compare/lab-created-vs-natural-gemstones,lateral,(writer chooses descriptive anchor),proposed,lab-grown vs natural is a distinct question from fake vs real
P-0279,/gemstones/blue-tigers-eye/price-guide,/gemstones/blue-tigers-eye,parent,(writer chooses descriptive anchor),proposed,the stone's hub page: full profile and properties
P-0279,/gemstones/blue-tigers-eye/price-guide,/gemstones/blue-tigers-eye/how-to-identify,sibling,(writer chooses descriptive anchor),proposed,avoid paying real-stone prices for imitations
P-0279,/gemstones/blue-tigers-eye/price-guide,/learn/ethical-crystal-sourcing,seed-parent,(writer chooses descriptive anchor),proposed,site-wide guide this stone-specific page specialises
P-0279,/gemstones/blue-tigers-eye/price-guide,/learn/mohs-hardness-scale,lateral,(writer chooses descriptive anchor),proposed,durability affects value
P-0280,/gemstones/blue-tigers-eye/combinations,/gemstones/blue-tigers-eye,parent,(writer chooses descriptive anchor),proposed,the stone's hub page: full profile and properties
P-0280,/gemstones/blue-tigers-eye/combinations,/gemstones/blue-tigers-eye/meaning,sibling,(writer chooses descriptive anchor),proposed,the stone's own associations
P-0280,/gemstones/blue-tigers-eye/combinations,/gemstones/blue-tigers-eye/affirmations,sibling,(writer chooses descriptive anchor),proposed,pairing stones with intention
P-0280,/gemstones/blue-tigers-eye/combinations,/learn/crystal-grids,seed-parent,(writer chooses descriptive anchor),proposed,site-wide guide this stone-specific page specialises
P-0281,/gemstones/blue-tigers-eye/affirmations,/gemstones/blue-tigers-eye,parent,(writer chooses descriptive anchor),proposed,the stone's hub page: full profile and properties
P-0281,/gemstones/blue-tigers-eye/affirmations,/gemstones/blue-tigers-eye/meaning,sibling,(writer chooses descriptive anchor),proposed,associations the affirmations draw on
P-0281,/gemstones/blue-tigers-eye/affirmations,/gemstones/blue-tigers-eye/combinations,sibling,(writer chooses descriptive anchor),proposed,stones to hold alongside
P-0281,/gemstones/blue-tigers-eye/affirmations,/learn/how-to-program-crystals,seed-parent,(writer chooses descriptive anchor),proposed,site-wide guide this stone-specific page specialises
P-0282,/gemstones/blue-lace-agate/who-should-not-wear,/gemstones/blue-lace-agate,parent,(writer chooses descriptive anchor),proposed,the stone's hub page: full profile and properties
P-0282,/gemstones/blue-lace-agate/who-should-not-wear,/gemstones/blue-lace-agate/meaning,sibling,(writer chooses descriptive anchor),proposed,what the stone is traditionally for
P-0282,/gemstones/blue-lace-agate/who-should-not-wear,/gemstones/blue-lace-agate/sleeping-with,sibling,(writer chooses descriptive anchor),proposed,night-time use cautions
P-0282,/gemstones/blue-lace-agate/who-should-not-wear,/learn/crystal-healing-science,seed-parent,(writer chooses descriptive anchor),proposed,site-wide guide this stone-specific page specialises
P-0283,/gemstones/blue-lace-agate/how-to-cleanse,/gemstones/blue-lace-agate,parent,(writer chooses descriptive anchor),proposed,the stone's hub page: full profile and properties
P-0283,/gemstones/blue-lace-agate/how-to-cleanse,/gemstones/blue-lace-agate/can-go-in-water,sibling,(writer chooses descriptive anchor),proposed,whether water cleansing is safe for this stone
P-0283,/gemstones/blue-lace-agate/how-to-cleanse,/learn/how-to-cleanse-crystals,seed-parent,(writer chooses descriptive anchor),proposed,site-wide guide this stone-specific page specialises
P-0283,/gemstones/blue-lace-agate/how-to-cleanse,/learn/how-to-charge-crystals,next-step,(writer chooses descriptive anchor),proposed,charging follows cleansing
P-0284,/gemstones/blue-lace-agate/sleeping-with,/gemstones/blue-lace-agate,parent,(writer chooses descriptive anchor),proposed,the stone's hub page: full profile and properties
P-0284,/gemstones/blue-lace-agate/sleeping-with,/gemstones/blue-lace-agate/who-should-not-wear,sibling,(writer chooses descriptive anchor),proposed,who should avoid night-time use
P-0284,/gemstones/blue-lace-agate/sleeping-with,/gemstones/blue-lace-agate/affirmations,sibling,(writer chooses descriptive anchor),proposed,bedtime affirmation routine
P-0284,/gemstones/blue-lace-agate/sleeping-with,/crystals/crystals-for-sleep,seed-parent,(writer chooses descriptive anchor),proposed,site-wide guide this stone-specific page specialises
P-0285,/gemstones/blue-lace-agate/how-to-identify,/gemstones/blue-lace-agate,parent,(writer chooses descriptive anchor),proposed,the stone's hub page: full profile and properties
P-0285,/gemstones/blue-lace-agate/how-to-identify,/gemstones/blue-lace-agate/price-guide,sibling,(writer chooses descriptive anchor),proposed,price is an identification signal
P-0285,/gemstones/blue-lace-agate/how-to-identify,/gemstones/blue-lace-agate/meaning,sibling,(writer chooses descriptive anchor),proposed,what genuine material looks like
P-0285,/gemstones/blue-lace-agate/how-to-identify,/learn/are-online-crystals-real,seed-parent,(writer chooses descriptive anchor),proposed,site-wide guide this stone-specific page specialises
P-0285,/gemstones/blue-lace-agate/how-to-identify,/compare/lab-created-vs-natural-gemstones,lateral,(writer chooses descriptive anchor),proposed,lab-grown vs natural is a distinct question from fake vs real
P-0286,/gemstones/blue-lace-agate/price-guide,/gemstones/blue-lace-agate,parent,(writer chooses descriptive anchor),proposed,the stone's hub page: full profile and properties
P-0286,/gemstones/blue-lace-agate/price-guide,/gemstones/blue-lace-agate/how-to-identify,sibling,(writer chooses descriptive anchor),proposed,avoid paying real-stone prices for imitations
P-0286,/gemstones/blue-lace-agate/price-guide,/learn/ethical-crystal-sourcing,seed-parent,(writer chooses descriptive anchor),proposed,site-wide guide this stone-specific page specialises
P-0286,/gemstones/blue-lace-agate/price-guide,/learn/mohs-hardness-scale,lateral,(writer chooses descriptive anchor),proposed,durability affects value
P-0287,/gemstones/blue-lace-agate/combinations,/gemstones/blue-lace-agate,parent,(writer chooses descriptive anchor),proposed,the stone's hub page: full profile and properties
P-0287,/gemstones/blue-lace-agate/combinations,/gemstones/blue-lace-agate/meaning,sibling,(writer chooses descriptive anchor),proposed,the stone's own associations
P-0287,/gemstones/blue-lace-agate/combinations,/gemstones/blue-lace-agate/affirmations,sibling,(writer chooses descriptive anchor),proposed,pairing stones with intention
P-0287,/gemstones/blue-lace-agate/combinations,/learn/crystal-grids,seed-parent,(writer chooses descriptive anchor),proposed,site-wide guide this stone-specific page specialises
P-0288,/gemstones/blue-lace-agate/affirmations,/gemstones/blue-lace-agate,parent,(writer chooses descriptive anchor),proposed,the stone's hub page: full profile and properties
P-0288,/gemstones/blue-lace-agate/affirmations,/gemstones/blue-lace-agate/meaning,sibling,(writer chooses descriptive anchor),proposed,associations the affirmations draw on
P-0288,/gemstones/blue-lace-agate/affirmations,/gemstones/blue-lace-agate/combinations,sibling,(writer chooses descriptive anchor),proposed,stones to hold alongside
P-0288,/gemstones/blue-lace-agate/affirmations,/learn/how-to-program-crystals,seed-parent,(writer chooses descriptive anchor),proposed,site-wide guide this stone-specific page specialises
P-0289,/gemstones/pink-agate/who-should-not-wear,/gemstones/pink-agate,parent,(writer chooses descriptive anchor),proposed,the stone's hub page: full profile and properties
P-0289,/gemstones/pink-agate/who-should-not-wear,/gemstones/pink-agate/meaning,sibling,(writer chooses descriptive anchor),proposed,what the stone is traditionally for
P-0289,/gemstones/pink-agate/who-should-not-wear,/gemstones/pink-agate/sleeping-with,sibling,(writer chooses descriptive anchor),proposed,night-time use cautions
P-0289,/gemstones/pink-agate/who-should-not-wear,/learn/crystal-healing-science,seed-parent,(writer chooses descriptive anchor),proposed,site-wide guide this stone-specific page specialises
P-0290,/gemstones/pink-agate/how-to-cleanse,/gemstones/pink-agate,parent,(writer chooses descriptive anchor),proposed,the stone's hub page: full profile and properties
P-0290,/gemstones/pink-agate/how-to-cleanse,/gemstones/pink-agate/can-go-in-water,sibling,(writer chooses descriptive anchor),proposed,whether water cleansing is safe for this stone
P-0290,/gemstones/pink-agate/how-to-cleanse,/learn/how-to-cleanse-crystals,seed-parent,(writer chooses descriptive anchor),proposed,site-wide guide this stone-specific page specialises
P-0290,/gemstones/pink-agate/how-to-cleanse,/learn/how-to-charge-crystals,next-step,(writer chooses descriptive anchor),proposed,charging follows cleansing
P-0291,/gemstones/pink-agate/can-go-in-water,/gemstones/pink-agate,parent,(writer chooses descriptive anchor),proposed,the stone's hub page: full profile and properties
P-0291,/gemstones/pink-agate/can-go-in-water,/gemstones/pink-agate/how-to-cleanse,sibling,(writer chooses descriptive anchor),proposed,water is one cleansing method among several
P-0291,/gemstones/pink-agate/can-go-in-water,/learn/what-crystals-can-go-in-water,seed-parent,(writer chooses descriptive anchor),proposed,site-wide guide this stone-specific page specialises
P-0291,/gemstones/pink-agate/can-go-in-water,/learn/salt-safe-crystals,lateral,(writer chooses descriptive anchor),proposed,salt cleansing is the common follow-up question
P-0291,/gemstones/pink-agate/can-go-in-water,/learn/sun-safe-crystals,lateral,(writer chooses descriptive anchor),proposed,sun charging after washing
P-0292,/gemstones/pink-agate/sleeping-with,/gemstones/pink-agate,parent,(writer chooses descriptive anchor),proposed,the stone's hub page: full profile and properties
P-0292,/gemstones/pink-agate/sleeping-with,/gemstones/pink-agate/who-should-not-wear,sibling,(writer chooses descriptive anchor),proposed,who should avoid night-time use
P-0292,/gemstones/pink-agate/sleeping-with,/gemstones/pink-agate/affirmations,sibling,(writer chooses descriptive anchor),proposed,bedtime affirmation routine
P-0292,/gemstones/pink-agate/sleeping-with,/crystals/crystals-for-sleep,seed-parent,(writer chooses descriptive anchor),proposed,site-wide guide this stone-specific page specialises
P-0293,/gemstones/pink-agate/how-to-identify,/gemstones/pink-agate,parent,(writer chooses descriptive anchor),proposed,the stone's hub page: full profile and properties
P-0293,/gemstones/pink-agate/how-to-identify,/gemstones/pink-agate/price-guide,sibling,(writer chooses descriptive anchor),proposed,price is an identification signal
P-0293,/gemstones/pink-agate/how-to-identify,/gemstones/pink-agate/meaning,sibling,(writer chooses descriptive anchor),proposed,what genuine material looks like
P-0293,/gemstones/pink-agate/how-to-identify,/learn/are-online-crystals-real,seed-parent,(writer chooses descriptive anchor),proposed,site-wide guide this stone-specific page specialises
P-0293,/gemstones/pink-agate/how-to-identify,/compare/lab-created-vs-natural-gemstones,lateral,(writer chooses descriptive anchor),proposed,lab-grown vs natural is a distinct question from fake vs real
P-0294,/gemstones/pink-agate/price-guide,/gemstones/pink-agate,parent,(writer chooses descriptive anchor),proposed,the stone's hub page: full profile and properties
P-0294,/gemstones/pink-agate/price-guide,/gemstones/pink-agate/how-to-identify,sibling,(writer chooses descriptive anchor),proposed,avoid paying real-stone prices for imitations
P-0294,/gemstones/pink-agate/price-guide,/learn/ethical-crystal-sourcing,seed-parent,(writer chooses descriptive anchor),proposed,site-wide guide this stone-specific page specialises
P-0294,/gemstones/pink-agate/price-guide,/learn/mohs-hardness-scale,lateral,(writer chooses descriptive anchor),proposed,durability affects value
P-0295,/gemstones/pink-agate/combinations,/gemstones/pink-agate,parent,(writer chooses descriptive anchor),proposed,the stone's hub page: full profile and properties
P-0295,/gemstones/pink-agate/combinations,/gemstones/pink-agate/meaning,sibling,(writer chooses descriptive anchor),proposed,the stone's own associations
P-0295,/gemstones/pink-agate/combinations,/gemstones/pink-agate/affirmations,sibling,(writer chooses descriptive anchor),proposed,pairing stones with intention
P-0295,/gemstones/pink-agate/combinations,/learn/crystal-grids,seed-parent,(writer chooses descriptive anchor),proposed,site-wide guide this stone-specific page specialises
P-0296,/gemstones/pink-agate/affirmations,/gemstones/pink-agate,parent,(writer chooses descriptive anchor),proposed,the stone's hub page: full profile and properties
P-0296,/gemstones/pink-agate/affirmations,/gemstones/pink-agate/meaning,sibling,(writer chooses descriptive anchor),proposed,associations the affirmations draw on
P-0296,/gemstones/pink-agate/affirmations,/gemstones/pink-agate/combinations,sibling,(writer chooses descriptive anchor),proposed,stones to hold alongside
P-0296,/gemstones/pink-agate/affirmations,/learn/how-to-program-crystals,seed-parent,(writer chooses descriptive anchor),proposed,site-wide guide this stone-specific page specialises
P-0297,/gemstones/green-goldstone/who-should-not-wear,/gemstones/green-goldstone,parent,(writer chooses descriptive anchor),proposed,the stone's hub page: full profile and properties
P-0297,/gemstones/green-goldstone/who-should-not-wear,/gemstones/green-goldstone/meaning,sibling,(writer chooses descriptive anchor),proposed,what the stone is traditionally for
P-0297,/gemstones/green-goldstone/who-should-not-wear,/gemstones/green-goldstone/sleeping-with,sibling,(writer chooses descriptive anchor),proposed,night-time use cautions
P-0297,/gemstones/green-goldstone/who-should-not-wear,/learn/crystal-healing-science,seed-parent,(writer chooses descriptive anchor),proposed,site-wide guide this stone-specific page specialises
P-0298,/gemstones/green-goldstone/how-to-cleanse,/gemstones/green-goldstone,parent,(writer chooses descriptive anchor),proposed,the stone's hub page: full profile and properties
P-0298,/gemstones/green-goldstone/how-to-cleanse,/gemstones/green-goldstone/can-go-in-water,sibling,(writer chooses descriptive anchor),proposed,whether water cleansing is safe for this stone
P-0298,/gemstones/green-goldstone/how-to-cleanse,/learn/how-to-cleanse-crystals,seed-parent,(writer chooses descriptive anchor),proposed,site-wide guide this stone-specific page specialises
P-0298,/gemstones/green-goldstone/how-to-cleanse,/learn/how-to-charge-crystals,next-step,(writer chooses descriptive anchor),proposed,charging follows cleansing
P-0299,/gemstones/green-goldstone/can-go-in-water,/gemstones/green-goldstone,parent,(writer chooses descriptive anchor),proposed,the stone's hub page: full profile and properties
P-0299,/gemstones/green-goldstone/can-go-in-water,/gemstones/green-goldstone/how-to-cleanse,sibling,(writer chooses descriptive anchor),proposed,water is one cleansing method among several
P-0299,/gemstones/green-goldstone/can-go-in-water,/learn/what-crystals-can-go-in-water,seed-parent,(writer chooses descriptive anchor),proposed,site-wide guide this stone-specific page specialises
P-0299,/gemstones/green-goldstone/can-go-in-water,/learn/salt-safe-crystals,lateral,(writer chooses descriptive anchor),proposed,salt cleansing is the common follow-up question
P-0299,/gemstones/green-goldstone/can-go-in-water,/learn/sun-safe-crystals,lateral,(writer chooses descriptive anchor),proposed,sun charging after washing
P-0300,/gemstones/green-goldstone/sleeping-with,/gemstones/green-goldstone,parent,(writer chooses descriptive anchor),proposed,the stone's hub page: full profile and properties
P-0300,/gemstones/green-goldstone/sleeping-with,/gemstones/green-goldstone/who-should-not-wear,sibling,(writer chooses descriptive anchor),proposed,who should avoid night-time use
P-0300,/gemstones/green-goldstone/sleeping-with,/gemstones/green-goldstone/affirmations,sibling,(writer chooses descriptive anchor),proposed,bedtime affirmation routine
P-0300,/gemstones/green-goldstone/sleeping-with,/crystals/crystals-for-sleep,seed-parent,(writer chooses descriptive anchor),proposed,site-wide guide this stone-specific page specialises
P-0301,/gemstones/green-goldstone/how-to-identify,/gemstones/green-goldstone,parent,(writer chooses descriptive anchor),proposed,the stone's hub page: full profile and properties
P-0301,/gemstones/green-goldstone/how-to-identify,/gemstones/green-goldstone/price-guide,sibling,(writer chooses descriptive anchor),proposed,price is an identification signal
P-0301,/gemstones/green-goldstone/how-to-identify,/gemstones/green-goldstone/meaning,sibling,(writer chooses descriptive anchor),proposed,what genuine material looks like
P-0301,/gemstones/green-goldstone/how-to-identify,/learn/are-online-crystals-real,seed-parent,(writer chooses descriptive anchor),proposed,site-wide guide this stone-specific page specialises
P-0301,/gemstones/green-goldstone/how-to-identify,/compare/lab-created-vs-natural-gemstones,lateral,(writer chooses descriptive anchor),proposed,lab-grown vs natural is a distinct question from fake vs real
P-0302,/gemstones/green-goldstone/price-guide,/gemstones/green-goldstone,parent,(writer chooses descriptive anchor),proposed,the stone's hub page: full profile and properties
P-0302,/gemstones/green-goldstone/price-guide,/gemstones/green-goldstone/how-to-identify,sibling,(writer chooses descriptive anchor),proposed,avoid paying real-stone prices for imitations
P-0302,/gemstones/green-goldstone/price-guide,/learn/ethical-crystal-sourcing,seed-parent,(writer chooses descriptive anchor),proposed,site-wide guide this stone-specific page specialises
P-0302,/gemstones/green-goldstone/price-guide,/learn/mohs-hardness-scale,lateral,(writer chooses descriptive anchor),proposed,durability affects value
P-0303,/gemstones/green-goldstone/combinations,/gemstones/green-goldstone,parent,(writer chooses descriptive anchor),proposed,the stone's hub page: full profile and properties
P-0303,/gemstones/green-goldstone/combinations,/gemstones/green-goldstone/meaning,sibling,(writer chooses descriptive anchor),proposed,the stone's own associations
P-0303,/gemstones/green-goldstone/combinations,/gemstones/green-goldstone/affirmations,sibling,(writer chooses descriptive anchor),proposed,pairing stones with intention
P-0303,/gemstones/green-goldstone/combinations,/learn/crystal-grids,seed-parent,(writer chooses descriptive anchor),proposed,site-wide guide this stone-specific page specialises
P-0304,/gemstones/green-goldstone/affirmations,/gemstones/green-goldstone,parent,(writer chooses descriptive anchor),proposed,the stone's hub page: full profile and properties
P-0304,/gemstones/green-goldstone/affirmations,/gemstones/green-goldstone/meaning,sibling,(writer chooses descriptive anchor),proposed,associations the affirmations draw on
P-0304,/gemstones/green-goldstone/affirmations,/gemstones/green-goldstone/combinations,sibling,(writer chooses descriptive anchor),proposed,stones to hold alongside
P-0304,/gemstones/green-goldstone/affirmations,/learn/how-to-program-crystals,seed-parent,(writer chooses descriptive anchor),proposed,site-wide guide this stone-specific page specialises
P-0305,/gemstones/calcite/who-should-not-wear,/gemstones/calcite,parent,(writer chooses descriptive anchor),proposed,the stone's hub page: full profile and properties
P-0305,/gemstones/calcite/who-should-not-wear,/gemstones/calcite/meaning,sibling,(writer chooses descriptive anchor),proposed,what the stone is traditionally for
P-0305,/gemstones/calcite/who-should-not-wear,/gemstones/calcite/sleeping-with,sibling,(writer chooses descriptive anchor),proposed,night-time use cautions
P-0305,/gemstones/calcite/who-should-not-wear,/learn/crystal-healing-science,seed-parent,(writer chooses descriptive anchor),proposed,site-wide guide this stone-specific page specialises
P-0306,/gemstones/calcite/how-to-cleanse,/gemstones/calcite,parent,(writer chooses descriptive anchor),proposed,the stone's hub page: full profile and properties
P-0306,/gemstones/calcite/how-to-cleanse,/gemstones/calcite/can-go-in-water,sibling,(writer chooses descriptive anchor),proposed,whether water cleansing is safe for this stone
P-0306,/gemstones/calcite/how-to-cleanse,/learn/how-to-cleanse-crystals,seed-parent,(writer chooses descriptive anchor),proposed,site-wide guide this stone-specific page specialises
P-0306,/gemstones/calcite/how-to-cleanse,/learn/how-to-charge-crystals,next-step,(writer chooses descriptive anchor),proposed,charging follows cleansing
P-0307,/gemstones/calcite/sleeping-with,/gemstones/calcite,parent,(writer chooses descriptive anchor),proposed,the stone's hub page: full profile and properties
P-0307,/gemstones/calcite/sleeping-with,/gemstones/calcite/who-should-not-wear,sibling,(writer chooses descriptive anchor),proposed,who should avoid night-time use
P-0307,/gemstones/calcite/sleeping-with,/gemstones/calcite/affirmations,sibling,(writer chooses descriptive anchor),proposed,bedtime affirmation routine
P-0307,/gemstones/calcite/sleeping-with,/crystals/crystals-for-sleep,seed-parent,(writer chooses descriptive anchor),proposed,site-wide guide this stone-specific page specialises
P-0308,/gemstones/calcite/meaning,/gemstones/calcite,parent,(writer chooses descriptive anchor),proposed,the stone's hub page: full profile and properties
P-0308,/gemstones/calcite/meaning,/gemstones/calcite/combinations,sibling,(writer chooses descriptive anchor),proposed,pairing follows meaning
P-0308,/gemstones/calcite/meaning,/gemstones/calcite/affirmations,sibling,(writer chooses descriptive anchor),proposed,using the stone intentionally
P-0308,/gemstones/calcite/meaning,/gemstones/calcite/who-should-not-wear,sibling,(writer chooses descriptive anchor),proposed,cautions before adopting the stone
P-0308,/gemstones/calcite/meaning,/learn/gemstone-vs-crystal-vs-mineral,seed-parent,(writer chooses descriptive anchor),proposed,site-wide guide this stone-specific page specialises
P-0309,/gemstones/calcite/how-to-identify,/gemstones/calcite,parent,(writer chooses descriptive anchor),proposed,the stone's hub page: full profile and properties
P-0309,/gemstones/calcite/how-to-identify,/gemstones/calcite/price-guide,sibling,(writer chooses descriptive anchor),proposed,price is an identification signal
P-0309,/gemstones/calcite/how-to-identify,/gemstones/calcite/meaning,sibling,(writer chooses descriptive anchor),proposed,what genuine material looks like
P-0309,/gemstones/calcite/how-to-identify,/learn/are-online-crystals-real,seed-parent,(writer chooses descriptive anchor),proposed,site-wide guide this stone-specific page specialises
P-0309,/gemstones/calcite/how-to-identify,/compare/lab-created-vs-natural-gemstones,lateral,(writer chooses descriptive anchor),proposed,lab-grown vs natural is a distinct question from fake vs real
P-0310,/gemstones/calcite/price-guide,/gemstones/calcite,parent,(writer chooses descriptive anchor),proposed,the stone's hub page: full profile and properties
P-0310,/gemstones/calcite/price-guide,/gemstones/calcite/how-to-identify,sibling,(writer chooses descriptive anchor),proposed,avoid paying real-stone prices for imitations
P-0310,/gemstones/calcite/price-guide,/learn/ethical-crystal-sourcing,seed-parent,(writer chooses descriptive anchor),proposed,site-wide guide this stone-specific page specialises
P-0310,/gemstones/calcite/price-guide,/learn/mohs-hardness-scale,lateral,(writer chooses descriptive anchor),proposed,durability affects value
P-0311,/gemstones/calcite/combinations,/gemstones/calcite,parent,(writer chooses descriptive anchor),proposed,the stone's hub page: full profile and properties
P-0311,/gemstones/calcite/combinations,/gemstones/calcite/meaning,sibling,(writer chooses descriptive anchor),proposed,the stone's own associations
P-0311,/gemstones/calcite/combinations,/gemstones/calcite/affirmations,sibling,(writer chooses descriptive anchor),proposed,pairing stones with intention
P-0311,/gemstones/calcite/combinations,/learn/crystal-grids,seed-parent,(writer chooses descriptive anchor),proposed,site-wide guide this stone-specific page specialises
P-0312,/gemstones/calcite/affirmations,/gemstones/calcite,parent,(writer chooses descriptive anchor),proposed,the stone's hub page: full profile and properties
P-0312,/gemstones/calcite/affirmations,/gemstones/calcite/meaning,sibling,(writer chooses descriptive anchor),proposed,associations the affirmations draw on
P-0312,/gemstones/calcite/affirmations,/gemstones/calcite/combinations,sibling,(writer chooses descriptive anchor),proposed,stones to hold alongside
P-0312,/gemstones/calcite/affirmations,/learn/how-to-program-crystals,seed-parent,(writer chooses descriptive anchor),proposed,site-wide guide this stone-specific page specialises
P-0313,/gemstones/black-agate/who-should-not-wear,/gemstones/black-agate,parent,(writer chooses descriptive anchor),proposed,the stone's hub page: full profile and properties
P-0313,/gemstones/black-agate/who-should-not-wear,/gemstones/black-agate/meaning,sibling,(writer chooses descriptive anchor),proposed,what the stone is traditionally for
P-0313,/gemstones/black-agate/who-should-not-wear,/gemstones/black-agate/sleeping-with,sibling,(writer chooses descriptive anchor),proposed,night-time use cautions
P-0313,/gemstones/black-agate/who-should-not-wear,/learn/crystal-healing-science,seed-parent,(writer chooses descriptive anchor),proposed,site-wide guide this stone-specific page specialises
P-0314,/gemstones/black-agate/how-to-cleanse,/gemstones/black-agate,parent,(writer chooses descriptive anchor),proposed,the stone's hub page: full profile and properties
P-0314,/gemstones/black-agate/how-to-cleanse,/gemstones/black-agate/can-go-in-water,sibling,(writer chooses descriptive anchor),proposed,whether water cleansing is safe for this stone
P-0314,/gemstones/black-agate/how-to-cleanse,/learn/how-to-cleanse-crystals,seed-parent,(writer chooses descriptive anchor),proposed,site-wide guide this stone-specific page specialises
P-0314,/gemstones/black-agate/how-to-cleanse,/learn/how-to-charge-crystals,next-step,(writer chooses descriptive anchor),proposed,charging follows cleansing
P-0315,/gemstones/black-agate/can-go-in-water,/gemstones/black-agate,parent,(writer chooses descriptive anchor),proposed,the stone's hub page: full profile and properties
P-0315,/gemstones/black-agate/can-go-in-water,/gemstones/black-agate/how-to-cleanse,sibling,(writer chooses descriptive anchor),proposed,water is one cleansing method among several
P-0315,/gemstones/black-agate/can-go-in-water,/learn/what-crystals-can-go-in-water,seed-parent,(writer chooses descriptive anchor),proposed,site-wide guide this stone-specific page specialises
P-0315,/gemstones/black-agate/can-go-in-water,/learn/salt-safe-crystals,lateral,(writer chooses descriptive anchor),proposed,salt cleansing is the common follow-up question
P-0315,/gemstones/black-agate/can-go-in-water,/learn/sun-safe-crystals,lateral,(writer chooses descriptive anchor),proposed,sun charging after washing
P-0316,/gemstones/black-agate/sleeping-with,/gemstones/black-agate,parent,(writer chooses descriptive anchor),proposed,the stone's hub page: full profile and properties
P-0316,/gemstones/black-agate/sleeping-with,/gemstones/black-agate/who-should-not-wear,sibling,(writer chooses descriptive anchor),proposed,who should avoid night-time use
P-0316,/gemstones/black-agate/sleeping-with,/gemstones/black-agate/affirmations,sibling,(writer chooses descriptive anchor),proposed,bedtime affirmation routine
P-0316,/gemstones/black-agate/sleeping-with,/crystals/crystals-for-sleep,seed-parent,(writer chooses descriptive anchor),proposed,site-wide guide this stone-specific page specialises
P-0317,/gemstones/black-agate/how-to-identify,/gemstones/black-agate,parent,(writer chooses descriptive anchor),proposed,the stone's hub page: full profile and properties
P-0317,/gemstones/black-agate/how-to-identify,/gemstones/black-agate/price-guide,sibling,(writer chooses descriptive anchor),proposed,price is an identification signal
P-0317,/gemstones/black-agate/how-to-identify,/gemstones/black-agate/meaning,sibling,(writer chooses descriptive anchor),proposed,what genuine material looks like
P-0317,/gemstones/black-agate/how-to-identify,/learn/are-online-crystals-real,seed-parent,(writer chooses descriptive anchor),proposed,site-wide guide this stone-specific page specialises
P-0317,/gemstones/black-agate/how-to-identify,/compare/lab-created-vs-natural-gemstones,lateral,(writer chooses descriptive anchor),proposed,lab-grown vs natural is a distinct question from fake vs real
P-0318,/gemstones/black-agate/price-guide,/gemstones/black-agate,parent,(writer chooses descriptive anchor),proposed,the stone's hub page: full profile and properties
P-0318,/gemstones/black-agate/price-guide,/gemstones/black-agate/how-to-identify,sibling,(writer chooses descriptive anchor),proposed,avoid paying real-stone prices for imitations
P-0318,/gemstones/black-agate/price-guide,/learn/ethical-crystal-sourcing,seed-parent,(writer chooses descriptive anchor),proposed,site-wide guide this stone-specific page specialises
P-0318,/gemstones/black-agate/price-guide,/learn/mohs-hardness-scale,lateral,(writer chooses descriptive anchor),proposed,durability affects value
P-0319,/gemstones/black-agate/combinations,/gemstones/black-agate,parent,(writer chooses descriptive anchor),proposed,the stone's hub page: full profile and properties
P-0319,/gemstones/black-agate/combinations,/gemstones/black-agate/meaning,sibling,(writer chooses descriptive anchor),proposed,the stone's own associations
P-0319,/gemstones/black-agate/combinations,/gemstones/black-agate/affirmations,sibling,(writer chooses descriptive anchor),proposed,pairing stones with intention
P-0319,/gemstones/black-agate/combinations,/learn/crystal-grids,seed-parent,(writer chooses descriptive anchor),proposed,site-wide guide this stone-specific page specialises
P-0320,/gemstones/black-agate/affirmations,/gemstones/black-agate,parent,(writer chooses descriptive anchor),proposed,the stone's hub page: full profile and properties
P-0320,/gemstones/black-agate/affirmations,/gemstones/black-agate/meaning,sibling,(writer chooses descriptive anchor),proposed,associations the affirmations draw on
P-0320,/gemstones/black-agate/affirmations,/gemstones/black-agate/combinations,sibling,(writer chooses descriptive anchor),proposed,stones to hold alongside
P-0320,/gemstones/black-agate/affirmations,/learn/how-to-program-crystals,seed-parent,(writer chooses descriptive anchor),proposed,site-wide guide this stone-specific page specialises
P-0321,/gemstones/botswana-agate/who-should-not-wear,/gemstones/botswana-agate,parent,(writer chooses descriptive anchor),proposed,the stone's hub page: full profile and properties
P-0321,/gemstones/botswana-agate/who-should-not-wear,/gemstones/botswana-agate/meaning,sibling,(writer chooses descriptive anchor),proposed,what the stone is traditionally for
P-0321,/gemstones/botswana-agate/who-should-not-wear,/gemstones/botswana-agate/sleeping-with,sibling,(writer chooses descriptive anchor),proposed,night-time use cautions
P-0321,/gemstones/botswana-agate/who-should-not-wear,/learn/crystal-healing-science,seed-parent,(writer chooses descriptive anchor),proposed,site-wide guide this stone-specific page specialises
P-0322,/gemstones/botswana-agate/how-to-cleanse,/gemstones/botswana-agate,parent,(writer chooses descriptive anchor),proposed,the stone's hub page: full profile and properties
P-0322,/gemstones/botswana-agate/how-to-cleanse,/gemstones/botswana-agate/can-go-in-water,sibling,(writer chooses descriptive anchor),proposed,whether water cleansing is safe for this stone
P-0322,/gemstones/botswana-agate/how-to-cleanse,/learn/how-to-cleanse-crystals,seed-parent,(writer chooses descriptive anchor),proposed,site-wide guide this stone-specific page specialises
P-0322,/gemstones/botswana-agate/how-to-cleanse,/learn/how-to-charge-crystals,next-step,(writer chooses descriptive anchor),proposed,charging follows cleansing
P-0323,/gemstones/botswana-agate/can-go-in-water,/gemstones/botswana-agate,parent,(writer chooses descriptive anchor),proposed,the stone's hub page: full profile and properties
P-0323,/gemstones/botswana-agate/can-go-in-water,/gemstones/botswana-agate/how-to-cleanse,sibling,(writer chooses descriptive anchor),proposed,water is one cleansing method among several
P-0323,/gemstones/botswana-agate/can-go-in-water,/learn/what-crystals-can-go-in-water,seed-parent,(writer chooses descriptive anchor),proposed,site-wide guide this stone-specific page specialises
P-0323,/gemstones/botswana-agate/can-go-in-water,/learn/salt-safe-crystals,lateral,(writer chooses descriptive anchor),proposed,salt cleansing is the common follow-up question
P-0323,/gemstones/botswana-agate/can-go-in-water,/learn/sun-safe-crystals,lateral,(writer chooses descriptive anchor),proposed,sun charging after washing
P-0324,/gemstones/botswana-agate/sleeping-with,/gemstones/botswana-agate,parent,(writer chooses descriptive anchor),proposed,the stone's hub page: full profile and properties
P-0324,/gemstones/botswana-agate/sleeping-with,/gemstones/botswana-agate/who-should-not-wear,sibling,(writer chooses descriptive anchor),proposed,who should avoid night-time use
P-0324,/gemstones/botswana-agate/sleeping-with,/gemstones/botswana-agate/affirmations,sibling,(writer chooses descriptive anchor),proposed,bedtime affirmation routine
P-0324,/gemstones/botswana-agate/sleeping-with,/crystals/crystals-for-sleep,seed-parent,(writer chooses descriptive anchor),proposed,site-wide guide this stone-specific page specialises
P-0325,/gemstones/botswana-agate/how-to-identify,/gemstones/botswana-agate,parent,(writer chooses descriptive anchor),proposed,the stone's hub page: full profile and properties
P-0325,/gemstones/botswana-agate/how-to-identify,/gemstones/botswana-agate/price-guide,sibling,(writer chooses descriptive anchor),proposed,price is an identification signal
P-0325,/gemstones/botswana-agate/how-to-identify,/gemstones/botswana-agate/meaning,sibling,(writer chooses descriptive anchor),proposed,what genuine material looks like
P-0325,/gemstones/botswana-agate/how-to-identify,/learn/are-online-crystals-real,seed-parent,(writer chooses descriptive anchor),proposed,site-wide guide this stone-specific page specialises
P-0325,/gemstones/botswana-agate/how-to-identify,/compare/lab-created-vs-natural-gemstones,lateral,(writer chooses descriptive anchor),proposed,lab-grown vs natural is a distinct question from fake vs real
P-0326,/gemstones/botswana-agate/price-guide,/gemstones/botswana-agate,parent,(writer chooses descriptive anchor),proposed,the stone's hub page: full profile and properties
P-0326,/gemstones/botswana-agate/price-guide,/gemstones/botswana-agate/how-to-identify,sibling,(writer chooses descriptive anchor),proposed,avoid paying real-stone prices for imitations
P-0326,/gemstones/botswana-agate/price-guide,/learn/ethical-crystal-sourcing,seed-parent,(writer chooses descriptive anchor),proposed,site-wide guide this stone-specific page specialises
P-0326,/gemstones/botswana-agate/price-guide,/learn/mohs-hardness-scale,lateral,(writer chooses descriptive anchor),proposed,durability affects value
P-0327,/gemstones/botswana-agate/combinations,/gemstones/botswana-agate,parent,(writer chooses descriptive anchor),proposed,the stone's hub page: full profile and properties
P-0327,/gemstones/botswana-agate/combinations,/gemstones/botswana-agate/meaning,sibling,(writer chooses descriptive anchor),proposed,the stone's own associations
P-0327,/gemstones/botswana-agate/combinations,/gemstones/botswana-agate/affirmations,sibling,(writer chooses descriptive anchor),proposed,pairing stones with intention
P-0327,/gemstones/botswana-agate/combinations,/learn/crystal-grids,seed-parent,(writer chooses descriptive anchor),proposed,site-wide guide this stone-specific page specialises
P-0328,/gemstones/botswana-agate/affirmations,/gemstones/botswana-agate,parent,(writer chooses descriptive anchor),proposed,the stone's hub page: full profile and properties
P-0328,/gemstones/botswana-agate/affirmations,/gemstones/botswana-agate/meaning,sibling,(writer chooses descriptive anchor),proposed,associations the affirmations draw on
P-0328,/gemstones/botswana-agate/affirmations,/gemstones/botswana-agate/combinations,sibling,(writer chooses descriptive anchor),proposed,stones to hold alongside
P-0328,/gemstones/botswana-agate/affirmations,/learn/how-to-program-crystals,seed-parent,(writer chooses descriptive anchor),proposed,site-wide guide this stone-specific page specialises
P-0329,/gemstones/yellow-calcite/who-should-not-wear,/gemstones/yellow-calcite,parent,(writer chooses descriptive anchor),proposed,the stone's hub page: full profile and properties
P-0329,/gemstones/yellow-calcite/who-should-not-wear,/gemstones/yellow-calcite/meaning,sibling,(writer chooses descriptive anchor),proposed,what the stone is traditionally for
P-0329,/gemstones/yellow-calcite/who-should-not-wear,/gemstones/yellow-calcite/sleeping-with,sibling,(writer chooses descriptive anchor),proposed,night-time use cautions
P-0329,/gemstones/yellow-calcite/who-should-not-wear,/learn/crystal-healing-science,seed-parent,(writer chooses descriptive anchor),proposed,site-wide guide this stone-specific page specialises
P-0330,/gemstones/yellow-calcite/how-to-cleanse,/gemstones/yellow-calcite,parent,(writer chooses descriptive anchor),proposed,the stone's hub page: full profile and properties
P-0330,/gemstones/yellow-calcite/how-to-cleanse,/gemstones/yellow-calcite/can-go-in-water,sibling,(writer chooses descriptive anchor),proposed,whether water cleansing is safe for this stone
P-0330,/gemstones/yellow-calcite/how-to-cleanse,/learn/how-to-cleanse-crystals,seed-parent,(writer chooses descriptive anchor),proposed,site-wide guide this stone-specific page specialises
P-0330,/gemstones/yellow-calcite/how-to-cleanse,/learn/how-to-charge-crystals,next-step,(writer chooses descriptive anchor),proposed,charging follows cleansing
P-0331,/gemstones/yellow-calcite/can-go-in-water,/gemstones/yellow-calcite,parent,(writer chooses descriptive anchor),proposed,the stone's hub page: full profile and properties
P-0331,/gemstones/yellow-calcite/can-go-in-water,/gemstones/yellow-calcite/how-to-cleanse,sibling,(writer chooses descriptive anchor),proposed,water is one cleansing method among several
P-0331,/gemstones/yellow-calcite/can-go-in-water,/learn/what-crystals-can-go-in-water,seed-parent,(writer chooses descriptive anchor),proposed,site-wide guide this stone-specific page specialises
P-0331,/gemstones/yellow-calcite/can-go-in-water,/learn/salt-safe-crystals,lateral,(writer chooses descriptive anchor),proposed,salt cleansing is the common follow-up question
P-0331,/gemstones/yellow-calcite/can-go-in-water,/learn/sun-safe-crystals,lateral,(writer chooses descriptive anchor),proposed,sun charging after washing
P-0332,/gemstones/yellow-calcite/sleeping-with,/gemstones/yellow-calcite,parent,(writer chooses descriptive anchor),proposed,the stone's hub page: full profile and properties
P-0332,/gemstones/yellow-calcite/sleeping-with,/gemstones/yellow-calcite/who-should-not-wear,sibling,(writer chooses descriptive anchor),proposed,who should avoid night-time use
P-0332,/gemstones/yellow-calcite/sleeping-with,/gemstones/yellow-calcite/affirmations,sibling,(writer chooses descriptive anchor),proposed,bedtime affirmation routine
P-0332,/gemstones/yellow-calcite/sleeping-with,/crystals/crystals-for-sleep,seed-parent,(writer chooses descriptive anchor),proposed,site-wide guide this stone-specific page specialises
P-0333,/gemstones/yellow-calcite/how-to-identify,/gemstones/yellow-calcite,parent,(writer chooses descriptive anchor),proposed,the stone's hub page: full profile and properties
P-0333,/gemstones/yellow-calcite/how-to-identify,/gemstones/yellow-calcite/price-guide,sibling,(writer chooses descriptive anchor),proposed,price is an identification signal
P-0333,/gemstones/yellow-calcite/how-to-identify,/gemstones/yellow-calcite/meaning,sibling,(writer chooses descriptive anchor),proposed,what genuine material looks like
P-0333,/gemstones/yellow-calcite/how-to-identify,/learn/are-online-crystals-real,seed-parent,(writer chooses descriptive anchor),proposed,site-wide guide this stone-specific page specialises
P-0333,/gemstones/yellow-calcite/how-to-identify,/compare/lab-created-vs-natural-gemstones,lateral,(writer chooses descriptive anchor),proposed,lab-grown vs natural is a distinct question from fake vs real
P-0334,/gemstones/yellow-calcite/price-guide,/gemstones/yellow-calcite,parent,(writer chooses descriptive anchor),proposed,the stone's hub page: full profile and properties
P-0334,/gemstones/yellow-calcite/price-guide,/gemstones/yellow-calcite/how-to-identify,sibling,(writer chooses descriptive anchor),proposed,avoid paying real-stone prices for imitations
P-0334,/gemstones/yellow-calcite/price-guide,/learn/ethical-crystal-sourcing,seed-parent,(writer chooses descriptive anchor),proposed,site-wide guide this stone-specific page specialises
P-0334,/gemstones/yellow-calcite/price-guide,/learn/mohs-hardness-scale,lateral,(writer chooses descriptive anchor),proposed,durability affects value
P-0335,/gemstones/yellow-calcite/combinations,/gemstones/yellow-calcite,parent,(writer chooses descriptive anchor),proposed,the stone's hub page: full profile and properties
P-0335,/gemstones/yellow-calcite/combinations,/gemstones/yellow-calcite/meaning,sibling,(writer chooses descriptive anchor),proposed,the stone's own associations
P-0335,/gemstones/yellow-calcite/combinations,/gemstones/yellow-calcite/affirmations,sibling,(writer chooses descriptive anchor),proposed,pairing stones with intention
P-0335,/gemstones/yellow-calcite/combinations,/learn/crystal-grids,seed-parent,(writer chooses descriptive anchor),proposed,site-wide guide this stone-specific page specialises
P-0336,/gemstones/yellow-calcite/affirmations,/gemstones/yellow-calcite,parent,(writer chooses descriptive anchor),proposed,the stone's hub page: full profile and properties
P-0336,/gemstones/yellow-calcite/affirmations,/gemstones/yellow-calcite/meaning,sibling,(writer chooses descriptive anchor),proposed,associations the affirmations draw on
P-0336,/gemstones/yellow-calcite/affirmations,/gemstones/yellow-calcite/combinations,sibling,(writer chooses descriptive anchor),proposed,stones to hold alongside
P-0336,/gemstones/yellow-calcite/affirmations,/learn/how-to-program-crystals,seed-parent,(writer chooses descriptive anchor),proposed,site-wide guide this stone-specific page specialises
P-0337,/gemstones/clear-quartz/how-to-identify,/gemstones/clear-quartz,parent,(writer chooses descriptive anchor),proposed,the stone's hub page: full profile and properties
P-0337,/gemstones/clear-quartz/how-to-identify,/gemstones/clear-quartz/price-guide,sibling,(writer chooses descriptive anchor),proposed,price is an identification signal
P-0337,/gemstones/clear-quartz/how-to-identify,/gemstones/clear-quartz/meaning,sibling,(writer chooses descriptive anchor),proposed,what genuine material looks like
P-0337,/gemstones/clear-quartz/how-to-identify,/learn/are-online-crystals-real,seed-parent,(writer chooses descriptive anchor),proposed,site-wide guide this stone-specific page specialises
P-0337,/gemstones/clear-quartz/how-to-identify,/crystals/crystals-for-healing,lateral,(writer chooses descriptive anchor),proposed,stone appears in this purpose guide
P-0337,/gemstones/clear-quartz/how-to-identify,/crystals/crystals-for-concentration,lateral,(writer chooses descriptive anchor),proposed,stone appears in this purpose guide
P-0337,/gemstones/clear-quartz/how-to-identify,/compare/lab-created-vs-natural-gemstones,lateral,(writer chooses descriptive anchor),proposed,lab-grown vs natural is a distinct question from fake vs real
P-0338,/gemstones/clear-quartz/who-should-not-wear,/gemstones/clear-quartz,parent,(writer chooses descriptive anchor),proposed,the stone's hub page: full profile and properties
P-0338,/gemstones/clear-quartz/who-should-not-wear,/gemstones/clear-quartz/meaning,sibling,(writer chooses descriptive anchor),proposed,what the stone is traditionally for
P-0338,/gemstones/clear-quartz/who-should-not-wear,/gemstones/clear-quartz/sleeping-with,sibling,(writer chooses descriptive anchor),proposed,night-time use cautions
P-0338,/gemstones/clear-quartz/who-should-not-wear,/learn/crystal-healing-science,seed-parent,(writer chooses descriptive anchor),proposed,site-wide guide this stone-specific page specialises
P-0338,/gemstones/clear-quartz/who-should-not-wear,/crystals/crystals-for-healing,lateral,(writer chooses descriptive anchor),proposed,stone appears in this purpose guide
P-0338,/gemstones/clear-quartz/who-should-not-wear,/crystals/crystals-for-concentration,lateral,(writer chooses descriptive anchor),proposed,stone appears in this purpose guide
P-0339,/gemstones/clear-quartz/how-to-cleanse,/gemstones/clear-quartz,parent,(writer chooses descriptive anchor),proposed,the stone's hub page: full profile and properties
P-0339,/gemstones/clear-quartz/how-to-cleanse,/gemstones/clear-quartz/can-go-in-water,sibling,(writer chooses descriptive anchor),proposed,whether water cleansing is safe for this stone
P-0339,/gemstones/clear-quartz/how-to-cleanse,/learn/how-to-cleanse-crystals,seed-parent,(writer chooses descriptive anchor),proposed,site-wide guide this stone-specific page specialises
P-0339,/gemstones/clear-quartz/how-to-cleanse,/crystals/crystals-for-healing,lateral,(writer chooses descriptive anchor),proposed,stone appears in this purpose guide
P-0339,/gemstones/clear-quartz/how-to-cleanse,/crystals/crystals-for-concentration,lateral,(writer chooses descriptive anchor),proposed,stone appears in this purpose guide
P-0339,/gemstones/clear-quartz/how-to-cleanse,/learn/how-to-charge-crystals,next-step,(writer chooses descriptive anchor),proposed,charging follows cleansing
P-0340,/gemstones/clear-quartz/sleeping-with,/gemstones/clear-quartz,parent,(writer chooses descriptive anchor),proposed,the stone's hub page: full profile and properties
P-0340,/gemstones/clear-quartz/sleeping-with,/gemstones/clear-quartz/who-should-not-wear,sibling,(writer chooses descriptive anchor),proposed,who should avoid night-time use
P-0340,/gemstones/clear-quartz/sleeping-with,/gemstones/clear-quartz/affirmations,sibling,(writer chooses descriptive anchor),proposed,bedtime affirmation routine
P-0340,/gemstones/clear-quartz/sleeping-with,/crystals/crystals-for-sleep,seed-parent,(writer chooses descriptive anchor),proposed,site-wide guide this stone-specific page specialises
P-0340,/gemstones/clear-quartz/sleeping-with,/crystals/crystals-for-healing,lateral,(writer chooses descriptive anchor),proposed,stone appears in this purpose guide
P-0340,/gemstones/clear-quartz/sleeping-with,/crystals/crystals-for-concentration,lateral,(writer chooses descriptive anchor),proposed,stone appears in this purpose guide
P-0341,/gemstones/clear-quartz/meaning,/gemstones/clear-quartz,parent,(writer chooses descriptive anchor),proposed,the stone's hub page: full profile and properties
P-0341,/gemstones/clear-quartz/meaning,/gemstones/clear-quartz/combinations,sibling,(writer chooses descriptive anchor),proposed,pairing follows meaning
P-0341,/gemstones/clear-quartz/meaning,/gemstones/clear-quartz/affirmations,sibling,(writer chooses descriptive anchor),proposed,using the stone intentionally
P-0341,/gemstones/clear-quartz/meaning,/gemstones/clear-quartz/who-should-not-wear,sibling,(writer chooses descriptive anchor),proposed,cautions before adopting the stone
P-0341,/gemstones/clear-quartz/meaning,/learn/gemstone-vs-crystal-vs-mineral,seed-parent,(writer chooses descriptive anchor),proposed,site-wide guide this stone-specific page specialises
P-0341,/gemstones/clear-quartz/meaning,/crystals/crystals-for-healing,lateral,(writer chooses descriptive anchor),proposed,stone appears in this purpose guide
P-0341,/gemstones/clear-quartz/meaning,/crystals/crystals-for-concentration,lateral,(writer chooses descriptive anchor),proposed,stone appears in this purpose guide
P-0341,/gemstones/clear-quartz/meaning,/gemstones/zodiac/aries,taxonomy,(writer chooses descriptive anchor),proposed,zodiac filter page
P-0342,/gemstones/clear-quartz/price-guide,/gemstones/clear-quartz,parent,(writer chooses descriptive anchor),proposed,the stone's hub page: full profile and properties
P-0342,/gemstones/clear-quartz/price-guide,/gemstones/clear-quartz/how-to-identify,sibling,(writer chooses descriptive anchor),proposed,avoid paying real-stone prices for imitations
P-0342,/gemstones/clear-quartz/price-guide,/learn/ethical-crystal-sourcing,seed-parent,(writer chooses descriptive anchor),proposed,site-wide guide this stone-specific page specialises
P-0342,/gemstones/clear-quartz/price-guide,/crystals/crystals-for-healing,lateral,(writer chooses descriptive anchor),proposed,stone appears in this purpose guide
P-0342,/gemstones/clear-quartz/price-guide,/crystals/crystals-for-concentration,lateral,(writer chooses descriptive anchor),proposed,stone appears in this purpose guide
P-0342,/gemstones/clear-quartz/price-guide,/learn/mohs-hardness-scale,lateral,(writer chooses descriptive anchor),proposed,durability affects value
P-0343,/gemstones/clear-quartz/combinations,/gemstones/clear-quartz,parent,(writer chooses descriptive anchor),proposed,the stone's hub page: full profile and properties
P-0343,/gemstones/clear-quartz/combinations,/gemstones/clear-quartz/meaning,sibling,(writer chooses descriptive anchor),proposed,the stone's own associations
P-0343,/gemstones/clear-quartz/combinations,/gemstones/clear-quartz/affirmations,sibling,(writer chooses descriptive anchor),proposed,pairing stones with intention
P-0343,/gemstones/clear-quartz/combinations,/learn/crystal-grids,seed-parent,(writer chooses descriptive anchor),proposed,site-wide guide this stone-specific page specialises
P-0343,/gemstones/clear-quartz/combinations,/crystals/crystals-for-healing,lateral,(writer chooses descriptive anchor),proposed,stone appears in this purpose guide
P-0343,/gemstones/clear-quartz/combinations,/crystals/crystals-for-concentration,lateral,(writer chooses descriptive anchor),proposed,stone appears in this purpose guide
P-0344,/gemstones/clear-quartz/affirmations,/gemstones/clear-quartz,parent,(writer chooses descriptive anchor),proposed,the stone's hub page: full profile and properties
P-0344,/gemstones/clear-quartz/affirmations,/gemstones/clear-quartz/meaning,sibling,(writer chooses descriptive anchor),proposed,associations the affirmations draw on
P-0344,/gemstones/clear-quartz/affirmations,/gemstones/clear-quartz/combinations,sibling,(writer chooses descriptive anchor),proposed,stones to hold alongside
P-0344,/gemstones/clear-quartz/affirmations,/learn/how-to-program-crystals,seed-parent,(writer chooses descriptive anchor),proposed,site-wide guide this stone-specific page specialises
P-0344,/gemstones/clear-quartz/affirmations,/crystals/crystals-for-healing,lateral,(writer chooses descriptive anchor),proposed,stone appears in this purpose guide
P-0344,/gemstones/clear-quartz/affirmations,/crystals/crystals-for-concentration,lateral,(writer chooses descriptive anchor),proposed,stone appears in this purpose guide
P-0345,/gemstones/carnelian/who-should-not-wear,/gemstones/carnelian,parent,(writer chooses descriptive anchor),proposed,the stone's hub page: full profile and properties
P-0345,/gemstones/carnelian/who-should-not-wear,/gemstones/carnelian/meaning,sibling,(writer chooses descriptive anchor),proposed,what the stone is traditionally for
P-0345,/gemstones/carnelian/who-should-not-wear,/gemstones/carnelian/sleeping-with,sibling,(writer chooses descriptive anchor),proposed,night-time use cautions
P-0345,/gemstones/carnelian/who-should-not-wear,/learn/crystal-healing-science,seed-parent,(writer chooses descriptive anchor),proposed,site-wide guide this stone-specific page specialises
P-0345,/gemstones/carnelian/who-should-not-wear,/crystals/crystals-for-creativity,lateral,(writer chooses descriptive anchor),proposed,stone appears in this purpose guide
P-0345,/gemstones/carnelian/who-should-not-wear,/crystals/crystals-for-confidence,lateral,(writer chooses descriptive anchor),proposed,stone appears in this purpose guide
P-0346,/gemstones/carnelian/how-to-cleanse,/gemstones/carnelian,parent,(writer chooses descriptive anchor),proposed,the stone's hub page: full profile and properties
P-0346,/gemstones/carnelian/how-to-cleanse,/gemstones/carnelian/can-go-in-water,sibling,(writer chooses descriptive anchor),proposed,whether water cleansing is safe for this stone
P-0346,/gemstones/carnelian/how-to-cleanse,/learn/how-to-cleanse-crystals,seed-parent,(writer chooses descriptive anchor),proposed,site-wide guide this stone-specific page specialises
P-0346,/gemstones/carnelian/how-to-cleanse,/crystals/crystals-for-creativity,lateral,(writer chooses descriptive anchor),proposed,stone appears in this purpose guide
P-0346,/gemstones/carnelian/how-to-cleanse,/crystals/crystals-for-confidence,lateral,(writer chooses descriptive anchor),proposed,stone appears in this purpose guide
P-0346,/gemstones/carnelian/how-to-cleanse,/learn/how-to-charge-crystals,next-step,(writer chooses descriptive anchor),proposed,charging follows cleansing
P-0347,/gemstones/carnelian/sleeping-with,/gemstones/carnelian,parent,(writer chooses descriptive anchor),proposed,the stone's hub page: full profile and properties
P-0347,/gemstones/carnelian/sleeping-with,/gemstones/carnelian/who-should-not-wear,sibling,(writer chooses descriptive anchor),proposed,who should avoid night-time use
P-0347,/gemstones/carnelian/sleeping-with,/gemstones/carnelian/affirmations,sibling,(writer chooses descriptive anchor),proposed,bedtime affirmation routine
P-0347,/gemstones/carnelian/sleeping-with,/crystals/crystals-for-sleep,seed-parent,(writer chooses descriptive anchor),proposed,site-wide guide this stone-specific page specialises
P-0347,/gemstones/carnelian/sleeping-with,/crystals/crystals-for-creativity,lateral,(writer chooses descriptive anchor),proposed,stone appears in this purpose guide
P-0347,/gemstones/carnelian/sleeping-with,/crystals/crystals-for-confidence,lateral,(writer chooses descriptive anchor),proposed,stone appears in this purpose guide
P-0348,/gemstones/carnelian/meaning,/gemstones/carnelian,parent,(writer chooses descriptive anchor),proposed,the stone's hub page: full profile and properties
P-0348,/gemstones/carnelian/meaning,/gemstones/carnelian/combinations,sibling,(writer chooses descriptive anchor),proposed,pairing follows meaning
P-0348,/gemstones/carnelian/meaning,/gemstones/carnelian/affirmations,sibling,(writer chooses descriptive anchor),proposed,using the stone intentionally
P-0348,/gemstones/carnelian/meaning,/gemstones/carnelian/who-should-not-wear,sibling,(writer chooses descriptive anchor),proposed,cautions before adopting the stone
P-0348,/gemstones/carnelian/meaning,/learn/gemstone-vs-crystal-vs-mineral,seed-parent,(writer chooses descriptive anchor),proposed,site-wide guide this stone-specific page specialises
P-0348,/gemstones/carnelian/meaning,/crystals/crystals-for-creativity,lateral,(writer chooses descriptive anchor),proposed,stone appears in this purpose guide
P-0348,/gemstones/carnelian/meaning,/crystals/crystals-for-confidence,lateral,(writer chooses descriptive anchor),proposed,stone appears in this purpose guide
P-0348,/gemstones/carnelian/meaning,/gemstones/zodiac/virgo,taxonomy,(writer chooses descriptive anchor),proposed,zodiac filter page
P-0349,/gemstones/carnelian/how-to-identify,/gemstones/carnelian,parent,(writer chooses descriptive anchor),proposed,the stone's hub page: full profile and properties
P-0349,/gemstones/carnelian/how-to-identify,/gemstones/carnelian/price-guide,sibling,(writer chooses descriptive anchor),proposed,price is an identification signal
P-0349,/gemstones/carnelian/how-to-identify,/gemstones/carnelian/meaning,sibling,(writer chooses descriptive anchor),proposed,what genuine material looks like
P-0349,/gemstones/carnelian/how-to-identify,/learn/are-online-crystals-real,seed-parent,(writer chooses descriptive anchor),proposed,site-wide guide this stone-specific page specialises
P-0349,/gemstones/carnelian/how-to-identify,/crystals/crystals-for-creativity,lateral,(writer chooses descriptive anchor),proposed,stone appears in this purpose guide
P-0349,/gemstones/carnelian/how-to-identify,/crystals/crystals-for-confidence,lateral,(writer chooses descriptive anchor),proposed,stone appears in this purpose guide
P-0349,/gemstones/carnelian/how-to-identify,/compare/lab-created-vs-natural-gemstones,lateral,(writer chooses descriptive anchor),proposed,lab-grown vs natural is a distinct question from fake vs real
P-0350,/gemstones/carnelian/price-guide,/gemstones/carnelian,parent,(writer chooses descriptive anchor),proposed,the stone's hub page: full profile and properties
P-0350,/gemstones/carnelian/price-guide,/gemstones/carnelian/how-to-identify,sibling,(writer chooses descriptive anchor),proposed,avoid paying real-stone prices for imitations
P-0350,/gemstones/carnelian/price-guide,/learn/ethical-crystal-sourcing,seed-parent,(writer chooses descriptive anchor),proposed,site-wide guide this stone-specific page specialises
P-0350,/gemstones/carnelian/price-guide,/crystals/crystals-for-creativity,lateral,(writer chooses descriptive anchor),proposed,stone appears in this purpose guide
P-0350,/gemstones/carnelian/price-guide,/crystals/crystals-for-confidence,lateral,(writer chooses descriptive anchor),proposed,stone appears in this purpose guide
P-0350,/gemstones/carnelian/price-guide,/learn/mohs-hardness-scale,lateral,(writer chooses descriptive anchor),proposed,durability affects value
P-0351,/gemstones/carnelian/combinations,/gemstones/carnelian,parent,(writer chooses descriptive anchor),proposed,the stone's hub page: full profile and properties
P-0351,/gemstones/carnelian/combinations,/gemstones/carnelian/meaning,sibling,(writer chooses descriptive anchor),proposed,the stone's own associations
P-0351,/gemstones/carnelian/combinations,/gemstones/carnelian/affirmations,sibling,(writer chooses descriptive anchor),proposed,pairing stones with intention
P-0351,/gemstones/carnelian/combinations,/learn/crystal-grids,seed-parent,(writer chooses descriptive anchor),proposed,site-wide guide this stone-specific page specialises
P-0351,/gemstones/carnelian/combinations,/crystals/crystals-for-creativity,lateral,(writer chooses descriptive anchor),proposed,stone appears in this purpose guide
P-0351,/gemstones/carnelian/combinations,/crystals/crystals-for-confidence,lateral,(writer chooses descriptive anchor),proposed,stone appears in this purpose guide
P-0352,/gemstones/carnelian/affirmations,/gemstones/carnelian,parent,(writer chooses descriptive anchor),proposed,the stone's hub page: full profile and properties
P-0352,/gemstones/carnelian/affirmations,/gemstones/carnelian/meaning,sibling,(writer chooses descriptive anchor),proposed,associations the affirmations draw on
P-0352,/gemstones/carnelian/affirmations,/gemstones/carnelian/combinations,sibling,(writer chooses descriptive anchor),proposed,stones to hold alongside
P-0352,/gemstones/carnelian/affirmations,/learn/how-to-program-crystals,seed-parent,(writer chooses descriptive anchor),proposed,site-wide guide this stone-specific page specialises
P-0352,/gemstones/carnelian/affirmations,/crystals/crystals-for-creativity,lateral,(writer chooses descriptive anchor),proposed,stone appears in this purpose guide
P-0352,/gemstones/carnelian/affirmations,/crystals/crystals-for-confidence,lateral,(writer chooses descriptive anchor),proposed,stone appears in this purpose guide
P-0353,/gemstones/larimar/who-should-not-wear,/gemstones/larimar,parent,(writer chooses descriptive anchor),proposed,the stone's hub page: full profile and properties
P-0353,/gemstones/larimar/who-should-not-wear,/gemstones/larimar/meaning,sibling,(writer chooses descriptive anchor),proposed,what the stone is traditionally for
P-0353,/gemstones/larimar/who-should-not-wear,/gemstones/larimar/sleeping-with,sibling,(writer chooses descriptive anchor),proposed,night-time use cautions
P-0353,/gemstones/larimar/who-should-not-wear,/learn/crystal-healing-science,seed-parent,(writer chooses descriptive anchor),proposed,site-wide guide this stone-specific page specialises
P-0354,/gemstones/larimar/how-to-cleanse,/gemstones/larimar,parent,(writer chooses descriptive anchor),proposed,the stone's hub page: full profile and properties
P-0354,/gemstones/larimar/how-to-cleanse,/gemstones/larimar/can-go-in-water,sibling,(writer chooses descriptive anchor),proposed,whether water cleansing is safe for this stone
P-0354,/gemstones/larimar/how-to-cleanse,/learn/how-to-cleanse-crystals,seed-parent,(writer chooses descriptive anchor),proposed,site-wide guide this stone-specific page specialises
P-0354,/gemstones/larimar/how-to-cleanse,/learn/how-to-charge-crystals,next-step,(writer chooses descriptive anchor),proposed,charging follows cleansing
P-0355,/gemstones/larimar/sleeping-with,/gemstones/larimar,parent,(writer chooses descriptive anchor),proposed,the stone's hub page: full profile and properties
P-0355,/gemstones/larimar/sleeping-with,/gemstones/larimar/who-should-not-wear,sibling,(writer chooses descriptive anchor),proposed,who should avoid night-time use
P-0355,/gemstones/larimar/sleeping-with,/gemstones/larimar/affirmations,sibling,(writer chooses descriptive anchor),proposed,bedtime affirmation routine
P-0355,/gemstones/larimar/sleeping-with,/crystals/crystals-for-sleep,seed-parent,(writer chooses descriptive anchor),proposed,site-wide guide this stone-specific page specialises
P-0356,/gemstones/larimar/how-to-identify,/gemstones/larimar,parent,(writer chooses descriptive anchor),proposed,the stone's hub page: full profile and properties
P-0356,/gemstones/larimar/how-to-identify,/gemstones/larimar/price-guide,sibling,(writer chooses descriptive anchor),proposed,price is an identification signal
P-0356,/gemstones/larimar/how-to-identify,/gemstones/larimar/meaning,sibling,(writer chooses descriptive anchor),proposed,what genuine material looks like
P-0356,/gemstones/larimar/how-to-identify,/learn/are-online-crystals-real,seed-parent,(writer chooses descriptive anchor),proposed,site-wide guide this stone-specific page specialises
P-0356,/gemstones/larimar/how-to-identify,/compare/lab-created-vs-natural-gemstones,lateral,(writer chooses descriptive anchor),proposed,lab-grown vs natural is a distinct question from fake vs real
P-0357,/gemstones/larimar/price-guide,/gemstones/larimar,parent,(writer chooses descriptive anchor),proposed,the stone's hub page: full profile and properties
P-0357,/gemstones/larimar/price-guide,/gemstones/larimar/how-to-identify,sibling,(writer chooses descriptive anchor),proposed,avoid paying real-stone prices for imitations
P-0357,/gemstones/larimar/price-guide,/learn/ethical-crystal-sourcing,seed-parent,(writer chooses descriptive anchor),proposed,site-wide guide this stone-specific page specialises
P-0357,/gemstones/larimar/price-guide,/learn/mohs-hardness-scale,lateral,(writer chooses descriptive anchor),proposed,durability affects value
P-0358,/gemstones/larimar/combinations,/gemstones/larimar,parent,(writer chooses descriptive anchor),proposed,the stone's hub page: full profile and properties
P-0358,/gemstones/larimar/combinations,/gemstones/larimar/meaning,sibling,(writer chooses descriptive anchor),proposed,the stone's own associations
P-0358,/gemstones/larimar/combinations,/gemstones/larimar/affirmations,sibling,(writer chooses descriptive anchor),proposed,pairing stones with intention
P-0358,/gemstones/larimar/combinations,/learn/crystal-grids,seed-parent,(writer chooses descriptive anchor),proposed,site-wide guide this stone-specific page specialises
P-0359,/gemstones/larimar/affirmations,/gemstones/larimar,parent,(writer chooses descriptive anchor),proposed,the stone's hub page: full profile and properties
P-0359,/gemstones/larimar/affirmations,/gemstones/larimar/meaning,sibling,(writer chooses descriptive anchor),proposed,associations the affirmations draw on
P-0359,/gemstones/larimar/affirmations,/gemstones/larimar/combinations,sibling,(writer chooses descriptive anchor),proposed,stones to hold alongside
P-0359,/gemstones/larimar/affirmations,/learn/how-to-program-crystals,seed-parent,(writer chooses descriptive anchor),proposed,site-wide guide this stone-specific page specialises
P-0360,/gemstones/agate/who-should-not-wear,/gemstones/agate,parent,(writer chooses descriptive anchor),proposed,the stone's hub page: full profile and properties
P-0360,/gemstones/agate/who-should-not-wear,/gemstones/agate/meaning,sibling,(writer chooses descriptive anchor),proposed,what the stone is traditionally for
P-0360,/gemstones/agate/who-should-not-wear,/gemstones/agate/sleeping-with,sibling,(writer chooses descriptive anchor),proposed,night-time use cautions
P-0360,/gemstones/agate/who-should-not-wear,/learn/crystal-healing-science,seed-parent,(writer chooses descriptive anchor),proposed,site-wide guide this stone-specific page specialises
P-0361,/gemstones/agate/how-to-cleanse,/gemstones/agate,parent,(writer chooses descriptive anchor),proposed,the stone's hub page: full profile and properties
P-0361,/gemstones/agate/how-to-cleanse,/gemstones/agate/can-go-in-water,sibling,(writer chooses descriptive anchor),proposed,whether water cleansing is safe for this stone
P-0361,/gemstones/agate/how-to-cleanse,/learn/how-to-cleanse-crystals,seed-parent,(writer chooses descriptive anchor),proposed,site-wide guide this stone-specific page specialises
P-0361,/gemstones/agate/how-to-cleanse,/learn/how-to-charge-crystals,next-step,(writer chooses descriptive anchor),proposed,charging follows cleansing
P-0362,/gemstones/agate/sleeping-with,/gemstones/agate,parent,(writer chooses descriptive anchor),proposed,the stone's hub page: full profile and properties
P-0362,/gemstones/agate/sleeping-with,/gemstones/agate/who-should-not-wear,sibling,(writer chooses descriptive anchor),proposed,who should avoid night-time use
P-0362,/gemstones/agate/sleeping-with,/gemstones/agate/affirmations,sibling,(writer chooses descriptive anchor),proposed,bedtime affirmation routine
P-0362,/gemstones/agate/sleeping-with,/crystals/crystals-for-sleep,seed-parent,(writer chooses descriptive anchor),proposed,site-wide guide this stone-specific page specialises
P-0363,/gemstones/agate/meaning,/gemstones/agate,parent,(writer chooses descriptive anchor),proposed,the stone's hub page: full profile and properties
P-0363,/gemstones/agate/meaning,/gemstones/agate/combinations,sibling,(writer chooses descriptive anchor),proposed,pairing follows meaning
P-0363,/gemstones/agate/meaning,/gemstones/agate/affirmations,sibling,(writer chooses descriptive anchor),proposed,using the stone intentionally
P-0363,/gemstones/agate/meaning,/gemstones/agate/who-should-not-wear,sibling,(writer chooses descriptive anchor),proposed,cautions before adopting the stone
P-0363,/gemstones/agate/meaning,/learn/gemstone-vs-crystal-vs-mineral,seed-parent,(writer chooses descriptive anchor),proposed,site-wide guide this stone-specific page specialises
P-0364,/gemstones/agate/how-to-identify,/gemstones/agate,parent,(writer chooses descriptive anchor),proposed,the stone's hub page: full profile and properties
P-0364,/gemstones/agate/how-to-identify,/gemstones/agate/price-guide,sibling,(writer chooses descriptive anchor),proposed,price is an identification signal
P-0364,/gemstones/agate/how-to-identify,/gemstones/agate/meaning,sibling,(writer chooses descriptive anchor),proposed,what genuine material looks like
P-0364,/gemstones/agate/how-to-identify,/learn/are-online-crystals-real,seed-parent,(writer chooses descriptive anchor),proposed,site-wide guide this stone-specific page specialises
P-0364,/gemstones/agate/how-to-identify,/compare/lab-created-vs-natural-gemstones,lateral,(writer chooses descriptive anchor),proposed,lab-grown vs natural is a distinct question from fake vs real
P-0365,/gemstones/agate/price-guide,/gemstones/agate,parent,(writer chooses descriptive anchor),proposed,the stone's hub page: full profile and properties
P-0365,/gemstones/agate/price-guide,/gemstones/agate/how-to-identify,sibling,(writer chooses descriptive anchor),proposed,avoid paying real-stone prices for imitations
P-0365,/gemstones/agate/price-guide,/learn/ethical-crystal-sourcing,seed-parent,(writer chooses descriptive anchor),proposed,site-wide guide this stone-specific page specialises
P-0365,/gemstones/agate/price-guide,/learn/mohs-hardness-scale,lateral,(writer chooses descriptive anchor),proposed,durability affects value
P-0366,/gemstones/agate/combinations,/gemstones/agate,parent,(writer chooses descriptive anchor),proposed,the stone's hub page: full profile and properties
P-0366,/gemstones/agate/combinations,/gemstones/agate/meaning,sibling,(writer chooses descriptive anchor),proposed,the stone's own associations
P-0366,/gemstones/agate/combinations,/gemstones/agate/affirmations,sibling,(writer chooses descriptive anchor),proposed,pairing stones with intention
P-0366,/gemstones/agate/combinations,/learn/crystal-grids,seed-parent,(writer chooses descriptive anchor),proposed,site-wide guide this stone-specific page specialises
P-0367,/gemstones/agate/affirmations,/gemstones/agate,parent,(writer chooses descriptive anchor),proposed,the stone's hub page: full profile and properties
P-0367,/gemstones/agate/affirmations,/gemstones/agate/meaning,sibling,(writer chooses descriptive anchor),proposed,associations the affirmations draw on
P-0367,/gemstones/agate/affirmations,/gemstones/agate/combinations,sibling,(writer chooses descriptive anchor),proposed,stones to hold alongside
P-0367,/gemstones/agate/affirmations,/learn/how-to-program-crystals,seed-parent,(writer chooses descriptive anchor),proposed,site-wide guide this stone-specific page specialises
P-0368,/gemstones/angel-aura-quartz/who-should-not-wear,/gemstones/angel-aura-quartz,parent,(writer chooses descriptive anchor),proposed,the stone's hub page: full profile and properties
P-0368,/gemstones/angel-aura-quartz/who-should-not-wear,/gemstones/angel-aura-quartz/meaning,sibling,(writer chooses descriptive anchor),proposed,what the stone is traditionally for
P-0368,/gemstones/angel-aura-quartz/who-should-not-wear,/gemstones/angel-aura-quartz/sleeping-with,sibling,(writer chooses descriptive anchor),proposed,night-time use cautions
P-0368,/gemstones/angel-aura-quartz/who-should-not-wear,/learn/crystal-healing-science,seed-parent,(writer chooses descriptive anchor),proposed,site-wide guide this stone-specific page specialises
P-0369,/gemstones/angel-aura-quartz/how-to-cleanse,/gemstones/angel-aura-quartz,parent,(writer chooses descriptive anchor),proposed,the stone's hub page: full profile and properties
P-0369,/gemstones/angel-aura-quartz/how-to-cleanse,/gemstones/angel-aura-quartz/can-go-in-water,sibling,(writer chooses descriptive anchor),proposed,whether water cleansing is safe for this stone
P-0369,/gemstones/angel-aura-quartz/how-to-cleanse,/learn/how-to-cleanse-crystals,seed-parent,(writer chooses descriptive anchor),proposed,site-wide guide this stone-specific page specialises
P-0369,/gemstones/angel-aura-quartz/how-to-cleanse,/learn/how-to-charge-crystals,next-step,(writer chooses descriptive anchor),proposed,charging follows cleansing
P-0370,/gemstones/angel-aura-quartz/can-go-in-water,/gemstones/angel-aura-quartz,parent,(writer chooses descriptive anchor),proposed,the stone's hub page: full profile and properties
P-0370,/gemstones/angel-aura-quartz/can-go-in-water,/gemstones/angel-aura-quartz/how-to-cleanse,sibling,(writer chooses descriptive anchor),proposed,water is one cleansing method among several
P-0370,/gemstones/angel-aura-quartz/can-go-in-water,/learn/what-crystals-can-go-in-water,seed-parent,(writer chooses descriptive anchor),proposed,site-wide guide this stone-specific page specialises
P-0370,/gemstones/angel-aura-quartz/can-go-in-water,/learn/salt-safe-crystals,lateral,(writer chooses descriptive anchor),proposed,salt cleansing is the common follow-up question
P-0370,/gemstones/angel-aura-quartz/can-go-in-water,/learn/sun-safe-crystals,lateral,(writer chooses descriptive anchor),proposed,sun charging after washing
P-0371,/gemstones/angel-aura-quartz/sleeping-with,/gemstones/angel-aura-quartz,parent,(writer chooses descriptive anchor),proposed,the stone's hub page: full profile and properties
P-0371,/gemstones/angel-aura-quartz/sleeping-with,/gemstones/angel-aura-quartz/who-should-not-wear,sibling,(writer chooses descriptive anchor),proposed,who should avoid night-time use
P-0371,/gemstones/angel-aura-quartz/sleeping-with,/gemstones/angel-aura-quartz/affirmations,sibling,(writer chooses descriptive anchor),proposed,bedtime affirmation routine
P-0371,/gemstones/angel-aura-quartz/sleeping-with,/crystals/crystals-for-sleep,seed-parent,(writer chooses descriptive anchor),proposed,site-wide guide this stone-specific page specialises
P-0372,/gemstones/angel-aura-quartz/how-to-identify,/gemstones/angel-aura-quartz,parent,(writer chooses descriptive anchor),proposed,the stone's hub page: full profile and properties
P-0372,/gemstones/angel-aura-quartz/how-to-identify,/gemstones/angel-aura-quartz/price-guide,sibling,(writer chooses descriptive anchor),proposed,price is an identification signal
P-0372,/gemstones/angel-aura-quartz/how-to-identify,/gemstones/angel-aura-quartz/meaning,sibling,(writer chooses descriptive anchor),proposed,what genuine material looks like
P-0372,/gemstones/angel-aura-quartz/how-to-identify,/learn/are-online-crystals-real,seed-parent,(writer chooses descriptive anchor),proposed,site-wide guide this stone-specific page specialises
P-0372,/gemstones/angel-aura-quartz/how-to-identify,/compare/lab-created-vs-natural-gemstones,lateral,(writer chooses descriptive anchor),proposed,lab-grown vs natural is a distinct question from fake vs real
P-0373,/gemstones/angel-aura-quartz/price-guide,/gemstones/angel-aura-quartz,parent,(writer chooses descriptive anchor),proposed,the stone's hub page: full profile and properties
P-0373,/gemstones/angel-aura-quartz/price-guide,/gemstones/angel-aura-quartz/how-to-identify,sibling,(writer chooses descriptive anchor),proposed,avoid paying real-stone prices for imitations
P-0373,/gemstones/angel-aura-quartz/price-guide,/learn/ethical-crystal-sourcing,seed-parent,(writer chooses descriptive anchor),proposed,site-wide guide this stone-specific page specialises
P-0373,/gemstones/angel-aura-quartz/price-guide,/learn/mohs-hardness-scale,lateral,(writer chooses descriptive anchor),proposed,durability affects value
P-0374,/gemstones/angel-aura-quartz/combinations,/gemstones/angel-aura-quartz,parent,(writer chooses descriptive anchor),proposed,the stone's hub page: full profile and properties
P-0374,/gemstones/angel-aura-quartz/combinations,/gemstones/angel-aura-quartz/meaning,sibling,(writer chooses descriptive anchor),proposed,the stone's own associations
P-0374,/gemstones/angel-aura-quartz/combinations,/gemstones/angel-aura-quartz/affirmations,sibling,(writer chooses descriptive anchor),proposed,pairing stones with intention
P-0374,/gemstones/angel-aura-quartz/combinations,/learn/crystal-grids,seed-parent,(writer chooses descriptive anchor),proposed,site-wide guide this stone-specific page specialises
P-0375,/gemstones/angel-aura-quartz/affirmations,/gemstones/angel-aura-quartz,parent,(writer chooses descriptive anchor),proposed,the stone's hub page: full profile and properties
P-0375,/gemstones/angel-aura-quartz/affirmations,/gemstones/angel-aura-quartz/meaning,sibling,(writer chooses descriptive anchor),proposed,associations the affirmations draw on
P-0375,/gemstones/angel-aura-quartz/affirmations,/gemstones/angel-aura-quartz/combinations,sibling,(writer chooses descriptive anchor),proposed,stones to hold alongside
P-0375,/gemstones/angel-aura-quartz/affirmations,/learn/how-to-program-crystals,seed-parent,(writer chooses descriptive anchor),proposed,site-wide guide this stone-specific page specialises
P-0376,/gemstones/black-moonstone/who-should-not-wear,/gemstones/black-moonstone,parent,(writer chooses descriptive anchor),proposed,the stone's hub page: full profile and properties
P-0376,/gemstones/black-moonstone/who-should-not-wear,/gemstones/black-moonstone/meaning,sibling,(writer chooses descriptive anchor),proposed,what the stone is traditionally for
P-0376,/gemstones/black-moonstone/who-should-not-wear,/gemstones/black-moonstone/sleeping-with,sibling,(writer chooses descriptive anchor),proposed,night-time use cautions
P-0376,/gemstones/black-moonstone/who-should-not-wear,/learn/crystal-healing-science,seed-parent,(writer chooses descriptive anchor),proposed,site-wide guide this stone-specific page specialises
P-0377,/gemstones/black-moonstone/how-to-cleanse,/gemstones/black-moonstone,parent,(writer chooses descriptive anchor),proposed,the stone's hub page: full profile and properties
P-0377,/gemstones/black-moonstone/how-to-cleanse,/gemstones/black-moonstone/can-go-in-water,sibling,(writer chooses descriptive anchor),proposed,whether water cleansing is safe for this stone
P-0377,/gemstones/black-moonstone/how-to-cleanse,/learn/how-to-cleanse-crystals,seed-parent,(writer chooses descriptive anchor),proposed,site-wide guide this stone-specific page specialises
P-0377,/gemstones/black-moonstone/how-to-cleanse,/learn/how-to-charge-crystals,next-step,(writer chooses descriptive anchor),proposed,charging follows cleansing
P-0378,/gemstones/black-moonstone/can-go-in-water,/gemstones/black-moonstone,parent,(writer chooses descriptive anchor),proposed,the stone's hub page: full profile and properties
P-0378,/gemstones/black-moonstone/can-go-in-water,/gemstones/black-moonstone/how-to-cleanse,sibling,(writer chooses descriptive anchor),proposed,water is one cleansing method among several
P-0378,/gemstones/black-moonstone/can-go-in-water,/learn/what-crystals-can-go-in-water,seed-parent,(writer chooses descriptive anchor),proposed,site-wide guide this stone-specific page specialises
P-0378,/gemstones/black-moonstone/can-go-in-water,/learn/salt-safe-crystals,lateral,(writer chooses descriptive anchor),proposed,salt cleansing is the common follow-up question
P-0378,/gemstones/black-moonstone/can-go-in-water,/learn/sun-safe-crystals,lateral,(writer chooses descriptive anchor),proposed,sun charging after washing
P-0379,/gemstones/black-moonstone/sleeping-with,/gemstones/black-moonstone,parent,(writer chooses descriptive anchor),proposed,the stone's hub page: full profile and properties
P-0379,/gemstones/black-moonstone/sleeping-with,/gemstones/black-moonstone/who-should-not-wear,sibling,(writer chooses descriptive anchor),proposed,who should avoid night-time use
P-0379,/gemstones/black-moonstone/sleeping-with,/gemstones/black-moonstone/affirmations,sibling,(writer chooses descriptive anchor),proposed,bedtime affirmation routine
P-0379,/gemstones/black-moonstone/sleeping-with,/crystals/crystals-for-sleep,seed-parent,(writer chooses descriptive anchor),proposed,site-wide guide this stone-specific page specialises
P-0380,/gemstones/black-moonstone/how-to-identify,/gemstones/black-moonstone,parent,(writer chooses descriptive anchor),proposed,the stone's hub page: full profile and properties
P-0380,/gemstones/black-moonstone/how-to-identify,/gemstones/black-moonstone/price-guide,sibling,(writer chooses descriptive anchor),proposed,price is an identification signal
P-0380,/gemstones/black-moonstone/how-to-identify,/gemstones/black-moonstone/meaning,sibling,(writer chooses descriptive anchor),proposed,what genuine material looks like
P-0380,/gemstones/black-moonstone/how-to-identify,/learn/are-online-crystals-real,seed-parent,(writer chooses descriptive anchor),proposed,site-wide guide this stone-specific page specialises
P-0380,/gemstones/black-moonstone/how-to-identify,/compare/lab-created-vs-natural-gemstones,lateral,(writer chooses descriptive anchor),proposed,lab-grown vs natural is a distinct question from fake vs real
P-0381,/gemstones/black-moonstone/price-guide,/gemstones/black-moonstone,parent,(writer chooses descriptive anchor),proposed,the stone's hub page: full profile and properties
P-0381,/gemstones/black-moonstone/price-guide,/gemstones/black-moonstone/how-to-identify,sibling,(writer chooses descriptive anchor),proposed,avoid paying real-stone prices for imitations
P-0381,/gemstones/black-moonstone/price-guide,/learn/ethical-crystal-sourcing,seed-parent,(writer chooses descriptive anchor),proposed,site-wide guide this stone-specific page specialises
P-0381,/gemstones/black-moonstone/price-guide,/learn/mohs-hardness-scale,lateral,(writer chooses descriptive anchor),proposed,durability affects value
P-0382,/gemstones/black-moonstone/combinations,/gemstones/black-moonstone,parent,(writer chooses descriptive anchor),proposed,the stone's hub page: full profile and properties
P-0382,/gemstones/black-moonstone/combinations,/gemstones/black-moonstone/meaning,sibling,(writer chooses descriptive anchor),proposed,the stone's own associations
P-0382,/gemstones/black-moonstone/combinations,/gemstones/black-moonstone/affirmations,sibling,(writer chooses descriptive anchor),proposed,pairing stones with intention
P-0382,/gemstones/black-moonstone/combinations,/learn/crystal-grids,seed-parent,(writer chooses descriptive anchor),proposed,site-wide guide this stone-specific page specialises
P-0383,/gemstones/black-moonstone/affirmations,/gemstones/black-moonstone,parent,(writer chooses descriptive anchor),proposed,the stone's hub page: full profile and properties
P-0383,/gemstones/black-moonstone/affirmations,/gemstones/black-moonstone/meaning,sibling,(writer chooses descriptive anchor),proposed,associations the affirmations draw on
P-0383,/gemstones/black-moonstone/affirmations,/gemstones/black-moonstone/combinations,sibling,(writer chooses descriptive anchor),proposed,stones to hold alongside
P-0383,/gemstones/black-moonstone/affirmations,/learn/how-to-program-crystals,seed-parent,(writer chooses descriptive anchor),proposed,site-wide guide this stone-specific page specialises
P-0384,/gemstones/blue-onyx/who-should-not-wear,/gemstones/blue-onyx,parent,(writer chooses descriptive anchor),proposed,the stone's hub page: full profile and properties
P-0384,/gemstones/blue-onyx/who-should-not-wear,/gemstones/blue-onyx/meaning,sibling,(writer chooses descriptive anchor),proposed,what the stone is traditionally for
P-0384,/gemstones/blue-onyx/who-should-not-wear,/gemstones/blue-onyx/sleeping-with,sibling,(writer chooses descriptive anchor),proposed,night-time use cautions
P-0384,/gemstones/blue-onyx/who-should-not-wear,/learn/crystal-healing-science,seed-parent,(writer chooses descriptive anchor),proposed,site-wide guide this stone-specific page specialises
P-0385,/gemstones/blue-onyx/how-to-cleanse,/gemstones/blue-onyx,parent,(writer chooses descriptive anchor),proposed,the stone's hub page: full profile and properties
P-0385,/gemstones/blue-onyx/how-to-cleanse,/gemstones/blue-onyx/can-go-in-water,sibling,(writer chooses descriptive anchor),proposed,whether water cleansing is safe for this stone
P-0385,/gemstones/blue-onyx/how-to-cleanse,/learn/how-to-cleanse-crystals,seed-parent,(writer chooses descriptive anchor),proposed,site-wide guide this stone-specific page specialises
P-0385,/gemstones/blue-onyx/how-to-cleanse,/learn/how-to-charge-crystals,next-step,(writer chooses descriptive anchor),proposed,charging follows cleansing
P-0386,/gemstones/blue-onyx/can-go-in-water,/gemstones/blue-onyx,parent,(writer chooses descriptive anchor),proposed,the stone's hub page: full profile and properties
P-0386,/gemstones/blue-onyx/can-go-in-water,/gemstones/blue-onyx/how-to-cleanse,sibling,(writer chooses descriptive anchor),proposed,water is one cleansing method among several
P-0386,/gemstones/blue-onyx/can-go-in-water,/learn/what-crystals-can-go-in-water,seed-parent,(writer chooses descriptive anchor),proposed,site-wide guide this stone-specific page specialises
P-0386,/gemstones/blue-onyx/can-go-in-water,/learn/salt-safe-crystals,lateral,(writer chooses descriptive anchor),proposed,salt cleansing is the common follow-up question
P-0386,/gemstones/blue-onyx/can-go-in-water,/learn/sun-safe-crystals,lateral,(writer chooses descriptive anchor),proposed,sun charging after washing
P-0387,/gemstones/blue-onyx/sleeping-with,/gemstones/blue-onyx,parent,(writer chooses descriptive anchor),proposed,the stone's hub page: full profile and properties
P-0387,/gemstones/blue-onyx/sleeping-with,/gemstones/blue-onyx/who-should-not-wear,sibling,(writer chooses descriptive anchor),proposed,who should avoid night-time use
P-0387,/gemstones/blue-onyx/sleeping-with,/gemstones/blue-onyx/affirmations,sibling,(writer chooses descriptive anchor),proposed,bedtime affirmation routine
P-0387,/gemstones/blue-onyx/sleeping-with,/crystals/crystals-for-sleep,seed-parent,(writer chooses descriptive anchor),proposed,site-wide guide this stone-specific page specialises
P-0388,/gemstones/blue-onyx/how-to-identify,/gemstones/blue-onyx,parent,(writer chooses descriptive anchor),proposed,the stone's hub page: full profile and properties
P-0388,/gemstones/blue-onyx/how-to-identify,/gemstones/blue-onyx/price-guide,sibling,(writer chooses descriptive anchor),proposed,price is an identification signal
P-0388,/gemstones/blue-onyx/how-to-identify,/gemstones/blue-onyx/meaning,sibling,(writer chooses descriptive anchor),proposed,what genuine material looks like
P-0388,/gemstones/blue-onyx/how-to-identify,/learn/are-online-crystals-real,seed-parent,(writer chooses descriptive anchor),proposed,site-wide guide this stone-specific page specialises
P-0388,/gemstones/blue-onyx/how-to-identify,/compare/lab-created-vs-natural-gemstones,lateral,(writer chooses descriptive anchor),proposed,lab-grown vs natural is a distinct question from fake vs real
P-0389,/gemstones/blue-onyx/price-guide,/gemstones/blue-onyx,parent,(writer chooses descriptive anchor),proposed,the stone's hub page: full profile and properties
P-0389,/gemstones/blue-onyx/price-guide,/gemstones/blue-onyx/how-to-identify,sibling,(writer chooses descriptive anchor),proposed,avoid paying real-stone prices for imitations
P-0389,/gemstones/blue-onyx/price-guide,/learn/ethical-crystal-sourcing,seed-parent,(writer chooses descriptive anchor),proposed,site-wide guide this stone-specific page specialises
P-0389,/gemstones/blue-onyx/price-guide,/learn/mohs-hardness-scale,lateral,(writer chooses descriptive anchor),proposed,durability affects value
P-0390,/gemstones/blue-onyx/combinations,/gemstones/blue-onyx,parent,(writer chooses descriptive anchor),proposed,the stone's hub page: full profile and properties
P-0390,/gemstones/blue-onyx/combinations,/gemstones/blue-onyx/meaning,sibling,(writer chooses descriptive anchor),proposed,the stone's own associations
P-0390,/gemstones/blue-onyx/combinations,/gemstones/blue-onyx/affirmations,sibling,(writer chooses descriptive anchor),proposed,pairing stones with intention
P-0390,/gemstones/blue-onyx/combinations,/learn/crystal-grids,seed-parent,(writer chooses descriptive anchor),proposed,site-wide guide this stone-specific page specialises
P-0391,/gemstones/blue-onyx/affirmations,/gemstones/blue-onyx,parent,(writer chooses descriptive anchor),proposed,the stone's hub page: full profile and properties
P-0391,/gemstones/blue-onyx/affirmations,/gemstones/blue-onyx/meaning,sibling,(writer chooses descriptive anchor),proposed,associations the affirmations draw on
P-0391,/gemstones/blue-onyx/affirmations,/gemstones/blue-onyx/combinations,sibling,(writer chooses descriptive anchor),proposed,stones to hold alongside
P-0391,/gemstones/blue-onyx/affirmations,/learn/how-to-program-crystals,seed-parent,(writer chooses descriptive anchor),proposed,site-wide guide this stone-specific page specialises
P-0392,/gemstones/blue-sandstone/who-should-not-wear,/gemstones/blue-sandstone,parent,(writer chooses descriptive anchor),proposed,the stone's hub page: full profile and properties
P-0392,/gemstones/blue-sandstone/who-should-not-wear,/gemstones/blue-sandstone/meaning,sibling,(writer chooses descriptive anchor),proposed,what the stone is traditionally for
P-0392,/gemstones/blue-sandstone/who-should-not-wear,/gemstones/blue-sandstone/sleeping-with,sibling,(writer chooses descriptive anchor),proposed,night-time use cautions
P-0392,/gemstones/blue-sandstone/who-should-not-wear,/learn/crystal-healing-science,seed-parent,(writer chooses descriptive anchor),proposed,site-wide guide this stone-specific page specialises
P-0393,/gemstones/blue-sandstone/how-to-cleanse,/gemstones/blue-sandstone,parent,(writer chooses descriptive anchor),proposed,the stone's hub page: full profile and properties
P-0393,/gemstones/blue-sandstone/how-to-cleanse,/gemstones/blue-sandstone/can-go-in-water,sibling,(writer chooses descriptive anchor),proposed,whether water cleansing is safe for this stone
P-0393,/gemstones/blue-sandstone/how-to-cleanse,/learn/how-to-cleanse-crystals,seed-parent,(writer chooses descriptive anchor),proposed,site-wide guide this stone-specific page specialises
P-0393,/gemstones/blue-sandstone/how-to-cleanse,/learn/how-to-charge-crystals,next-step,(writer chooses descriptive anchor),proposed,charging follows cleansing
P-0394,/gemstones/blue-sandstone/can-go-in-water,/gemstones/blue-sandstone,parent,(writer chooses descriptive anchor),proposed,the stone's hub page: full profile and properties
P-0394,/gemstones/blue-sandstone/can-go-in-water,/gemstones/blue-sandstone/how-to-cleanse,sibling,(writer chooses descriptive anchor),proposed,water is one cleansing method among several
P-0394,/gemstones/blue-sandstone/can-go-in-water,/learn/what-crystals-can-go-in-water,seed-parent,(writer chooses descriptive anchor),proposed,site-wide guide this stone-specific page specialises
P-0394,/gemstones/blue-sandstone/can-go-in-water,/learn/salt-safe-crystals,lateral,(writer chooses descriptive anchor),proposed,salt cleansing is the common follow-up question
P-0394,/gemstones/blue-sandstone/can-go-in-water,/learn/sun-safe-crystals,lateral,(writer chooses descriptive anchor),proposed,sun charging after washing
P-0395,/gemstones/blue-sandstone/sleeping-with,/gemstones/blue-sandstone,parent,(writer chooses descriptive anchor),proposed,the stone's hub page: full profile and properties
P-0395,/gemstones/blue-sandstone/sleeping-with,/gemstones/blue-sandstone/who-should-not-wear,sibling,(writer chooses descriptive anchor),proposed,who should avoid night-time use
P-0395,/gemstones/blue-sandstone/sleeping-with,/gemstones/blue-sandstone/affirmations,sibling,(writer chooses descriptive anchor),proposed,bedtime affirmation routine
P-0395,/gemstones/blue-sandstone/sleeping-with,/crystals/crystals-for-sleep,seed-parent,(writer chooses descriptive anchor),proposed,site-wide guide this stone-specific page specialises
P-0396,/gemstones/blue-sandstone/how-to-identify,/gemstones/blue-sandstone,parent,(writer chooses descriptive anchor),proposed,the stone's hub page: full profile and properties
P-0396,/gemstones/blue-sandstone/how-to-identify,/gemstones/blue-sandstone/price-guide,sibling,(writer chooses descriptive anchor),proposed,price is an identification signal
P-0396,/gemstones/blue-sandstone/how-to-identify,/gemstones/blue-sandstone/meaning,sibling,(writer chooses descriptive anchor),proposed,what genuine material looks like
P-0396,/gemstones/blue-sandstone/how-to-identify,/learn/are-online-crystals-real,seed-parent,(writer chooses descriptive anchor),proposed,site-wide guide this stone-specific page specialises
P-0396,/gemstones/blue-sandstone/how-to-identify,/compare/lab-created-vs-natural-gemstones,lateral,(writer chooses descriptive anchor),proposed,lab-grown vs natural is a distinct question from fake vs real
P-0397,/gemstones/blue-sandstone/price-guide,/gemstones/blue-sandstone,parent,(writer chooses descriptive anchor),proposed,the stone's hub page: full profile and properties
P-0397,/gemstones/blue-sandstone/price-guide,/gemstones/blue-sandstone/how-to-identify,sibling,(writer chooses descriptive anchor),proposed,avoid paying real-stone prices for imitations
P-0397,/gemstones/blue-sandstone/price-guide,/learn/ethical-crystal-sourcing,seed-parent,(writer chooses descriptive anchor),proposed,site-wide guide this stone-specific page specialises
P-0397,/gemstones/blue-sandstone/price-guide,/learn/mohs-hardness-scale,lateral,(writer chooses descriptive anchor),proposed,durability affects value
P-0398,/gemstones/blue-sandstone/combinations,/gemstones/blue-sandstone,parent,(writer chooses descriptive anchor),proposed,the stone's hub page: full profile and properties
P-0398,/gemstones/blue-sandstone/combinations,/gemstones/blue-sandstone/meaning,sibling,(writer chooses descriptive anchor),proposed,the stone's own associations
P-0398,/gemstones/blue-sandstone/combinations,/gemstones/blue-sandstone/affirmations,sibling,(writer chooses descriptive anchor),proposed,pairing stones with intention
P-0398,/gemstones/blue-sandstone/combinations,/learn/crystal-grids,seed-parent,(writer chooses descriptive anchor),proposed,site-wide guide this stone-specific page specialises
P-0399,/gemstones/blue-sandstone/affirmations,/gemstones/blue-sandstone,parent,(writer chooses descriptive anchor),proposed,the stone's hub page: full profile and properties
P-0399,/gemstones/blue-sandstone/affirmations,/gemstones/blue-sandstone/meaning,sibling,(writer chooses descriptive anchor),proposed,associations the affirmations draw on
P-0399,/gemstones/blue-sandstone/affirmations,/gemstones/blue-sandstone/combinations,sibling,(writer chooses descriptive anchor),proposed,stones to hold alongside
P-0399,/gemstones/blue-sandstone/affirmations,/learn/how-to-program-crystals,seed-parent,(writer chooses descriptive anchor),proposed,site-wide guide this stone-specific page specialises
P-0400,/gemstones/brazilian-agate/who-should-not-wear,/gemstones/brazilian-agate,parent,(writer chooses descriptive anchor),proposed,the stone's hub page: full profile and properties
P-0400,/gemstones/brazilian-agate/who-should-not-wear,/gemstones/brazilian-agate/meaning,sibling,(writer chooses descriptive anchor),proposed,what the stone is traditionally for
P-0400,/gemstones/brazilian-agate/who-should-not-wear,/gemstones/brazilian-agate/sleeping-with,sibling,(writer chooses descriptive anchor),proposed,night-time use cautions
P-0400,/gemstones/brazilian-agate/who-should-not-wear,/learn/crystal-healing-science,seed-parent,(writer chooses descriptive anchor),proposed,site-wide guide this stone-specific page specialises
P-0401,/gemstones/brazilian-agate/how-to-cleanse,/gemstones/brazilian-agate,parent,(writer chooses descriptive anchor),proposed,the stone's hub page: full profile and properties
P-0401,/gemstones/brazilian-agate/how-to-cleanse,/gemstones/brazilian-agate/can-go-in-water,sibling,(writer chooses descriptive anchor),proposed,whether water cleansing is safe for this stone
P-0401,/gemstones/brazilian-agate/how-to-cleanse,/learn/how-to-cleanse-crystals,seed-parent,(writer chooses descriptive anchor),proposed,site-wide guide this stone-specific page specialises
P-0401,/gemstones/brazilian-agate/how-to-cleanse,/learn/how-to-charge-crystals,next-step,(writer chooses descriptive anchor),proposed,charging follows cleansing
P-0402,/gemstones/brazilian-agate/can-go-in-water,/gemstones/brazilian-agate,parent,(writer chooses descriptive anchor),proposed,the stone's hub page: full profile and properties
P-0402,/gemstones/brazilian-agate/can-go-in-water,/gemstones/brazilian-agate/how-to-cleanse,sibling,(writer chooses descriptive anchor),proposed,water is one cleansing method among several
P-0402,/gemstones/brazilian-agate/can-go-in-water,/learn/what-crystals-can-go-in-water,seed-parent,(writer chooses descriptive anchor),proposed,site-wide guide this stone-specific page specialises
P-0402,/gemstones/brazilian-agate/can-go-in-water,/learn/salt-safe-crystals,lateral,(writer chooses descriptive anchor),proposed,salt cleansing is the common follow-up question
P-0402,/gemstones/brazilian-agate/can-go-in-water,/learn/sun-safe-crystals,lateral,(writer chooses descriptive anchor),proposed,sun charging after washing
P-0403,/gemstones/brazilian-agate/sleeping-with,/gemstones/brazilian-agate,parent,(writer chooses descriptive anchor),proposed,the stone's hub page: full profile and properties
P-0403,/gemstones/brazilian-agate/sleeping-with,/gemstones/brazilian-agate/who-should-not-wear,sibling,(writer chooses descriptive anchor),proposed,who should avoid night-time use
P-0403,/gemstones/brazilian-agate/sleeping-with,/gemstones/brazilian-agate/affirmations,sibling,(writer chooses descriptive anchor),proposed,bedtime affirmation routine
P-0403,/gemstones/brazilian-agate/sleeping-with,/crystals/crystals-for-sleep,seed-parent,(writer chooses descriptive anchor),proposed,site-wide guide this stone-specific page specialises
P-0404,/gemstones/brazilian-agate/how-to-identify,/gemstones/brazilian-agate,parent,(writer chooses descriptive anchor),proposed,the stone's hub page: full profile and properties
P-0404,/gemstones/brazilian-agate/how-to-identify,/gemstones/brazilian-agate/price-guide,sibling,(writer chooses descriptive anchor),proposed,price is an identification signal
P-0404,/gemstones/brazilian-agate/how-to-identify,/gemstones/brazilian-agate/meaning,sibling,(writer chooses descriptive anchor),proposed,what genuine material looks like
P-0404,/gemstones/brazilian-agate/how-to-identify,/learn/are-online-crystals-real,seed-parent,(writer chooses descriptive anchor),proposed,site-wide guide this stone-specific page specialises
P-0404,/gemstones/brazilian-agate/how-to-identify,/compare/lab-created-vs-natural-gemstones,lateral,(writer chooses descriptive anchor),proposed,lab-grown vs natural is a distinct question from fake vs real
P-0405,/gemstones/brazilian-agate/price-guide,/gemstones/brazilian-agate,parent,(writer chooses descriptive anchor),proposed,the stone's hub page: full profile and properties
P-0405,/gemstones/brazilian-agate/price-guide,/gemstones/brazilian-agate/how-to-identify,sibling,(writer chooses descriptive anchor),proposed,avoid paying real-stone prices for imitations
P-0405,/gemstones/brazilian-agate/price-guide,/learn/ethical-crystal-sourcing,seed-parent,(writer chooses descriptive anchor),proposed,site-wide guide this stone-specific page specialises
P-0405,/gemstones/brazilian-agate/price-guide,/learn/mohs-hardness-scale,lateral,(writer chooses descriptive anchor),proposed,durability affects value
P-0406,/gemstones/brazilian-agate/combinations,/gemstones/brazilian-agate,parent,(writer chooses descriptive anchor),proposed,the stone's hub page: full profile and properties
P-0406,/gemstones/brazilian-agate/combinations,/gemstones/brazilian-agate/meaning,sibling,(writer chooses descriptive anchor),proposed,the stone's own associations
P-0406,/gemstones/brazilian-agate/combinations,/gemstones/brazilian-agate/affirmations,sibling,(writer chooses descriptive anchor),proposed,pairing stones with intention
P-0406,/gemstones/brazilian-agate/combinations,/learn/crystal-grids,seed-parent,(writer chooses descriptive anchor),proposed,site-wide guide this stone-specific page specialises
P-0407,/gemstones/brazilian-agate/affirmations,/gemstones/brazilian-agate,parent,(writer chooses descriptive anchor),proposed,the stone's hub page: full profile and properties
P-0407,/gemstones/brazilian-agate/affirmations,/gemstones/brazilian-agate/meaning,sibling,(writer chooses descriptive anchor),proposed,associations the affirmations draw on
P-0407,/gemstones/brazilian-agate/affirmations,/gemstones/brazilian-agate/combinations,sibling,(writer chooses descriptive anchor),proposed,stones to hold alongside
P-0407,/gemstones/brazilian-agate/affirmations,/learn/how-to-program-crystals,seed-parent,(writer chooses descriptive anchor),proposed,site-wide guide this stone-specific page specialises
P-0408,/gemstones/caribbean-calcite/who-should-not-wear,/gemstones/caribbean-calcite,parent,(writer chooses descriptive anchor),proposed,the stone's hub page: full profile and properties
P-0408,/gemstones/caribbean-calcite/who-should-not-wear,/gemstones/caribbean-calcite/meaning,sibling,(writer chooses descriptive anchor),proposed,what the stone is traditionally for
P-0408,/gemstones/caribbean-calcite/who-should-not-wear,/gemstones/caribbean-calcite/sleeping-with,sibling,(writer chooses descriptive anchor),proposed,night-time use cautions
P-0408,/gemstones/caribbean-calcite/who-should-not-wear,/learn/crystal-healing-science,seed-parent,(writer chooses descriptive anchor),proposed,site-wide guide this stone-specific page specialises
P-0409,/gemstones/caribbean-calcite/how-to-cleanse,/gemstones/caribbean-calcite,parent,(writer chooses descriptive anchor),proposed,the stone's hub page: full profile and properties
P-0409,/gemstones/caribbean-calcite/how-to-cleanse,/gemstones/caribbean-calcite/can-go-in-water,sibling,(writer chooses descriptive anchor),proposed,whether water cleansing is safe for this stone
P-0409,/gemstones/caribbean-calcite/how-to-cleanse,/learn/how-to-cleanse-crystals,seed-parent,(writer chooses descriptive anchor),proposed,site-wide guide this stone-specific page specialises
P-0409,/gemstones/caribbean-calcite/how-to-cleanse,/learn/how-to-charge-crystals,next-step,(writer chooses descriptive anchor),proposed,charging follows cleansing
P-0410,/gemstones/caribbean-calcite/can-go-in-water,/gemstones/caribbean-calcite,parent,(writer chooses descriptive anchor),proposed,the stone's hub page: full profile and properties
P-0410,/gemstones/caribbean-calcite/can-go-in-water,/gemstones/caribbean-calcite/how-to-cleanse,sibling,(writer chooses descriptive anchor),proposed,water is one cleansing method among several
P-0410,/gemstones/caribbean-calcite/can-go-in-water,/learn/what-crystals-can-go-in-water,seed-parent,(writer chooses descriptive anchor),proposed,site-wide guide this stone-specific page specialises
P-0410,/gemstones/caribbean-calcite/can-go-in-water,/learn/salt-safe-crystals,lateral,(writer chooses descriptive anchor),proposed,salt cleansing is the common follow-up question
P-0410,/gemstones/caribbean-calcite/can-go-in-water,/learn/sun-safe-crystals,lateral,(writer chooses descriptive anchor),proposed,sun charging after washing
P-0411,/gemstones/caribbean-calcite/sleeping-with,/gemstones/caribbean-calcite,parent,(writer chooses descriptive anchor),proposed,the stone's hub page: full profile and properties
P-0411,/gemstones/caribbean-calcite/sleeping-with,/gemstones/caribbean-calcite/who-should-not-wear,sibling,(writer chooses descriptive anchor),proposed,who should avoid night-time use
P-0411,/gemstones/caribbean-calcite/sleeping-with,/gemstones/caribbean-calcite/affirmations,sibling,(writer chooses descriptive anchor),proposed,bedtime affirmation routine
P-0411,/gemstones/caribbean-calcite/sleeping-with,/crystals/crystals-for-sleep,seed-parent,(writer chooses descriptive anchor),proposed,site-wide guide this stone-specific page specialises
P-0412,/gemstones/caribbean-calcite/how-to-identify,/gemstones/caribbean-calcite,parent,(writer chooses descriptive anchor),proposed,the stone's hub page: full profile and properties
P-0412,/gemstones/caribbean-calcite/how-to-identify,/gemstones/caribbean-calcite/price-guide,sibling,(writer chooses descriptive anchor),proposed,price is an identification signal
P-0412,/gemstones/caribbean-calcite/how-to-identify,/gemstones/caribbean-calcite/meaning,sibling,(writer chooses descriptive anchor),proposed,what genuine material looks like
P-0412,/gemstones/caribbean-calcite/how-to-identify,/learn/are-online-crystals-real,seed-parent,(writer chooses descriptive anchor),proposed,site-wide guide this stone-specific page specialises
P-0412,/gemstones/caribbean-calcite/how-to-identify,/compare/lab-created-vs-natural-gemstones,lateral,(writer chooses descriptive anchor),proposed,lab-grown vs natural is a distinct question from fake vs real
P-0413,/gemstones/caribbean-calcite/price-guide,/gemstones/caribbean-calcite,parent,(writer chooses descriptive anchor),proposed,the stone's hub page: full profile and properties
P-0413,/gemstones/caribbean-calcite/price-guide,/gemstones/caribbean-calcite/how-to-identify,sibling,(writer chooses descriptive anchor),proposed,avoid paying real-stone prices for imitations
P-0413,/gemstones/caribbean-calcite/price-guide,/learn/ethical-crystal-sourcing,seed-parent,(writer chooses descriptive anchor),proposed,site-wide guide this stone-specific page specialises
P-0413,/gemstones/caribbean-calcite/price-guide,/learn/mohs-hardness-scale,lateral,(writer chooses descriptive anchor),proposed,durability affects value
P-0414,/gemstones/caribbean-calcite/combinations,/gemstones/caribbean-calcite,parent,(writer chooses descriptive anchor),proposed,the stone's hub page: full profile and properties
P-0414,/gemstones/caribbean-calcite/combinations,/gemstones/caribbean-calcite/meaning,sibling,(writer chooses descriptive anchor),proposed,the stone's own associations
P-0414,/gemstones/caribbean-calcite/combinations,/gemstones/caribbean-calcite/affirmations,sibling,(writer chooses descriptive anchor),proposed,pairing stones with intention
P-0414,/gemstones/caribbean-calcite/combinations,/learn/crystal-grids,seed-parent,(writer chooses descriptive anchor),proposed,site-wide guide this stone-specific page specialises
P-0415,/gemstones/caribbean-calcite/affirmations,/gemstones/caribbean-calcite,parent,(writer chooses descriptive anchor),proposed,the stone's hub page: full profile and properties
P-0415,/gemstones/caribbean-calcite/affirmations,/gemstones/caribbean-calcite/meaning,sibling,(writer chooses descriptive anchor),proposed,associations the affirmations draw on
P-0415,/gemstones/caribbean-calcite/affirmations,/gemstones/caribbean-calcite/combinations,sibling,(writer chooses descriptive anchor),proposed,stones to hold alongside
P-0415,/gemstones/caribbean-calcite/affirmations,/learn/how-to-program-crystals,seed-parent,(writer chooses descriptive anchor),proposed,site-wide guide this stone-specific page specialises
P-0416,/gemstones/carnelian-agate/who-should-not-wear,/gemstones/carnelian-agate,parent,(writer chooses descriptive anchor),proposed,the stone's hub page: full profile and properties
P-0416,/gemstones/carnelian-agate/who-should-not-wear,/gemstones/carnelian-agate/meaning,sibling,(writer chooses descriptive anchor),proposed,what the stone is traditionally for
P-0416,/gemstones/carnelian-agate/who-should-not-wear,/gemstones/carnelian-agate/sleeping-with,sibling,(writer chooses descriptive anchor),proposed,night-time use cautions
P-0416,/gemstones/carnelian-agate/who-should-not-wear,/learn/crystal-healing-science,seed-parent,(writer chooses descriptive anchor),proposed,site-wide guide this stone-specific page specialises
P-0417,/gemstones/carnelian-agate/how-to-cleanse,/gemstones/carnelian-agate,parent,(writer chooses descriptive anchor),proposed,the stone's hub page: full profile and properties
P-0417,/gemstones/carnelian-agate/how-to-cleanse,/gemstones/carnelian-agate/can-go-in-water,sibling,(writer chooses descriptive anchor),proposed,whether water cleansing is safe for this stone
P-0417,/gemstones/carnelian-agate/how-to-cleanse,/learn/how-to-cleanse-crystals,seed-parent,(writer chooses descriptive anchor),proposed,site-wide guide this stone-specific page specialises
P-0417,/gemstones/carnelian-agate/how-to-cleanse,/learn/how-to-charge-crystals,next-step,(writer chooses descriptive anchor),proposed,charging follows cleansing
P-0418,/gemstones/carnelian-agate/can-go-in-water,/gemstones/carnelian-agate,parent,(writer chooses descriptive anchor),proposed,the stone's hub page: full profile and properties
P-0418,/gemstones/carnelian-agate/can-go-in-water,/gemstones/carnelian-agate/how-to-cleanse,sibling,(writer chooses descriptive anchor),proposed,water is one cleansing method among several
P-0418,/gemstones/carnelian-agate/can-go-in-water,/learn/what-crystals-can-go-in-water,seed-parent,(writer chooses descriptive anchor),proposed,site-wide guide this stone-specific page specialises
P-0418,/gemstones/carnelian-agate/can-go-in-water,/learn/salt-safe-crystals,lateral,(writer chooses descriptive anchor),proposed,salt cleansing is the common follow-up question
P-0418,/gemstones/carnelian-agate/can-go-in-water,/learn/sun-safe-crystals,lateral,(writer chooses descriptive anchor),proposed,sun charging after washing
P-0419,/gemstones/carnelian-agate/sleeping-with,/gemstones/carnelian-agate,parent,(writer chooses descriptive anchor),proposed,the stone's hub page: full profile and properties
P-0419,/gemstones/carnelian-agate/sleeping-with,/gemstones/carnelian-agate/who-should-not-wear,sibling,(writer chooses descriptive anchor),proposed,who should avoid night-time use
P-0419,/gemstones/carnelian-agate/sleeping-with,/gemstones/carnelian-agate/affirmations,sibling,(writer chooses descriptive anchor),proposed,bedtime affirmation routine
P-0419,/gemstones/carnelian-agate/sleeping-with,/crystals/crystals-for-sleep,seed-parent,(writer chooses descriptive anchor),proposed,site-wide guide this stone-specific page specialises
P-0420,/gemstones/carnelian-agate/how-to-identify,/gemstones/carnelian-agate,parent,(writer chooses descriptive anchor),proposed,the stone's hub page: full profile and properties
P-0420,/gemstones/carnelian-agate/how-to-identify,/gemstones/carnelian-agate/price-guide,sibling,(writer chooses descriptive anchor),proposed,price is an identification signal
P-0420,/gemstones/carnelian-agate/how-to-identify,/gemstones/carnelian-agate/meaning,sibling,(writer chooses descriptive anchor),proposed,what genuine material looks like
P-0420,/gemstones/carnelian-agate/how-to-identify,/learn/are-online-crystals-real,seed-parent,(writer chooses descriptive anchor),proposed,site-wide guide this stone-specific page specialises
P-0420,/gemstones/carnelian-agate/how-to-identify,/compare/lab-created-vs-natural-gemstones,lateral,(writer chooses descriptive anchor),proposed,lab-grown vs natural is a distinct question from fake vs real
P-0421,/gemstones/carnelian-agate/price-guide,/gemstones/carnelian-agate,parent,(writer chooses descriptive anchor),proposed,the stone's hub page: full profile and properties
P-0421,/gemstones/carnelian-agate/price-guide,/gemstones/carnelian-agate/how-to-identify,sibling,(writer chooses descriptive anchor),proposed,avoid paying real-stone prices for imitations
P-0421,/gemstones/carnelian-agate/price-guide,/learn/ethical-crystal-sourcing,seed-parent,(writer chooses descriptive anchor),proposed,site-wide guide this stone-specific page specialises
P-0421,/gemstones/carnelian-agate/price-guide,/learn/mohs-hardness-scale,lateral,(writer chooses descriptive anchor),proposed,durability affects value
P-0422,/gemstones/carnelian-agate/combinations,/gemstones/carnelian-agate,parent,(writer chooses descriptive anchor),proposed,the stone's hub page: full profile and properties
P-0422,/gemstones/carnelian-agate/combinations,/gemstones/carnelian-agate/meaning,sibling,(writer chooses descriptive anchor),proposed,the stone's own associations
P-0422,/gemstones/carnelian-agate/combinations,/gemstones/carnelian-agate/affirmations,sibling,(writer chooses descriptive anchor),proposed,pairing stones with intention
P-0422,/gemstones/carnelian-agate/combinations,/learn/crystal-grids,seed-parent,(writer chooses descriptive anchor),proposed,site-wide guide this stone-specific page specialises
P-0423,/gemstones/carnelian-agate/affirmations,/gemstones/carnelian-agate,parent,(writer chooses descriptive anchor),proposed,the stone's hub page: full profile and properties
P-0423,/gemstones/carnelian-agate/affirmations,/gemstones/carnelian-agate/meaning,sibling,(writer chooses descriptive anchor),proposed,associations the affirmations draw on
P-0423,/gemstones/carnelian-agate/affirmations,/gemstones/carnelian-agate/combinations,sibling,(writer chooses descriptive anchor),proposed,stones to hold alongside
P-0423,/gemstones/carnelian-agate/affirmations,/learn/how-to-program-crystals,seed-parent,(writer chooses descriptive anchor),proposed,site-wide guide this stone-specific page specialises
P-0424,/gemstones/cherry-quartz/who-should-not-wear,/gemstones/cherry-quartz,parent,(writer chooses descriptive anchor),proposed,the stone's hub page: full profile and properties
P-0424,/gemstones/cherry-quartz/who-should-not-wear,/gemstones/cherry-quartz/meaning,sibling,(writer chooses descriptive anchor),proposed,what the stone is traditionally for
P-0424,/gemstones/cherry-quartz/who-should-not-wear,/gemstones/cherry-quartz/sleeping-with,sibling,(writer chooses descriptive anchor),proposed,night-time use cautions
P-0424,/gemstones/cherry-quartz/who-should-not-wear,/learn/crystal-healing-science,seed-parent,(writer chooses descriptive anchor),proposed,site-wide guide this stone-specific page specialises
P-0425,/gemstones/cherry-quartz/how-to-cleanse,/gemstones/cherry-quartz,parent,(writer chooses descriptive anchor),proposed,the stone's hub page: full profile and properties
P-0425,/gemstones/cherry-quartz/how-to-cleanse,/gemstones/cherry-quartz/can-go-in-water,sibling,(writer chooses descriptive anchor),proposed,whether water cleansing is safe for this stone
P-0425,/gemstones/cherry-quartz/how-to-cleanse,/learn/how-to-cleanse-crystals,seed-parent,(writer chooses descriptive anchor),proposed,site-wide guide this stone-specific page specialises
P-0425,/gemstones/cherry-quartz/how-to-cleanse,/learn/how-to-charge-crystals,next-step,(writer chooses descriptive anchor),proposed,charging follows cleansing
P-0426,/gemstones/cherry-quartz/can-go-in-water,/gemstones/cherry-quartz,parent,(writer chooses descriptive anchor),proposed,the stone's hub page: full profile and properties
P-0426,/gemstones/cherry-quartz/can-go-in-water,/gemstones/cherry-quartz/how-to-cleanse,sibling,(writer chooses descriptive anchor),proposed,water is one cleansing method among several
P-0426,/gemstones/cherry-quartz/can-go-in-water,/learn/what-crystals-can-go-in-water,seed-parent,(writer chooses descriptive anchor),proposed,site-wide guide this stone-specific page specialises
P-0426,/gemstones/cherry-quartz/can-go-in-water,/learn/salt-safe-crystals,lateral,(writer chooses descriptive anchor),proposed,salt cleansing is the common follow-up question
P-0426,/gemstones/cherry-quartz/can-go-in-water,/learn/sun-safe-crystals,lateral,(writer chooses descriptive anchor),proposed,sun charging after washing
P-0427,/gemstones/cherry-quartz/sleeping-with,/gemstones/cherry-quartz,parent,(writer chooses descriptive anchor),proposed,the stone's hub page: full profile and properties
P-0427,/gemstones/cherry-quartz/sleeping-with,/gemstones/cherry-quartz/who-should-not-wear,sibling,(writer chooses descriptive anchor),proposed,who should avoid night-time use
P-0427,/gemstones/cherry-quartz/sleeping-with,/gemstones/cherry-quartz/affirmations,sibling,(writer chooses descriptive anchor),proposed,bedtime affirmation routine
P-0427,/gemstones/cherry-quartz/sleeping-with,/crystals/crystals-for-sleep,seed-parent,(writer chooses descriptive anchor),proposed,site-wide guide this stone-specific page specialises
P-0428,/gemstones/cherry-quartz/how-to-identify,/gemstones/cherry-quartz,parent,(writer chooses descriptive anchor),proposed,the stone's hub page: full profile and properties
P-0428,/gemstones/cherry-quartz/how-to-identify,/gemstones/cherry-quartz/price-guide,sibling,(writer chooses descriptive anchor),proposed,price is an identification signal
P-0428,/gemstones/cherry-quartz/how-to-identify,/gemstones/cherry-quartz/meaning,sibling,(writer chooses descriptive anchor),proposed,what genuine material looks like
P-0428,/gemstones/cherry-quartz/how-to-identify,/learn/are-online-crystals-real,seed-parent,(writer chooses descriptive anchor),proposed,site-wide guide this stone-specific page specialises
P-0428,/gemstones/cherry-quartz/how-to-identify,/compare/lab-created-vs-natural-gemstones,lateral,(writer chooses descriptive anchor),proposed,lab-grown vs natural is a distinct question from fake vs real
P-0429,/gemstones/cherry-quartz/price-guide,/gemstones/cherry-quartz,parent,(writer chooses descriptive anchor),proposed,the stone's hub page: full profile and properties
P-0429,/gemstones/cherry-quartz/price-guide,/gemstones/cherry-quartz/how-to-identify,sibling,(writer chooses descriptive anchor),proposed,avoid paying real-stone prices for imitations
P-0429,/gemstones/cherry-quartz/price-guide,/learn/ethical-crystal-sourcing,seed-parent,(writer chooses descriptive anchor),proposed,site-wide guide this stone-specific page specialises
P-0429,/gemstones/cherry-quartz/price-guide,/learn/mohs-hardness-scale,lateral,(writer chooses descriptive anchor),proposed,durability affects value
P-0430,/gemstones/cherry-quartz/combinations,/gemstones/cherry-quartz,parent,(writer chooses descriptive anchor),proposed,the stone's hub page: full profile and properties
P-0430,/gemstones/cherry-quartz/combinations,/gemstones/cherry-quartz/meaning,sibling,(writer chooses descriptive anchor),proposed,the stone's own associations
P-0430,/gemstones/cherry-quartz/combinations,/gemstones/cherry-quartz/affirmations,sibling,(writer chooses descriptive anchor),proposed,pairing stones with intention
P-0430,/gemstones/cherry-quartz/combinations,/learn/crystal-grids,seed-parent,(writer chooses descriptive anchor),proposed,site-wide guide this stone-specific page specialises
P-0431,/gemstones/cherry-quartz/affirmations,/gemstones/cherry-quartz,parent,(writer chooses descriptive anchor),proposed,the stone's hub page: full profile and properties
P-0431,/gemstones/cherry-quartz/affirmations,/gemstones/cherry-quartz/meaning,sibling,(writer chooses descriptive anchor),proposed,associations the affirmations draw on
P-0431,/gemstones/cherry-quartz/affirmations,/gemstones/cherry-quartz/combinations,sibling,(writer chooses descriptive anchor),proposed,stones to hold alongside
P-0431,/gemstones/cherry-quartz/affirmations,/learn/how-to-program-crystals,seed-parent,(writer chooses descriptive anchor),proposed,site-wide guide this stone-specific page specialises
P-0432,/gemstones/crackle-quartz/who-should-not-wear,/gemstones/crackle-quartz,parent,(writer chooses descriptive anchor),proposed,the stone's hub page: full profile and properties
P-0432,/gemstones/crackle-quartz/who-should-not-wear,/gemstones/crackle-quartz/meaning,sibling,(writer chooses descriptive anchor),proposed,what the stone is traditionally for
P-0432,/gemstones/crackle-quartz/who-should-not-wear,/gemstones/crackle-quartz/sleeping-with,sibling,(writer chooses descriptive anchor),proposed,night-time use cautions
P-0432,/gemstones/crackle-quartz/who-should-not-wear,/learn/crystal-healing-science,seed-parent,(writer chooses descriptive anchor),proposed,site-wide guide this stone-specific page specialises
P-0433,/gemstones/crackle-quartz/how-to-cleanse,/gemstones/crackle-quartz,parent,(writer chooses descriptive anchor),proposed,the stone's hub page: full profile and properties
P-0433,/gemstones/crackle-quartz/how-to-cleanse,/gemstones/crackle-quartz/can-go-in-water,sibling,(writer chooses descriptive anchor),proposed,whether water cleansing is safe for this stone
P-0433,/gemstones/crackle-quartz/how-to-cleanse,/learn/how-to-cleanse-crystals,seed-parent,(writer chooses descriptive anchor),proposed,site-wide guide this stone-specific page specialises
P-0433,/gemstones/crackle-quartz/how-to-cleanse,/learn/how-to-charge-crystals,next-step,(writer chooses descriptive anchor),proposed,charging follows cleansing
P-0434,/gemstones/crackle-quartz/can-go-in-water,/gemstones/crackle-quartz,parent,(writer chooses descriptive anchor),proposed,the stone's hub page: full profile and properties
P-0434,/gemstones/crackle-quartz/can-go-in-water,/gemstones/crackle-quartz/how-to-cleanse,sibling,(writer chooses descriptive anchor),proposed,water is one cleansing method among several
P-0434,/gemstones/crackle-quartz/can-go-in-water,/learn/what-crystals-can-go-in-water,seed-parent,(writer chooses descriptive anchor),proposed,site-wide guide this stone-specific page specialises
P-0434,/gemstones/crackle-quartz/can-go-in-water,/learn/salt-safe-crystals,lateral,(writer chooses descriptive anchor),proposed,salt cleansing is the common follow-up question
P-0434,/gemstones/crackle-quartz/can-go-in-water,/learn/sun-safe-crystals,lateral,(writer chooses descriptive anchor),proposed,sun charging after washing
P-0435,/gemstones/crackle-quartz/sleeping-with,/gemstones/crackle-quartz,parent,(writer chooses descriptive anchor),proposed,the stone's hub page: full profile and properties
P-0435,/gemstones/crackle-quartz/sleeping-with,/gemstones/crackle-quartz/who-should-not-wear,sibling,(writer chooses descriptive anchor),proposed,who should avoid night-time use
P-0435,/gemstones/crackle-quartz/sleeping-with,/gemstones/crackle-quartz/affirmations,sibling,(writer chooses descriptive anchor),proposed,bedtime affirmation routine
P-0435,/gemstones/crackle-quartz/sleeping-with,/crystals/crystals-for-sleep,seed-parent,(writer chooses descriptive anchor),proposed,site-wide guide this stone-specific page specialises
P-0436,/gemstones/crackle-quartz/how-to-identify,/gemstones/crackle-quartz,parent,(writer chooses descriptive anchor),proposed,the stone's hub page: full profile and properties
P-0436,/gemstones/crackle-quartz/how-to-identify,/gemstones/crackle-quartz/price-guide,sibling,(writer chooses descriptive anchor),proposed,price is an identification signal
P-0436,/gemstones/crackle-quartz/how-to-identify,/gemstones/crackle-quartz/meaning,sibling,(writer chooses descriptive anchor),proposed,what genuine material looks like
P-0436,/gemstones/crackle-quartz/how-to-identify,/learn/are-online-crystals-real,seed-parent,(writer chooses descriptive anchor),proposed,site-wide guide this stone-specific page specialises
P-0436,/gemstones/crackle-quartz/how-to-identify,/compare/lab-created-vs-natural-gemstones,lateral,(writer chooses descriptive anchor),proposed,lab-grown vs natural is a distinct question from fake vs real
P-0437,/gemstones/crackle-quartz/price-guide,/gemstones/crackle-quartz,parent,(writer chooses descriptive anchor),proposed,the stone's hub page: full profile and properties
P-0437,/gemstones/crackle-quartz/price-guide,/gemstones/crackle-quartz/how-to-identify,sibling,(writer chooses descriptive anchor),proposed,avoid paying real-stone prices for imitations
P-0437,/gemstones/crackle-quartz/price-guide,/learn/ethical-crystal-sourcing,seed-parent,(writer chooses descriptive anchor),proposed,site-wide guide this stone-specific page specialises
P-0437,/gemstones/crackle-quartz/price-guide,/learn/mohs-hardness-scale,lateral,(writer chooses descriptive anchor),proposed,durability affects value
P-0438,/gemstones/crackle-quartz/combinations,/gemstones/crackle-quartz,parent,(writer chooses descriptive anchor),proposed,the stone's hub page: full profile and properties
P-0438,/gemstones/crackle-quartz/combinations,/gemstones/crackle-quartz/meaning,sibling,(writer chooses descriptive anchor),proposed,the stone's own associations
P-0438,/gemstones/crackle-quartz/combinations,/gemstones/crackle-quartz/affirmations,sibling,(writer chooses descriptive anchor),proposed,pairing stones with intention
P-0438,/gemstones/crackle-quartz/combinations,/learn/crystal-grids,seed-parent,(writer chooses descriptive anchor),proposed,site-wide guide this stone-specific page specialises
P-0439,/gemstones/crackle-quartz/affirmations,/gemstones/crackle-quartz,parent,(writer chooses descriptive anchor),proposed,the stone's hub page: full profile and properties
P-0439,/gemstones/crackle-quartz/affirmations,/gemstones/crackle-quartz/meaning,sibling,(writer chooses descriptive anchor),proposed,associations the affirmations draw on
P-0439,/gemstones/crackle-quartz/affirmations,/gemstones/crackle-quartz/combinations,sibling,(writer chooses descriptive anchor),proposed,stones to hold alongside
P-0439,/gemstones/crackle-quartz/affirmations,/learn/how-to-program-crystals,seed-parent,(writer chooses descriptive anchor),proposed,site-wide guide this stone-specific page specialises
P-0440,/gemstones/druzy-quartz/who-should-not-wear,/gemstones/druzy-quartz,parent,(writer chooses descriptive anchor),proposed,the stone's hub page: full profile and properties
P-0440,/gemstones/druzy-quartz/who-should-not-wear,/gemstones/druzy-quartz/meaning,sibling,(writer chooses descriptive anchor),proposed,what the stone is traditionally for
P-0440,/gemstones/druzy-quartz/who-should-not-wear,/gemstones/druzy-quartz/sleeping-with,sibling,(writer chooses descriptive anchor),proposed,night-time use cautions
P-0440,/gemstones/druzy-quartz/who-should-not-wear,/learn/crystal-healing-science,seed-parent,(writer chooses descriptive anchor),proposed,site-wide guide this stone-specific page specialises
P-0441,/gemstones/druzy-quartz/how-to-cleanse,/gemstones/druzy-quartz,parent,(writer chooses descriptive anchor),proposed,the stone's hub page: full profile and properties
P-0441,/gemstones/druzy-quartz/how-to-cleanse,/gemstones/druzy-quartz/can-go-in-water,sibling,(writer chooses descriptive anchor),proposed,whether water cleansing is safe for this stone
P-0441,/gemstones/druzy-quartz/how-to-cleanse,/learn/how-to-cleanse-crystals,seed-parent,(writer chooses descriptive anchor),proposed,site-wide guide this stone-specific page specialises
P-0441,/gemstones/druzy-quartz/how-to-cleanse,/learn/how-to-charge-crystals,next-step,(writer chooses descriptive anchor),proposed,charging follows cleansing
P-0442,/gemstones/druzy-quartz/can-go-in-water,/gemstones/druzy-quartz,parent,(writer chooses descriptive anchor),proposed,the stone's hub page: full profile and properties
P-0442,/gemstones/druzy-quartz/can-go-in-water,/gemstones/druzy-quartz/how-to-cleanse,sibling,(writer chooses descriptive anchor),proposed,water is one cleansing method among several
P-0442,/gemstones/druzy-quartz/can-go-in-water,/learn/what-crystals-can-go-in-water,seed-parent,(writer chooses descriptive anchor),proposed,site-wide guide this stone-specific page specialises
P-0442,/gemstones/druzy-quartz/can-go-in-water,/learn/salt-safe-crystals,lateral,(writer chooses descriptive anchor),proposed,salt cleansing is the common follow-up question
P-0442,/gemstones/druzy-quartz/can-go-in-water,/learn/sun-safe-crystals,lateral,(writer chooses descriptive anchor),proposed,sun charging after washing
P-0443,/gemstones/druzy-quartz/sleeping-with,/gemstones/druzy-quartz,parent,(writer chooses descriptive anchor),proposed,the stone's hub page: full profile and properties
P-0443,/gemstones/druzy-quartz/sleeping-with,/gemstones/druzy-quartz/who-should-not-wear,sibling,(writer chooses descriptive anchor),proposed,who should avoid night-time use
P-0443,/gemstones/druzy-quartz/sleeping-with,/gemstones/druzy-quartz/affirmations,sibling,(writer chooses descriptive anchor),proposed,bedtime affirmation routine
P-0443,/gemstones/druzy-quartz/sleeping-with,/crystals/crystals-for-sleep,seed-parent,(writer chooses descriptive anchor),proposed,site-wide guide this stone-specific page specialises
P-0444,/gemstones/druzy-quartz/how-to-identify,/gemstones/druzy-quartz,parent,(writer chooses descriptive anchor),proposed,the stone's hub page: full profile and properties
P-0444,/gemstones/druzy-quartz/how-to-identify,/gemstones/druzy-quartz/price-guide,sibling,(writer chooses descriptive anchor),proposed,price is an identification signal
P-0444,/gemstones/druzy-quartz/how-to-identify,/gemstones/druzy-quartz/meaning,sibling,(writer chooses descriptive anchor),proposed,what genuine material looks like
P-0444,/gemstones/druzy-quartz/how-to-identify,/learn/are-online-crystals-real,seed-parent,(writer chooses descriptive anchor),proposed,site-wide guide this stone-specific page specialises
P-0444,/gemstones/druzy-quartz/how-to-identify,/compare/lab-created-vs-natural-gemstones,lateral,(writer chooses descriptive anchor),proposed,lab-grown vs natural is a distinct question from fake vs real
P-0445,/gemstones/druzy-quartz/price-guide,/gemstones/druzy-quartz,parent,(writer chooses descriptive anchor),proposed,the stone's hub page: full profile and properties
P-0445,/gemstones/druzy-quartz/price-guide,/gemstones/druzy-quartz/how-to-identify,sibling,(writer chooses descriptive anchor),proposed,avoid paying real-stone prices for imitations
P-0445,/gemstones/druzy-quartz/price-guide,/learn/ethical-crystal-sourcing,seed-parent,(writer chooses descriptive anchor),proposed,site-wide guide this stone-specific page specialises
P-0445,/gemstones/druzy-quartz/price-guide,/learn/mohs-hardness-scale,lateral,(writer chooses descriptive anchor),proposed,durability affects value
P-0446,/gemstones/druzy-quartz/combinations,/gemstones/druzy-quartz,parent,(writer chooses descriptive anchor),proposed,the stone's hub page: full profile and properties
P-0446,/gemstones/druzy-quartz/combinations,/gemstones/druzy-quartz/meaning,sibling,(writer chooses descriptive anchor),proposed,the stone's own associations
P-0446,/gemstones/druzy-quartz/combinations,/gemstones/druzy-quartz/affirmations,sibling,(writer chooses descriptive anchor),proposed,pairing stones with intention
P-0446,/gemstones/druzy-quartz/combinations,/learn/crystal-grids,seed-parent,(writer chooses descriptive anchor),proposed,site-wide guide this stone-specific page specialises
P-0447,/gemstones/druzy-quartz/affirmations,/gemstones/druzy-quartz,parent,(writer chooses descriptive anchor),proposed,the stone's hub page: full profile and properties
P-0447,/gemstones/druzy-quartz/affirmations,/gemstones/druzy-quartz/meaning,sibling,(writer chooses descriptive anchor),proposed,associations the affirmations draw on
P-0447,/gemstones/druzy-quartz/affirmations,/gemstones/druzy-quartz/combinations,sibling,(writer chooses descriptive anchor),proposed,stones to hold alongside
P-0447,/gemstones/druzy-quartz/affirmations,/learn/how-to-program-crystals,seed-parent,(writer chooses descriptive anchor),proposed,site-wide guide this stone-specific page specialises
P-0448,/gemstones/emerald/how-to-cleanse,/gemstones/emerald,parent,(writer chooses descriptive anchor),proposed,the stone's hub page: full profile and properties
P-0448,/gemstones/emerald/how-to-cleanse,/gemstones/emerald/can-go-in-water,sibling,(writer chooses descriptive anchor),proposed,whether water cleansing is safe for this stone
P-0448,/gemstones/emerald/how-to-cleanse,/learn/how-to-cleanse-crystals,seed-parent,(writer chooses descriptive anchor),proposed,site-wide guide this stone-specific page specialises
P-0448,/gemstones/emerald/how-to-cleanse,/crystals/crystals-for-love,lateral,(writer chooses descriptive anchor),proposed,stone appears in this purpose guide
P-0448,/gemstones/emerald/how-to-cleanse,/crystals/crystals-for-healing,lateral,(writer chooses descriptive anchor),proposed,stone appears in this purpose guide
P-0448,/gemstones/emerald/how-to-cleanse,/learn/how-to-charge-crystals,next-step,(writer chooses descriptive anchor),proposed,charging follows cleansing
P-0449,/gemstones/emerald/can-go-in-water,/gemstones/emerald,parent,(writer chooses descriptive anchor),proposed,the stone's hub page: full profile and properties
P-0449,/gemstones/emerald/can-go-in-water,/gemstones/emerald/how-to-cleanse,sibling,(writer chooses descriptive anchor),proposed,water is one cleansing method among several
P-0449,/gemstones/emerald/can-go-in-water,/learn/what-crystals-can-go-in-water,seed-parent,(writer chooses descriptive anchor),proposed,site-wide guide this stone-specific page specialises
P-0449,/gemstones/emerald/can-go-in-water,/crystals/crystals-for-love,lateral,(writer chooses descriptive anchor),proposed,stone appears in this purpose guide
P-0449,/gemstones/emerald/can-go-in-water,/crystals/crystals-for-healing,lateral,(writer chooses descriptive anchor),proposed,stone appears in this purpose guide
P-0449,/gemstones/emerald/can-go-in-water,/learn/salt-safe-crystals,lateral,(writer chooses descriptive anchor),proposed,salt cleansing is the common follow-up question
P-0449,/gemstones/emerald/can-go-in-water,/learn/sun-safe-crystals,lateral,(writer chooses descriptive anchor),proposed,sun charging after washing
P-0450,/gemstones/emerald/sleeping-with,/gemstones/emerald,parent,(writer chooses descriptive anchor),proposed,the stone's hub page: full profile and properties
P-0450,/gemstones/emerald/sleeping-with,/gemstones/emerald/who-should-not-wear,sibling,(writer chooses descriptive anchor),proposed,who should avoid night-time use
P-0450,/gemstones/emerald/sleeping-with,/gemstones/emerald/affirmations,sibling,(writer chooses descriptive anchor),proposed,bedtime affirmation routine
P-0450,/gemstones/emerald/sleeping-with,/crystals/crystals-for-sleep,seed-parent,(writer chooses descriptive anchor),proposed,site-wide guide this stone-specific page specialises
P-0450,/gemstones/emerald/sleeping-with,/crystals/crystals-for-love,lateral,(writer chooses descriptive anchor),proposed,stone appears in this purpose guide
P-0450,/gemstones/emerald/sleeping-with,/crystals/crystals-for-healing,lateral,(writer chooses descriptive anchor),proposed,stone appears in this purpose guide
P-0451,/gemstones/emerald/meaning,/gemstones/emerald,parent,(writer chooses descriptive anchor),proposed,the stone's hub page: full profile and properties
P-0451,/gemstones/emerald/meaning,/gemstones/emerald/combinations,sibling,(writer chooses descriptive anchor),proposed,pairing follows meaning
P-0451,/gemstones/emerald/meaning,/gemstones/emerald/affirmations,sibling,(writer chooses descriptive anchor),proposed,using the stone intentionally
P-0451,/gemstones/emerald/meaning,/gemstones/emerald/who-should-not-wear,sibling,(writer chooses descriptive anchor),proposed,cautions before adopting the stone
P-0451,/gemstones/emerald/meaning,/learn/gemstone-vs-crystal-vs-mineral,seed-parent,(writer chooses descriptive anchor),proposed,site-wide guide this stone-specific page specialises
P-0451,/gemstones/emerald/meaning,/crystals/crystals-for-love,lateral,(writer chooses descriptive anchor),proposed,stone appears in this purpose guide
P-0451,/gemstones/emerald/meaning,/crystals/crystals-for-healing,lateral,(writer chooses descriptive anchor),proposed,stone appears in this purpose guide
P-0451,/gemstones/emerald/meaning,/gemstones/zodiac/taurus,taxonomy,(writer chooses descriptive anchor),proposed,zodiac filter page
P-0452,/gemstones/emerald/how-to-identify,/gemstones/emerald,parent,(writer chooses descriptive anchor),proposed,the stone's hub page: full profile and properties
P-0452,/gemstones/emerald/how-to-identify,/gemstones/emerald/price-guide,sibling,(writer chooses descriptive anchor),proposed,price is an identification signal
P-0452,/gemstones/emerald/how-to-identify,/gemstones/emerald/meaning,sibling,(writer chooses descriptive anchor),proposed,what genuine material looks like
P-0452,/gemstones/emerald/how-to-identify,/learn/are-online-crystals-real,seed-parent,(writer chooses descriptive anchor),proposed,site-wide guide this stone-specific page specialises
P-0452,/gemstones/emerald/how-to-identify,/crystals/crystals-for-love,lateral,(writer chooses descriptive anchor),proposed,stone appears in this purpose guide
P-0452,/gemstones/emerald/how-to-identify,/crystals/crystals-for-healing,lateral,(writer chooses descriptive anchor),proposed,stone appears in this purpose guide
P-0452,/gemstones/emerald/how-to-identify,/compare/lab-created-vs-natural-gemstones,lateral,(writer chooses descriptive anchor),proposed,lab-grown vs natural is a distinct question from fake vs real
P-0453,/gemstones/emerald/price-guide,/gemstones/emerald,parent,(writer chooses descriptive anchor),proposed,the stone's hub page: full profile and properties
P-0453,/gemstones/emerald/price-guide,/gemstones/emerald/how-to-identify,sibling,(writer chooses descriptive anchor),proposed,avoid paying real-stone prices for imitations
P-0453,/gemstones/emerald/price-guide,/learn/ethical-crystal-sourcing,seed-parent,(writer chooses descriptive anchor),proposed,site-wide guide this stone-specific page specialises
P-0453,/gemstones/emerald/price-guide,/crystals/crystals-for-love,lateral,(writer chooses descriptive anchor),proposed,stone appears in this purpose guide
P-0453,/gemstones/emerald/price-guide,/crystals/crystals-for-healing,lateral,(writer chooses descriptive anchor),proposed,stone appears in this purpose guide
P-0453,/gemstones/emerald/price-guide,/learn/mohs-hardness-scale,lateral,(writer chooses descriptive anchor),proposed,durability affects value
P-0454,/gemstones/emerald/combinations,/gemstones/emerald,parent,(writer chooses descriptive anchor),proposed,the stone's hub page: full profile and properties
P-0454,/gemstones/emerald/combinations,/gemstones/emerald/meaning,sibling,(writer chooses descriptive anchor),proposed,the stone's own associations
P-0454,/gemstones/emerald/combinations,/gemstones/emerald/affirmations,sibling,(writer chooses descriptive anchor),proposed,pairing stones with intention
P-0454,/gemstones/emerald/combinations,/learn/crystal-grids,seed-parent,(writer chooses descriptive anchor),proposed,site-wide guide this stone-specific page specialises
P-0454,/gemstones/emerald/combinations,/crystals/crystals-for-love,lateral,(writer chooses descriptive anchor),proposed,stone appears in this purpose guide
P-0454,/gemstones/emerald/combinations,/crystals/crystals-for-healing,lateral,(writer chooses descriptive anchor),proposed,stone appears in this purpose guide
P-0455,/gemstones/emerald/affirmations,/gemstones/emerald,parent,(writer chooses descriptive anchor),proposed,the stone's hub page: full profile and properties
P-0455,/gemstones/emerald/affirmations,/gemstones/emerald/meaning,sibling,(writer chooses descriptive anchor),proposed,associations the affirmations draw on
P-0455,/gemstones/emerald/affirmations,/gemstones/emerald/combinations,sibling,(writer chooses descriptive anchor),proposed,stones to hold alongside
P-0455,/gemstones/emerald/affirmations,/learn/how-to-program-crystals,seed-parent,(writer chooses descriptive anchor),proposed,site-wide guide this stone-specific page specialises
P-0455,/gemstones/emerald/affirmations,/crystals/crystals-for-love,lateral,(writer chooses descriptive anchor),proposed,stone appears in this purpose guide
P-0455,/gemstones/emerald/affirmations,/crystals/crystals-for-healing,lateral,(writer chooses descriptive anchor),proposed,stone appears in this purpose guide
P-0456,/gemstones/fancy-jasper/who-should-not-wear,/gemstones/fancy-jasper,parent,(writer chooses descriptive anchor),proposed,the stone's hub page: full profile and properties
P-0456,/gemstones/fancy-jasper/who-should-not-wear,/gemstones/fancy-jasper/meaning,sibling,(writer chooses descriptive anchor),proposed,what the stone is traditionally for
P-0456,/gemstones/fancy-jasper/who-should-not-wear,/gemstones/fancy-jasper/sleeping-with,sibling,(writer chooses descriptive anchor),proposed,night-time use cautions
P-0456,/gemstones/fancy-jasper/who-should-not-wear,/learn/crystal-healing-science,seed-parent,(writer chooses descriptive anchor),proposed,site-wide guide this stone-specific page specialises
P-0457,/gemstones/fancy-jasper/how-to-cleanse,/gemstones/fancy-jasper,parent,(writer chooses descriptive anchor),proposed,the stone's hub page: full profile and properties
P-0457,/gemstones/fancy-jasper/how-to-cleanse,/gemstones/fancy-jasper/can-go-in-water,sibling,(writer chooses descriptive anchor),proposed,whether water cleansing is safe for this stone
P-0457,/gemstones/fancy-jasper/how-to-cleanse,/learn/how-to-cleanse-crystals,seed-parent,(writer chooses descriptive anchor),proposed,site-wide guide this stone-specific page specialises
P-0457,/gemstones/fancy-jasper/how-to-cleanse,/learn/how-to-charge-crystals,next-step,(writer chooses descriptive anchor),proposed,charging follows cleansing
P-0458,/gemstones/fancy-jasper/can-go-in-water,/gemstones/fancy-jasper,parent,(writer chooses descriptive anchor),proposed,the stone's hub page: full profile and properties
P-0458,/gemstones/fancy-jasper/can-go-in-water,/gemstones/fancy-jasper/how-to-cleanse,sibling,(writer chooses descriptive anchor),proposed,water is one cleansing method among several
P-0458,/gemstones/fancy-jasper/can-go-in-water,/learn/what-crystals-can-go-in-water,seed-parent,(writer chooses descriptive anchor),proposed,site-wide guide this stone-specific page specialises
P-0458,/gemstones/fancy-jasper/can-go-in-water,/learn/salt-safe-crystals,lateral,(writer chooses descriptive anchor),proposed,salt cleansing is the common follow-up question
P-0458,/gemstones/fancy-jasper/can-go-in-water,/learn/sun-safe-crystals,lateral,(writer chooses descriptive anchor),proposed,sun charging after washing
P-0459,/gemstones/fancy-jasper/sleeping-with,/gemstones/fancy-jasper,parent,(writer chooses descriptive anchor),proposed,the stone's hub page: full profile and properties
P-0459,/gemstones/fancy-jasper/sleeping-with,/gemstones/fancy-jasper/who-should-not-wear,sibling,(writer chooses descriptive anchor),proposed,who should avoid night-time use
P-0459,/gemstones/fancy-jasper/sleeping-with,/gemstones/fancy-jasper/affirmations,sibling,(writer chooses descriptive anchor),proposed,bedtime affirmation routine
P-0459,/gemstones/fancy-jasper/sleeping-with,/crystals/crystals-for-sleep,seed-parent,(writer chooses descriptive anchor),proposed,site-wide guide this stone-specific page specialises
P-0460,/gemstones/fancy-jasper/how-to-identify,/gemstones/fancy-jasper,parent,(writer chooses descriptive anchor),proposed,the stone's hub page: full profile and properties
P-0460,/gemstones/fancy-jasper/how-to-identify,/gemstones/fancy-jasper/price-guide,sibling,(writer chooses descriptive anchor),proposed,price is an identification signal
P-0460,/gemstones/fancy-jasper/how-to-identify,/gemstones/fancy-jasper/meaning,sibling,(writer chooses descriptive anchor),proposed,what genuine material looks like
P-0460,/gemstones/fancy-jasper/how-to-identify,/learn/are-online-crystals-real,seed-parent,(writer chooses descriptive anchor),proposed,site-wide guide this stone-specific page specialises
P-0460,/gemstones/fancy-jasper/how-to-identify,/compare/lab-created-vs-natural-gemstones,lateral,(writer chooses descriptive anchor),proposed,lab-grown vs natural is a distinct question from fake vs real
P-0461,/gemstones/fancy-jasper/price-guide,/gemstones/fancy-jasper,parent,(writer chooses descriptive anchor),proposed,the stone's hub page: full profile and properties
P-0461,/gemstones/fancy-jasper/price-guide,/gemstones/fancy-jasper/how-to-identify,sibling,(writer chooses descriptive anchor),proposed,avoid paying real-stone prices for imitations
P-0461,/gemstones/fancy-jasper/price-guide,/learn/ethical-crystal-sourcing,seed-parent,(writer chooses descriptive anchor),proposed,site-wide guide this stone-specific page specialises
P-0461,/gemstones/fancy-jasper/price-guide,/learn/mohs-hardness-scale,lateral,(writer chooses descriptive anchor),proposed,durability affects value
P-0462,/gemstones/fancy-jasper/combinations,/gemstones/fancy-jasper,parent,(writer chooses descriptive anchor),proposed,the stone's hub page: full profile and properties
P-0462,/gemstones/fancy-jasper/combinations,/gemstones/fancy-jasper/meaning,sibling,(writer chooses descriptive anchor),proposed,the stone's own associations
P-0462,/gemstones/fancy-jasper/combinations,/gemstones/fancy-jasper/affirmations,sibling,(writer chooses descriptive anchor),proposed,pairing stones with intention
P-0462,/gemstones/fancy-jasper/combinations,/learn/crystal-grids,seed-parent,(writer chooses descriptive anchor),proposed,site-wide guide this stone-specific page specialises
P-0463,/gemstones/fancy-jasper/affirmations,/gemstones/fancy-jasper,parent,(writer chooses descriptive anchor),proposed,the stone's hub page: full profile and properties
P-0463,/gemstones/fancy-jasper/affirmations,/gemstones/fancy-jasper/meaning,sibling,(writer chooses descriptive anchor),proposed,associations the affirmations draw on
P-0463,/gemstones/fancy-jasper/affirmations,/gemstones/fancy-jasper/combinations,sibling,(writer chooses descriptive anchor),proposed,stones to hold alongside
P-0463,/gemstones/fancy-jasper/affirmations,/learn/how-to-program-crystals,seed-parent,(writer chooses descriptive anchor),proposed,site-wide guide this stone-specific page specialises
P-0464,/gemstones/flower-agate/who-should-not-wear,/gemstones/flower-agate,parent,(writer chooses descriptive anchor),proposed,the stone's hub page: full profile and properties
P-0464,/gemstones/flower-agate/who-should-not-wear,/gemstones/flower-agate/meaning,sibling,(writer chooses descriptive anchor),proposed,what the stone is traditionally for
P-0464,/gemstones/flower-agate/who-should-not-wear,/gemstones/flower-agate/sleeping-with,sibling,(writer chooses descriptive anchor),proposed,night-time use cautions
P-0464,/gemstones/flower-agate/who-should-not-wear,/learn/crystal-healing-science,seed-parent,(writer chooses descriptive anchor),proposed,site-wide guide this stone-specific page specialises
P-0465,/gemstones/flower-agate/how-to-cleanse,/gemstones/flower-agate,parent,(writer chooses descriptive anchor),proposed,the stone's hub page: full profile and properties
P-0465,/gemstones/flower-agate/how-to-cleanse,/gemstones/flower-agate/can-go-in-water,sibling,(writer chooses descriptive anchor),proposed,whether water cleansing is safe for this stone
P-0465,/gemstones/flower-agate/how-to-cleanse,/learn/how-to-cleanse-crystals,seed-parent,(writer chooses descriptive anchor),proposed,site-wide guide this stone-specific page specialises
P-0465,/gemstones/flower-agate/how-to-cleanse,/learn/how-to-charge-crystals,next-step,(writer chooses descriptive anchor),proposed,charging follows cleansing
P-0466,/gemstones/flower-agate/sleeping-with,/gemstones/flower-agate,parent,(writer chooses descriptive anchor),proposed,the stone's hub page: full profile and properties
P-0466,/gemstones/flower-agate/sleeping-with,/gemstones/flower-agate/who-should-not-wear,sibling,(writer chooses descriptive anchor),proposed,who should avoid night-time use
P-0466,/gemstones/flower-agate/sleeping-with,/gemstones/flower-agate/affirmations,sibling,(writer chooses descriptive anchor),proposed,bedtime affirmation routine
P-0466,/gemstones/flower-agate/sleeping-with,/crystals/crystals-for-sleep,seed-parent,(writer chooses descriptive anchor),proposed,site-wide guide this stone-specific page specialises
P-0467,/gemstones/flower-agate/how-to-identify,/gemstones/flower-agate,parent,(writer chooses descriptive anchor),proposed,the stone's hub page: full profile and properties
P-0467,/gemstones/flower-agate/how-to-identify,/gemstones/flower-agate/price-guide,sibling,(writer chooses descriptive anchor),proposed,price is an identification signal
P-0467,/gemstones/flower-agate/how-to-identify,/gemstones/flower-agate/meaning,sibling,(writer chooses descriptive anchor),proposed,what genuine material looks like
P-0467,/gemstones/flower-agate/how-to-identify,/learn/are-online-crystals-real,seed-parent,(writer chooses descriptive anchor),proposed,site-wide guide this stone-specific page specialises
P-0467,/gemstones/flower-agate/how-to-identify,/compare/lab-created-vs-natural-gemstones,lateral,(writer chooses descriptive anchor),proposed,lab-grown vs natural is a distinct question from fake vs real
P-0468,/gemstones/flower-agate/price-guide,/gemstones/flower-agate,parent,(writer chooses descriptive anchor),proposed,the stone's hub page: full profile and properties
P-0468,/gemstones/flower-agate/price-guide,/gemstones/flower-agate/how-to-identify,sibling,(writer chooses descriptive anchor),proposed,avoid paying real-stone prices for imitations
P-0468,/gemstones/flower-agate/price-guide,/learn/ethical-crystal-sourcing,seed-parent,(writer chooses descriptive anchor),proposed,site-wide guide this stone-specific page specialises
P-0468,/gemstones/flower-agate/price-guide,/learn/mohs-hardness-scale,lateral,(writer chooses descriptive anchor),proposed,durability affects value
P-0469,/gemstones/flower-agate/combinations,/gemstones/flower-agate,parent,(writer chooses descriptive anchor),proposed,the stone's hub page: full profile and properties
P-0469,/gemstones/flower-agate/combinations,/gemstones/flower-agate/meaning,sibling,(writer chooses descriptive anchor),proposed,the stone's own associations
P-0469,/gemstones/flower-agate/combinations,/gemstones/flower-agate/affirmations,sibling,(writer chooses descriptive anchor),proposed,pairing stones with intention
P-0469,/gemstones/flower-agate/combinations,/learn/crystal-grids,seed-parent,(writer chooses descriptive anchor),proposed,site-wide guide this stone-specific page specialises
P-0470,/gemstones/flower-agate/affirmations,/gemstones/flower-agate,parent,(writer chooses descriptive anchor),proposed,the stone's hub page: full profile and properties
P-0470,/gemstones/flower-agate/affirmations,/gemstones/flower-agate/meaning,sibling,(writer chooses descriptive anchor),proposed,associations the affirmations draw on
P-0470,/gemstones/flower-agate/affirmations,/gemstones/flower-agate/combinations,sibling,(writer chooses descriptive anchor),proposed,stones to hold alongside
P-0470,/gemstones/flower-agate/affirmations,/learn/how-to-program-crystals,seed-parent,(writer chooses descriptive anchor),proposed,site-wide guide this stone-specific page specialises
P-0471,/gemstones/garden-quartz/who-should-not-wear,/gemstones/garden-quartz,parent,(writer chooses descriptive anchor),proposed,the stone's hub page: full profile and properties
P-0471,/gemstones/garden-quartz/who-should-not-wear,/gemstones/garden-quartz/meaning,sibling,(writer chooses descriptive anchor),proposed,what the stone is traditionally for
P-0471,/gemstones/garden-quartz/who-should-not-wear,/gemstones/garden-quartz/sleeping-with,sibling,(writer chooses descriptive anchor),proposed,night-time use cautions
P-0471,/gemstones/garden-quartz/who-should-not-wear,/learn/crystal-healing-science,seed-parent,(writer chooses descriptive anchor),proposed,site-wide guide this stone-specific page specialises
P-0472,/gemstones/garden-quartz/how-to-cleanse,/gemstones/garden-quartz,parent,(writer chooses descriptive anchor),proposed,the stone's hub page: full profile and properties
P-0472,/gemstones/garden-quartz/how-to-cleanse,/gemstones/garden-quartz/can-go-in-water,sibling,(writer chooses descriptive anchor),proposed,whether water cleansing is safe for this stone
P-0472,/gemstones/garden-quartz/how-to-cleanse,/learn/how-to-cleanse-crystals,seed-parent,(writer chooses descriptive anchor),proposed,site-wide guide this stone-specific page specialises
P-0472,/gemstones/garden-quartz/how-to-cleanse,/learn/how-to-charge-crystals,next-step,(writer chooses descriptive anchor),proposed,charging follows cleansing
P-0473,/gemstones/garden-quartz/can-go-in-water,/gemstones/garden-quartz,parent,(writer chooses descriptive anchor),proposed,the stone's hub page: full profile and properties
P-0473,/gemstones/garden-quartz/can-go-in-water,/gemstones/garden-quartz/how-to-cleanse,sibling,(writer chooses descriptive anchor),proposed,water is one cleansing method among several
P-0473,/gemstones/garden-quartz/can-go-in-water,/learn/what-crystals-can-go-in-water,seed-parent,(writer chooses descriptive anchor),proposed,site-wide guide this stone-specific page specialises
P-0473,/gemstones/garden-quartz/can-go-in-water,/learn/salt-safe-crystals,lateral,(writer chooses descriptive anchor),proposed,salt cleansing is the common follow-up question
P-0473,/gemstones/garden-quartz/can-go-in-water,/learn/sun-safe-crystals,lateral,(writer chooses descriptive anchor),proposed,sun charging after washing
P-0474,/gemstones/garden-quartz/sleeping-with,/gemstones/garden-quartz,parent,(writer chooses descriptive anchor),proposed,the stone's hub page: full profile and properties
P-0474,/gemstones/garden-quartz/sleeping-with,/gemstones/garden-quartz/who-should-not-wear,sibling,(writer chooses descriptive anchor),proposed,who should avoid night-time use
P-0474,/gemstones/garden-quartz/sleeping-with,/gemstones/garden-quartz/affirmations,sibling,(writer chooses descriptive anchor),proposed,bedtime affirmation routine
P-0474,/gemstones/garden-quartz/sleeping-with,/crystals/crystals-for-sleep,seed-parent,(writer chooses descriptive anchor),proposed,site-wide guide this stone-specific page specialises
P-0475,/gemstones/garden-quartz/how-to-identify,/gemstones/garden-quartz,parent,(writer chooses descriptive anchor),proposed,the stone's hub page: full profile and properties
P-0475,/gemstones/garden-quartz/how-to-identify,/gemstones/garden-quartz/price-guide,sibling,(writer chooses descriptive anchor),proposed,price is an identification signal
P-0475,/gemstones/garden-quartz/how-to-identify,/gemstones/garden-quartz/meaning,sibling,(writer chooses descriptive anchor),proposed,what genuine material looks like
P-0475,/gemstones/garden-quartz/how-to-identify,/learn/are-online-crystals-real,seed-parent,(writer chooses descriptive anchor),proposed,site-wide guide this stone-specific page specialises
P-0475,/gemstones/garden-quartz/how-to-identify,/compare/lab-created-vs-natural-gemstones,lateral,(writer chooses descriptive anchor),proposed,lab-grown vs natural is a distinct question from fake vs real
P-0476,/gemstones/garden-quartz/price-guide,/gemstones/garden-quartz,parent,(writer chooses descriptive anchor),proposed,the stone's hub page: full profile and properties
P-0476,/gemstones/garden-quartz/price-guide,/gemstones/garden-quartz/how-to-identify,sibling,(writer chooses descriptive anchor),proposed,avoid paying real-stone prices for imitations
P-0476,/gemstones/garden-quartz/price-guide,/learn/ethical-crystal-sourcing,seed-parent,(writer chooses descriptive anchor),proposed,site-wide guide this stone-specific page specialises
P-0476,/gemstones/garden-quartz/price-guide,/learn/mohs-hardness-scale,lateral,(writer chooses descriptive anchor),proposed,durability affects value
P-0477,/gemstones/garden-quartz/combinations,/gemstones/garden-quartz,parent,(writer chooses descriptive anchor),proposed,the stone's hub page: full profile and properties
P-0477,/gemstones/garden-quartz/combinations,/gemstones/garden-quartz/meaning,sibling,(writer chooses descriptive anchor),proposed,the stone's own associations
P-0477,/gemstones/garden-quartz/combinations,/gemstones/garden-quartz/affirmations,sibling,(writer chooses descriptive anchor),proposed,pairing stones with intention
P-0477,/gemstones/garden-quartz/combinations,/learn/crystal-grids,seed-parent,(writer chooses descriptive anchor),proposed,site-wide guide this stone-specific page specialises
P-0478,/gemstones/garden-quartz/affirmations,/gemstones/garden-quartz,parent,(writer chooses descriptive anchor),proposed,the stone's hub page: full profile and properties
P-0478,/gemstones/garden-quartz/affirmations,/gemstones/garden-quartz/meaning,sibling,(writer chooses descriptive anchor),proposed,associations the affirmations draw on
P-0478,/gemstones/garden-quartz/affirmations,/gemstones/garden-quartz/combinations,sibling,(writer chooses descriptive anchor),proposed,stones to hold alongside
P-0478,/gemstones/garden-quartz/affirmations,/learn/how-to-program-crystals,seed-parent,(writer chooses descriptive anchor),proposed,site-wide guide this stone-specific page specialises
P-0479,/gemstones/grape-agate/who-should-not-wear,/gemstones/grape-agate,parent,(writer chooses descriptive anchor),proposed,the stone's hub page: full profile and properties
P-0479,/gemstones/grape-agate/who-should-not-wear,/gemstones/grape-agate/meaning,sibling,(writer chooses descriptive anchor),proposed,what the stone is traditionally for
P-0479,/gemstones/grape-agate/who-should-not-wear,/gemstones/grape-agate/sleeping-with,sibling,(writer chooses descriptive anchor),proposed,night-time use cautions
P-0479,/gemstones/grape-agate/who-should-not-wear,/learn/crystal-healing-science,seed-parent,(writer chooses descriptive anchor),proposed,site-wide guide this stone-specific page specialises
P-0480,/gemstones/grape-agate/how-to-cleanse,/gemstones/grape-agate,parent,(writer chooses descriptive anchor),proposed,the stone's hub page: full profile and properties
P-0480,/gemstones/grape-agate/how-to-cleanse,/gemstones/grape-agate/can-go-in-water,sibling,(writer chooses descriptive anchor),proposed,whether water cleansing is safe for this stone
P-0480,/gemstones/grape-agate/how-to-cleanse,/learn/how-to-cleanse-crystals,seed-parent,(writer chooses descriptive anchor),proposed,site-wide guide this stone-specific page specialises
P-0480,/gemstones/grape-agate/how-to-cleanse,/learn/how-to-charge-crystals,next-step,(writer chooses descriptive anchor),proposed,charging follows cleansing
P-0481,/gemstones/grape-agate/can-go-in-water,/gemstones/grape-agate,parent,(writer chooses descriptive anchor),proposed,the stone's hub page: full profile and properties
P-0481,/gemstones/grape-agate/can-go-in-water,/gemstones/grape-agate/how-to-cleanse,sibling,(writer chooses descriptive anchor),proposed,water is one cleansing method among several
P-0481,/gemstones/grape-agate/can-go-in-water,/learn/what-crystals-can-go-in-water,seed-parent,(writer chooses descriptive anchor),proposed,site-wide guide this stone-specific page specialises
P-0481,/gemstones/grape-agate/can-go-in-water,/learn/salt-safe-crystals,lateral,(writer chooses descriptive anchor),proposed,salt cleansing is the common follow-up question
P-0481,/gemstones/grape-agate/can-go-in-water,/learn/sun-safe-crystals,lateral,(writer chooses descriptive anchor),proposed,sun charging after washing
P-0482,/gemstones/grape-agate/sleeping-with,/gemstones/grape-agate,parent,(writer chooses descriptive anchor),proposed,the stone's hub page: full profile and properties
P-0482,/gemstones/grape-agate/sleeping-with,/gemstones/grape-agate/who-should-not-wear,sibling,(writer chooses descriptive anchor),proposed,who should avoid night-time use
P-0482,/gemstones/grape-agate/sleeping-with,/gemstones/grape-agate/affirmations,sibling,(writer chooses descriptive anchor),proposed,bedtime affirmation routine
P-0482,/gemstones/grape-agate/sleeping-with,/crystals/crystals-for-sleep,seed-parent,(writer chooses descriptive anchor),proposed,site-wide guide this stone-specific page specialises
P-0483,/gemstones/grape-agate/how-to-identify,/gemstones/grape-agate,parent,(writer chooses descriptive anchor),proposed,the stone's hub page: full profile and properties
P-0483,/gemstones/grape-agate/how-to-identify,/gemstones/grape-agate/price-guide,sibling,(writer chooses descriptive anchor),proposed,price is an identification signal
P-0483,/gemstones/grape-agate/how-to-identify,/gemstones/grape-agate/meaning,sibling,(writer chooses descriptive anchor),proposed,what genuine material looks like
P-0483,/gemstones/grape-agate/how-to-identify,/learn/are-online-crystals-real,seed-parent,(writer chooses descriptive anchor),proposed,site-wide guide this stone-specific page specialises
P-0483,/gemstones/grape-agate/how-to-identify,/compare/lab-created-vs-natural-gemstones,lateral,(writer chooses descriptive anchor),proposed,lab-grown vs natural is a distinct question from fake vs real
P-0484,/gemstones/grape-agate/price-guide,/gemstones/grape-agate,parent,(writer chooses descriptive anchor),proposed,the stone's hub page: full profile and properties
P-0484,/gemstones/grape-agate/price-guide,/gemstones/grape-agate/how-to-identify,sibling,(writer chooses descriptive anchor),proposed,avoid paying real-stone prices for imitations
P-0484,/gemstones/grape-agate/price-guide,/learn/ethical-crystal-sourcing,seed-parent,(writer chooses descriptive anchor),proposed,site-wide guide this stone-specific page specialises
P-0484,/gemstones/grape-agate/price-guide,/learn/mohs-hardness-scale,lateral,(writer chooses descriptive anchor),proposed,durability affects value
P-0485,/gemstones/grape-agate/combinations,/gemstones/grape-agate,parent,(writer chooses descriptive anchor),proposed,the stone's hub page: full profile and properties
P-0485,/gemstones/grape-agate/combinations,/gemstones/grape-agate/meaning,sibling,(writer chooses descriptive anchor),proposed,the stone's own associations
P-0485,/gemstones/grape-agate/combinations,/gemstones/grape-agate/affirmations,sibling,(writer chooses descriptive anchor),proposed,pairing stones with intention
P-0485,/gemstones/grape-agate/combinations,/learn/crystal-grids,seed-parent,(writer chooses descriptive anchor),proposed,site-wide guide this stone-specific page specialises
P-0486,/gemstones/grape-agate/affirmations,/gemstones/grape-agate,parent,(writer chooses descriptive anchor),proposed,the stone's hub page: full profile and properties
P-0486,/gemstones/grape-agate/affirmations,/gemstones/grape-agate/meaning,sibling,(writer chooses descriptive anchor),proposed,associations the affirmations draw on
P-0486,/gemstones/grape-agate/affirmations,/gemstones/grape-agate/combinations,sibling,(writer chooses descriptive anchor),proposed,stones to hold alongside
P-0486,/gemstones/grape-agate/affirmations,/learn/how-to-program-crystals,seed-parent,(writer chooses descriptive anchor),proposed,site-wide guide this stone-specific page specialises
P-0487,/gemstones/honey-calcite/who-should-not-wear,/gemstones/honey-calcite,parent,(writer chooses descriptive anchor),proposed,the stone's hub page: full profile and properties
P-0487,/gemstones/honey-calcite/who-should-not-wear,/gemstones/honey-calcite/meaning,sibling,(writer chooses descriptive anchor),proposed,what the stone is traditionally for
P-0487,/gemstones/honey-calcite/who-should-not-wear,/gemstones/honey-calcite/sleeping-with,sibling,(writer chooses descriptive anchor),proposed,night-time use cautions
P-0487,/gemstones/honey-calcite/who-should-not-wear,/learn/crystal-healing-science,seed-parent,(writer chooses descriptive anchor),proposed,site-wide guide this stone-specific page specialises
P-0488,/gemstones/honey-calcite/how-to-cleanse,/gemstones/honey-calcite,parent,(writer chooses descriptive anchor),proposed,the stone's hub page: full profile and properties
P-0488,/gemstones/honey-calcite/how-to-cleanse,/gemstones/honey-calcite/can-go-in-water,sibling,(writer chooses descriptive anchor),proposed,whether water cleansing is safe for this stone
P-0488,/gemstones/honey-calcite/how-to-cleanse,/learn/how-to-cleanse-crystals,seed-parent,(writer chooses descriptive anchor),proposed,site-wide guide this stone-specific page specialises
P-0488,/gemstones/honey-calcite/how-to-cleanse,/learn/how-to-charge-crystals,next-step,(writer chooses descriptive anchor),proposed,charging follows cleansing
P-0489,/gemstones/honey-calcite/can-go-in-water,/gemstones/honey-calcite,parent,(writer chooses descriptive anchor),proposed,the stone's hub page: full profile and properties
P-0489,/gemstones/honey-calcite/can-go-in-water,/gemstones/honey-calcite/how-to-cleanse,sibling,(writer chooses descriptive anchor),proposed,water is one cleansing method among several
P-0489,/gemstones/honey-calcite/can-go-in-water,/learn/what-crystals-can-go-in-water,seed-parent,(writer chooses descriptive anchor),proposed,site-wide guide this stone-specific page specialises
P-0489,/gemstones/honey-calcite/can-go-in-water,/learn/salt-safe-crystals,lateral,(writer chooses descriptive anchor),proposed,salt cleansing is the common follow-up question
P-0489,/gemstones/honey-calcite/can-go-in-water,/learn/sun-safe-crystals,lateral,(writer chooses descriptive anchor),proposed,sun charging after washing
P-0490,/gemstones/honey-calcite/sleeping-with,/gemstones/honey-calcite,parent,(writer chooses descriptive anchor),proposed,the stone's hub page: full profile and properties
P-0490,/gemstones/honey-calcite/sleeping-with,/gemstones/honey-calcite/who-should-not-wear,sibling,(writer chooses descriptive anchor),proposed,who should avoid night-time use
P-0490,/gemstones/honey-calcite/sleeping-with,/gemstones/honey-calcite/affirmations,sibling,(writer chooses descriptive anchor),proposed,bedtime affirmation routine
P-0490,/gemstones/honey-calcite/sleeping-with,/crystals/crystals-for-sleep,seed-parent,(writer chooses descriptive anchor),proposed,site-wide guide this stone-specific page specialises
P-0491,/gemstones/honey-calcite/how-to-identify,/gemstones/honey-calcite,parent,(writer chooses descriptive anchor),proposed,the stone's hub page: full profile and properties
P-0491,/gemstones/honey-calcite/how-to-identify,/gemstones/honey-calcite/price-guide,sibling,(writer chooses descriptive anchor),proposed,price is an identification signal
P-0491,/gemstones/honey-calcite/how-to-identify,/gemstones/honey-calcite/meaning,sibling,(writer chooses descriptive anchor),proposed,what genuine material looks like
P-0491,/gemstones/honey-calcite/how-to-identify,/learn/are-online-crystals-real,seed-parent,(writer chooses descriptive anchor),proposed,site-wide guide this stone-specific page specialises
P-0491,/gemstones/honey-calcite/how-to-identify,/compare/lab-created-vs-natural-gemstones,lateral,(writer chooses descriptive anchor),proposed,lab-grown vs natural is a distinct question from fake vs real
P-0492,/gemstones/honey-calcite/price-guide,/gemstones/honey-calcite,parent,(writer chooses descriptive anchor),proposed,the stone's hub page: full profile and properties
P-0492,/gemstones/honey-calcite/price-guide,/gemstones/honey-calcite/how-to-identify,sibling,(writer chooses descriptive anchor),proposed,avoid paying real-stone prices for imitations
P-0492,/gemstones/honey-calcite/price-guide,/learn/ethical-crystal-sourcing,seed-parent,(writer chooses descriptive anchor),proposed,site-wide guide this stone-specific page specialises
P-0492,/gemstones/honey-calcite/price-guide,/learn/mohs-hardness-scale,lateral,(writer chooses descriptive anchor),proposed,durability affects value
P-0493,/gemstones/honey-calcite/combinations,/gemstones/honey-calcite,parent,(writer chooses descriptive anchor),proposed,the stone's hub page: full profile and properties
P-0493,/gemstones/honey-calcite/combinations,/gemstones/honey-calcite/meaning,sibling,(writer chooses descriptive anchor),proposed,the stone's own associations
P-0493,/gemstones/honey-calcite/combinations,/gemstones/honey-calcite/affirmations,sibling,(writer chooses descriptive anchor),proposed,pairing stones with intention
P-0493,/gemstones/honey-calcite/combinations,/learn/crystal-grids,seed-parent,(writer chooses descriptive anchor),proposed,site-wide guide this stone-specific page specialises
P-0494,/gemstones/honey-calcite/affirmations,/gemstones/honey-calcite,parent,(writer chooses descriptive anchor),proposed,the stone's hub page: full profile and properties
P-0494,/gemstones/honey-calcite/affirmations,/gemstones/honey-calcite/meaning,sibling,(writer chooses descriptive anchor),proposed,associations the affirmations draw on
P-0494,/gemstones/honey-calcite/affirmations,/gemstones/honey-calcite/combinations,sibling,(writer chooses descriptive anchor),proposed,stones to hold alongside
P-0494,/gemstones/honey-calcite/affirmations,/learn/how-to-program-crystals,seed-parent,(writer chooses descriptive anchor),proposed,site-wide guide this stone-specific page specialises
P-0495,/gemstones/kyanite/who-should-not-wear,/gemstones/kyanite,parent,(writer chooses descriptive anchor),proposed,the stone's hub page: full profile and properties
P-0495,/gemstones/kyanite/who-should-not-wear,/gemstones/kyanite/meaning,sibling,(writer chooses descriptive anchor),proposed,what the stone is traditionally for
P-0495,/gemstones/kyanite/who-should-not-wear,/gemstones/kyanite/sleeping-with,sibling,(writer chooses descriptive anchor),proposed,night-time use cautions
P-0495,/gemstones/kyanite/who-should-not-wear,/learn/crystal-healing-science,seed-parent,(writer chooses descriptive anchor),proposed,site-wide guide this stone-specific page specialises
P-0495,/gemstones/kyanite/who-should-not-wear,/crystals/crystals-for-connection,lateral,(writer chooses descriptive anchor),proposed,stone appears in this purpose guide
P-0495,/gemstones/kyanite/who-should-not-wear,/crystals/crystals-for-meditation,lateral,(writer chooses descriptive anchor),proposed,stone appears in this purpose guide
P-0496,/gemstones/kyanite/how-to-cleanse,/gemstones/kyanite,parent,(writer chooses descriptive anchor),proposed,the stone's hub page: full profile and properties
P-0496,/gemstones/kyanite/how-to-cleanse,/gemstones/kyanite/can-go-in-water,sibling,(writer chooses descriptive anchor),proposed,whether water cleansing is safe for this stone
P-0496,/gemstones/kyanite/how-to-cleanse,/learn/how-to-cleanse-crystals,seed-parent,(writer chooses descriptive anchor),proposed,site-wide guide this stone-specific page specialises
P-0496,/gemstones/kyanite/how-to-cleanse,/crystals/crystals-for-connection,lateral,(writer chooses descriptive anchor),proposed,stone appears in this purpose guide
P-0496,/gemstones/kyanite/how-to-cleanse,/crystals/crystals-for-meditation,lateral,(writer chooses descriptive anchor),proposed,stone appears in this purpose guide
P-0496,/gemstones/kyanite/how-to-cleanse,/learn/how-to-charge-crystals,next-step,(writer chooses descriptive anchor),proposed,charging follows cleansing
P-0497,/gemstones/kyanite/can-go-in-water,/gemstones/kyanite,parent,(writer chooses descriptive anchor),proposed,the stone's hub page: full profile and properties
P-0497,/gemstones/kyanite/can-go-in-water,/gemstones/kyanite/how-to-cleanse,sibling,(writer chooses descriptive anchor),proposed,water is one cleansing method among several
P-0497,/gemstones/kyanite/can-go-in-water,/learn/what-crystals-can-go-in-water,seed-parent,(writer chooses descriptive anchor),proposed,site-wide guide this stone-specific page specialises
P-0497,/gemstones/kyanite/can-go-in-water,/crystals/crystals-for-connection,lateral,(writer chooses descriptive anchor),proposed,stone appears in this purpose guide
P-0497,/gemstones/kyanite/can-go-in-water,/crystals/crystals-for-meditation,lateral,(writer chooses descriptive anchor),proposed,stone appears in this purpose guide
P-0497,/gemstones/kyanite/can-go-in-water,/learn/salt-safe-crystals,lateral,(writer chooses descriptive anchor),proposed,salt cleansing is the common follow-up question
P-0497,/gemstones/kyanite/can-go-in-water,/learn/sun-safe-crystals,lateral,(writer chooses descriptive anchor),proposed,sun charging after washing
P-0498,/gemstones/kyanite/sleeping-with,/gemstones/kyanite,parent,(writer chooses descriptive anchor),proposed,the stone's hub page: full profile and properties
P-0498,/gemstones/kyanite/sleeping-with,/gemstones/kyanite/who-should-not-wear,sibling,(writer chooses descriptive anchor),proposed,who should avoid night-time use
P-0498,/gemstones/kyanite/sleeping-with,/gemstones/kyanite/affirmations,sibling,(writer chooses descriptive anchor),proposed,bedtime affirmation routine
P-0498,/gemstones/kyanite/sleeping-with,/crystals/crystals-for-sleep,seed-parent,(writer chooses descriptive anchor),proposed,site-wide guide this stone-specific page specialises
P-0498,/gemstones/kyanite/sleeping-with,/crystals/crystals-for-connection,lateral,(writer chooses descriptive anchor),proposed,stone appears in this purpose guide
P-0498,/gemstones/kyanite/sleeping-with,/crystals/crystals-for-meditation,lateral,(writer chooses descriptive anchor),proposed,stone appears in this purpose guide
P-0499,/gemstones/kyanite/meaning,/gemstones/kyanite,parent,(writer chooses descriptive anchor),proposed,the stone's hub page: full profile and properties
P-0499,/gemstones/kyanite/meaning,/gemstones/kyanite/combinations,sibling,(writer chooses descriptive anchor),proposed,pairing follows meaning
P-0499,/gemstones/kyanite/meaning,/gemstones/kyanite/affirmations,sibling,(writer chooses descriptive anchor),proposed,using the stone intentionally
P-0499,/gemstones/kyanite/meaning,/gemstones/kyanite/who-should-not-wear,sibling,(writer chooses descriptive anchor),proposed,cautions before adopting the stone
P-0499,/gemstones/kyanite/meaning,/learn/gemstone-vs-crystal-vs-mineral,seed-parent,(writer chooses descriptive anchor),proposed,site-wide guide this stone-specific page specialises
P-0499,/gemstones/kyanite/meaning,/crystals/crystals-for-connection,lateral,(writer chooses descriptive anchor),proposed,stone appears in this purpose guide
P-0499,/gemstones/kyanite/meaning,/crystals/crystals-for-meditation,lateral,(writer chooses descriptive anchor),proposed,stone appears in this purpose guide
P-0499,/gemstones/kyanite/meaning,/gemstones/zodiac/aries,taxonomy,(writer chooses descriptive anchor),proposed,zodiac filter page
P-0500,/gemstones/kyanite/how-to-identify,/gemstones/kyanite,parent,(writer chooses descriptive anchor),proposed,the stone's hub page: full profile and properties
P-0500,/gemstones/kyanite/how-to-identify,/gemstones/kyanite/price-guide,sibling,(writer chooses descriptive anchor),proposed,price is an identification signal
P-0500,/gemstones/kyanite/how-to-identify,/gemstones/kyanite/meaning,sibling,(writer chooses descriptive anchor),proposed,what genuine material looks like
P-0500,/gemstones/kyanite/how-to-identify,/learn/are-online-crystals-real,seed-parent,(writer chooses descriptive anchor),proposed,site-wide guide this stone-specific page specialises
P-0500,/gemstones/kyanite/how-to-identify,/crystals/crystals-for-connection,lateral,(writer chooses descriptive anchor),proposed,stone appears in this purpose guide
P-0500,/gemstones/kyanite/how-to-identify,/crystals/crystals-for-meditation,lateral,(writer chooses descriptive anchor),proposed,stone appears in this purpose guide
P-0500,/gemstones/kyanite/how-to-identify,/compare/lab-created-vs-natural-gemstones,lateral,(writer chooses descriptive anchor),proposed,lab-grown vs natural is a distinct question from fake vs real
P-0501,/gemstones/kyanite/price-guide,/gemstones/kyanite,parent,(writer chooses descriptive anchor),proposed,the stone's hub page: full profile and properties
P-0501,/gemstones/kyanite/price-guide,/gemstones/kyanite/how-to-identify,sibling,(writer chooses descriptive anchor),proposed,avoid paying real-stone prices for imitations
P-0501,/gemstones/kyanite/price-guide,/learn/ethical-crystal-sourcing,seed-parent,(writer chooses descriptive anchor),proposed,site-wide guide this stone-specific page specialises
P-0501,/gemstones/kyanite/price-guide,/crystals/crystals-for-connection,lateral,(writer chooses descriptive anchor),proposed,stone appears in this purpose guide
P-0501,/gemstones/kyanite/price-guide,/crystals/crystals-for-meditation,lateral,(writer chooses descriptive anchor),proposed,stone appears in this purpose guide
P-0501,/gemstones/kyanite/price-guide,/learn/mohs-hardness-scale,lateral,(writer chooses descriptive anchor),proposed,durability affects value
P-0502,/gemstones/kyanite/combinations,/gemstones/kyanite,parent,(writer chooses descriptive anchor),proposed,the stone's hub page: full profile and properties
P-0502,/gemstones/kyanite/combinations,/gemstones/kyanite/meaning,sibling,(writer chooses descriptive anchor),proposed,the stone's own associations
P-0502,/gemstones/kyanite/combinations,/gemstones/kyanite/affirmations,sibling,(writer chooses descriptive anchor),proposed,pairing stones with intention
P-0502,/gemstones/kyanite/combinations,/learn/crystal-grids,seed-parent,(writer chooses descriptive anchor),proposed,site-wide guide this stone-specific page specialises
P-0502,/gemstones/kyanite/combinations,/crystals/crystals-for-connection,lateral,(writer chooses descriptive anchor),proposed,stone appears in this purpose guide
P-0502,/gemstones/kyanite/combinations,/crystals/crystals-for-meditation,lateral,(writer chooses descriptive anchor),proposed,stone appears in this purpose guide
P-0503,/gemstones/kyanite/affirmations,/gemstones/kyanite,parent,(writer chooses descriptive anchor),proposed,the stone's hub page: full profile and properties
P-0503,/gemstones/kyanite/affirmations,/gemstones/kyanite/meaning,sibling,(writer chooses descriptive anchor),proposed,associations the affirmations draw on
P-0503,/gemstones/kyanite/affirmations,/gemstones/kyanite/combinations,sibling,(writer chooses descriptive anchor),proposed,stones to hold alongside
P-0503,/gemstones/kyanite/affirmations,/learn/how-to-program-crystals,seed-parent,(writer chooses descriptive anchor),proposed,site-wide guide this stone-specific page specialises
P-0503,/gemstones/kyanite/affirmations,/crystals/crystals-for-connection,lateral,(writer chooses descriptive anchor),proposed,stone appears in this purpose guide
P-0503,/gemstones/kyanite/affirmations,/crystals/crystals-for-meditation,lateral,(writer chooses descriptive anchor),proposed,stone appears in this purpose guide
P-0504,/gemstones/peach-moonstone/who-should-not-wear,/gemstones/peach-moonstone,parent,(writer chooses descriptive anchor),proposed,the stone's hub page: full profile and properties
P-0504,/gemstones/peach-moonstone/who-should-not-wear,/gemstones/peach-moonstone/meaning,sibling,(writer chooses descriptive anchor),proposed,what the stone is traditionally for
P-0504,/gemstones/peach-moonstone/who-should-not-wear,/gemstones/peach-moonstone/sleeping-with,sibling,(writer chooses descriptive anchor),proposed,night-time use cautions
P-0504,/gemstones/peach-moonstone/who-should-not-wear,/learn/crystal-healing-science,seed-parent,(writer chooses descriptive anchor),proposed,site-wide guide this stone-specific page specialises
P-0505,/gemstones/peach-moonstone/how-to-cleanse,/gemstones/peach-moonstone,parent,(writer chooses descriptive anchor),proposed,the stone's hub page: full profile and properties
P-0505,/gemstones/peach-moonstone/how-to-cleanse,/gemstones/peach-moonstone/can-go-in-water,sibling,(writer chooses descriptive anchor),proposed,whether water cleansing is safe for this stone
P-0505,/gemstones/peach-moonstone/how-to-cleanse,/learn/how-to-cleanse-crystals,seed-parent,(writer chooses descriptive anchor),proposed,site-wide guide this stone-specific page specialises
P-0505,/gemstones/peach-moonstone/how-to-cleanse,/learn/how-to-charge-crystals,next-step,(writer chooses descriptive anchor),proposed,charging follows cleansing
P-0506,/gemstones/peach-moonstone/can-go-in-water,/gemstones/peach-moonstone,parent,(writer chooses descriptive anchor),proposed,the stone's hub page: full profile and properties
P-0506,/gemstones/peach-moonstone/can-go-in-water,/gemstones/peach-moonstone/how-to-cleanse,sibling,(writer chooses descriptive anchor),proposed,water is one cleansing method among several
P-0506,/gemstones/peach-moonstone/can-go-in-water,/learn/what-crystals-can-go-in-water,seed-parent,(writer chooses descriptive anchor),proposed,site-wide guide this stone-specific page specialises
P-0506,/gemstones/peach-moonstone/can-go-in-water,/learn/salt-safe-crystals,lateral,(writer chooses descriptive anchor),proposed,salt cleansing is the common follow-up question
P-0506,/gemstones/peach-moonstone/can-go-in-water,/learn/sun-safe-crystals,lateral,(writer chooses descriptive anchor),proposed,sun charging after washing
P-0507,/gemstones/peach-moonstone/sleeping-with,/gemstones/peach-moonstone,parent,(writer chooses descriptive anchor),proposed,the stone's hub page: full profile and properties
P-0507,/gemstones/peach-moonstone/sleeping-with,/gemstones/peach-moonstone/who-should-not-wear,sibling,(writer chooses descriptive anchor),proposed,who should avoid night-time use
P-0507,/gemstones/peach-moonstone/sleeping-with,/gemstones/peach-moonstone/affirmations,sibling,(writer chooses descriptive anchor),proposed,bedtime affirmation routine
P-0507,/gemstones/peach-moonstone/sleeping-with,/crystals/crystals-for-sleep,seed-parent,(writer chooses descriptive anchor),proposed,site-wide guide this stone-specific page specialises
P-0508,/gemstones/peach-moonstone/how-to-identify,/gemstones/peach-moonstone,parent,(writer chooses descriptive anchor),proposed,the stone's hub page: full profile and properties
P-0508,/gemstones/peach-moonstone/how-to-identify,/gemstones/peach-moonstone/price-guide,sibling,(writer chooses descriptive anchor),proposed,price is an identification signal
P-0508,/gemstones/peach-moonstone/how-to-identify,/gemstones/peach-moonstone/meaning,sibling,(writer chooses descriptive anchor),proposed,what genuine material looks like
P-0508,/gemstones/peach-moonstone/how-to-identify,/learn/are-online-crystals-real,seed-parent,(writer chooses descriptive anchor),proposed,site-wide guide this stone-specific page specialises
P-0508,/gemstones/peach-moonstone/how-to-identify,/compare/lab-created-vs-natural-gemstones,lateral,(writer chooses descriptive anchor),proposed,lab-grown vs natural is a distinct question from fake vs real
P-0509,/gemstones/peach-moonstone/price-guide,/gemstones/peach-moonstone,parent,(writer chooses descriptive anchor),proposed,the stone's hub page: full profile and properties
P-0509,/gemstones/peach-moonstone/price-guide,/gemstones/peach-moonstone/how-to-identify,sibling,(writer chooses descriptive anchor),proposed,avoid paying real-stone prices for imitations
P-0509,/gemstones/peach-moonstone/price-guide,/learn/ethical-crystal-sourcing,seed-parent,(writer chooses descriptive anchor),proposed,site-wide guide this stone-specific page specialises
P-0509,/gemstones/peach-moonstone/price-guide,/learn/mohs-hardness-scale,lateral,(writer chooses descriptive anchor),proposed,durability affects value
P-0510,/gemstones/peach-moonstone/combinations,/gemstones/peach-moonstone,parent,(writer chooses descriptive anchor),proposed,the stone's hub page: full profile and properties
P-0510,/gemstones/peach-moonstone/combinations,/gemstones/peach-moonstone/meaning,sibling,(writer chooses descriptive anchor),proposed,the stone's own associations
P-0510,/gemstones/peach-moonstone/combinations,/gemstones/peach-moonstone/affirmations,sibling,(writer chooses descriptive anchor),proposed,pairing stones with intention
P-0510,/gemstones/peach-moonstone/combinations,/learn/crystal-grids,seed-parent,(writer chooses descriptive anchor),proposed,site-wide guide this stone-specific page specialises
P-0511,/gemstones/peach-moonstone/affirmations,/gemstones/peach-moonstone,parent,(writer chooses descriptive anchor),proposed,the stone's hub page: full profile and properties
P-0511,/gemstones/peach-moonstone/affirmations,/gemstones/peach-moonstone/meaning,sibling,(writer chooses descriptive anchor),proposed,associations the affirmations draw on
P-0511,/gemstones/peach-moonstone/affirmations,/gemstones/peach-moonstone/combinations,sibling,(writer chooses descriptive anchor),proposed,stones to hold alongside
P-0511,/gemstones/peach-moonstone/affirmations,/learn/how-to-program-crystals,seed-parent,(writer chooses descriptive anchor),proposed,site-wide guide this stone-specific page specialises
P-0512,/gemstones/rainbow-hematite/who-should-not-wear,/gemstones/rainbow-hematite,parent,(writer chooses descriptive anchor),proposed,the stone's hub page: full profile and properties
P-0512,/gemstones/rainbow-hematite/who-should-not-wear,/gemstones/rainbow-hematite/meaning,sibling,(writer chooses descriptive anchor),proposed,what the stone is traditionally for
P-0512,/gemstones/rainbow-hematite/who-should-not-wear,/gemstones/rainbow-hematite/sleeping-with,sibling,(writer chooses descriptive anchor),proposed,night-time use cautions
P-0512,/gemstones/rainbow-hematite/who-should-not-wear,/learn/crystal-healing-science,seed-parent,(writer chooses descriptive anchor),proposed,site-wide guide this stone-specific page specialises
P-0513,/gemstones/rainbow-hematite/how-to-cleanse,/gemstones/rainbow-hematite,parent,(writer chooses descriptive anchor),proposed,the stone's hub page: full profile and properties
P-0513,/gemstones/rainbow-hematite/how-to-cleanse,/gemstones/rainbow-hematite/can-go-in-water,sibling,(writer chooses descriptive anchor),proposed,whether water cleansing is safe for this stone
P-0513,/gemstones/rainbow-hematite/how-to-cleanse,/learn/how-to-cleanse-crystals,seed-parent,(writer chooses descriptive anchor),proposed,site-wide guide this stone-specific page specialises
P-0513,/gemstones/rainbow-hematite/how-to-cleanse,/learn/how-to-charge-crystals,next-step,(writer chooses descriptive anchor),proposed,charging follows cleansing
P-0514,/gemstones/rainbow-hematite/can-go-in-water,/gemstones/rainbow-hematite,parent,(writer chooses descriptive anchor),proposed,the stone's hub page: full profile and properties
P-0514,/gemstones/rainbow-hematite/can-go-in-water,/gemstones/rainbow-hematite/how-to-cleanse,sibling,(writer chooses descriptive anchor),proposed,water is one cleansing method among several
P-0514,/gemstones/rainbow-hematite/can-go-in-water,/learn/what-crystals-can-go-in-water,seed-parent,(writer chooses descriptive anchor),proposed,site-wide guide this stone-specific page specialises
P-0514,/gemstones/rainbow-hematite/can-go-in-water,/learn/salt-safe-crystals,lateral,(writer chooses descriptive anchor),proposed,salt cleansing is the common follow-up question
P-0514,/gemstones/rainbow-hematite/can-go-in-water,/learn/sun-safe-crystals,lateral,(writer chooses descriptive anchor),proposed,sun charging after washing
P-0515,/gemstones/rainbow-hematite/sleeping-with,/gemstones/rainbow-hematite,parent,(writer chooses descriptive anchor),proposed,the stone's hub page: full profile and properties
P-0515,/gemstones/rainbow-hematite/sleeping-with,/gemstones/rainbow-hematite/who-should-not-wear,sibling,(writer chooses descriptive anchor),proposed,who should avoid night-time use
P-0515,/gemstones/rainbow-hematite/sleeping-with,/gemstones/rainbow-hematite/affirmations,sibling,(writer chooses descriptive anchor),proposed,bedtime affirmation routine
P-0515,/gemstones/rainbow-hematite/sleeping-with,/crystals/crystals-for-sleep,seed-parent,(writer chooses descriptive anchor),proposed,site-wide guide this stone-specific page specialises
P-0516,/gemstones/rainbow-hematite/how-to-identify,/gemstones/rainbow-hematite,parent,(writer chooses descriptive anchor),proposed,the stone's hub page: full profile and properties
P-0516,/gemstones/rainbow-hematite/how-to-identify,/gemstones/rainbow-hematite/price-guide,sibling,(writer chooses descriptive anchor),proposed,price is an identification signal
P-0516,/gemstones/rainbow-hematite/how-to-identify,/gemstones/rainbow-hematite/meaning,sibling,(writer chooses descriptive anchor),proposed,what genuine material looks like
P-0516,/gemstones/rainbow-hematite/how-to-identify,/learn/are-online-crystals-real,seed-parent,(writer chooses descriptive anchor),proposed,site-wide guide this stone-specific page specialises
P-0516,/gemstones/rainbow-hematite/how-to-identify,/compare/lab-created-vs-natural-gemstones,lateral,(writer chooses descriptive anchor),proposed,lab-grown vs natural is a distinct question from fake vs real
P-0517,/gemstones/rainbow-hematite/price-guide,/gemstones/rainbow-hematite,parent,(writer chooses descriptive anchor),proposed,the stone's hub page: full profile and properties
P-0517,/gemstones/rainbow-hematite/price-guide,/gemstones/rainbow-hematite/how-to-identify,sibling,(writer chooses descriptive anchor),proposed,avoid paying real-stone prices for imitations
P-0517,/gemstones/rainbow-hematite/price-guide,/learn/ethical-crystal-sourcing,seed-parent,(writer chooses descriptive anchor),proposed,site-wide guide this stone-specific page specialises
P-0517,/gemstones/rainbow-hematite/price-guide,/learn/mohs-hardness-scale,lateral,(writer chooses descriptive anchor),proposed,durability affects value
P-0518,/gemstones/rainbow-hematite/combinations,/gemstones/rainbow-hematite,parent,(writer chooses descriptive anchor),proposed,the stone's hub page: full profile and properties
P-0518,/gemstones/rainbow-hematite/combinations,/gemstones/rainbow-hematite/meaning,sibling,(writer chooses descriptive anchor),proposed,the stone's own associations
P-0518,/gemstones/rainbow-hematite/combinations,/gemstones/rainbow-hematite/affirmations,sibling,(writer chooses descriptive anchor),proposed,pairing stones with intention
P-0518,/gemstones/rainbow-hematite/combinations,/learn/crystal-grids,seed-parent,(writer chooses descriptive anchor),proposed,site-wide guide this stone-specific page specialises
P-0519,/gemstones/rainbow-hematite/affirmations,/gemstones/rainbow-hematite,parent,(writer chooses descriptive anchor),proposed,the stone's hub page: full profile and properties
P-0519,/gemstones/rainbow-hematite/affirmations,/gemstones/rainbow-hematite/meaning,sibling,(writer chooses descriptive anchor),proposed,associations the affirmations draw on
P-0519,/gemstones/rainbow-hematite/affirmations,/gemstones/rainbow-hematite/combinations,sibling,(writer chooses descriptive anchor),proposed,stones to hold alongside
P-0519,/gemstones/rainbow-hematite/affirmations,/learn/how-to-program-crystals,seed-parent,(writer chooses descriptive anchor),proposed,site-wide guide this stone-specific page specialises
P-0520,/gemstones/red-agate/who-should-not-wear,/gemstones/red-agate,parent,(writer chooses descriptive anchor),proposed,the stone's hub page: full profile and properties
P-0520,/gemstones/red-agate/who-should-not-wear,/gemstones/red-agate/meaning,sibling,(writer chooses descriptive anchor),proposed,what the stone is traditionally for
P-0520,/gemstones/red-agate/who-should-not-wear,/gemstones/red-agate/sleeping-with,sibling,(writer chooses descriptive anchor),proposed,night-time use cautions
P-0520,/gemstones/red-agate/who-should-not-wear,/learn/crystal-healing-science,seed-parent,(writer chooses descriptive anchor),proposed,site-wide guide this stone-specific page specialises
P-0521,/gemstones/red-agate/how-to-cleanse,/gemstones/red-agate,parent,(writer chooses descriptive anchor),proposed,the stone's hub page: full profile and properties
P-0521,/gemstones/red-agate/how-to-cleanse,/gemstones/red-agate/can-go-in-water,sibling,(writer chooses descriptive anchor),proposed,whether water cleansing is safe for this stone
P-0521,/gemstones/red-agate/how-to-cleanse,/learn/how-to-cleanse-crystals,seed-parent,(writer chooses descriptive anchor),proposed,site-wide guide this stone-specific page specialises
P-0521,/gemstones/red-agate/how-to-cleanse,/learn/how-to-charge-crystals,next-step,(writer chooses descriptive anchor),proposed,charging follows cleansing
P-0522,/gemstones/red-agate/can-go-in-water,/gemstones/red-agate,parent,(writer chooses descriptive anchor),proposed,the stone's hub page: full profile and properties
P-0522,/gemstones/red-agate/can-go-in-water,/gemstones/red-agate/how-to-cleanse,sibling,(writer chooses descriptive anchor),proposed,water is one cleansing method among several
P-0522,/gemstones/red-agate/can-go-in-water,/learn/what-crystals-can-go-in-water,seed-parent,(writer chooses descriptive anchor),proposed,site-wide guide this stone-specific page specialises
P-0522,/gemstones/red-agate/can-go-in-water,/learn/salt-safe-crystals,lateral,(writer chooses descriptive anchor),proposed,salt cleansing is the common follow-up question
P-0522,/gemstones/red-agate/can-go-in-water,/learn/sun-safe-crystals,lateral,(writer chooses descriptive anchor),proposed,sun charging after washing
P-0523,/gemstones/red-agate/sleeping-with,/gemstones/red-agate,parent,(writer chooses descriptive anchor),proposed,the stone's hub page: full profile and properties
P-0523,/gemstones/red-agate/sleeping-with,/gemstones/red-agate/who-should-not-wear,sibling,(writer chooses descriptive anchor),proposed,who should avoid night-time use
P-0523,/gemstones/red-agate/sleeping-with,/gemstones/red-agate/affirmations,sibling,(writer chooses descriptive anchor),proposed,bedtime affirmation routine
P-0523,/gemstones/red-agate/sleeping-with,/crystals/crystals-for-sleep,seed-parent,(writer chooses descriptive anchor),proposed,site-wide guide this stone-specific page specialises
P-0524,/gemstones/red-agate/how-to-identify,/gemstones/red-agate,parent,(writer chooses descriptive anchor),proposed,the stone's hub page: full profile and properties
P-0524,/gemstones/red-agate/how-to-identify,/gemstones/red-agate/price-guide,sibling,(writer chooses descriptive anchor),proposed,price is an identification signal
P-0524,/gemstones/red-agate/how-to-identify,/gemstones/red-agate/meaning,sibling,(writer chooses descriptive anchor),proposed,what genuine material looks like
P-0524,/gemstones/red-agate/how-to-identify,/learn/are-online-crystals-real,seed-parent,(writer chooses descriptive anchor),proposed,site-wide guide this stone-specific page specialises
P-0524,/gemstones/red-agate/how-to-identify,/compare/lab-created-vs-natural-gemstones,lateral,(writer chooses descriptive anchor),proposed,lab-grown vs natural is a distinct question from fake vs real
P-0525,/gemstones/red-agate/price-guide,/gemstones/red-agate,parent,(writer chooses descriptive anchor),proposed,the stone's hub page: full profile and properties
P-0525,/gemstones/red-agate/price-guide,/gemstones/red-agate/how-to-identify,sibling,(writer chooses descriptive anchor),proposed,avoid paying real-stone prices for imitations
P-0525,/gemstones/red-agate/price-guide,/learn/ethical-crystal-sourcing,seed-parent,(writer chooses descriptive anchor),proposed,site-wide guide this stone-specific page specialises
P-0525,/gemstones/red-agate/price-guide,/learn/mohs-hardness-scale,lateral,(writer chooses descriptive anchor),proposed,durability affects value
P-0526,/gemstones/red-agate/combinations,/gemstones/red-agate,parent,(writer chooses descriptive anchor),proposed,the stone's hub page: full profile and properties
P-0526,/gemstones/red-agate/combinations,/gemstones/red-agate/meaning,sibling,(writer chooses descriptive anchor),proposed,the stone's own associations
P-0526,/gemstones/red-agate/combinations,/gemstones/red-agate/affirmations,sibling,(writer chooses descriptive anchor),proposed,pairing stones with intention
P-0526,/gemstones/red-agate/combinations,/learn/crystal-grids,seed-parent,(writer chooses descriptive anchor),proposed,site-wide guide this stone-specific page specialises
P-0527,/gemstones/red-agate/affirmations,/gemstones/red-agate,parent,(writer chooses descriptive anchor),proposed,the stone's hub page: full profile and properties
P-0527,/gemstones/red-agate/affirmations,/gemstones/red-agate/meaning,sibling,(writer chooses descriptive anchor),proposed,associations the affirmations draw on
P-0527,/gemstones/red-agate/affirmations,/gemstones/red-agate/combinations,sibling,(writer chooses descriptive anchor),proposed,stones to hold alongside
P-0527,/gemstones/red-agate/affirmations,/learn/how-to-program-crystals,seed-parent,(writer chooses descriptive anchor),proposed,site-wide guide this stone-specific page specialises
P-0528,/gemstones/red-jasper/who-should-not-wear,/gemstones/red-jasper,parent,(writer chooses descriptive anchor),proposed,the stone's hub page: full profile and properties
P-0528,/gemstones/red-jasper/who-should-not-wear,/gemstones/red-jasper/meaning,sibling,(writer chooses descriptive anchor),proposed,what the stone is traditionally for
P-0528,/gemstones/red-jasper/who-should-not-wear,/gemstones/red-jasper/sleeping-with,sibling,(writer chooses descriptive anchor),proposed,night-time use cautions
P-0528,/gemstones/red-jasper/who-should-not-wear,/learn/crystal-healing-science,seed-parent,(writer chooses descriptive anchor),proposed,site-wide guide this stone-specific page specialises
P-0529,/gemstones/red-jasper/how-to-cleanse,/gemstones/red-jasper,parent,(writer chooses descriptive anchor),proposed,the stone's hub page: full profile and properties
P-0529,/gemstones/red-jasper/how-to-cleanse,/gemstones/red-jasper/can-go-in-water,sibling,(writer chooses descriptive anchor),proposed,whether water cleansing is safe for this stone
P-0529,/gemstones/red-jasper/how-to-cleanse,/learn/how-to-cleanse-crystals,seed-parent,(writer chooses descriptive anchor),proposed,site-wide guide this stone-specific page specialises
P-0529,/gemstones/red-jasper/how-to-cleanse,/learn/how-to-charge-crystals,next-step,(writer chooses descriptive anchor),proposed,charging follows cleansing
P-0530,/gemstones/red-jasper/sleeping-with,/gemstones/red-jasper,parent,(writer chooses descriptive anchor),proposed,the stone's hub page: full profile and properties
P-0530,/gemstones/red-jasper/sleeping-with,/gemstones/red-jasper/who-should-not-wear,sibling,(writer chooses descriptive anchor),proposed,who should avoid night-time use
P-0530,/gemstones/red-jasper/sleeping-with,/gemstones/red-jasper/affirmations,sibling,(writer chooses descriptive anchor),proposed,bedtime affirmation routine
P-0530,/gemstones/red-jasper/sleeping-with,/crystals/crystals-for-sleep,seed-parent,(writer chooses descriptive anchor),proposed,site-wide guide this stone-specific page specialises
P-0531,/gemstones/red-jasper/meaning,/gemstones/red-jasper,parent,(writer chooses descriptive anchor),proposed,the stone's hub page: full profile and properties
P-0531,/gemstones/red-jasper/meaning,/gemstones/red-jasper/combinations,sibling,(writer chooses descriptive anchor),proposed,pairing follows meaning
P-0531,/gemstones/red-jasper/meaning,/gemstones/red-jasper/affirmations,sibling,(writer chooses descriptive anchor),proposed,using the stone intentionally
P-0531,/gemstones/red-jasper/meaning,/gemstones/red-jasper/who-should-not-wear,sibling,(writer chooses descriptive anchor),proposed,cautions before adopting the stone
P-0531,/gemstones/red-jasper/meaning,/learn/gemstone-vs-crystal-vs-mineral,seed-parent,(writer chooses descriptive anchor),proposed,site-wide guide this stone-specific page specialises
P-0532,/gemstones/red-jasper/how-to-identify,/gemstones/red-jasper,parent,(writer chooses descriptive anchor),proposed,the stone's hub page: full profile and properties
P-0532,/gemstones/red-jasper/how-to-identify,/gemstones/red-jasper/price-guide,sibling,(writer chooses descriptive anchor),proposed,price is an identification signal
P-0532,/gemstones/red-jasper/how-to-identify,/gemstones/red-jasper/meaning,sibling,(writer chooses descriptive anchor),proposed,what genuine material looks like
P-0532,/gemstones/red-jasper/how-to-identify,/learn/are-online-crystals-real,seed-parent,(writer chooses descriptive anchor),proposed,site-wide guide this stone-specific page specialises
P-0532,/gemstones/red-jasper/how-to-identify,/compare/lab-created-vs-natural-gemstones,lateral,(writer chooses descriptive anchor),proposed,lab-grown vs natural is a distinct question from fake vs real
P-0533,/gemstones/red-jasper/price-guide,/gemstones/red-jasper,parent,(writer chooses descriptive anchor),proposed,the stone's hub page: full profile and properties
P-0533,/gemstones/red-jasper/price-guide,/gemstones/red-jasper/how-to-identify,sibling,(writer chooses descriptive anchor),proposed,avoid paying real-stone prices for imitations
P-0533,/gemstones/red-jasper/price-guide,/learn/ethical-crystal-sourcing,seed-parent,(writer chooses descriptive anchor),proposed,site-wide guide this stone-specific page specialises
P-0533,/gemstones/red-jasper/price-guide,/learn/mohs-hardness-scale,lateral,(writer chooses descriptive anchor),proposed,durability affects value
P-0534,/gemstones/red-jasper/combinations,/gemstones/red-jasper,parent,(writer chooses descriptive anchor),proposed,the stone's hub page: full profile and properties
P-0534,/gemstones/red-jasper/combinations,/gemstones/red-jasper/meaning,sibling,(writer chooses descriptive anchor),proposed,the stone's own associations
P-0534,/gemstones/red-jasper/combinations,/gemstones/red-jasper/affirmations,sibling,(writer chooses descriptive anchor),proposed,pairing stones with intention
P-0534,/gemstones/red-jasper/combinations,/learn/crystal-grids,seed-parent,(writer chooses descriptive anchor),proposed,site-wide guide this stone-specific page specialises
P-0535,/gemstones/red-jasper/affirmations,/gemstones/red-jasper,parent,(writer chooses descriptive anchor),proposed,the stone's hub page: full profile and properties
P-0535,/gemstones/red-jasper/affirmations,/gemstones/red-jasper/meaning,sibling,(writer chooses descriptive anchor),proposed,associations the affirmations draw on
P-0535,/gemstones/red-jasper/affirmations,/gemstones/red-jasper/combinations,sibling,(writer chooses descriptive anchor),proposed,stones to hold alongside
P-0535,/gemstones/red-jasper/affirmations,/learn/how-to-program-crystals,seed-parent,(writer chooses descriptive anchor),proposed,site-wide guide this stone-specific page specialises
P-0536,/gemstones/red-tigers-eye/who-should-not-wear,/gemstones/red-tigers-eye,parent,(writer chooses descriptive anchor),proposed,the stone's hub page: full profile and properties
P-0536,/gemstones/red-tigers-eye/who-should-not-wear,/gemstones/red-tigers-eye/meaning,sibling,(writer chooses descriptive anchor),proposed,what the stone is traditionally for
P-0536,/gemstones/red-tigers-eye/who-should-not-wear,/gemstones/red-tigers-eye/sleeping-with,sibling,(writer chooses descriptive anchor),proposed,night-time use cautions
P-0536,/gemstones/red-tigers-eye/who-should-not-wear,/learn/crystal-healing-science,seed-parent,(writer chooses descriptive anchor),proposed,site-wide guide this stone-specific page specialises
P-0537,/gemstones/red-tigers-eye/how-to-cleanse,/gemstones/red-tigers-eye,parent,(writer chooses descriptive anchor),proposed,the stone's hub page: full profile and properties
P-0537,/gemstones/red-tigers-eye/how-to-cleanse,/gemstones/red-tigers-eye/can-go-in-water,sibling,(writer chooses descriptive anchor),proposed,whether water cleansing is safe for this stone
P-0537,/gemstones/red-tigers-eye/how-to-cleanse,/learn/how-to-cleanse-crystals,seed-parent,(writer chooses descriptive anchor),proposed,site-wide guide this stone-specific page specialises
P-0537,/gemstones/red-tigers-eye/how-to-cleanse,/learn/how-to-charge-crystals,next-step,(writer chooses descriptive anchor),proposed,charging follows cleansing
P-0538,/gemstones/red-tigers-eye/can-go-in-water,/gemstones/red-tigers-eye,parent,(writer chooses descriptive anchor),proposed,the stone's hub page: full profile and properties
P-0538,/gemstones/red-tigers-eye/can-go-in-water,/gemstones/red-tigers-eye/how-to-cleanse,sibling,(writer chooses descriptive anchor),proposed,water is one cleansing method among several
P-0538,/gemstones/red-tigers-eye/can-go-in-water,/learn/what-crystals-can-go-in-water,seed-parent,(writer chooses descriptive anchor),proposed,site-wide guide this stone-specific page specialises
P-0538,/gemstones/red-tigers-eye/can-go-in-water,/learn/salt-safe-crystals,lateral,(writer chooses descriptive anchor),proposed,salt cleansing is the common follow-up question
P-0538,/gemstones/red-tigers-eye/can-go-in-water,/learn/sun-safe-crystals,lateral,(writer chooses descriptive anchor),proposed,sun charging after washing
P-0539,/gemstones/red-tigers-eye/sleeping-with,/gemstones/red-tigers-eye,parent,(writer chooses descriptive anchor),proposed,the stone's hub page: full profile and properties
P-0539,/gemstones/red-tigers-eye/sleeping-with,/gemstones/red-tigers-eye/who-should-not-wear,sibling,(writer chooses descriptive anchor),proposed,who should avoid night-time use
P-0539,/gemstones/red-tigers-eye/sleeping-with,/gemstones/red-tigers-eye/affirmations,sibling,(writer chooses descriptive anchor),proposed,bedtime affirmation routine
P-0539,/gemstones/red-tigers-eye/sleeping-with,/crystals/crystals-for-sleep,seed-parent,(writer chooses descriptive anchor),proposed,site-wide guide this stone-specific page specialises
P-0540,/gemstones/red-tigers-eye/how-to-identify,/gemstones/red-tigers-eye,parent,(writer chooses descriptive anchor),proposed,the stone's hub page: full profile and properties
P-0540,/gemstones/red-tigers-eye/how-to-identify,/gemstones/red-tigers-eye/price-guide,sibling,(writer chooses descriptive anchor),proposed,price is an identification signal
P-0540,/gemstones/red-tigers-eye/how-to-identify,/gemstones/red-tigers-eye/meaning,sibling,(writer chooses descriptive anchor),proposed,what genuine material looks like
P-0540,/gemstones/red-tigers-eye/how-to-identify,/learn/are-online-crystals-real,seed-parent,(writer chooses descriptive anchor),proposed,site-wide guide this stone-specific page specialises
P-0540,/gemstones/red-tigers-eye/how-to-identify,/compare/lab-created-vs-natural-gemstones,lateral,(writer chooses descriptive anchor),proposed,lab-grown vs natural is a distinct question from fake vs real
P-0541,/gemstones/red-tigers-eye/price-guide,/gemstones/red-tigers-eye,parent,(writer chooses descriptive anchor),proposed,the stone's hub page: full profile and properties
P-0541,/gemstones/red-tigers-eye/price-guide,/gemstones/red-tigers-eye/how-to-identify,sibling,(writer chooses descriptive anchor),proposed,avoid paying real-stone prices for imitations
P-0541,/gemstones/red-tigers-eye/price-guide,/learn/ethical-crystal-sourcing,seed-parent,(writer chooses descriptive anchor),proposed,site-wide guide this stone-specific page specialises
P-0541,/gemstones/red-tigers-eye/price-guide,/learn/mohs-hardness-scale,lateral,(writer chooses descriptive anchor),proposed,durability affects value
P-0542,/gemstones/red-tigers-eye/combinations,/gemstones/red-tigers-eye,parent,(writer chooses descriptive anchor),proposed,the stone's hub page: full profile and properties
P-0542,/gemstones/red-tigers-eye/combinations,/gemstones/red-tigers-eye/meaning,sibling,(writer chooses descriptive anchor),proposed,the stone's own associations
P-0542,/gemstones/red-tigers-eye/combinations,/gemstones/red-tigers-eye/affirmations,sibling,(writer chooses descriptive anchor),proposed,pairing stones with intention
P-0542,/gemstones/red-tigers-eye/combinations,/learn/crystal-grids,seed-parent,(writer chooses descriptive anchor),proposed,site-wide guide this stone-specific page specialises
P-0543,/gemstones/red-tigers-eye/affirmations,/gemstones/red-tigers-eye,parent,(writer chooses descriptive anchor),proposed,the stone's hub page: full profile and properties
P-0543,/gemstones/red-tigers-eye/affirmations,/gemstones/red-tigers-eye/meaning,sibling,(writer chooses descriptive anchor),proposed,associations the affirmations draw on
P-0543,/gemstones/red-tigers-eye/affirmations,/gemstones/red-tigers-eye/combinations,sibling,(writer chooses descriptive anchor),proposed,stones to hold alongside
P-0543,/gemstones/red-tigers-eye/affirmations,/learn/how-to-program-crystals,seed-parent,(writer chooses descriptive anchor),proposed,site-wide guide this stone-specific page specialises
P-0544,/gemstones/rhodonite/who-should-not-wear,/gemstones/rhodonite,parent,(writer chooses descriptive anchor),proposed,the stone's hub page: full profile and properties
P-0544,/gemstones/rhodonite/who-should-not-wear,/gemstones/rhodonite/meaning,sibling,(writer chooses descriptive anchor),proposed,what the stone is traditionally for
P-0544,/gemstones/rhodonite/who-should-not-wear,/gemstones/rhodonite/sleeping-with,sibling,(writer chooses descriptive anchor),proposed,night-time use cautions
P-0544,/gemstones/rhodonite/who-should-not-wear,/learn/crystal-healing-science,seed-parent,(writer chooses descriptive anchor),proposed,site-wide guide this stone-specific page specialises
P-0544,/gemstones/rhodonite/who-should-not-wear,/crystals/crystals-for-love,lateral,(writer chooses descriptive anchor),proposed,stone appears in this purpose guide
P-0544,/gemstones/rhodonite/who-should-not-wear,/crystals/crystals-for-grief,lateral,(writer chooses descriptive anchor),proposed,stone appears in this purpose guide
P-0545,/gemstones/rhodonite/how-to-cleanse,/gemstones/rhodonite,parent,(writer chooses descriptive anchor),proposed,the stone's hub page: full profile and properties
P-0545,/gemstones/rhodonite/how-to-cleanse,/gemstones/rhodonite/can-go-in-water,sibling,(writer chooses descriptive anchor),proposed,whether water cleansing is safe for this stone
P-0545,/gemstones/rhodonite/how-to-cleanse,/learn/how-to-cleanse-crystals,seed-parent,(writer chooses descriptive anchor),proposed,site-wide guide this stone-specific page specialises
P-0545,/gemstones/rhodonite/how-to-cleanse,/crystals/crystals-for-love,lateral,(writer chooses descriptive anchor),proposed,stone appears in this purpose guide
P-0545,/gemstones/rhodonite/how-to-cleanse,/crystals/crystals-for-grief,lateral,(writer chooses descriptive anchor),proposed,stone appears in this purpose guide
P-0545,/gemstones/rhodonite/how-to-cleanse,/learn/how-to-charge-crystals,next-step,(writer chooses descriptive anchor),proposed,charging follows cleansing
P-0546,/gemstones/rhodonite/sleeping-with,/gemstones/rhodonite,parent,(writer chooses descriptive anchor),proposed,the stone's hub page: full profile and properties
P-0546,/gemstones/rhodonite/sleeping-with,/gemstones/rhodonite/who-should-not-wear,sibling,(writer chooses descriptive anchor),proposed,who should avoid night-time use
P-0546,/gemstones/rhodonite/sleeping-with,/gemstones/rhodonite/affirmations,sibling,(writer chooses descriptive anchor),proposed,bedtime affirmation routine
P-0546,/gemstones/rhodonite/sleeping-with,/crystals/crystals-for-sleep,seed-parent,(writer chooses descriptive anchor),proposed,site-wide guide this stone-specific page specialises
P-0546,/gemstones/rhodonite/sleeping-with,/crystals/crystals-for-love,lateral,(writer chooses descriptive anchor),proposed,stone appears in this purpose guide
P-0546,/gemstones/rhodonite/sleeping-with,/crystals/crystals-for-grief,lateral,(writer chooses descriptive anchor),proposed,stone appears in this purpose guide
P-0547,/gemstones/rhodonite/meaning,/gemstones/rhodonite,parent,(writer chooses descriptive anchor),proposed,the stone's hub page: full profile and properties
P-0547,/gemstones/rhodonite/meaning,/gemstones/rhodonite/combinations,sibling,(writer chooses descriptive anchor),proposed,pairing follows meaning
P-0547,/gemstones/rhodonite/meaning,/gemstones/rhodonite/affirmations,sibling,(writer chooses descriptive anchor),proposed,using the stone intentionally
P-0547,/gemstones/rhodonite/meaning,/gemstones/rhodonite/who-should-not-wear,sibling,(writer chooses descriptive anchor),proposed,cautions before adopting the stone
P-0547,/gemstones/rhodonite/meaning,/learn/gemstone-vs-crystal-vs-mineral,seed-parent,(writer chooses descriptive anchor),proposed,site-wide guide this stone-specific page specialises
P-0547,/gemstones/rhodonite/meaning,/crystals/crystals-for-love,lateral,(writer chooses descriptive anchor),proposed,stone appears in this purpose guide
P-0547,/gemstones/rhodonite/meaning,/crystals/crystals-for-grief,lateral,(writer chooses descriptive anchor),proposed,stone appears in this purpose guide
P-0547,/gemstones/rhodonite/meaning,/gemstones/zodiac/taurus,taxonomy,(writer chooses descriptive anchor),proposed,zodiac filter page
P-0548,/gemstones/rhodonite/how-to-identify,/gemstones/rhodonite,parent,(writer chooses descriptive anchor),proposed,the stone's hub page: full profile and properties
P-0548,/gemstones/rhodonite/how-to-identify,/gemstones/rhodonite/price-guide,sibling,(writer chooses descriptive anchor),proposed,price is an identification signal
P-0548,/gemstones/rhodonite/how-to-identify,/gemstones/rhodonite/meaning,sibling,(writer chooses descriptive anchor),proposed,what genuine material looks like
P-0548,/gemstones/rhodonite/how-to-identify,/learn/are-online-crystals-real,seed-parent,(writer chooses descriptive anchor),proposed,site-wide guide this stone-specific page specialises
P-0548,/gemstones/rhodonite/how-to-identify,/crystals/crystals-for-love,lateral,(writer chooses descriptive anchor),proposed,stone appears in this purpose guide
P-0548,/gemstones/rhodonite/how-to-identify,/crystals/crystals-for-grief,lateral,(writer chooses descriptive anchor),proposed,stone appears in this purpose guide
P-0548,/gemstones/rhodonite/how-to-identify,/compare/lab-created-vs-natural-gemstones,lateral,(writer chooses descriptive anchor),proposed,lab-grown vs natural is a distinct question from fake vs real
P-0549,/gemstones/rhodonite/price-guide,/gemstones/rhodonite,parent,(writer chooses descriptive anchor),proposed,the stone's hub page: full profile and properties
P-0549,/gemstones/rhodonite/price-guide,/gemstones/rhodonite/how-to-identify,sibling,(writer chooses descriptive anchor),proposed,avoid paying real-stone prices for imitations
P-0549,/gemstones/rhodonite/price-guide,/learn/ethical-crystal-sourcing,seed-parent,(writer chooses descriptive anchor),proposed,site-wide guide this stone-specific page specialises
P-0549,/gemstones/rhodonite/price-guide,/crystals/crystals-for-love,lateral,(writer chooses descriptive anchor),proposed,stone appears in this purpose guide
P-0549,/gemstones/rhodonite/price-guide,/crystals/crystals-for-grief,lateral,(writer chooses descriptive anchor),proposed,stone appears in this purpose guide
P-0549,/gemstones/rhodonite/price-guide,/learn/mohs-hardness-scale,lateral,(writer chooses descriptive anchor),proposed,durability affects value
P-0550,/gemstones/rhodonite/combinations,/gemstones/rhodonite,parent,(writer chooses descriptive anchor),proposed,the stone's hub page: full profile and properties
P-0550,/gemstones/rhodonite/combinations,/gemstones/rhodonite/meaning,sibling,(writer chooses descriptive anchor),proposed,the stone's own associations
P-0550,/gemstones/rhodonite/combinations,/gemstones/rhodonite/affirmations,sibling,(writer chooses descriptive anchor),proposed,pairing stones with intention
P-0550,/gemstones/rhodonite/combinations,/learn/crystal-grids,seed-parent,(writer chooses descriptive anchor),proposed,site-wide guide this stone-specific page specialises
P-0550,/gemstones/rhodonite/combinations,/crystals/crystals-for-love,lateral,(writer chooses descriptive anchor),proposed,stone appears in this purpose guide
P-0550,/gemstones/rhodonite/combinations,/crystals/crystals-for-grief,lateral,(writer chooses descriptive anchor),proposed,stone appears in this purpose guide
P-0551,/gemstones/rhodonite/affirmations,/gemstones/rhodonite,parent,(writer chooses descriptive anchor),proposed,the stone's hub page: full profile and properties
P-0551,/gemstones/rhodonite/affirmations,/gemstones/rhodonite/meaning,sibling,(writer chooses descriptive anchor),proposed,associations the affirmations draw on
P-0551,/gemstones/rhodonite/affirmations,/gemstones/rhodonite/combinations,sibling,(writer chooses descriptive anchor),proposed,stones to hold alongside
P-0551,/gemstones/rhodonite/affirmations,/learn/how-to-program-crystals,seed-parent,(writer chooses descriptive anchor),proposed,site-wide guide this stone-specific page specialises
P-0551,/gemstones/rhodonite/affirmations,/crystals/crystals-for-love,lateral,(writer chooses descriptive anchor),proposed,stone appears in this purpose guide
P-0551,/gemstones/rhodonite/affirmations,/crystals/crystals-for-grief,lateral,(writer chooses descriptive anchor),proposed,stone appears in this purpose guide
P-0552,/gemstones/ruby/who-should-not-wear,/gemstones/ruby,parent,(writer chooses descriptive anchor),proposed,the stone's hub page: full profile and properties
P-0552,/gemstones/ruby/who-should-not-wear,/gemstones/ruby/meaning,sibling,(writer chooses descriptive anchor),proposed,what the stone is traditionally for
P-0552,/gemstones/ruby/who-should-not-wear,/gemstones/ruby/sleeping-with,sibling,(writer chooses descriptive anchor),proposed,night-time use cautions
P-0552,/gemstones/ruby/who-should-not-wear,/learn/crystal-healing-science,seed-parent,(writer chooses descriptive anchor),proposed,site-wide guide this stone-specific page specialises
P-0552,/gemstones/ruby/who-should-not-wear,/crystals/crystals-for-confidence,lateral,(writer chooses descriptive anchor),proposed,stone appears in this purpose guide
P-0552,/gemstones/ruby/who-should-not-wear,/crystals/crystals-for-love,lateral,(writer chooses descriptive anchor),proposed,stone appears in this purpose guide
P-0553,/gemstones/ruby/how-to-cleanse,/gemstones/ruby,parent,(writer chooses descriptive anchor),proposed,the stone's hub page: full profile and properties
P-0553,/gemstones/ruby/how-to-cleanse,/gemstones/ruby/can-go-in-water,sibling,(writer chooses descriptive anchor),proposed,whether water cleansing is safe for this stone
P-0553,/gemstones/ruby/how-to-cleanse,/learn/how-to-cleanse-crystals,seed-parent,(writer chooses descriptive anchor),proposed,site-wide guide this stone-specific page specialises
P-0553,/gemstones/ruby/how-to-cleanse,/crystals/crystals-for-confidence,lateral,(writer chooses descriptive anchor),proposed,stone appears in this purpose guide
P-0553,/gemstones/ruby/how-to-cleanse,/crystals/crystals-for-love,lateral,(writer chooses descriptive anchor),proposed,stone appears in this purpose guide
P-0553,/gemstones/ruby/how-to-cleanse,/learn/how-to-charge-crystals,next-step,(writer chooses descriptive anchor),proposed,charging follows cleansing
P-0554,/gemstones/ruby/can-go-in-water,/gemstones/ruby,parent,(writer chooses descriptive anchor),proposed,the stone's hub page: full profile and properties
P-0554,/gemstones/ruby/can-go-in-water,/gemstones/ruby/how-to-cleanse,sibling,(writer chooses descriptive anchor),proposed,water is one cleansing method among several
P-0554,/gemstones/ruby/can-go-in-water,/learn/what-crystals-can-go-in-water,seed-parent,(writer chooses descriptive anchor),proposed,site-wide guide this stone-specific page specialises
P-0554,/gemstones/ruby/can-go-in-water,/crystals/crystals-for-confidence,lateral,(writer chooses descriptive anchor),proposed,stone appears in this purpose guide
P-0554,/gemstones/ruby/can-go-in-water,/crystals/crystals-for-love,lateral,(writer chooses descriptive anchor),proposed,stone appears in this purpose guide
P-0554,/gemstones/ruby/can-go-in-water,/learn/salt-safe-crystals,lateral,(writer chooses descriptive anchor),proposed,salt cleansing is the common follow-up question
P-0554,/gemstones/ruby/can-go-in-water,/learn/sun-safe-crystals,lateral,(writer chooses descriptive anchor),proposed,sun charging after washing
P-0555,/gemstones/ruby/sleeping-with,/gemstones/ruby,parent,(writer chooses descriptive anchor),proposed,the stone's hub page: full profile and properties
P-0555,/gemstones/ruby/sleeping-with,/gemstones/ruby/who-should-not-wear,sibling,(writer chooses descriptive anchor),proposed,who should avoid night-time use
P-0555,/gemstones/ruby/sleeping-with,/gemstones/ruby/affirmations,sibling,(writer chooses descriptive anchor),proposed,bedtime affirmation routine
P-0555,/gemstones/ruby/sleeping-with,/crystals/crystals-for-sleep,seed-parent,(writer chooses descriptive anchor),proposed,site-wide guide this stone-specific page specialises
P-0555,/gemstones/ruby/sleeping-with,/crystals/crystals-for-confidence,lateral,(writer chooses descriptive anchor),proposed,stone appears in this purpose guide
P-0555,/gemstones/ruby/sleeping-with,/crystals/crystals-for-love,lateral,(writer chooses descriptive anchor),proposed,stone appears in this purpose guide
P-0556,/gemstones/ruby/meaning,/gemstones/ruby,parent,(writer chooses descriptive anchor),proposed,the stone's hub page: full profile and properties
P-0556,/gemstones/ruby/meaning,/gemstones/ruby/combinations,sibling,(writer chooses descriptive anchor),proposed,pairing follows meaning
P-0556,/gemstones/ruby/meaning,/gemstones/ruby/affirmations,sibling,(writer chooses descriptive anchor),proposed,using the stone intentionally
P-0556,/gemstones/ruby/meaning,/gemstones/ruby/who-should-not-wear,sibling,(writer chooses descriptive anchor),proposed,cautions before adopting the stone
P-0556,/gemstones/ruby/meaning,/learn/gemstone-vs-crystal-vs-mineral,seed-parent,(writer chooses descriptive anchor),proposed,site-wide guide this stone-specific page specialises
P-0556,/gemstones/ruby/meaning,/crystals/crystals-for-confidence,lateral,(writer chooses descriptive anchor),proposed,stone appears in this purpose guide
P-0556,/gemstones/ruby/meaning,/crystals/crystals-for-love,lateral,(writer chooses descriptive anchor),proposed,stone appears in this purpose guide
P-0556,/gemstones/ruby/meaning,/gemstones/zodiac/aries,taxonomy,(writer chooses descriptive anchor),proposed,zodiac filter page
P-0557,/gemstones/ruby/how-to-identify,/gemstones/ruby,parent,(writer chooses descriptive anchor),proposed,the stone's hub page: full profile and properties
P-0557,/gemstones/ruby/how-to-identify,/gemstones/ruby/price-guide,sibling,(writer chooses descriptive anchor),proposed,price is an identification signal
P-0557,/gemstones/ruby/how-to-identify,/gemstones/ruby/meaning,sibling,(writer chooses descriptive anchor),proposed,what genuine material looks like
P-0557,/gemstones/ruby/how-to-identify,/learn/are-online-crystals-real,seed-parent,(writer chooses descriptive anchor),proposed,site-wide guide this stone-specific page specialises
P-0557,/gemstones/ruby/how-to-identify,/crystals/crystals-for-confidence,lateral,(writer chooses descriptive anchor),proposed,stone appears in this purpose guide
P-0557,/gemstones/ruby/how-to-identify,/crystals/crystals-for-love,lateral,(writer chooses descriptive anchor),proposed,stone appears in this purpose guide
P-0557,/gemstones/ruby/how-to-identify,/compare/lab-created-vs-natural-gemstones,lateral,(writer chooses descriptive anchor),proposed,lab-grown vs natural is a distinct question from fake vs real
P-0558,/gemstones/ruby/price-guide,/gemstones/ruby,parent,(writer chooses descriptive anchor),proposed,the stone's hub page: full profile and properties
P-0558,/gemstones/ruby/price-guide,/gemstones/ruby/how-to-identify,sibling,(writer chooses descriptive anchor),proposed,avoid paying real-stone prices for imitations
P-0558,/gemstones/ruby/price-guide,/learn/ethical-crystal-sourcing,seed-parent,(writer chooses descriptive anchor),proposed,site-wide guide this stone-specific page specialises
P-0558,/gemstones/ruby/price-guide,/crystals/crystals-for-confidence,lateral,(writer chooses descriptive anchor),proposed,stone appears in this purpose guide
P-0558,/gemstones/ruby/price-guide,/crystals/crystals-for-love,lateral,(writer chooses descriptive anchor),proposed,stone appears in this purpose guide
P-0558,/gemstones/ruby/price-guide,/learn/mohs-hardness-scale,lateral,(writer chooses descriptive anchor),proposed,durability affects value
P-0559,/gemstones/ruby/combinations,/gemstones/ruby,parent,(writer chooses descriptive anchor),proposed,the stone's hub page: full profile and properties
P-0559,/gemstones/ruby/combinations,/gemstones/ruby/meaning,sibling,(writer chooses descriptive anchor),proposed,the stone's own associations
P-0559,/gemstones/ruby/combinations,/gemstones/ruby/affirmations,sibling,(writer chooses descriptive anchor),proposed,pairing stones with intention
P-0559,/gemstones/ruby/combinations,/learn/crystal-grids,seed-parent,(writer chooses descriptive anchor),proposed,site-wide guide this stone-specific page specialises
P-0559,/gemstones/ruby/combinations,/crystals/crystals-for-confidence,lateral,(writer chooses descriptive anchor),proposed,stone appears in this purpose guide
P-0559,/gemstones/ruby/combinations,/crystals/crystals-for-love,lateral,(writer chooses descriptive anchor),proposed,stone appears in this purpose guide
P-0560,/gemstones/ruby/affirmations,/gemstones/ruby,parent,(writer chooses descriptive anchor),proposed,the stone's hub page: full profile and properties
P-0560,/gemstones/ruby/affirmations,/gemstones/ruby/meaning,sibling,(writer chooses descriptive anchor),proposed,associations the affirmations draw on
P-0560,/gemstones/ruby/affirmations,/gemstones/ruby/combinations,sibling,(writer chooses descriptive anchor),proposed,stones to hold alongside
P-0560,/gemstones/ruby/affirmations,/learn/how-to-program-crystals,seed-parent,(writer chooses descriptive anchor),proposed,site-wide guide this stone-specific page specialises
P-0560,/gemstones/ruby/affirmations,/crystals/crystals-for-confidence,lateral,(writer chooses descriptive anchor),proposed,stone appears in this purpose guide
P-0560,/gemstones/ruby/affirmations,/crystals/crystals-for-love,lateral,(writer chooses descriptive anchor),proposed,stone appears in this purpose guide
P-0561,/gemstones/ruby-zoisite/who-should-not-wear,/gemstones/ruby-zoisite,parent,(writer chooses descriptive anchor),proposed,the stone's hub page: full profile and properties
P-0561,/gemstones/ruby-zoisite/who-should-not-wear,/gemstones/ruby-zoisite/meaning,sibling,(writer chooses descriptive anchor),proposed,what the stone is traditionally for
P-0561,/gemstones/ruby-zoisite/who-should-not-wear,/gemstones/ruby-zoisite/sleeping-with,sibling,(writer chooses descriptive anchor),proposed,night-time use cautions
P-0561,/gemstones/ruby-zoisite/who-should-not-wear,/learn/crystal-healing-science,seed-parent,(writer chooses descriptive anchor),proposed,site-wide guide this stone-specific page specialises
P-0562,/gemstones/ruby-zoisite/how-to-cleanse,/gemstones/ruby-zoisite,parent,(writer chooses descriptive anchor),proposed,the stone's hub page: full profile and properties
P-0562,/gemstones/ruby-zoisite/how-to-cleanse,/gemstones/ruby-zoisite/can-go-in-water,sibling,(writer chooses descriptive anchor),proposed,whether water cleansing is safe for this stone
P-0562,/gemstones/ruby-zoisite/how-to-cleanse,/learn/how-to-cleanse-crystals,seed-parent,(writer chooses descriptive anchor),proposed,site-wide guide this stone-specific page specialises
P-0562,/gemstones/ruby-zoisite/how-to-cleanse,/learn/how-to-charge-crystals,next-step,(writer chooses descriptive anchor),proposed,charging follows cleansing
P-0563,/gemstones/ruby-zoisite/can-go-in-water,/gemstones/ruby-zoisite,parent,(writer chooses descriptive anchor),proposed,the stone's hub page: full profile and properties
P-0563,/gemstones/ruby-zoisite/can-go-in-water,/gemstones/ruby-zoisite/how-to-cleanse,sibling,(writer chooses descriptive anchor),proposed,water is one cleansing method among several
P-0563,/gemstones/ruby-zoisite/can-go-in-water,/learn/what-crystals-can-go-in-water,seed-parent,(writer chooses descriptive anchor),proposed,site-wide guide this stone-specific page specialises
P-0563,/gemstones/ruby-zoisite/can-go-in-water,/learn/salt-safe-crystals,lateral,(writer chooses descriptive anchor),proposed,salt cleansing is the common follow-up question
P-0563,/gemstones/ruby-zoisite/can-go-in-water,/learn/sun-safe-crystals,lateral,(writer chooses descriptive anchor),proposed,sun charging after washing
P-0564,/gemstones/ruby-zoisite/sleeping-with,/gemstones/ruby-zoisite,parent,(writer chooses descriptive anchor),proposed,the stone's hub page: full profile and properties
P-0564,/gemstones/ruby-zoisite/sleeping-with,/gemstones/ruby-zoisite/who-should-not-wear,sibling,(writer chooses descriptive anchor),proposed,who should avoid night-time use
P-0564,/gemstones/ruby-zoisite/sleeping-with,/gemstones/ruby-zoisite/affirmations,sibling,(writer chooses descriptive anchor),proposed,bedtime affirmation routine
P-0564,/gemstones/ruby-zoisite/sleeping-with,/crystals/crystals-for-sleep,seed-parent,(writer chooses descriptive anchor),proposed,site-wide guide this stone-specific page specialises
P-0565,/gemstones/ruby-zoisite/how-to-identify,/gemstones/ruby-zoisite,parent,(writer chooses descriptive anchor),proposed,the stone's hub page: full profile and properties
P-0565,/gemstones/ruby-zoisite/how-to-identify,/gemstones/ruby-zoisite/price-guide,sibling,(writer chooses descriptive anchor),proposed,price is an identification signal
P-0565,/gemstones/ruby-zoisite/how-to-identify,/gemstones/ruby-zoisite/meaning,sibling,(writer chooses descriptive anchor),proposed,what genuine material looks like
P-0565,/gemstones/ruby-zoisite/how-to-identify,/learn/are-online-crystals-real,seed-parent,(writer chooses descriptive anchor),proposed,site-wide guide this stone-specific page specialises
P-0565,/gemstones/ruby-zoisite/how-to-identify,/compare/lab-created-vs-natural-gemstones,lateral,(writer chooses descriptive anchor),proposed,lab-grown vs natural is a distinct question from fake vs real
P-0566,/gemstones/ruby-zoisite/price-guide,/gemstones/ruby-zoisite,parent,(writer chooses descriptive anchor),proposed,the stone's hub page: full profile and properties
P-0566,/gemstones/ruby-zoisite/price-guide,/gemstones/ruby-zoisite/how-to-identify,sibling,(writer chooses descriptive anchor),proposed,avoid paying real-stone prices for imitations
P-0566,/gemstones/ruby-zoisite/price-guide,/learn/ethical-crystal-sourcing,seed-parent,(writer chooses descriptive anchor),proposed,site-wide guide this stone-specific page specialises
P-0566,/gemstones/ruby-zoisite/price-guide,/learn/mohs-hardness-scale,lateral,(writer chooses descriptive anchor),proposed,durability affects value
P-0567,/gemstones/ruby-zoisite/combinations,/gemstones/ruby-zoisite,parent,(writer chooses descriptive anchor),proposed,the stone's hub page: full profile and properties
P-0567,/gemstones/ruby-zoisite/combinations,/gemstones/ruby-zoisite/meaning,sibling,(writer chooses descriptive anchor),proposed,the stone's own associations
P-0567,/gemstones/ruby-zoisite/combinations,/gemstones/ruby-zoisite/affirmations,sibling,(writer chooses descriptive anchor),proposed,pairing stones with intention
P-0567,/gemstones/ruby-zoisite/combinations,/learn/crystal-grids,seed-parent,(writer chooses descriptive anchor),proposed,site-wide guide this stone-specific page specialises
P-0568,/gemstones/ruby-zoisite/affirmations,/gemstones/ruby-zoisite,parent,(writer chooses descriptive anchor),proposed,the stone's hub page: full profile and properties
P-0568,/gemstones/ruby-zoisite/affirmations,/gemstones/ruby-zoisite/meaning,sibling,(writer chooses descriptive anchor),proposed,associations the affirmations draw on
P-0568,/gemstones/ruby-zoisite/affirmations,/gemstones/ruby-zoisite/combinations,sibling,(writer chooses descriptive anchor),proposed,stones to hold alongside
P-0568,/gemstones/ruby-zoisite/affirmations,/learn/how-to-program-crystals,seed-parent,(writer chooses descriptive anchor),proposed,site-wide guide this stone-specific page specialises
P-0569,/gemstones/sapphire/who-should-not-wear,/gemstones/sapphire,parent,(writer chooses descriptive anchor),proposed,the stone's hub page: full profile and properties
P-0569,/gemstones/sapphire/who-should-not-wear,/gemstones/sapphire/meaning,sibling,(writer chooses descriptive anchor),proposed,what the stone is traditionally for
P-0569,/gemstones/sapphire/who-should-not-wear,/gemstones/sapphire/sleeping-with,sibling,(writer chooses descriptive anchor),proposed,night-time use cautions
P-0569,/gemstones/sapphire/who-should-not-wear,/learn/crystal-healing-science,seed-parent,(writer chooses descriptive anchor),proposed,site-wide guide this stone-specific page specialises
P-0569,/gemstones/sapphire/who-should-not-wear,/crystals/crystals-for-meditation,lateral,(writer chooses descriptive anchor),proposed,stone appears in this purpose guide
P-0569,/gemstones/sapphire/who-should-not-wear,/crystals/crystals-for-concentration,lateral,(writer chooses descriptive anchor),proposed,stone appears in this purpose guide
P-0570,/gemstones/sapphire/how-to-cleanse,/gemstones/sapphire,parent,(writer chooses descriptive anchor),proposed,the stone's hub page: full profile and properties
P-0570,/gemstones/sapphire/how-to-cleanse,/gemstones/sapphire/can-go-in-water,sibling,(writer chooses descriptive anchor),proposed,whether water cleansing is safe for this stone
P-0570,/gemstones/sapphire/how-to-cleanse,/learn/how-to-cleanse-crystals,seed-parent,(writer chooses descriptive anchor),proposed,site-wide guide this stone-specific page specialises
P-0570,/gemstones/sapphire/how-to-cleanse,/crystals/crystals-for-meditation,lateral,(writer chooses descriptive anchor),proposed,stone appears in this purpose guide
P-0570,/gemstones/sapphire/how-to-cleanse,/crystals/crystals-for-concentration,lateral,(writer chooses descriptive anchor),proposed,stone appears in this purpose guide
P-0570,/gemstones/sapphire/how-to-cleanse,/learn/how-to-charge-crystals,next-step,(writer chooses descriptive anchor),proposed,charging follows cleansing
P-0571,/gemstones/sapphire/can-go-in-water,/gemstones/sapphire,parent,(writer chooses descriptive anchor),proposed,the stone's hub page: full profile and properties
P-0571,/gemstones/sapphire/can-go-in-water,/gemstones/sapphire/how-to-cleanse,sibling,(writer chooses descriptive anchor),proposed,water is one cleansing method among several
P-0571,/gemstones/sapphire/can-go-in-water,/learn/what-crystals-can-go-in-water,seed-parent,(writer chooses descriptive anchor),proposed,site-wide guide this stone-specific page specialises
P-0571,/gemstones/sapphire/can-go-in-water,/crystals/crystals-for-meditation,lateral,(writer chooses descriptive anchor),proposed,stone appears in this purpose guide
P-0571,/gemstones/sapphire/can-go-in-water,/crystals/crystals-for-concentration,lateral,(writer chooses descriptive anchor),proposed,stone appears in this purpose guide
P-0571,/gemstones/sapphire/can-go-in-water,/learn/salt-safe-crystals,lateral,(writer chooses descriptive anchor),proposed,salt cleansing is the common follow-up question
P-0571,/gemstones/sapphire/can-go-in-water,/learn/sun-safe-crystals,lateral,(writer chooses descriptive anchor),proposed,sun charging after washing
P-0572,/gemstones/sapphire/sleeping-with,/gemstones/sapphire,parent,(writer chooses descriptive anchor),proposed,the stone's hub page: full profile and properties
P-0572,/gemstones/sapphire/sleeping-with,/gemstones/sapphire/who-should-not-wear,sibling,(writer chooses descriptive anchor),proposed,who should avoid night-time use
P-0572,/gemstones/sapphire/sleeping-with,/gemstones/sapphire/affirmations,sibling,(writer chooses descriptive anchor),proposed,bedtime affirmation routine
P-0572,/gemstones/sapphire/sleeping-with,/crystals/crystals-for-sleep,seed-parent,(writer chooses descriptive anchor),proposed,site-wide guide this stone-specific page specialises
P-0572,/gemstones/sapphire/sleeping-with,/crystals/crystals-for-meditation,lateral,(writer chooses descriptive anchor),proposed,stone appears in this purpose guide
P-0572,/gemstones/sapphire/sleeping-with,/crystals/crystals-for-concentration,lateral,(writer chooses descriptive anchor),proposed,stone appears in this purpose guide
P-0573,/gemstones/sapphire/meaning,/gemstones/sapphire,parent,(writer chooses descriptive anchor),proposed,the stone's hub page: full profile and properties
P-0573,/gemstones/sapphire/meaning,/gemstones/sapphire/combinations,sibling,(writer chooses descriptive anchor),proposed,pairing follows meaning
P-0573,/gemstones/sapphire/meaning,/gemstones/sapphire/affirmations,sibling,(writer chooses descriptive anchor),proposed,using the stone intentionally
P-0573,/gemstones/sapphire/meaning,/gemstones/sapphire/who-should-not-wear,sibling,(writer chooses descriptive anchor),proposed,cautions before adopting the stone
P-0573,/gemstones/sapphire/meaning,/learn/gemstone-vs-crystal-vs-mineral,seed-parent,(writer chooses descriptive anchor),proposed,site-wide guide this stone-specific page specialises
P-0573,/gemstones/sapphire/meaning,/crystals/crystals-for-meditation,lateral,(writer chooses descriptive anchor),proposed,stone appears in this purpose guide
P-0573,/gemstones/sapphire/meaning,/crystals/crystals-for-concentration,lateral,(writer chooses descriptive anchor),proposed,stone appears in this purpose guide
P-0573,/gemstones/sapphire/meaning,/gemstones/zodiac/virgo,taxonomy,(writer chooses descriptive anchor),proposed,zodiac filter page
P-0574,/gemstones/sapphire/how-to-identify,/gemstones/sapphire,parent,(writer chooses descriptive anchor),proposed,the stone's hub page: full profile and properties
P-0574,/gemstones/sapphire/how-to-identify,/gemstones/sapphire/price-guide,sibling,(writer chooses descriptive anchor),proposed,price is an identification signal
P-0574,/gemstones/sapphire/how-to-identify,/gemstones/sapphire/meaning,sibling,(writer chooses descriptive anchor),proposed,what genuine material looks like
P-0574,/gemstones/sapphire/how-to-identify,/learn/are-online-crystals-real,seed-parent,(writer chooses descriptive anchor),proposed,site-wide guide this stone-specific page specialises
P-0574,/gemstones/sapphire/how-to-identify,/crystals/crystals-for-meditation,lateral,(writer chooses descriptive anchor),proposed,stone appears in this purpose guide
P-0574,/gemstones/sapphire/how-to-identify,/crystals/crystals-for-concentration,lateral,(writer chooses descriptive anchor),proposed,stone appears in this purpose guide
P-0574,/gemstones/sapphire/how-to-identify,/compare/lab-created-vs-natural-gemstones,lateral,(writer chooses descriptive anchor),proposed,lab-grown vs natural is a distinct question from fake vs real
P-0575,/gemstones/sapphire/price-guide,/gemstones/sapphire,parent,(writer chooses descriptive anchor),proposed,the stone's hub page: full profile and properties
P-0575,/gemstones/sapphire/price-guide,/gemstones/sapphire/how-to-identify,sibling,(writer chooses descriptive anchor),proposed,avoid paying real-stone prices for imitations
P-0575,/gemstones/sapphire/price-guide,/learn/ethical-crystal-sourcing,seed-parent,(writer chooses descriptive anchor),proposed,site-wide guide this stone-specific page specialises
P-0575,/gemstones/sapphire/price-guide,/crystals/crystals-for-meditation,lateral,(writer chooses descriptive anchor),proposed,stone appears in this purpose guide
P-0575,/gemstones/sapphire/price-guide,/crystals/crystals-for-concentration,lateral,(writer chooses descriptive anchor),proposed,stone appears in this purpose guide
P-0575,/gemstones/sapphire/price-guide,/learn/mohs-hardness-scale,lateral,(writer chooses descriptive anchor),proposed,durability affects value
P-0576,/gemstones/sapphire/combinations,/gemstones/sapphire,parent,(writer chooses descriptive anchor),proposed,the stone's hub page: full profile and properties
P-0576,/gemstones/sapphire/combinations,/gemstones/sapphire/meaning,sibling,(writer chooses descriptive anchor),proposed,the stone's own associations
P-0576,/gemstones/sapphire/combinations,/gemstones/sapphire/affirmations,sibling,(writer chooses descriptive anchor),proposed,pairing stones with intention
P-0576,/gemstones/sapphire/combinations,/learn/crystal-grids,seed-parent,(writer chooses descriptive anchor),proposed,site-wide guide this stone-specific page specialises
P-0576,/gemstones/sapphire/combinations,/crystals/crystals-for-meditation,lateral,(writer chooses descriptive anchor),proposed,stone appears in this purpose guide
P-0576,/gemstones/sapphire/combinations,/crystals/crystals-for-concentration,lateral,(writer chooses descriptive anchor),proposed,stone appears in this purpose guide
P-0577,/gemstones/sapphire/affirmations,/gemstones/sapphire,parent,(writer chooses descriptive anchor),proposed,the stone's hub page: full profile and properties
P-0577,/gemstones/sapphire/affirmations,/gemstones/sapphire/meaning,sibling,(writer chooses descriptive anchor),proposed,associations the affirmations draw on
P-0577,/gemstones/sapphire/affirmations,/gemstones/sapphire/combinations,sibling,(writer chooses descriptive anchor),proposed,stones to hold alongside
P-0577,/gemstones/sapphire/affirmations,/learn/how-to-program-crystals,seed-parent,(writer chooses descriptive anchor),proposed,site-wide guide this stone-specific page specialises
P-0577,/gemstones/sapphire/affirmations,/crystals/crystals-for-meditation,lateral,(writer chooses descriptive anchor),proposed,stone appears in this purpose guide
P-0577,/gemstones/sapphire/affirmations,/crystals/crystals-for-concentration,lateral,(writer chooses descriptive anchor),proposed,stone appears in this purpose guide
P-0578,/gemstones/smoky-quartz/who-should-not-wear,/gemstones/smoky-quartz,parent,(writer chooses descriptive anchor),proposed,the stone's hub page: full profile and properties
P-0578,/gemstones/smoky-quartz/who-should-not-wear,/gemstones/smoky-quartz/meaning,sibling,(writer chooses descriptive anchor),proposed,what the stone is traditionally for
P-0578,/gemstones/smoky-quartz/who-should-not-wear,/gemstones/smoky-quartz/sleeping-with,sibling,(writer chooses descriptive anchor),proposed,night-time use cautions
P-0578,/gemstones/smoky-quartz/who-should-not-wear,/learn/crystal-healing-science,seed-parent,(writer chooses descriptive anchor),proposed,site-wide guide this stone-specific page specialises
P-0578,/gemstones/smoky-quartz/who-should-not-wear,/crystals/crystals-for-grounding,lateral,(writer chooses descriptive anchor),proposed,stone appears in this purpose guide
P-0578,/gemstones/smoky-quartz/who-should-not-wear,/crystals/crystals-for-protection,lateral,(writer chooses descriptive anchor),proposed,stone appears in this purpose guide
P-0579,/gemstones/smoky-quartz/how-to-cleanse,/gemstones/smoky-quartz,parent,(writer chooses descriptive anchor),proposed,the stone's hub page: full profile and properties
P-0579,/gemstones/smoky-quartz/how-to-cleanse,/gemstones/smoky-quartz/can-go-in-water,sibling,(writer chooses descriptive anchor),proposed,whether water cleansing is safe for this stone
P-0579,/gemstones/smoky-quartz/how-to-cleanse,/learn/how-to-cleanse-crystals,seed-parent,(writer chooses descriptive anchor),proposed,site-wide guide this stone-specific page specialises
P-0579,/gemstones/smoky-quartz/how-to-cleanse,/crystals/crystals-for-grounding,lateral,(writer chooses descriptive anchor),proposed,stone appears in this purpose guide
P-0579,/gemstones/smoky-quartz/how-to-cleanse,/crystals/crystals-for-protection,lateral,(writer chooses descriptive anchor),proposed,stone appears in this purpose guide
P-0579,/gemstones/smoky-quartz/how-to-cleanse,/learn/how-to-charge-crystals,next-step,(writer chooses descriptive anchor),proposed,charging follows cleansing
P-0580,/gemstones/smoky-quartz/sleeping-with,/gemstones/smoky-quartz,parent,(writer chooses descriptive anchor),proposed,the stone's hub page: full profile and properties
P-0580,/gemstones/smoky-quartz/sleeping-with,/gemstones/smoky-quartz/who-should-not-wear,sibling,(writer chooses descriptive anchor),proposed,who should avoid night-time use
P-0580,/gemstones/smoky-quartz/sleeping-with,/gemstones/smoky-quartz/affirmations,sibling,(writer chooses descriptive anchor),proposed,bedtime affirmation routine
P-0580,/gemstones/smoky-quartz/sleeping-with,/crystals/crystals-for-sleep,seed-parent,(writer chooses descriptive anchor),proposed,site-wide guide this stone-specific page specialises
P-0580,/gemstones/smoky-quartz/sleeping-with,/crystals/crystals-for-grounding,lateral,(writer chooses descriptive anchor),proposed,stone appears in this purpose guide
P-0580,/gemstones/smoky-quartz/sleeping-with,/crystals/crystals-for-protection,lateral,(writer chooses descriptive anchor),proposed,stone appears in this purpose guide
P-0581,/gemstones/smoky-quartz/how-to-identify,/gemstones/smoky-quartz,parent,(writer chooses descriptive anchor),proposed,the stone's hub page: full profile and properties
P-0581,/gemstones/smoky-quartz/how-to-identify,/gemstones/smoky-quartz/price-guide,sibling,(writer chooses descriptive anchor),proposed,price is an identification signal
P-0581,/gemstones/smoky-quartz/how-to-identify,/gemstones/smoky-quartz/meaning,sibling,(writer chooses descriptive anchor),proposed,what genuine material looks like
P-0581,/gemstones/smoky-quartz/how-to-identify,/learn/are-online-crystals-real,seed-parent,(writer chooses descriptive anchor),proposed,site-wide guide this stone-specific page specialises
P-0581,/gemstones/smoky-quartz/how-to-identify,/crystals/crystals-for-grounding,lateral,(writer chooses descriptive anchor),proposed,stone appears in this purpose guide
P-0581,/gemstones/smoky-quartz/how-to-identify,/crystals/crystals-for-protection,lateral,(writer chooses descriptive anchor),proposed,stone appears in this purpose guide
P-0581,/gemstones/smoky-quartz/how-to-identify,/compare/lab-created-vs-natural-gemstones,lateral,(writer chooses descriptive anchor),proposed,lab-grown vs natural is a distinct question from fake vs real
P-0582,/gemstones/smoky-quartz/price-guide,/gemstones/smoky-quartz,parent,(writer chooses descriptive anchor),proposed,the stone's hub page: full profile and properties
P-0582,/gemstones/smoky-quartz/price-guide,/gemstones/smoky-quartz/how-to-identify,sibling,(writer chooses descriptive anchor),proposed,avoid paying real-stone prices for imitations
P-0582,/gemstones/smoky-quartz/price-guide,/learn/ethical-crystal-sourcing,seed-parent,(writer chooses descriptive anchor),proposed,site-wide guide this stone-specific page specialises
P-0582,/gemstones/smoky-quartz/price-guide,/crystals/crystals-for-grounding,lateral,(writer chooses descriptive anchor),proposed,stone appears in this purpose guide
P-0582,/gemstones/smoky-quartz/price-guide,/crystals/crystals-for-protection,lateral,(writer chooses descriptive anchor),proposed,stone appears in this purpose guide
P-0582,/gemstones/smoky-quartz/price-guide,/learn/mohs-hardness-scale,lateral,(writer chooses descriptive anchor),proposed,durability affects value
P-0583,/gemstones/smoky-quartz/combinations,/gemstones/smoky-quartz,parent,(writer chooses descriptive anchor),proposed,the stone's hub page: full profile and properties
P-0583,/gemstones/smoky-quartz/combinations,/gemstones/smoky-quartz/meaning,sibling,(writer chooses descriptive anchor),proposed,the stone's own associations
P-0583,/gemstones/smoky-quartz/combinations,/gemstones/smoky-quartz/affirmations,sibling,(writer chooses descriptive anchor),proposed,pairing stones with intention
P-0583,/gemstones/smoky-quartz/combinations,/learn/crystal-grids,seed-parent,(writer chooses descriptive anchor),proposed,site-wide guide this stone-specific page specialises
P-0583,/gemstones/smoky-quartz/combinations,/crystals/crystals-for-grounding,lateral,(writer chooses descriptive anchor),proposed,stone appears in this purpose guide
P-0583,/gemstones/smoky-quartz/combinations,/crystals/crystals-for-protection,lateral,(writer chooses descriptive anchor),proposed,stone appears in this purpose guide
P-0584,/gemstones/smoky-quartz/affirmations,/gemstones/smoky-quartz,parent,(writer chooses descriptive anchor),proposed,the stone's hub page: full profile and properties
P-0584,/gemstones/smoky-quartz/affirmations,/gemstones/smoky-quartz/meaning,sibling,(writer chooses descriptive anchor),proposed,associations the affirmations draw on
P-0584,/gemstones/smoky-quartz/affirmations,/gemstones/smoky-quartz/combinations,sibling,(writer chooses descriptive anchor),proposed,stones to hold alongside
P-0584,/gemstones/smoky-quartz/affirmations,/learn/how-to-program-crystals,seed-parent,(writer chooses descriptive anchor),proposed,site-wide guide this stone-specific page specialises
P-0584,/gemstones/smoky-quartz/affirmations,/crystals/crystals-for-grounding,lateral,(writer chooses descriptive anchor),proposed,stone appears in this purpose guide
P-0584,/gemstones/smoky-quartz/affirmations,/crystals/crystals-for-protection,lateral,(writer chooses descriptive anchor),proposed,stone appears in this purpose guide
P-0585,/gemstones/sodalite/who-should-not-wear,/gemstones/sodalite,parent,(writer chooses descriptive anchor),proposed,the stone's hub page: full profile and properties
P-0585,/gemstones/sodalite/who-should-not-wear,/gemstones/sodalite/meaning,sibling,(writer chooses descriptive anchor),proposed,what the stone is traditionally for
P-0585,/gemstones/sodalite/who-should-not-wear,/gemstones/sodalite/sleeping-with,sibling,(writer chooses descriptive anchor),proposed,night-time use cautions
P-0585,/gemstones/sodalite/who-should-not-wear,/learn/crystal-healing-science,seed-parent,(writer chooses descriptive anchor),proposed,site-wide guide this stone-specific page specialises
P-0585,/gemstones/sodalite/who-should-not-wear,/crystals/crystals-for-connection,lateral,(writer chooses descriptive anchor),proposed,stone appears in this purpose guide
P-0585,/gemstones/sodalite/who-should-not-wear,/crystals/crystals-for-concentration,lateral,(writer chooses descriptive anchor),proposed,stone appears in this purpose guide
P-0586,/gemstones/sodalite/how-to-cleanse,/gemstones/sodalite,parent,(writer chooses descriptive anchor),proposed,the stone's hub page: full profile and properties
P-0586,/gemstones/sodalite/how-to-cleanse,/gemstones/sodalite/can-go-in-water,sibling,(writer chooses descriptive anchor),proposed,whether water cleansing is safe for this stone
P-0586,/gemstones/sodalite/how-to-cleanse,/learn/how-to-cleanse-crystals,seed-parent,(writer chooses descriptive anchor),proposed,site-wide guide this stone-specific page specialises
P-0586,/gemstones/sodalite/how-to-cleanse,/crystals/crystals-for-connection,lateral,(writer chooses descriptive anchor),proposed,stone appears in this purpose guide
P-0586,/gemstones/sodalite/how-to-cleanse,/crystals/crystals-for-concentration,lateral,(writer chooses descriptive anchor),proposed,stone appears in this purpose guide
P-0586,/gemstones/sodalite/how-to-cleanse,/learn/how-to-charge-crystals,next-step,(writer chooses descriptive anchor),proposed,charging follows cleansing
P-0587,/gemstones/sodalite/sleeping-with,/gemstones/sodalite,parent,(writer chooses descriptive anchor),proposed,the stone's hub page: full profile and properties
P-0587,/gemstones/sodalite/sleeping-with,/gemstones/sodalite/who-should-not-wear,sibling,(writer chooses descriptive anchor),proposed,who should avoid night-time use
P-0587,/gemstones/sodalite/sleeping-with,/gemstones/sodalite/affirmations,sibling,(writer chooses descriptive anchor),proposed,bedtime affirmation routine
P-0587,/gemstones/sodalite/sleeping-with,/crystals/crystals-for-sleep,seed-parent,(writer chooses descriptive anchor),proposed,site-wide guide this stone-specific page specialises
P-0587,/gemstones/sodalite/sleeping-with,/crystals/crystals-for-connection,lateral,(writer chooses descriptive anchor),proposed,stone appears in this purpose guide
P-0587,/gemstones/sodalite/sleeping-with,/crystals/crystals-for-concentration,lateral,(writer chooses descriptive anchor),proposed,stone appears in this purpose guide
P-0588,/gemstones/sodalite/meaning,/gemstones/sodalite,parent,(writer chooses descriptive anchor),proposed,the stone's hub page: full profile and properties
P-0588,/gemstones/sodalite/meaning,/gemstones/sodalite/combinations,sibling,(writer chooses descriptive anchor),proposed,pairing follows meaning
P-0588,/gemstones/sodalite/meaning,/gemstones/sodalite/affirmations,sibling,(writer chooses descriptive anchor),proposed,using the stone intentionally
P-0588,/gemstones/sodalite/meaning,/gemstones/sodalite/who-should-not-wear,sibling,(writer chooses descriptive anchor),proposed,cautions before adopting the stone
P-0588,/gemstones/sodalite/meaning,/learn/gemstone-vs-crystal-vs-mineral,seed-parent,(writer chooses descriptive anchor),proposed,site-wide guide this stone-specific page specialises
P-0588,/gemstones/sodalite/meaning,/crystals/crystals-for-connection,lateral,(writer chooses descriptive anchor),proposed,stone appears in this purpose guide
P-0588,/gemstones/sodalite/meaning,/crystals/crystals-for-concentration,lateral,(writer chooses descriptive anchor),proposed,stone appears in this purpose guide
P-0588,/gemstones/sodalite/meaning,/gemstones/zodiac/sagittarius,taxonomy,(writer chooses descriptive anchor),proposed,zodiac filter page
P-0589,/gemstones/sodalite/how-to-identify,/gemstones/sodalite,parent,(writer chooses descriptive anchor),proposed,the stone's hub page: full profile and properties
P-0589,/gemstones/sodalite/how-to-identify,/gemstones/sodalite/price-guide,sibling,(writer chooses descriptive anchor),proposed,price is an identification signal
P-0589,/gemstones/sodalite/how-to-identify,/gemstones/sodalite/meaning,sibling,(writer chooses descriptive anchor),proposed,what genuine material looks like
P-0589,/gemstones/sodalite/how-to-identify,/learn/are-online-crystals-real,seed-parent,(writer chooses descriptive anchor),proposed,site-wide guide this stone-specific page specialises
P-0589,/gemstones/sodalite/how-to-identify,/crystals/crystals-for-connection,lateral,(writer chooses descriptive anchor),proposed,stone appears in this purpose guide
P-0589,/gemstones/sodalite/how-to-identify,/crystals/crystals-for-concentration,lateral,(writer chooses descriptive anchor),proposed,stone appears in this purpose guide
P-0589,/gemstones/sodalite/how-to-identify,/compare/lab-created-vs-natural-gemstones,lateral,(writer chooses descriptive anchor),proposed,lab-grown vs natural is a distinct question from fake vs real
P-0590,/gemstones/sodalite/price-guide,/gemstones/sodalite,parent,(writer chooses descriptive anchor),proposed,the stone's hub page: full profile and properties
P-0590,/gemstones/sodalite/price-guide,/gemstones/sodalite/how-to-identify,sibling,(writer chooses descriptive anchor),proposed,avoid paying real-stone prices for imitations
P-0590,/gemstones/sodalite/price-guide,/learn/ethical-crystal-sourcing,seed-parent,(writer chooses descriptive anchor),proposed,site-wide guide this stone-specific page specialises
P-0590,/gemstones/sodalite/price-guide,/crystals/crystals-for-connection,lateral,(writer chooses descriptive anchor),proposed,stone appears in this purpose guide
P-0590,/gemstones/sodalite/price-guide,/crystals/crystals-for-concentration,lateral,(writer chooses descriptive anchor),proposed,stone appears in this purpose guide
P-0590,/gemstones/sodalite/price-guide,/learn/mohs-hardness-scale,lateral,(writer chooses descriptive anchor),proposed,durability affects value
P-0591,/gemstones/sodalite/combinations,/gemstones/sodalite,parent,(writer chooses descriptive anchor),proposed,the stone's hub page: full profile and properties
P-0591,/gemstones/sodalite/combinations,/gemstones/sodalite/meaning,sibling,(writer chooses descriptive anchor),proposed,the stone's own associations
P-0591,/gemstones/sodalite/combinations,/gemstones/sodalite/affirmations,sibling,(writer chooses descriptive anchor),proposed,pairing stones with intention
P-0591,/gemstones/sodalite/combinations,/learn/crystal-grids,seed-parent,(writer chooses descriptive anchor),proposed,site-wide guide this stone-specific page specialises
P-0591,/gemstones/sodalite/combinations,/crystals/crystals-for-connection,lateral,(writer chooses descriptive anchor),proposed,stone appears in this purpose guide
P-0591,/gemstones/sodalite/combinations,/crystals/crystals-for-concentration,lateral,(writer chooses descriptive anchor),proposed,stone appears in this purpose guide
P-0592,/gemstones/sodalite/affirmations,/gemstones/sodalite,parent,(writer chooses descriptive anchor),proposed,the stone's hub page: full profile and properties
P-0592,/gemstones/sodalite/affirmations,/gemstones/sodalite/meaning,sibling,(writer chooses descriptive anchor),proposed,associations the affirmations draw on
P-0592,/gemstones/sodalite/affirmations,/gemstones/sodalite/combinations,sibling,(writer chooses descriptive anchor),proposed,stones to hold alongside
P-0592,/gemstones/sodalite/affirmations,/learn/how-to-program-crystals,seed-parent,(writer chooses descriptive anchor),proposed,site-wide guide this stone-specific page specialises
P-0592,/gemstones/sodalite/affirmations,/crystals/crystals-for-connection,lateral,(writer chooses descriptive anchor),proposed,stone appears in this purpose guide
P-0592,/gemstones/sodalite/affirmations,/crystals/crystals-for-concentration,lateral,(writer chooses descriptive anchor),proposed,stone appears in this purpose guide
P-0593,/gemstones/strawberry-quartz/who-should-not-wear,/gemstones/strawberry-quartz,parent,(writer chooses descriptive anchor),proposed,the stone's hub page: full profile and properties
P-0593,/gemstones/strawberry-quartz/who-should-not-wear,/gemstones/strawberry-quartz/meaning,sibling,(writer chooses descriptive anchor),proposed,what the stone is traditionally for
P-0593,/gemstones/strawberry-quartz/who-should-not-wear,/gemstones/strawberry-quartz/sleeping-with,sibling,(writer chooses descriptive anchor),proposed,night-time use cautions
P-0593,/gemstones/strawberry-quartz/who-should-not-wear,/learn/crystal-healing-science,seed-parent,(writer chooses descriptive anchor),proposed,site-wide guide this stone-specific page specialises
P-0594,/gemstones/strawberry-quartz/how-to-cleanse,/gemstones/strawberry-quartz,parent,(writer chooses descriptive anchor),proposed,the stone's hub page: full profile and properties
P-0594,/gemstones/strawberry-quartz/how-to-cleanse,/gemstones/strawberry-quartz/can-go-in-water,sibling,(writer chooses descriptive anchor),proposed,whether water cleansing is safe for this stone
P-0594,/gemstones/strawberry-quartz/how-to-cleanse,/learn/how-to-cleanse-crystals,seed-parent,(writer chooses descriptive anchor),proposed,site-wide guide this stone-specific page specialises
P-0594,/gemstones/strawberry-quartz/how-to-cleanse,/learn/how-to-charge-crystals,next-step,(writer chooses descriptive anchor),proposed,charging follows cleansing
P-0595,/gemstones/strawberry-quartz/sleeping-with,/gemstones/strawberry-quartz,parent,(writer chooses descriptive anchor),proposed,the stone's hub page: full profile and properties
P-0595,/gemstones/strawberry-quartz/sleeping-with,/gemstones/strawberry-quartz/who-should-not-wear,sibling,(writer chooses descriptive anchor),proposed,who should avoid night-time use
P-0595,/gemstones/strawberry-quartz/sleeping-with,/gemstones/strawberry-quartz/affirmations,sibling,(writer chooses descriptive anchor),proposed,bedtime affirmation routine
P-0595,/gemstones/strawberry-quartz/sleeping-with,/crystals/crystals-for-sleep,seed-parent,(writer chooses descriptive anchor),proposed,site-wide guide this stone-specific page specialises
P-0596,/gemstones/strawberry-quartz/how-to-identify,/gemstones/strawberry-quartz,parent,(writer chooses descriptive anchor),proposed,the stone's hub page: full profile and properties
P-0596,/gemstones/strawberry-quartz/how-to-identify,/gemstones/strawberry-quartz/price-guide,sibling,(writer chooses descriptive anchor),proposed,price is an identification signal
P-0596,/gemstones/strawberry-quartz/how-to-identify,/gemstones/strawberry-quartz/meaning,sibling,(writer chooses descriptive anchor),proposed,what genuine material looks like
P-0596,/gemstones/strawberry-quartz/how-to-identify,/learn/are-online-crystals-real,seed-parent,(writer chooses descriptive anchor),proposed,site-wide guide this stone-specific page specialises
P-0596,/gemstones/strawberry-quartz/how-to-identify,/compare/lab-created-vs-natural-gemstones,lateral,(writer chooses descriptive anchor),proposed,lab-grown vs natural is a distinct question from fake vs real
P-0597,/gemstones/strawberry-quartz/price-guide,/gemstones/strawberry-quartz,parent,(writer chooses descriptive anchor),proposed,the stone's hub page: full profile and properties
P-0597,/gemstones/strawberry-quartz/price-guide,/gemstones/strawberry-quartz/how-to-identify,sibling,(writer chooses descriptive anchor),proposed,avoid paying real-stone prices for imitations
P-0597,/gemstones/strawberry-quartz/price-guide,/learn/ethical-crystal-sourcing,seed-parent,(writer chooses descriptive anchor),proposed,site-wide guide this stone-specific page specialises
P-0597,/gemstones/strawberry-quartz/price-guide,/learn/mohs-hardness-scale,lateral,(writer chooses descriptive anchor),proposed,durability affects value
P-0598,/gemstones/strawberry-quartz/combinations,/gemstones/strawberry-quartz,parent,(writer chooses descriptive anchor),proposed,the stone's hub page: full profile and properties
P-0598,/gemstones/strawberry-quartz/combinations,/gemstones/strawberry-quartz/meaning,sibling,(writer chooses descriptive anchor),proposed,the stone's own associations
P-0598,/gemstones/strawberry-quartz/combinations,/gemstones/strawberry-quartz/affirmations,sibling,(writer chooses descriptive anchor),proposed,pairing stones with intention
P-0598,/gemstones/strawberry-quartz/combinations,/learn/crystal-grids,seed-parent,(writer chooses descriptive anchor),proposed,site-wide guide this stone-specific page specialises
P-0599,/gemstones/strawberry-quartz/affirmations,/gemstones/strawberry-quartz,parent,(writer chooses descriptive anchor),proposed,the stone's hub page: full profile and properties
P-0599,/gemstones/strawberry-quartz/affirmations,/gemstones/strawberry-quartz/meaning,sibling,(writer chooses descriptive anchor),proposed,associations the affirmations draw on
P-0599,/gemstones/strawberry-quartz/affirmations,/gemstones/strawberry-quartz/combinations,sibling,(writer chooses descriptive anchor),proposed,stones to hold alongside
P-0599,/gemstones/strawberry-quartz/affirmations,/learn/how-to-program-crystals,seed-parent,(writer chooses descriptive anchor),proposed,site-wide guide this stone-specific page specialises
P-0600,/gemstones/sunstone/who-should-not-wear,/gemstones/sunstone,parent,(writer chooses descriptive anchor),proposed,the stone's hub page: full profile and properties
P-0600,/gemstones/sunstone/who-should-not-wear,/gemstones/sunstone/meaning,sibling,(writer chooses descriptive anchor),proposed,what the stone is traditionally for
P-0600,/gemstones/sunstone/who-should-not-wear,/gemstones/sunstone/sleeping-with,sibling,(writer chooses descriptive anchor),proposed,night-time use cautions
P-0600,/gemstones/sunstone/who-should-not-wear,/learn/crystal-healing-science,seed-parent,(writer chooses descriptive anchor),proposed,site-wide guide this stone-specific page specialises
P-0601,/gemstones/sunstone/how-to-cleanse,/gemstones/sunstone,parent,(writer chooses descriptive anchor),proposed,the stone's hub page: full profile and properties
P-0601,/gemstones/sunstone/how-to-cleanse,/gemstones/sunstone/can-go-in-water,sibling,(writer chooses descriptive anchor),proposed,whether water cleansing is safe for this stone
P-0601,/gemstones/sunstone/how-to-cleanse,/learn/how-to-cleanse-crystals,seed-parent,(writer chooses descriptive anchor),proposed,site-wide guide this stone-specific page specialises
P-0601,/gemstones/sunstone/how-to-cleanse,/learn/how-to-charge-crystals,next-step,(writer chooses descriptive anchor),proposed,charging follows cleansing
P-0602,/gemstones/sunstone/sleeping-with,/gemstones/sunstone,parent,(writer chooses descriptive anchor),proposed,the stone's hub page: full profile and properties
P-0602,/gemstones/sunstone/sleeping-with,/gemstones/sunstone/who-should-not-wear,sibling,(writer chooses descriptive anchor),proposed,who should avoid night-time use
P-0602,/gemstones/sunstone/sleeping-with,/gemstones/sunstone/affirmations,sibling,(writer chooses descriptive anchor),proposed,bedtime affirmation routine
P-0602,/gemstones/sunstone/sleeping-with,/crystals/crystals-for-sleep,seed-parent,(writer chooses descriptive anchor),proposed,site-wide guide this stone-specific page specialises
P-0603,/gemstones/sunstone/how-to-identify,/gemstones/sunstone,parent,(writer chooses descriptive anchor),proposed,the stone's hub page: full profile and properties
P-0603,/gemstones/sunstone/how-to-identify,/gemstones/sunstone/price-guide,sibling,(writer chooses descriptive anchor),proposed,price is an identification signal
P-0603,/gemstones/sunstone/how-to-identify,/gemstones/sunstone/meaning,sibling,(writer chooses descriptive anchor),proposed,what genuine material looks like
P-0603,/gemstones/sunstone/how-to-identify,/learn/are-online-crystals-real,seed-parent,(writer chooses descriptive anchor),proposed,site-wide guide this stone-specific page specialises
P-0603,/gemstones/sunstone/how-to-identify,/compare/lab-created-vs-natural-gemstones,lateral,(writer chooses descriptive anchor),proposed,lab-grown vs natural is a distinct question from fake vs real
P-0604,/gemstones/sunstone/price-guide,/gemstones/sunstone,parent,(writer chooses descriptive anchor),proposed,the stone's hub page: full profile and properties
P-0604,/gemstones/sunstone/price-guide,/gemstones/sunstone/how-to-identify,sibling,(writer chooses descriptive anchor),proposed,avoid paying real-stone prices for imitations
P-0604,/gemstones/sunstone/price-guide,/learn/ethical-crystal-sourcing,seed-parent,(writer chooses descriptive anchor),proposed,site-wide guide this stone-specific page specialises
P-0604,/gemstones/sunstone/price-guide,/learn/mohs-hardness-scale,lateral,(writer chooses descriptive anchor),proposed,durability affects value
P-0605,/gemstones/sunstone/combinations,/gemstones/sunstone,parent,(writer chooses descriptive anchor),proposed,the stone's hub page: full profile and properties
P-0605,/gemstones/sunstone/combinations,/gemstones/sunstone/meaning,sibling,(writer chooses descriptive anchor),proposed,the stone's own associations
P-0605,/gemstones/sunstone/combinations,/gemstones/sunstone/affirmations,sibling,(writer chooses descriptive anchor),proposed,pairing stones with intention
P-0605,/gemstones/sunstone/combinations,/learn/crystal-grids,seed-parent,(writer chooses descriptive anchor),proposed,site-wide guide this stone-specific page specialises
P-0606,/gemstones/sunstone/affirmations,/gemstones/sunstone,parent,(writer chooses descriptive anchor),proposed,the stone's hub page: full profile and properties
P-0606,/gemstones/sunstone/affirmations,/gemstones/sunstone/meaning,sibling,(writer chooses descriptive anchor),proposed,associations the affirmations draw on
P-0606,/gemstones/sunstone/affirmations,/gemstones/sunstone/combinations,sibling,(writer chooses descriptive anchor),proposed,stones to hold alongside
P-0606,/gemstones/sunstone/affirmations,/learn/how-to-program-crystals,seed-parent,(writer chooses descriptive anchor),proposed,site-wide guide this stone-specific page specialises
P-0607,/gemstones/tree-agate/who-should-not-wear,/gemstones/tree-agate,parent,(writer chooses descriptive anchor),proposed,the stone's hub page: full profile and properties
P-0607,/gemstones/tree-agate/who-should-not-wear,/gemstones/tree-agate/meaning,sibling,(writer chooses descriptive anchor),proposed,what the stone is traditionally for
P-0607,/gemstones/tree-agate/who-should-not-wear,/gemstones/tree-agate/sleeping-with,sibling,(writer chooses descriptive anchor),proposed,night-time use cautions
P-0607,/gemstones/tree-agate/who-should-not-wear,/learn/crystal-healing-science,seed-parent,(writer chooses descriptive anchor),proposed,site-wide guide this stone-specific page specialises
P-0608,/gemstones/tree-agate/how-to-cleanse,/gemstones/tree-agate,parent,(writer chooses descriptive anchor),proposed,the stone's hub page: full profile and properties
P-0608,/gemstones/tree-agate/how-to-cleanse,/gemstones/tree-agate/can-go-in-water,sibling,(writer chooses descriptive anchor),proposed,whether water cleansing is safe for this stone
P-0608,/gemstones/tree-agate/how-to-cleanse,/learn/how-to-cleanse-crystals,seed-parent,(writer chooses descriptive anchor),proposed,site-wide guide this stone-specific page specialises
P-0608,/gemstones/tree-agate/how-to-cleanse,/learn/how-to-charge-crystals,next-step,(writer chooses descriptive anchor),proposed,charging follows cleansing
P-0609,/gemstones/tree-agate/can-go-in-water,/gemstones/tree-agate,parent,(writer chooses descriptive anchor),proposed,the stone's hub page: full profile and properties
P-0609,/gemstones/tree-agate/can-go-in-water,/gemstones/tree-agate/how-to-cleanse,sibling,(writer chooses descriptive anchor),proposed,water is one cleansing method among several
P-0609,/gemstones/tree-agate/can-go-in-water,/learn/what-crystals-can-go-in-water,seed-parent,(writer chooses descriptive anchor),proposed,site-wide guide this stone-specific page specialises
P-0609,/gemstones/tree-agate/can-go-in-water,/learn/salt-safe-crystals,lateral,(writer chooses descriptive anchor),proposed,salt cleansing is the common follow-up question
P-0609,/gemstones/tree-agate/can-go-in-water,/learn/sun-safe-crystals,lateral,(writer chooses descriptive anchor),proposed,sun charging after washing
P-0610,/gemstones/tree-agate/sleeping-with,/gemstones/tree-agate,parent,(writer chooses descriptive anchor),proposed,the stone's hub page: full profile and properties
P-0610,/gemstones/tree-agate/sleeping-with,/gemstones/tree-agate/who-should-not-wear,sibling,(writer chooses descriptive anchor),proposed,who should avoid night-time use
P-0610,/gemstones/tree-agate/sleeping-with,/gemstones/tree-agate/affirmations,sibling,(writer chooses descriptive anchor),proposed,bedtime affirmation routine
P-0610,/gemstones/tree-agate/sleeping-with,/crystals/crystals-for-sleep,seed-parent,(writer chooses descriptive anchor),proposed,site-wide guide this stone-specific page specialises
P-0611,/gemstones/tree-agate/how-to-identify,/gemstones/tree-agate,parent,(writer chooses descriptive anchor),proposed,the stone's hub page: full profile and properties
P-0611,/gemstones/tree-agate/how-to-identify,/gemstones/tree-agate/price-guide,sibling,(writer chooses descriptive anchor),proposed,price is an identification signal
P-0611,/gemstones/tree-agate/how-to-identify,/gemstones/tree-agate/meaning,sibling,(writer chooses descriptive anchor),proposed,what genuine material looks like
P-0611,/gemstones/tree-agate/how-to-identify,/learn/are-online-crystals-real,seed-parent,(writer chooses descriptive anchor),proposed,site-wide guide this stone-specific page specialises
P-0611,/gemstones/tree-agate/how-to-identify,/compare/lab-created-vs-natural-gemstones,lateral,(writer chooses descriptive anchor),proposed,lab-grown vs natural is a distinct question from fake vs real
P-0612,/gemstones/tree-agate/price-guide,/gemstones/tree-agate,parent,(writer chooses descriptive anchor),proposed,the stone's hub page: full profile and properties
P-0612,/gemstones/tree-agate/price-guide,/gemstones/tree-agate/how-to-identify,sibling,(writer chooses descriptive anchor),proposed,avoid paying real-stone prices for imitations
P-0612,/gemstones/tree-agate/price-guide,/learn/ethical-crystal-sourcing,seed-parent,(writer chooses descriptive anchor),proposed,site-wide guide this stone-specific page specialises
P-0612,/gemstones/tree-agate/price-guide,/learn/mohs-hardness-scale,lateral,(writer chooses descriptive anchor),proposed,durability affects value
P-0613,/gemstones/tree-agate/combinations,/gemstones/tree-agate,parent,(writer chooses descriptive anchor),proposed,the stone's hub page: full profile and properties
P-0613,/gemstones/tree-agate/combinations,/gemstones/tree-agate/meaning,sibling,(writer chooses descriptive anchor),proposed,the stone's own associations
P-0613,/gemstones/tree-agate/combinations,/gemstones/tree-agate/affirmations,sibling,(writer chooses descriptive anchor),proposed,pairing stones with intention
P-0613,/gemstones/tree-agate/combinations,/learn/crystal-grids,seed-parent,(writer chooses descriptive anchor),proposed,site-wide guide this stone-specific page specialises
P-0614,/gemstones/tree-agate/affirmations,/gemstones/tree-agate,parent,(writer chooses descriptive anchor),proposed,the stone's hub page: full profile and properties
P-0614,/gemstones/tree-agate/affirmations,/gemstones/tree-agate/meaning,sibling,(writer chooses descriptive anchor),proposed,associations the affirmations draw on
P-0614,/gemstones/tree-agate/affirmations,/gemstones/tree-agate/combinations,sibling,(writer chooses descriptive anchor),proposed,stones to hold alongside
P-0614,/gemstones/tree-agate/affirmations,/learn/how-to-program-crystals,seed-parent,(writer chooses descriptive anchor),proposed,site-wide guide this stone-specific page specialises
P-0615,/gemstones/white-agate/who-should-not-wear,/gemstones/white-agate,parent,(writer chooses descriptive anchor),proposed,the stone's hub page: full profile and properties
P-0615,/gemstones/white-agate/who-should-not-wear,/gemstones/white-agate/meaning,sibling,(writer chooses descriptive anchor),proposed,what the stone is traditionally for
P-0615,/gemstones/white-agate/who-should-not-wear,/gemstones/white-agate/sleeping-with,sibling,(writer chooses descriptive anchor),proposed,night-time use cautions
P-0615,/gemstones/white-agate/who-should-not-wear,/learn/crystal-healing-science,seed-parent,(writer chooses descriptive anchor),proposed,site-wide guide this stone-specific page specialises
P-0616,/gemstones/white-agate/how-to-cleanse,/gemstones/white-agate,parent,(writer chooses descriptive anchor),proposed,the stone's hub page: full profile and properties
P-0616,/gemstones/white-agate/how-to-cleanse,/gemstones/white-agate/can-go-in-water,sibling,(writer chooses descriptive anchor),proposed,whether water cleansing is safe for this stone
P-0616,/gemstones/white-agate/how-to-cleanse,/learn/how-to-cleanse-crystals,seed-parent,(writer chooses descriptive anchor),proposed,site-wide guide this stone-specific page specialises
P-0616,/gemstones/white-agate/how-to-cleanse,/learn/how-to-charge-crystals,next-step,(writer chooses descriptive anchor),proposed,charging follows cleansing
P-0617,/gemstones/white-agate/can-go-in-water,/gemstones/white-agate,parent,(writer chooses descriptive anchor),proposed,the stone's hub page: full profile and properties
P-0617,/gemstones/white-agate/can-go-in-water,/gemstones/white-agate/how-to-cleanse,sibling,(writer chooses descriptive anchor),proposed,water is one cleansing method among several
P-0617,/gemstones/white-agate/can-go-in-water,/learn/what-crystals-can-go-in-water,seed-parent,(writer chooses descriptive anchor),proposed,site-wide guide this stone-specific page specialises
P-0617,/gemstones/white-agate/can-go-in-water,/learn/salt-safe-crystals,lateral,(writer chooses descriptive anchor),proposed,salt cleansing is the common follow-up question
P-0617,/gemstones/white-agate/can-go-in-water,/learn/sun-safe-crystals,lateral,(writer chooses descriptive anchor),proposed,sun charging after washing
P-0618,/gemstones/white-agate/sleeping-with,/gemstones/white-agate,parent,(writer chooses descriptive anchor),proposed,the stone's hub page: full profile and properties
P-0618,/gemstones/white-agate/sleeping-with,/gemstones/white-agate/who-should-not-wear,sibling,(writer chooses descriptive anchor),proposed,who should avoid night-time use
P-0618,/gemstones/white-agate/sleeping-with,/gemstones/white-agate/affirmations,sibling,(writer chooses descriptive anchor),proposed,bedtime affirmation routine
P-0618,/gemstones/white-agate/sleeping-with,/crystals/crystals-for-sleep,seed-parent,(writer chooses descriptive anchor),proposed,site-wide guide this stone-specific page specialises
P-0619,/gemstones/white-agate/how-to-identify,/gemstones/white-agate,parent,(writer chooses descriptive anchor),proposed,the stone's hub page: full profile and properties
P-0619,/gemstones/white-agate/how-to-identify,/gemstones/white-agate/price-guide,sibling,(writer chooses descriptive anchor),proposed,price is an identification signal
P-0619,/gemstones/white-agate/how-to-identify,/gemstones/white-agate/meaning,sibling,(writer chooses descriptive anchor),proposed,what genuine material looks like
P-0619,/gemstones/white-agate/how-to-identify,/learn/are-online-crystals-real,seed-parent,(writer chooses descriptive anchor),proposed,site-wide guide this stone-specific page specialises
P-0619,/gemstones/white-agate/how-to-identify,/compare/lab-created-vs-natural-gemstones,lateral,(writer chooses descriptive anchor),proposed,lab-grown vs natural is a distinct question from fake vs real
P-0620,/gemstones/white-agate/price-guide,/gemstones/white-agate,parent,(writer chooses descriptive anchor),proposed,the stone's hub page: full profile and properties
P-0620,/gemstones/white-agate/price-guide,/gemstones/white-agate/how-to-identify,sibling,(writer chooses descriptive anchor),proposed,avoid paying real-stone prices for imitations
P-0620,/gemstones/white-agate/price-guide,/learn/ethical-crystal-sourcing,seed-parent,(writer chooses descriptive anchor),proposed,site-wide guide this stone-specific page specialises
P-0620,/gemstones/white-agate/price-guide,/learn/mohs-hardness-scale,lateral,(writer chooses descriptive anchor),proposed,durability affects value
P-0621,/gemstones/white-agate/combinations,/gemstones/white-agate,parent,(writer chooses descriptive anchor),proposed,the stone's hub page: full profile and properties
P-0621,/gemstones/white-agate/combinations,/gemstones/white-agate/meaning,sibling,(writer chooses descriptive anchor),proposed,the stone's own associations
P-0621,/gemstones/white-agate/combinations,/gemstones/white-agate/affirmations,sibling,(writer chooses descriptive anchor),proposed,pairing stones with intention
P-0621,/gemstones/white-agate/combinations,/learn/crystal-grids,seed-parent,(writer chooses descriptive anchor),proposed,site-wide guide this stone-specific page specialises
P-0622,/gemstones/white-agate/affirmations,/gemstones/white-agate,parent,(writer chooses descriptive anchor),proposed,the stone's hub page: full profile and properties
P-0622,/gemstones/white-agate/affirmations,/gemstones/white-agate/meaning,sibling,(writer chooses descriptive anchor),proposed,associations the affirmations draw on
P-0622,/gemstones/white-agate/affirmations,/gemstones/white-agate/combinations,sibling,(writer chooses descriptive anchor),proposed,stones to hold alongside
P-0622,/gemstones/white-agate/affirmations,/learn/how-to-program-crystals,seed-parent,(writer chooses descriptive anchor),proposed,site-wide guide this stone-specific page specialises
P-0623,/gemstones/white-quartz/who-should-not-wear,/gemstones/white-quartz,parent,(writer chooses descriptive anchor),proposed,the stone's hub page: full profile and properties
P-0623,/gemstones/white-quartz/who-should-not-wear,/gemstones/white-quartz/meaning,sibling,(writer chooses descriptive anchor),proposed,what the stone is traditionally for
P-0623,/gemstones/white-quartz/who-should-not-wear,/gemstones/white-quartz/sleeping-with,sibling,(writer chooses descriptive anchor),proposed,night-time use cautions
P-0623,/gemstones/white-quartz/who-should-not-wear,/learn/crystal-healing-science,seed-parent,(writer chooses descriptive anchor),proposed,site-wide guide this stone-specific page specialises
P-0624,/gemstones/white-quartz/how-to-cleanse,/gemstones/white-quartz,parent,(writer chooses descriptive anchor),proposed,the stone's hub page: full profile and properties
P-0624,/gemstones/white-quartz/how-to-cleanse,/gemstones/white-quartz/can-go-in-water,sibling,(writer chooses descriptive anchor),proposed,whether water cleansing is safe for this stone
P-0624,/gemstones/white-quartz/how-to-cleanse,/learn/how-to-cleanse-crystals,seed-parent,(writer chooses descriptive anchor),proposed,site-wide guide this stone-specific page specialises
P-0624,/gemstones/white-quartz/how-to-cleanse,/learn/how-to-charge-crystals,next-step,(writer chooses descriptive anchor),proposed,charging follows cleansing
P-0625,/gemstones/white-quartz/can-go-in-water,/gemstones/white-quartz,parent,(writer chooses descriptive anchor),proposed,the stone's hub page: full profile and properties
P-0625,/gemstones/white-quartz/can-go-in-water,/gemstones/white-quartz/how-to-cleanse,sibling,(writer chooses descriptive anchor),proposed,water is one cleansing method among several
P-0625,/gemstones/white-quartz/can-go-in-water,/learn/what-crystals-can-go-in-water,seed-parent,(writer chooses descriptive anchor),proposed,site-wide guide this stone-specific page specialises
P-0625,/gemstones/white-quartz/can-go-in-water,/learn/salt-safe-crystals,lateral,(writer chooses descriptive anchor),proposed,salt cleansing is the common follow-up question
P-0625,/gemstones/white-quartz/can-go-in-water,/learn/sun-safe-crystals,lateral,(writer chooses descriptive anchor),proposed,sun charging after washing
P-0626,/gemstones/white-quartz/sleeping-with,/gemstones/white-quartz,parent,(writer chooses descriptive anchor),proposed,the stone's hub page: full profile and properties
P-0626,/gemstones/white-quartz/sleeping-with,/gemstones/white-quartz/who-should-not-wear,sibling,(writer chooses descriptive anchor),proposed,who should avoid night-time use
P-0626,/gemstones/white-quartz/sleeping-with,/gemstones/white-quartz/affirmations,sibling,(writer chooses descriptive anchor),proposed,bedtime affirmation routine
P-0626,/gemstones/white-quartz/sleeping-with,/crystals/crystals-for-sleep,seed-parent,(writer chooses descriptive anchor),proposed,site-wide guide this stone-specific page specialises
P-0627,/gemstones/white-quartz/how-to-identify,/gemstones/white-quartz,parent,(writer chooses descriptive anchor),proposed,the stone's hub page: full profile and properties
P-0627,/gemstones/white-quartz/how-to-identify,/gemstones/white-quartz/price-guide,sibling,(writer chooses descriptive anchor),proposed,price is an identification signal
P-0627,/gemstones/white-quartz/how-to-identify,/gemstones/white-quartz/meaning,sibling,(writer chooses descriptive anchor),proposed,what genuine material looks like
P-0627,/gemstones/white-quartz/how-to-identify,/learn/are-online-crystals-real,seed-parent,(writer chooses descriptive anchor),proposed,site-wide guide this stone-specific page specialises
P-0627,/gemstones/white-quartz/how-to-identify,/compare/lab-created-vs-natural-gemstones,lateral,(writer chooses descriptive anchor),proposed,lab-grown vs natural is a distinct question from fake vs real
P-0628,/gemstones/white-quartz/price-guide,/gemstones/white-quartz,parent,(writer chooses descriptive anchor),proposed,the stone's hub page: full profile and properties
P-0628,/gemstones/white-quartz/price-guide,/gemstones/white-quartz/how-to-identify,sibling,(writer chooses descriptive anchor),proposed,avoid paying real-stone prices for imitations
P-0628,/gemstones/white-quartz/price-guide,/learn/ethical-crystal-sourcing,seed-parent,(writer chooses descriptive anchor),proposed,site-wide guide this stone-specific page specialises
P-0628,/gemstones/white-quartz/price-guide,/learn/mohs-hardness-scale,lateral,(writer chooses descriptive anchor),proposed,durability affects value
P-0629,/gemstones/white-quartz/combinations,/gemstones/white-quartz,parent,(writer chooses descriptive anchor),proposed,the stone's hub page: full profile and properties
P-0629,/gemstones/white-quartz/combinations,/gemstones/white-quartz/meaning,sibling,(writer chooses descriptive anchor),proposed,the stone's own associations
P-0629,/gemstones/white-quartz/combinations,/gemstones/white-quartz/affirmations,sibling,(writer chooses descriptive anchor),proposed,pairing stones with intention
P-0629,/gemstones/white-quartz/combinations,/learn/crystal-grids,seed-parent,(writer chooses descriptive anchor),proposed,site-wide guide this stone-specific page specialises
P-0630,/gemstones/white-quartz/affirmations,/gemstones/white-quartz,parent,(writer chooses descriptive anchor),proposed,the stone's hub page: full profile and properties
P-0630,/gemstones/white-quartz/affirmations,/gemstones/white-quartz/meaning,sibling,(writer chooses descriptive anchor),proposed,associations the affirmations draw on
P-0630,/gemstones/white-quartz/affirmations,/gemstones/white-quartz/combinations,sibling,(writer chooses descriptive anchor),proposed,stones to hold alongside
P-0630,/gemstones/white-quartz/affirmations,/learn/how-to-program-crystals,seed-parent,(writer chooses descriptive anchor),proposed,site-wide guide this stone-specific page specialises
P-0631,/crystals/crystals-for-anxiety,/gemstones,parent,(writer chooses descriptive anchor),proposed,stone directory with healing-power filter
P-0631,/crystals/crystals-for-anxiety,/learn/how-to-start-crystal-collection,lateral,(writer chooses descriptive anchor),proposed,beginner context
P-0631,/crystals/crystals-for-anxiety,/learn/how-to-cleanse-crystals,next-step,(writer chooses descriptive anchor),proposed,care after choosing
P-0632,/crystals/crystals-for-sleep,/gemstones,parent,(writer chooses descriptive anchor),proposed,stone directory with healing-power filter
P-0632,/crystals/crystals-for-sleep,/learn/how-to-start-crystal-collection,lateral,(writer chooses descriptive anchor),proposed,beginner context
P-0632,/crystals/crystals-for-sleep,/learn/how-to-cleanse-crystals,next-step,(writer chooses descriptive anchor),proposed,care after choosing
P-0632,/crystals/crystals-for-sleep,/learn/crystal-meditation,lateral,(writer chooses descriptive anchor),proposed,wind-down practice
P-0633,/crystals/crystals-for-protection,/gemstones,parent,(writer chooses descriptive anchor),proposed,stone directory with healing-power filter
P-0633,/crystals/crystals-for-protection,/learn/how-to-start-crystal-collection,lateral,(writer chooses descriptive anchor),proposed,beginner context
P-0633,/crystals/crystals-for-protection,/learn/how-to-cleanse-crystals,next-step,(writer chooses descriptive anchor),proposed,care after choosing
P-0634,/crystals/crystals-for-love,/gemstones,parent,(writer chooses descriptive anchor),proposed,stone directory with healing-power filter
P-0634,/crystals/crystals-for-love,/learn/how-to-start-crystal-collection,lateral,(writer chooses descriptive anchor),proposed,beginner context
P-0634,/crystals/crystals-for-love,/learn/how-to-cleanse-crystals,next-step,(writer chooses descriptive anchor),proposed,care after choosing
P-0635,/crystals/crystals-for-grief,/gemstones,parent,(writer chooses descriptive anchor),proposed,stone directory with healing-power filter
P-0635,/crystals/crystals-for-grief,/learn/how-to-start-crystal-collection,lateral,(writer chooses descriptive anchor),proposed,beginner context
P-0635,/crystals/crystals-for-grief,/learn/how-to-cleanse-crystals,next-step,(writer chooses descriptive anchor),proposed,care after choosing
P-0636,/crystals/crystals-for-concentration,/gemstones,parent,(writer chooses descriptive anchor),proposed,stone directory with healing-power filter
P-0636,/crystals/crystals-for-concentration,/learn/how-to-start-crystal-collection,lateral,(writer chooses descriptive anchor),proposed,beginner context
P-0636,/crystals/crystals-for-concentration,/learn/how-to-cleanse-crystals,next-step,(writer chooses descriptive anchor),proposed,care after choosing
P-0637,/crystals/crystals-for-money,/gemstones,parent,(writer chooses descriptive anchor),proposed,stone directory with healing-power filter
P-0637,/crystals/crystals-for-money,/learn/how-to-start-crystal-collection,lateral,(writer chooses descriptive anchor),proposed,beginner context
P-0637,/crystals/crystals-for-money,/learn/how-to-cleanse-crystals,next-step,(writer chooses descriptive anchor),proposed,care after choosing
P-0638,/crystals/crystals-for-confidence,/gemstones,parent,(writer chooses descriptive anchor),proposed,stone directory with healing-power filter
P-0638,/crystals/crystals-for-confidence,/learn/how-to-start-crystal-collection,lateral,(writer chooses descriptive anchor),proposed,beginner context
P-0638,/crystals/crystals-for-confidence,/learn/how-to-cleanse-crystals,next-step,(writer chooses descriptive anchor),proposed,care after choosing
P-0639,/crystals/crystals-for-meditation,/gemstones,parent,(writer chooses descriptive anchor),proposed,stone directory with healing-power filter
P-0639,/crystals/crystals-for-meditation,/learn/how-to-start-crystal-collection,lateral,(writer chooses descriptive anchor),proposed,beginner context
P-0639,/crystals/crystals-for-meditation,/learn/how-to-cleanse-crystals,next-step,(writer chooses descriptive anchor),proposed,care after choosing
P-0639,/crystals/crystals-for-meditation,/learn/crystal-meditation,lateral,(writer chooses descriptive anchor),proposed,how-to practice; this page picks the stones
P-0640,/crystals/crystals-for-healing,/gemstones,parent,(writer chooses descriptive anchor),proposed,stone directory with healing-power filter
P-0640,/crystals/crystals-for-healing,/learn/how-to-start-crystal-collection,lateral,(writer chooses descriptive anchor),proposed,beginner context
P-0640,/crystals/crystals-for-healing,/learn/how-to-cleanse-crystals,next-step,(writer chooses descriptive anchor),proposed,care after choosing
P-0640,/crystals/crystals-for-healing,/learn/crystal-healing-science,lateral,(writer chooses descriptive anchor),proposed,evidence stance readers should see
P-0641,/crystals/crystals-for-creativity,/gemstones,parent,(writer chooses descriptive anchor),proposed,stone directory with healing-power filter
P-0641,/crystals/crystals-for-creativity,/learn/how-to-start-crystal-collection,lateral,(writer chooses descriptive anchor),proposed,beginner context
P-0641,/crystals/crystals-for-creativity,/learn/how-to-cleanse-crystals,next-step,(writer chooses descriptive anchor),proposed,care after choosing
P-0642,/crystals/crystals-for-grounding,/gemstones,parent,(writer chooses descriptive anchor),proposed,stone directory with healing-power filter
P-0642,/crystals/crystals-for-grounding,/learn/how-to-start-crystal-collection,lateral,(writer chooses descriptive anchor),proposed,beginner context
P-0642,/crystals/crystals-for-grounding,/learn/how-to-cleanse-crystals,next-step,(writer chooses descriptive anchor),proposed,care after choosing
P-0643,/crystals/crystals-for-pregnancy,/gemstones,parent,(writer chooses descriptive anchor),proposed,stone directory with healing-power filter
P-0643,/crystals/crystals-for-pregnancy,/learn/how-to-start-crystal-collection,lateral,(writer chooses descriptive anchor),proposed,beginner context
P-0643,/crystals/crystals-for-pregnancy,/learn/how-to-cleanse-crystals,next-step,(writer chooses descriptive anchor),proposed,care after choosing
P-0644,/crystals/crystals-for-students,/gemstones,parent,(writer chooses descriptive anchor),proposed,stone directory with healing-power filter
P-0644,/crystals/crystals-for-students,/learn/how-to-start-crystal-collection,lateral,(writer chooses descriptive anchor),proposed,beginner context
P-0644,/crystals/crystals-for-students,/learn/how-to-cleanse-crystals,next-step,(writer chooses descriptive anchor),proposed,care after choosing
P-0645,/crystals/crystals-for-travel,/gemstones,parent,(writer chooses descriptive anchor),proposed,stone directory with healing-power filter
P-0645,/crystals/crystals-for-travel,/learn/how-to-start-crystal-collection,lateral,(writer chooses descriptive anchor),proposed,beginner context
P-0645,/crystals/crystals-for-travel,/learn/how-to-cleanse-crystals,next-step,(writer chooses descriptive anchor),proposed,care after choosing
P-0646,/crystals/crystals-for-beginners,/gemstones,parent,(writer chooses descriptive anchor),proposed,stone directory with healing-power filter
P-0646,/crystals/crystals-for-beginners,/learn/how-to-start-crystal-collection,lateral,(writer chooses descriptive anchor),proposed,beginner context
P-0646,/crystals/crystals-for-beginners,/learn/how-to-cleanse-crystals,next-step,(writer chooses descriptive anchor),proposed,care after choosing
P-0647,/crystals/crystals-for-new-home,/gemstones,parent,(writer chooses descriptive anchor),proposed,stone directory with healing-power filter
P-0647,/crystals/crystals-for-new-home,/learn/how-to-start-crystal-collection,lateral,(writer chooses descriptive anchor),proposed,beginner context
P-0647,/crystals/crystals-for-new-home,/learn/how-to-cleanse-crystals,next-step,(writer chooses descriptive anchor),proposed,care after choosing
P-0648,/crystals/crystals-for-workplace,/gemstones,parent,(writer chooses descriptive anchor),proposed,stone directory with healing-power filter
P-0648,/crystals/crystals-for-workplace,/learn/how-to-start-crystal-collection,lateral,(writer chooses descriptive anchor),proposed,beginner context
P-0648,/crystals/crystals-for-workplace,/learn/how-to-cleanse-crystals,next-step,(writer chooses descriptive anchor),proposed,care after choosing
P-0649,/crystals/crystals-for-jealousy,/gemstones,parent,(writer chooses descriptive anchor),proposed,stone directory with healing-power filter
P-0649,/crystals/crystals-for-jealousy,/learn/how-to-start-crystal-collection,lateral,(writer chooses descriptive anchor),proposed,beginner context
P-0649,/crystals/crystals-for-jealousy,/learn/how-to-cleanse-crystals,next-step,(writer chooses descriptive anchor),proposed,care after choosing
P-0650,/crystals/crystals-for-independence,/gemstones,parent,(writer chooses descriptive anchor),proposed,stone directory with healing-power filter
P-0650,/crystals/crystals-for-independence,/learn/how-to-start-crystal-collection,lateral,(writer chooses descriptive anchor),proposed,beginner context
P-0650,/crystals/crystals-for-independence,/learn/how-to-cleanse-crystals,next-step,(writer chooses descriptive anchor),proposed,care after choosing
P-0651,/crystals/crystals-for-tarot,/gemstones,parent,(writer chooses descriptive anchor),proposed,stone directory with healing-power filter
P-0651,/crystals/crystals-for-tarot,/learn/how-to-start-crystal-collection,lateral,(writer chooses descriptive anchor),proposed,beginner context
P-0651,/crystals/crystals-for-tarot,/learn/how-to-cleanse-crystals,next-step,(writer chooses descriptive anchor),proposed,care after choosing
P-0652,/crystals/crystals-for-self-love,/gemstones,parent,(writer chooses descriptive anchor),proposed,stone directory with healing-power filter
P-0652,/crystals/crystals-for-self-love,/learn/how-to-start-crystal-collection,lateral,(writer chooses descriptive anchor),proposed,beginner context
P-0652,/crystals/crystals-for-self-love,/learn/how-to-cleanse-crystals,next-step,(writer chooses descriptive anchor),proposed,care after choosing
P-0653,/crystals/crystals-for-nightmares,/gemstones,parent,(writer chooses descriptive anchor),proposed,stone directory with healing-power filter
P-0653,/crystals/crystals-for-nightmares,/learn/how-to-start-crystal-collection,lateral,(writer chooses descriptive anchor),proposed,beginner context
P-0653,/crystals/crystals-for-nightmares,/learn/how-to-cleanse-crystals,next-step,(writer chooses descriptive anchor),proposed,care after choosing
P-0654,/crystals/crystals-for-nurses,/gemstones,parent,(writer chooses descriptive anchor),proposed,stone directory with healing-power filter
P-0654,/crystals/crystals-for-nurses,/learn/how-to-start-crystal-collection,lateral,(writer chooses descriptive anchor),proposed,beginner context
P-0654,/crystals/crystals-for-nurses,/learn/how-to-cleanse-crystals,next-step,(writer chooses descriptive anchor),proposed,care after choosing
P-0655,/crystals/crystals-for-connection,/gemstones,parent,(writer chooses descriptive anchor),proposed,stone directory with healing-power filter
P-0655,/crystals/crystals-for-connection,/learn/how-to-start-crystal-collection,lateral,(writer chooses descriptive anchor),proposed,beginner context
P-0655,/crystals/crystals-for-connection,/learn/how-to-cleanse-crystals,next-step,(writer chooses descriptive anchor),proposed,care after choosing
P-0656,/crystals/citrine-and-amethyst-together,/gemstones/citrine,parent,(writer chooses descriptive anchor),proposed,stone profile
P-0656,/crystals/citrine-and-amethyst-together,/gemstones/citrine/combinations,seed-parent,(writer chooses descriptive anchor),proposed,all pairings for this stone
P-0656,/crystals/citrine-and-amethyst-together,/gemstones/amethyst,parent,(writer chooses descriptive anchor),proposed,stone profile
P-0656,/crystals/citrine-and-amethyst-together,/gemstones/amethyst/combinations,seed-parent,(writer chooses descriptive anchor),proposed,all pairings for this stone
P-0656,/crystals/citrine-and-amethyst-together,/learn/crystal-grids,lateral,(writer chooses descriptive anchor),proposed,using pairs in a grid
P-0657,/crystals/rose-quartz-and-amethyst-together,/gemstones/rose-quartz,parent,(writer chooses descriptive anchor),proposed,stone profile
P-0657,/crystals/rose-quartz-and-amethyst-together,/gemstones/rose-quartz/combinations,seed-parent,(writer chooses descriptive anchor),proposed,all pairings for this stone
P-0657,/crystals/rose-quartz-and-amethyst-together,/gemstones/amethyst,parent,(writer chooses descriptive anchor),proposed,stone profile
P-0657,/crystals/rose-quartz-and-amethyst-together,/gemstones/amethyst/combinations,seed-parent,(writer chooses descriptive anchor),proposed,all pairings for this stone
P-0657,/crystals/rose-quartz-and-amethyst-together,/learn/crystal-grids,lateral,(writer chooses descriptive anchor),proposed,using pairs in a grid
P-0658,/crystals/black-tourmaline-and-amethyst-together,/gemstones/black-tourmaline,parent,(writer chooses descriptive anchor),proposed,stone profile
P-0658,/crystals/black-tourmaline-and-amethyst-together,/gemstones/black-tourmaline/combinations,seed-parent,(writer chooses descriptive anchor),proposed,all pairings for this stone
P-0658,/crystals/black-tourmaline-and-amethyst-together,/gemstones/amethyst,parent,(writer chooses descriptive anchor),proposed,stone profile
P-0658,/crystals/black-tourmaline-and-amethyst-together,/gemstones/amethyst/combinations,seed-parent,(writer chooses descriptive anchor),proposed,all pairings for this stone
P-0658,/crystals/black-tourmaline-and-amethyst-together,/learn/crystal-grids,lateral,(writer chooses descriptive anchor),proposed,using pairs in a grid
P-0659,/crystals/turquoise-and-amethyst-together,/gemstones/turquoise,parent,(writer chooses descriptive anchor),proposed,stone profile
P-0659,/crystals/turquoise-and-amethyst-together,/gemstones/turquoise/combinations,seed-parent,(writer chooses descriptive anchor),proposed,all pairings for this stone
P-0659,/crystals/turquoise-and-amethyst-together,/gemstones/amethyst,parent,(writer chooses descriptive anchor),proposed,stone profile
P-0659,/crystals/turquoise-and-amethyst-together,/gemstones/amethyst/combinations,seed-parent,(writer chooses descriptive anchor),proposed,all pairings for this stone
P-0659,/crystals/turquoise-and-amethyst-together,/learn/crystal-grids,lateral,(writer chooses descriptive anchor),proposed,using pairs in a grid
P-0660,/crystals/tiger-eye-and-citrine-together,/gemstones/tiger-eye,parent,(writer chooses descriptive anchor),proposed,stone profile
P-0660,/crystals/tiger-eye-and-citrine-together,/gemstones/tiger-eye/combinations,seed-parent,(writer chooses descriptive anchor),proposed,all pairings for this stone
P-0660,/crystals/tiger-eye-and-citrine-together,/gemstones/citrine,parent,(writer chooses descriptive anchor),proposed,stone profile
P-0660,/crystals/tiger-eye-and-citrine-together,/gemstones/citrine/combinations,seed-parent,(writer chooses descriptive anchor),proposed,all pairings for this stone
P-0660,/crystals/tiger-eye-and-citrine-together,/learn/crystal-grids,lateral,(writer chooses descriptive anchor),proposed,using pairs in a grid
P-0661,/crystals/moldavite-and-rose-quartz-together,/gemstones/moldavite,parent,(writer chooses descriptive anchor),proposed,stone profile
P-0661,/crystals/moldavite-and-rose-quartz-together,/gemstones/moldavite/combinations,seed-parent,(writer chooses descriptive anchor),proposed,all pairings for this stone
P-0661,/crystals/moldavite-and-rose-quartz-together,/gemstones/rose-quartz,parent,(writer chooses descriptive anchor),proposed,stone profile
P-0661,/crystals/moldavite-and-rose-quartz-together,/gemstones/rose-quartz/combinations,seed-parent,(writer chooses descriptive anchor),proposed,all pairings for this stone
P-0661,/crystals/moldavite-and-rose-quartz-together,/learn/crystal-grids,lateral,(writer chooses descriptive anchor),proposed,using pairs in a grid
P-0662,/crystals/pyrite-and-citrine-together,/gemstones/pyrite,parent,(writer chooses descriptive anchor),proposed,stone profile
P-0662,/crystals/pyrite-and-citrine-together,/gemstones/pyrite/combinations,seed-parent,(writer chooses descriptive anchor),proposed,all pairings for this stone
P-0662,/crystals/pyrite-and-citrine-together,/gemstones/citrine,parent,(writer chooses descriptive anchor),proposed,stone profile
P-0662,/crystals/pyrite-and-citrine-together,/gemstones/citrine/combinations,seed-parent,(writer chooses descriptive anchor),proposed,all pairings for this stone
P-0662,/crystals/pyrite-and-citrine-together,/learn/crystal-grids,lateral,(writer chooses descriptive anchor),proposed,using pairs in a grid
P-0663,/crystals/lapis-lazuli-and-amethyst-together,/gemstones/lapis-lazuli,parent,(writer chooses descriptive anchor),proposed,stone profile
P-0663,/crystals/lapis-lazuli-and-amethyst-together,/gemstones/lapis-lazuli/combinations,seed-parent,(writer chooses descriptive anchor),proposed,all pairings for this stone
P-0663,/crystals/lapis-lazuli-and-amethyst-together,/gemstones/amethyst,parent,(writer chooses descriptive anchor),proposed,stone profile
P-0663,/crystals/lapis-lazuli-and-amethyst-together,/gemstones/amethyst/combinations,seed-parent,(writer chooses descriptive anchor),proposed,all pairings for this stone
P-0663,/crystals/lapis-lazuli-and-amethyst-together,/learn/crystal-grids,lateral,(writer chooses descriptive anchor),proposed,using pairs in a grid
P-0664,/crystals/obsidian-and-black-tourmaline-together,/gemstones/obsidian,parent,(writer chooses descriptive anchor),proposed,stone profile
P-0664,/crystals/obsidian-and-black-tourmaline-together,/gemstones/obsidian/combinations,seed-parent,(writer chooses descriptive anchor),proposed,all pairings for this stone
P-0664,/crystals/obsidian-and-black-tourmaline-together,/gemstones/black-tourmaline,parent,(writer chooses descriptive anchor),proposed,stone profile
P-0664,/crystals/obsidian-and-black-tourmaline-together,/gemstones/black-tourmaline/combinations,seed-parent,(writer chooses descriptive anchor),proposed,all pairings for this stone
P-0664,/crystals/obsidian-and-black-tourmaline-together,/learn/crystal-grids,lateral,(writer chooses descriptive anchor),proposed,using pairs in a grid
P-0665,/crystals/selenite-and-amethyst-together,/gemstones/selenite,parent,(writer chooses descriptive anchor),proposed,stone profile
P-0665,/crystals/selenite-and-amethyst-together,/gemstones/selenite/combinations,seed-parent,(writer chooses descriptive anchor),proposed,all pairings for this stone
P-0665,/crystals/selenite-and-amethyst-together,/gemstones/amethyst,parent,(writer chooses descriptive anchor),proposed,stone profile
P-0665,/crystals/selenite-and-amethyst-together,/gemstones/amethyst/combinations,seed-parent,(writer chooses descriptive anchor),proposed,all pairings for this stone
P-0665,/crystals/selenite-and-amethyst-together,/learn/crystal-grids,lateral,(writer chooses descriptive anchor),proposed,using pairs in a grid
P-0666,/crystals/carnelian-and-citrine-together,/gemstones/carnelian,parent,(writer chooses descriptive anchor),proposed,stone profile
P-0666,/crystals/carnelian-and-citrine-together,/gemstones/carnelian/combinations,seed-parent,(writer chooses descriptive anchor),proposed,all pairings for this stone
P-0666,/crystals/carnelian-and-citrine-together,/gemstones/citrine,parent,(writer chooses descriptive anchor),proposed,stone profile
P-0666,/crystals/carnelian-and-citrine-together,/gemstones/citrine/combinations,seed-parent,(writer chooses descriptive anchor),proposed,all pairings for this stone
P-0666,/crystals/carnelian-and-citrine-together,/learn/crystal-grids,lateral,(writer chooses descriptive anchor),proposed,using pairs in a grid
P-0667,/crystals/moonstone-and-labradorite-together,/gemstones/moonstone,parent,(writer chooses descriptive anchor),proposed,stone profile
P-0667,/crystals/moonstone-and-labradorite-together,/gemstones/moonstone/combinations,seed-parent,(writer chooses descriptive anchor),proposed,all pairings for this stone
P-0667,/crystals/moonstone-and-labradorite-together,/gemstones/labradorite,parent,(writer chooses descriptive anchor),proposed,stone profile
P-0667,/crystals/moonstone-and-labradorite-together,/gemstones/labradorite/combinations,seed-parent,(writer chooses descriptive anchor),proposed,all pairings for this stone
P-0667,/crystals/moonstone-and-labradorite-together,/learn/crystal-grids,lateral,(writer chooses descriptive anchor),proposed,using pairs in a grid
P-0668,/crystals/rose-quartz-and-citrine-together,/gemstones/rose-quartz,parent,(writer chooses descriptive anchor),proposed,stone profile
P-0668,/crystals/rose-quartz-and-citrine-together,/gemstones/rose-quartz/combinations,seed-parent,(writer chooses descriptive anchor),proposed,all pairings for this stone
P-0668,/crystals/rose-quartz-and-citrine-together,/gemstones/citrine,parent,(writer chooses descriptive anchor),proposed,stone profile
P-0668,/crystals/rose-quartz-and-citrine-together,/gemstones/citrine/combinations,seed-parent,(writer chooses descriptive anchor),proposed,all pairings for this stone
P-0668,/crystals/rose-quartz-and-citrine-together,/learn/crystal-grids,lateral,(writer chooses descriptive anchor),proposed,using pairs in a grid
P-0669,/crystals/jade-and-pyrite-together,/gemstones/jade,parent,(writer chooses descriptive anchor),proposed,stone profile
P-0669,/crystals/jade-and-pyrite-together,/gemstones/jade/combinations,seed-parent,(writer chooses descriptive anchor),proposed,all pairings for this stone
P-0669,/crystals/jade-and-pyrite-together,/gemstones/pyrite,parent,(writer chooses descriptive anchor),proposed,stone profile
P-0669,/crystals/jade-and-pyrite-together,/gemstones/pyrite/combinations,seed-parent,(writer chooses descriptive anchor),proposed,all pairings for this stone
P-0669,/crystals/jade-and-pyrite-together,/learn/crystal-grids,lateral,(writer chooses descriptive anchor),proposed,using pairs in a grid
P-0670,/crystals/amethyst-and-clear-quartz-together,/gemstones/amethyst,parent,(writer chooses descriptive anchor),proposed,stone profile
P-0670,/crystals/amethyst-and-clear-quartz-together,/gemstones/amethyst/combinations,seed-parent,(writer chooses descriptive anchor),proposed,all pairings for this stone
P-0670,/crystals/amethyst-and-clear-quartz-together,/gemstones/clear-quartz,parent,(writer chooses descriptive anchor),proposed,stone profile
P-0670,/crystals/amethyst-and-clear-quartz-together,/gemstones/clear-quartz/combinations,seed-parent,(writer chooses descriptive anchor),proposed,all pairings for this stone
P-0670,/crystals/amethyst-and-clear-quartz-together,/learn/crystal-grids,lateral,(writer chooses descriptive anchor),proposed,using pairs in a grid
P-0671,/crystals/hematite-and-black-tourmaline-together,/gemstones/hematite,parent,(writer chooses descriptive anchor),proposed,stone profile
P-0671,/crystals/hematite-and-black-tourmaline-together,/gemstones/hematite/combinations,seed-parent,(writer chooses descriptive anchor),proposed,all pairings for this stone
P-0671,/crystals/hematite-and-black-tourmaline-together,/gemstones/black-tourmaline,parent,(writer chooses descriptive anchor),proposed,stone profile
P-0671,/crystals/hematite-and-black-tourmaline-together,/gemstones/black-tourmaline/combinations,seed-parent,(writer chooses descriptive anchor),proposed,all pairings for this stone
P-0671,/crystals/hematite-and-black-tourmaline-together,/learn/crystal-grids,lateral,(writer chooses descriptive anchor),proposed,using pairs in a grid
P-0672,/crystals/aventurine-and-citrine-together,/gemstones/aventurine,parent,(writer chooses descriptive anchor),proposed,stone profile
P-0672,/crystals/aventurine-and-citrine-together,/gemstones/aventurine/combinations,seed-parent,(writer chooses descriptive anchor),proposed,all pairings for this stone
P-0672,/crystals/aventurine-and-citrine-together,/gemstones/citrine,parent,(writer chooses descriptive anchor),proposed,stone profile
P-0672,/crystals/aventurine-and-citrine-together,/gemstones/citrine/combinations,seed-parent,(writer chooses descriptive anchor),proposed,all pairings for this stone
P-0672,/crystals/aventurine-and-citrine-together,/learn/crystal-grids,lateral,(writer chooses descriptive anchor),proposed,using pairs in a grid
P-0673,/crystals/lapis-lazuli-and-sodalite-together,/gemstones/lapis-lazuli,parent,(writer chooses descriptive anchor),proposed,stone profile
P-0673,/crystals/lapis-lazuli-and-sodalite-together,/gemstones/lapis-lazuli/combinations,seed-parent,(writer chooses descriptive anchor),proposed,all pairings for this stone
P-0673,/crystals/lapis-lazuli-and-sodalite-together,/gemstones/sodalite,parent,(writer chooses descriptive anchor),proposed,stone profile
P-0673,/crystals/lapis-lazuli-and-sodalite-together,/gemstones/sodalite/combinations,seed-parent,(writer chooses descriptive anchor),proposed,all pairings for this stone
P-0673,/crystals/lapis-lazuli-and-sodalite-together,/learn/crystal-grids,lateral,(writer chooses descriptive anchor),proposed,using pairs in a grid
P-0674,/crystals/rose-quartz-and-rhodonite-together,/gemstones/rose-quartz,parent,(writer chooses descriptive anchor),proposed,stone profile
P-0674,/crystals/rose-quartz-and-rhodonite-together,/gemstones/rose-quartz/combinations,seed-parent,(writer chooses descriptive anchor),proposed,all pairings for this stone
P-0674,/crystals/rose-quartz-and-rhodonite-together,/gemstones/rhodonite,parent,(writer chooses descriptive anchor),proposed,stone profile
P-0674,/crystals/rose-quartz-and-rhodonite-together,/gemstones/rhodonite/combinations,seed-parent,(writer chooses descriptive anchor),proposed,all pairings for this stone
P-0674,/crystals/rose-quartz-and-rhodonite-together,/learn/crystal-grids,lateral,(writer chooses descriptive anchor),proposed,using pairs in a grid
P-0675,/crystals/tiger-eye-and-hematite-together,/gemstones/tiger-eye,parent,(writer chooses descriptive anchor),proposed,stone profile
P-0675,/crystals/tiger-eye-and-hematite-together,/gemstones/tiger-eye/combinations,seed-parent,(writer chooses descriptive anchor),proposed,all pairings for this stone
P-0675,/crystals/tiger-eye-and-hematite-together,/gemstones/hematite,parent,(writer chooses descriptive anchor),proposed,stone profile
P-0675,/crystals/tiger-eye-and-hematite-together,/gemstones/hematite/combinations,seed-parent,(writer chooses descriptive anchor),proposed,all pairings for this stone
P-0675,/crystals/tiger-eye-and-hematite-together,/learn/crystal-grids,lateral,(writer chooses descriptive anchor),proposed,using pairs in a grid
P-0676,/crystals/moldavite-and-herkimer-diamond-together,/gemstones/moldavite,parent,(writer chooses descriptive anchor),proposed,stone profile
P-0676,/crystals/moldavite-and-herkimer-diamond-together,/gemstones/moldavite/combinations,seed-parent,(writer chooses descriptive anchor),proposed,all pairings for this stone
P-0676,/crystals/moldavite-and-herkimer-diamond-together,/learn/crystal-grids,lateral,(writer chooses descriptive anchor),proposed,using pairs in a grid
P-0677,/crystals/moldavite-and-black-tourmaline-together,/gemstones/moldavite,parent,(writer chooses descriptive anchor),proposed,stone profile
P-0677,/crystals/moldavite-and-black-tourmaline-together,/gemstones/moldavite/combinations,seed-parent,(writer chooses descriptive anchor),proposed,all pairings for this stone
P-0677,/crystals/moldavite-and-black-tourmaline-together,/gemstones/black-tourmaline,parent,(writer chooses descriptive anchor),proposed,stone profile
P-0677,/crystals/moldavite-and-black-tourmaline-together,/gemstones/black-tourmaline/combinations,seed-parent,(writer chooses descriptive anchor),proposed,all pairings for this stone
P-0677,/crystals/moldavite-and-black-tourmaline-together,/learn/crystal-grids,lateral,(writer chooses descriptive anchor),proposed,using pairs in a grid
P-0678,/crystals/moldavite-and-amethyst-together,/gemstones/moldavite,parent,(writer chooses descriptive anchor),proposed,stone profile
P-0678,/crystals/moldavite-and-amethyst-together,/gemstones/moldavite/combinations,seed-parent,(writer chooses descriptive anchor),proposed,all pairings for this stone
P-0678,/crystals/moldavite-and-amethyst-together,/gemstones/amethyst,parent,(writer chooses descriptive anchor),proposed,stone profile
P-0678,/crystals/moldavite-and-amethyst-together,/gemstones/amethyst/combinations,seed-parent,(writer chooses descriptive anchor),proposed,all pairings for this stone
P-0678,/crystals/moldavite-and-amethyst-together,/learn/crystal-grids,lateral,(writer chooses descriptive anchor),proposed,using pairs in a grid
P-0679,/crystals/moldavite-and-citrine-together,/gemstones/moldavite,parent,(writer chooses descriptive anchor),proposed,stone profile
P-0679,/crystals/moldavite-and-citrine-together,/gemstones/moldavite/combinations,seed-parent,(writer chooses descriptive anchor),proposed,all pairings for this stone
P-0679,/crystals/moldavite-and-citrine-together,/gemstones/citrine,parent,(writer chooses descriptive anchor),proposed,stone profile
P-0679,/crystals/moldavite-and-citrine-together,/gemstones/citrine/combinations,seed-parent,(writer chooses descriptive anchor),proposed,all pairings for this stone
P-0679,/crystals/moldavite-and-citrine-together,/learn/crystal-grids,lateral,(writer chooses descriptive anchor),proposed,using pairs in a grid
P-0680,/crystals/rose-quartz-and-moonstone-together,/gemstones/rose-quartz,parent,(writer chooses descriptive anchor),proposed,stone profile
P-0680,/crystals/rose-quartz-and-moonstone-together,/gemstones/rose-quartz/combinations,seed-parent,(writer chooses descriptive anchor),proposed,all pairings for this stone
P-0680,/crystals/rose-quartz-and-moonstone-together,/gemstones/moonstone,parent,(writer chooses descriptive anchor),proposed,stone profile
P-0680,/crystals/rose-quartz-and-moonstone-together,/gemstones/moonstone/combinations,seed-parent,(writer chooses descriptive anchor),proposed,all pairings for this stone
P-0680,/crystals/rose-quartz-and-moonstone-together,/learn/crystal-grids,lateral,(writer chooses descriptive anchor),proposed,using pairs in a grid
P-0681,/crystals/carnelian-and-rose-quartz-together,/gemstones/carnelian,parent,(writer chooses descriptive anchor),proposed,stone profile
P-0681,/crystals/carnelian-and-rose-quartz-together,/gemstones/carnelian/combinations,seed-parent,(writer chooses descriptive anchor),proposed,all pairings for this stone
P-0681,/crystals/carnelian-and-rose-quartz-together,/gemstones/rose-quartz,parent,(writer chooses descriptive anchor),proposed,stone profile
P-0681,/crystals/carnelian-and-rose-quartz-together,/gemstones/rose-quartz/combinations,seed-parent,(writer chooses descriptive anchor),proposed,all pairings for this stone
P-0681,/crystals/carnelian-and-rose-quartz-together,/learn/crystal-grids,lateral,(writer chooses descriptive anchor),proposed,using pairs in a grid
P-0682,/crystals/selenite-and-black-tourmaline-together,/gemstones/selenite,parent,(writer chooses descriptive anchor),proposed,stone profile
P-0682,/crystals/selenite-and-black-tourmaline-together,/gemstones/selenite/combinations,seed-parent,(writer chooses descriptive anchor),proposed,all pairings for this stone
P-0682,/crystals/selenite-and-black-tourmaline-together,/gemstones/black-tourmaline,parent,(writer chooses descriptive anchor),proposed,stone profile
P-0682,/crystals/selenite-and-black-tourmaline-together,/gemstones/black-tourmaline/combinations,seed-parent,(writer chooses descriptive anchor),proposed,all pairings for this stone
P-0682,/crystals/selenite-and-black-tourmaline-together,/learn/crystal-grids,lateral,(writer chooses descriptive anchor),proposed,using pairs in a grid
P-0683,/crystals/amethyst-and-moonstone-together,/gemstones/amethyst,parent,(writer chooses descriptive anchor),proposed,stone profile
P-0683,/crystals/amethyst-and-moonstone-together,/gemstones/amethyst/combinations,seed-parent,(writer chooses descriptive anchor),proposed,all pairings for this stone
P-0683,/crystals/amethyst-and-moonstone-together,/gemstones/moonstone,parent,(writer chooses descriptive anchor),proposed,stone profile
P-0683,/crystals/amethyst-and-moonstone-together,/gemstones/moonstone/combinations,seed-parent,(writer chooses descriptive anchor),proposed,all pairings for this stone
P-0683,/crystals/amethyst-and-moonstone-together,/learn/crystal-grids,lateral,(writer chooses descriptive anchor),proposed,using pairs in a grid
P-0684,/crystals/citrine-and-pyrite-together,/gemstones/citrine,parent,(writer chooses descriptive anchor),proposed,stone profile
P-0684,/crystals/citrine-and-pyrite-together,/gemstones/citrine/combinations,seed-parent,(writer chooses descriptive anchor),proposed,all pairings for this stone
P-0684,/crystals/citrine-and-pyrite-together,/gemstones/pyrite,parent,(writer chooses descriptive anchor),proposed,stone profile
P-0684,/crystals/citrine-and-pyrite-together,/gemstones/pyrite/combinations,seed-parent,(writer chooses descriptive anchor),proposed,all pairings for this stone
P-0684,/crystals/citrine-and-pyrite-together,/learn/crystal-grids,lateral,(writer chooses descriptive anchor),proposed,using pairs in a grid
P-0685,/crystals/clear-quartz-and-rose-quartz-together,/gemstones/clear-quartz,parent,(writer chooses descriptive anchor),proposed,stone profile
P-0685,/crystals/clear-quartz-and-rose-quartz-together,/gemstones/clear-quartz/combinations,seed-parent,(writer chooses descriptive anchor),proposed,all pairings for this stone
P-0685,/crystals/clear-quartz-and-rose-quartz-together,/gemstones/rose-quartz,parent,(writer chooses descriptive anchor),proposed,stone profile
P-0685,/crystals/clear-quartz-and-rose-quartz-together,/gemstones/rose-quartz/combinations,seed-parent,(writer chooses descriptive anchor),proposed,all pairings for this stone
P-0685,/crystals/clear-quartz-and-rose-quartz-together,/learn/crystal-grids,lateral,(writer chooses descriptive anchor),proposed,using pairs in a grid
P-0686,/crystals/labradorite-and-amethyst-together,/gemstones/labradorite,parent,(writer chooses descriptive anchor),proposed,stone profile
P-0686,/crystals/labradorite-and-amethyst-together,/gemstones/labradorite/combinations,seed-parent,(writer chooses descriptive anchor),proposed,all pairings for this stone
P-0686,/crystals/labradorite-and-amethyst-together,/gemstones/amethyst,parent,(writer chooses descriptive anchor),proposed,stone profile
P-0686,/crystals/labradorite-and-amethyst-together,/gemstones/amethyst/combinations,seed-parent,(writer chooses descriptive anchor),proposed,all pairings for this stone
P-0686,/crystals/labradorite-and-amethyst-together,/learn/crystal-grids,lateral,(writer chooses descriptive anchor),proposed,using pairs in a grid
P-0687,/crystals/obsidian-and-selenite-together,/gemstones/obsidian,parent,(writer chooses descriptive anchor),proposed,stone profile
P-0687,/crystals/obsidian-and-selenite-together,/gemstones/obsidian/combinations,seed-parent,(writer chooses descriptive anchor),proposed,all pairings for this stone
P-0687,/crystals/obsidian-and-selenite-together,/gemstones/selenite,parent,(writer chooses descriptive anchor),proposed,stone profile
P-0687,/crystals/obsidian-and-selenite-together,/gemstones/selenite/combinations,seed-parent,(writer chooses descriptive anchor),proposed,all pairings for this stone
P-0687,/crystals/obsidian-and-selenite-together,/learn/crystal-grids,lateral,(writer chooses descriptive anchor),proposed,using pairs in a grid
P-0688,/crystals/fluorite-and-amethyst-together,/gemstones/fluorite,parent,(writer chooses descriptive anchor),proposed,stone profile
P-0688,/crystals/fluorite-and-amethyst-together,/gemstones/fluorite/combinations,seed-parent,(writer chooses descriptive anchor),proposed,all pairings for this stone
P-0688,/crystals/fluorite-and-amethyst-together,/gemstones/amethyst,parent,(writer chooses descriptive anchor),proposed,stone profile
P-0688,/crystals/fluorite-and-amethyst-together,/gemstones/amethyst/combinations,seed-parent,(writer chooses descriptive anchor),proposed,all pairings for this stone
P-0688,/crystals/fluorite-and-amethyst-together,/learn/crystal-grids,lateral,(writer chooses descriptive anchor),proposed,using pairs in a grid
P-0689,/crystals/amazonite-and-rose-quartz-together,/gemstones/amazonite,parent,(writer chooses descriptive anchor),proposed,stone profile
P-0689,/crystals/amazonite-and-rose-quartz-together,/gemstones/amazonite/combinations,seed-parent,(writer chooses descriptive anchor),proposed,all pairings for this stone
P-0689,/crystals/amazonite-and-rose-quartz-together,/gemstones/rose-quartz,parent,(writer chooses descriptive anchor),proposed,stone profile
P-0689,/crystals/amazonite-and-rose-quartz-together,/gemstones/rose-quartz/combinations,seed-parent,(writer chooses descriptive anchor),proposed,all pairings for this stone
P-0689,/crystals/amazonite-and-rose-quartz-together,/learn/crystal-grids,lateral,(writer chooses descriptive anchor),proposed,using pairs in a grid
P-0690,/crystals/garnet-and-rose-quartz-together,/gemstones/garnet,parent,(writer chooses descriptive anchor),proposed,stone profile
P-0690,/crystals/garnet-and-rose-quartz-together,/gemstones/garnet/combinations,seed-parent,(writer chooses descriptive anchor),proposed,all pairings for this stone
P-0690,/crystals/garnet-and-rose-quartz-together,/gemstones/rose-quartz,parent,(writer chooses descriptive anchor),proposed,stone profile
P-0690,/crystals/garnet-and-rose-quartz-together,/gemstones/rose-quartz/combinations,seed-parent,(writer chooses descriptive anchor),proposed,all pairings for this stone
P-0690,/crystals/garnet-and-rose-quartz-together,/learn/crystal-grids,lateral,(writer chooses descriptive anchor),proposed,using pairs in a grid
P-0691,/crystals/peridot-and-citrine-together,/gemstones/peridot,parent,(writer chooses descriptive anchor),proposed,stone profile
P-0691,/crystals/peridot-and-citrine-together,/gemstones/peridot/combinations,seed-parent,(writer chooses descriptive anchor),proposed,all pairings for this stone
P-0691,/crystals/peridot-and-citrine-together,/gemstones/citrine,parent,(writer chooses descriptive anchor),proposed,stone profile
P-0691,/crystals/peridot-and-citrine-together,/gemstones/citrine/combinations,seed-parent,(writer chooses descriptive anchor),proposed,all pairings for this stone
P-0691,/crystals/peridot-and-citrine-together,/learn/crystal-grids,lateral,(writer chooses descriptive anchor),proposed,using pairs in a grid
P-0692,/crystals/aquamarine-and-moonstone-together,/gemstones/aquamarine,parent,(writer chooses descriptive anchor),proposed,stone profile
P-0692,/crystals/aquamarine-and-moonstone-together,/gemstones/aquamarine/combinations,seed-parent,(writer chooses descriptive anchor),proposed,all pairings for this stone
P-0692,/crystals/aquamarine-and-moonstone-together,/gemstones/moonstone,parent,(writer chooses descriptive anchor),proposed,stone profile
P-0692,/crystals/aquamarine-and-moonstone-together,/gemstones/moonstone/combinations,seed-parent,(writer chooses descriptive anchor),proposed,all pairings for this stone
P-0692,/crystals/aquamarine-and-moonstone-together,/learn/crystal-grids,lateral,(writer chooses descriptive anchor),proposed,using pairs in a grid
P-0693,/crystals/jade-and-rose-quartz-together,/gemstones/jade,parent,(writer chooses descriptive anchor),proposed,stone profile
P-0693,/crystals/jade-and-rose-quartz-together,/gemstones/jade/combinations,seed-parent,(writer chooses descriptive anchor),proposed,all pairings for this stone
P-0693,/crystals/jade-and-rose-quartz-together,/gemstones/rose-quartz,parent,(writer chooses descriptive anchor),proposed,stone profile
P-0693,/crystals/jade-and-rose-quartz-together,/gemstones/rose-quartz/combinations,seed-parent,(writer chooses descriptive anchor),proposed,all pairings for this stone
P-0693,/crystals/jade-and-rose-quartz-together,/learn/crystal-grids,lateral,(writer chooses descriptive anchor),proposed,using pairs in a grid
P-0694,/crystals/tiger-eye-and-black-tourmaline-together,/gemstones/tiger-eye,parent,(writer chooses descriptive anchor),proposed,stone profile
P-0694,/crystals/tiger-eye-and-black-tourmaline-together,/gemstones/tiger-eye/combinations,seed-parent,(writer chooses descriptive anchor),proposed,all pairings for this stone
P-0694,/crystals/tiger-eye-and-black-tourmaline-together,/gemstones/black-tourmaline,parent,(writer chooses descriptive anchor),proposed,stone profile
P-0694,/crystals/tiger-eye-and-black-tourmaline-together,/gemstones/black-tourmaline/combinations,seed-parent,(writer chooses descriptive anchor),proposed,all pairings for this stone
P-0694,/crystals/tiger-eye-and-black-tourmaline-together,/learn/crystal-grids,lateral,(writer chooses descriptive anchor),proposed,using pairs in a grid
P-0695,/crystals/lava-stone-and-black-tourmaline-together,/gemstones/lava-stone,parent,(writer chooses descriptive anchor),proposed,stone profile
P-0695,/crystals/lava-stone-and-black-tourmaline-together,/gemstones/lava-stone/combinations,seed-parent,(writer chooses descriptive anchor),proposed,all pairings for this stone
P-0695,/crystals/lava-stone-and-black-tourmaline-together,/gemstones/black-tourmaline,parent,(writer chooses descriptive anchor),proposed,stone profile
P-0695,/crystals/lava-stone-and-black-tourmaline-together,/gemstones/black-tourmaline/combinations,seed-parent,(writer chooses descriptive anchor),proposed,all pairings for this stone
P-0695,/crystals/lava-stone-and-black-tourmaline-together,/learn/crystal-grids,lateral,(writer chooses descriptive anchor),proposed,using pairs in a grid
P-0696,/crystals/howlite-and-amethyst-together,/gemstones/howlite,parent,(writer chooses descriptive anchor),proposed,stone profile
P-0696,/crystals/howlite-and-amethyst-together,/gemstones/howlite/combinations,seed-parent,(writer chooses descriptive anchor),proposed,all pairings for this stone
P-0696,/crystals/howlite-and-amethyst-together,/gemstones/amethyst,parent,(writer chooses descriptive anchor),proposed,stone profile
P-0696,/crystals/howlite-and-amethyst-together,/gemstones/amethyst/combinations,seed-parent,(writer chooses descriptive anchor),proposed,all pairings for this stone
P-0696,/crystals/howlite-and-amethyst-together,/learn/crystal-grids,lateral,(writer chooses descriptive anchor),proposed,using pairs in a grid
P-0697,/crystals/sodalite-and-amethyst-together,/gemstones/sodalite,parent,(writer chooses descriptive anchor),proposed,stone profile
P-0697,/crystals/sodalite-and-amethyst-together,/gemstones/sodalite/combinations,seed-parent,(writer chooses descriptive anchor),proposed,all pairings for this stone
P-0697,/crystals/sodalite-and-amethyst-together,/gemstones/amethyst,parent,(writer chooses descriptive anchor),proposed,stone profile
P-0697,/crystals/sodalite-and-amethyst-together,/gemstones/amethyst/combinations,seed-parent,(writer chooses descriptive anchor),proposed,all pairings for this stone
P-0697,/crystals/sodalite-and-amethyst-together,/learn/crystal-grids,lateral,(writer chooses descriptive anchor),proposed,using pairs in a grid
P-0698,/crystals/malachite-and-rose-quartz-together,/gemstones/malachite,parent,(writer chooses descriptive anchor),proposed,stone profile
P-0698,/crystals/malachite-and-rose-quartz-together,/gemstones/malachite/combinations,seed-parent,(writer chooses descriptive anchor),proposed,all pairings for this stone
P-0698,/crystals/malachite-and-rose-quartz-together,/gemstones/rose-quartz,parent,(writer chooses descriptive anchor),proposed,stone profile
P-0698,/crystals/malachite-and-rose-quartz-together,/gemstones/rose-quartz/combinations,seed-parent,(writer chooses descriptive anchor),proposed,all pairings for this stone
P-0698,/crystals/malachite-and-rose-quartz-together,/learn/crystal-grids,lateral,(writer chooses descriptive anchor),proposed,using pairs in a grid
P-0699,/crystals/kunzite-and-rose-quartz-together,/gemstones/rose-quartz,parent,(writer chooses descriptive anchor),proposed,stone profile
P-0699,/crystals/kunzite-and-rose-quartz-together,/gemstones/rose-quartz/combinations,seed-parent,(writer chooses descriptive anchor),proposed,all pairings for this stone
P-0699,/crystals/kunzite-and-rose-quartz-together,/learn/crystal-grids,lateral,(writer chooses descriptive anchor),proposed,using pairs in a grid
P-0700,/crystals/bloodstone-and-carnelian-together,/gemstones/carnelian,parent,(writer chooses descriptive anchor),proposed,stone profile
P-0700,/crystals/bloodstone-and-carnelian-together,/gemstones/carnelian/combinations,seed-parent,(writer chooses descriptive anchor),proposed,all pairings for this stone
P-0700,/crystals/bloodstone-and-carnelian-together,/learn/crystal-grids,lateral,(writer chooses descriptive anchor),proposed,using pairs in a grid
P-0701,/crystals/lepidolite-and-amethyst-together,/gemstones/lepidolite,parent,(writer chooses descriptive anchor),proposed,stone profile
P-0701,/crystals/lepidolite-and-amethyst-together,/gemstones/lepidolite/combinations,seed-parent,(writer chooses descriptive anchor),proposed,all pairings for this stone
P-0701,/crystals/lepidolite-and-amethyst-together,/gemstones/amethyst,parent,(writer chooses descriptive anchor),proposed,stone profile
P-0701,/crystals/lepidolite-and-amethyst-together,/gemstones/amethyst/combinations,seed-parent,(writer chooses descriptive anchor),proposed,all pairings for this stone
P-0701,/crystals/lepidolite-and-amethyst-together,/learn/crystal-grids,lateral,(writer chooses descriptive anchor),proposed,using pairs in a grid
P-0702,/crystals/rhodonite-and-black-tourmaline-together,/gemstones/rhodonite,parent,(writer chooses descriptive anchor),proposed,stone profile
P-0702,/crystals/rhodonite-and-black-tourmaline-together,/gemstones/rhodonite/combinations,seed-parent,(writer chooses descriptive anchor),proposed,all pairings for this stone
P-0702,/crystals/rhodonite-and-black-tourmaline-together,/gemstones/black-tourmaline,parent,(writer chooses descriptive anchor),proposed,stone profile
P-0702,/crystals/rhodonite-and-black-tourmaline-together,/gemstones/black-tourmaline/combinations,seed-parent,(writer chooses descriptive anchor),proposed,all pairings for this stone
P-0702,/crystals/rhodonite-and-black-tourmaline-together,/learn/crystal-grids,lateral,(writer chooses descriptive anchor),proposed,using pairs in a grid
P-0703,/crystals/chrysocolla-and-lapis-lazuli-together,/gemstones/lapis-lazuli,parent,(writer chooses descriptive anchor),proposed,stone profile
P-0703,/crystals/chrysocolla-and-lapis-lazuli-together,/gemstones/lapis-lazuli/combinations,seed-parent,(writer chooses descriptive anchor),proposed,all pairings for this stone
P-0703,/crystals/chrysocolla-and-lapis-lazuli-together,/learn/crystal-grids,lateral,(writer chooses descriptive anchor),proposed,using pairs in a grid
P-0704,/crystals/calcite-and-clear-quartz-together,/gemstones/calcite,parent,(writer chooses descriptive anchor),proposed,stone profile
P-0704,/crystals/calcite-and-clear-quartz-together,/gemstones/calcite/combinations,seed-parent,(writer chooses descriptive anchor),proposed,all pairings for this stone
P-0704,/crystals/calcite-and-clear-quartz-together,/gemstones/clear-quartz,parent,(writer chooses descriptive anchor),proposed,stone profile
P-0704,/crystals/calcite-and-clear-quartz-together,/gemstones/clear-quartz/combinations,seed-parent,(writer chooses descriptive anchor),proposed,all pairings for this stone
P-0704,/crystals/calcite-and-clear-quartz-together,/learn/crystal-grids,lateral,(writer chooses descriptive anchor),proposed,using pairs in a grid
P-0705,/crystals/kyanite-and-selenite-together,/gemstones/kyanite,parent,(writer chooses descriptive anchor),proposed,stone profile
P-0705,/crystals/kyanite-and-selenite-together,/gemstones/kyanite/combinations,seed-parent,(writer chooses descriptive anchor),proposed,all pairings for this stone
P-0705,/crystals/kyanite-and-selenite-together,/gemstones/selenite,parent,(writer chooses descriptive anchor),proposed,stone profile
P-0705,/crystals/kyanite-and-selenite-together,/gemstones/selenite/combinations,seed-parent,(writer chooses descriptive anchor),proposed,all pairings for this stone
P-0705,/crystals/kyanite-and-selenite-together,/learn/crystal-grids,lateral,(writer chooses descriptive anchor),proposed,using pairs in a grid
P-0706,/learn/how-are-gemstones-formed,/learn/gemstone-vs-crystal-vs-mineral,lateral,(writer chooses descriptive anchor),proposed,foundational definitions
P-0706,/learn/how-are-gemstones-formed,/gemstones,parent,(writer chooses descriptive anchor),proposed,"directory filters by cut, lustre, transparency"
P-0707,/learn/mohs-hardness-scale,/learn/gemstone-vs-crystal-vs-mineral,lateral,(writer chooses descriptive anchor),proposed,foundational definitions
P-0707,/learn/mohs-hardness-scale,/gemstones,parent,(writer chooses descriptive anchor),proposed,"directory filters by cut, lustre, transparency"
P-0709,/learn/types-of-gemstone-cuts,/learn/gemstone-vs-crystal-vs-mineral,lateral,(writer chooses descriptive anchor),proposed,foundational definitions
P-0709,/learn/types-of-gemstone-cuts,/gemstones,parent,(writer chooses descriptive anchor),proposed,"directory filters by cut, lustre, transparency"
P-0710,/learn/types-of-gemstone-lustre,/learn/gemstone-vs-crystal-vs-mineral,lateral,(writer chooses descriptive anchor),proposed,foundational definitions
P-0710,/learn/types-of-gemstone-lustre,/gemstones,parent,(writer chooses descriptive anchor),proposed,"directory filters by cut, lustre, transparency"
P-0711,/learn/how-to-start-crystal-collection,/learn/gemstone-vs-crystal-vs-mineral,lateral,(writer chooses descriptive anchor),proposed,foundational definitions
P-0712,/learn/crystal-grids,/learn/gemstone-vs-crystal-vs-mineral,lateral,(writer chooses descriptive anchor),proposed,foundational definitions
P-0713,/learn/crystal-pendulums,/learn/gemstone-vs-crystal-vs-mineral,lateral,(writer chooses descriptive anchor),proposed,foundational definitions
P-0714,/learn/crystal-meditation,/learn/gemstone-vs-crystal-vs-mineral,lateral,(writer chooses descriptive anchor),proposed,foundational definitions
P-0715,/learn/crystal-sprays,/learn/gemstone-vs-crystal-vs-mineral,lateral,(writer chooses descriptive anchor),proposed,foundational definitions
P-0716,/learn/crystal-journaling,/learn/gemstone-vs-crystal-vs-mineral,lateral,(writer chooses descriptive anchor),proposed,foundational definitions
P-0717,/learn/how-to-program-crystals,/learn/gemstone-vs-crystal-vs-mineral,lateral,(writer chooses descriptive anchor),proposed,foundational definitions
P-0718,/learn/crystal-storage,/learn/gemstone-vs-crystal-vs-mineral,lateral,(writer chooses descriptive anchor),proposed,foundational definitions
P-0719,/learn/chakra-crystals-guide,/learn/gemstone-vs-crystal-vs-mineral,lateral,(writer chooses descriptive anchor),proposed,foundational definitions
P-0719,/learn/chakra-crystals-guide,/learn/how-to-know-if-a-chakra-bracelet-is-real,lateral,(writer chooses descriptive anchor),proposed,buying a chakra set
P-0720,/learn/birthstone-guide,/learn/gemstone-vs-crystal-vs-mineral,lateral,(writer chooses descriptive anchor),proposed,foundational definitions
P-0720,/learn/birthstone-guide,/gemstones/birth-month/january,taxonomy,(writer chooses descriptive anchor),proposed,birth-month filter pages
P-0721,/learn/salt-safe-crystals,/learn/gemstone-vs-crystal-vs-mineral,lateral,(writer chooses descriptive anchor),proposed,foundational definitions
P-0721,/learn/salt-safe-crystals,/learn/how-to-cleanse-crystals,sibling,(writer chooses descriptive anchor),proposed,care cluster
P-0721,/learn/salt-safe-crystals,/learn/how-to-charge-crystals,sibling,(writer chooses descriptive anchor),proposed,care cluster
P-0721,/learn/salt-safe-crystals,/learn/what-crystals-can-go-in-water,sibling,(writer chooses descriptive anchor),proposed,care cluster
P-0721,/learn/salt-safe-crystals,/learn/sun-safe-crystals,sibling,(writer chooses descriptive anchor),proposed,care cluster
P-0722,/learn/ethical-crystal-sourcing,/learn/gemstone-vs-crystal-vs-mineral,lateral,(writer chooses descriptive anchor),proposed,foundational definitions
P-0723,/learn/are-online-crystals-real,/learn/gemstone-vs-crystal-vs-mineral,lateral,(writer chooses descriptive anchor),proposed,foundational definitions
P-0724,/learn/crystal-healing-science,/learn/gemstone-vs-crystal-vs-mineral,lateral,(writer chooses descriptive anchor),proposed,foundational definitions
P-0725,/learn/are-rocks-alive,/learn/gemstone-vs-crystal-vs-mineral,lateral,(writer chooses descriptive anchor),proposed,foundational definitions
P-0726,/learn/sun-safe-crystals,/learn/gemstone-vs-crystal-vs-mineral,lateral,(writer chooses descriptive anchor),proposed,foundational definitions
P-0726,/learn/sun-safe-crystals,/learn/how-to-cleanse-crystals,sibling,(writer chooses descriptive anchor),proposed,care cluster
P-0726,/learn/sun-safe-crystals,/learn/how-to-charge-crystals,sibling,(writer chooses descriptive anchor),proposed,care cluster
P-0726,/learn/sun-safe-crystals,/learn/what-crystals-can-go-in-water,sibling,(writer chooses descriptive anchor),proposed,care cluster
P-0726,/learn/sun-safe-crystals,/learn/salt-safe-crystals,sibling,(writer chooses descriptive anchor),proposed,care cluster
P-0727,/compare/purple-quartz-vs-amethyst,/gemstones/amethyst,parent,(writer chooses descriptive anchor),proposed,stone profile
P-0727,/compare/purple-quartz-vs-amethyst,/gemstones/amethyst/how-to-identify,lateral,(writer chooses descriptive anchor),proposed,identification tests
P-0727,/compare/purple-quartz-vs-amethyst,/gemstones/amethyst,parent,(writer chooses descriptive anchor),proposed,stone profile
P-0727,/compare/purple-quartz-vs-amethyst,/gemstones/amethyst/how-to-identify,lateral,(writer chooses descriptive anchor),proposed,identification tests
P-0727,/compare/purple-quartz-vs-amethyst,/learn/mohs-hardness-scale,lateral,(writer chooses descriptive anchor),proposed,hardness is a comparison dimension
P-0728,/compare/larvikite-vs-labradorite,/gemstones/larvikite,parent,(writer chooses descriptive anchor),proposed,stone profile
P-0728,/compare/larvikite-vs-labradorite,/gemstones/larvikite/how-to-identify,lateral,(writer chooses descriptive anchor),proposed,identification tests
P-0728,/compare/larvikite-vs-labradorite,/gemstones/labradorite,parent,(writer chooses descriptive anchor),proposed,stone profile
P-0728,/compare/larvikite-vs-labradorite,/gemstones/labradorite/how-to-identify,lateral,(writer chooses descriptive anchor),proposed,identification tests
P-0728,/compare/larvikite-vs-labradorite,/learn/mohs-hardness-scale,lateral,(writer chooses descriptive anchor),proposed,hardness is a comparison dimension
P-0729,/compare/tree-agate-vs-moss-agate,/gemstones/tree-agate,parent,(writer chooses descriptive anchor),proposed,stone profile
P-0729,/compare/tree-agate-vs-moss-agate,/gemstones/tree-agate/how-to-identify,lateral,(writer chooses descriptive anchor),proposed,identification tests
P-0729,/compare/tree-agate-vs-moss-agate,/gemstones/moss-agate,parent,(writer chooses descriptive anchor),proposed,stone profile
P-0729,/compare/tree-agate-vs-moss-agate,/gemstones/moss-agate/how-to-identify,lateral,(writer chooses descriptive anchor),proposed,identification tests
P-0729,/compare/tree-agate-vs-moss-agate,/learn/mohs-hardness-scale,lateral,(writer chooses descriptive anchor),proposed,hardness is a comparison dimension
P-0730,/compare/rose-quartz-vs-pink-quartz,/gemstones/rose-quartz,parent,(writer chooses descriptive anchor),proposed,stone profile
P-0730,/compare/rose-quartz-vs-pink-quartz,/gemstones/rose-quartz/how-to-identify,lateral,(writer chooses descriptive anchor),proposed,identification tests
P-0730,/compare/rose-quartz-vs-pink-quartz,/gemstones/rose-quartz,parent,(writer chooses descriptive anchor),proposed,stone profile
P-0730,/compare/rose-quartz-vs-pink-quartz,/gemstones/rose-quartz/how-to-identify,lateral,(writer chooses descriptive anchor),proposed,identification tests
P-0730,/compare/rose-quartz-vs-pink-quartz,/learn/mohs-hardness-scale,lateral,(writer chooses descriptive anchor),proposed,hardness is a comparison dimension
P-0731,/compare/lab-created-vs-natural-gemstones,/learn/mohs-hardness-scale,lateral,(writer chooses descriptive anchor),proposed,hardness is a comparison dimension
P-0732,/compare/citrine-vs-yellow-topaz,/gemstones/citrine,parent,(writer chooses descriptive anchor),proposed,stone profile
P-0732,/compare/citrine-vs-yellow-topaz,/gemstones/citrine/how-to-identify,lateral,(writer chooses descriptive anchor),proposed,identification tests
P-0732,/compare/citrine-vs-yellow-topaz,/learn/mohs-hardness-scale,lateral,(writer chooses descriptive anchor),proposed,hardness is a comparison dimension
P-0733,/compare/black-tourmaline-vs-obsidian,/gemstones/black-tourmaline,parent,(writer chooses descriptive anchor),proposed,stone profile
P-0733,/compare/black-tourmaline-vs-obsidian,/gemstones/black-tourmaline/how-to-identify,lateral,(writer chooses descriptive anchor),proposed,identification tests
P-0733,/compare/black-tourmaline-vs-obsidian,/gemstones/obsidian,parent,(writer chooses descriptive anchor),proposed,stone profile
P-0733,/compare/black-tourmaline-vs-obsidian,/gemstones/obsidian/how-to-identify,lateral,(writer chooses descriptive anchor),proposed,identification tests
P-0733,/compare/black-tourmaline-vs-obsidian,/learn/mohs-hardness-scale,lateral,(writer chooses descriptive anchor),proposed,hardness is a comparison dimension
P-0734,/compare/ruby-vs-garnet,/gemstones/ruby,parent,(writer chooses descriptive anchor),proposed,stone profile
P-0734,/compare/ruby-vs-garnet,/gemstones/ruby/how-to-identify,lateral,(writer chooses descriptive anchor),proposed,identification tests
P-0734,/compare/ruby-vs-garnet,/gemstones/garnet,parent,(writer chooses descriptive anchor),proposed,stone profile
P-0734,/compare/ruby-vs-garnet,/gemstones/garnet/how-to-identify,lateral,(writer chooses descriptive anchor),proposed,identification tests
P-0734,/compare/ruby-vs-garnet,/learn/mohs-hardness-scale,lateral,(writer chooses descriptive anchor),proposed,hardness is a comparison dimension
P-0735,/compare/sapphire-vs-tanzanite,/gemstones/sapphire,parent,(writer chooses descriptive anchor),proposed,stone profile
P-0735,/compare/sapphire-vs-tanzanite,/gemstones/sapphire/how-to-identify,lateral,(writer chooses descriptive anchor),proposed,identification tests
P-0735,/compare/sapphire-vs-tanzanite,/learn/mohs-hardness-scale,lateral,(writer chooses descriptive anchor),proposed,hardness is a comparison dimension
P-0736,/compare/moonstone-vs-opal,/gemstones/moonstone,parent,(writer chooses descriptive anchor),proposed,stone profile
P-0736,/compare/moonstone-vs-opal,/gemstones/moonstone/how-to-identify,lateral,(writer chooses descriptive anchor),proposed,identification tests
P-0736,/compare/moonstone-vs-opal,/gemstones/opal,parent,(writer chooses descriptive anchor),proposed,stone profile
P-0736,/compare/moonstone-vs-opal,/gemstones/opal/how-to-identify,lateral,(writer chooses descriptive anchor),proposed,identification tests
P-0736,/compare/moonstone-vs-opal,/learn/mohs-hardness-scale,lateral,(writer chooses descriptive anchor),proposed,hardness is a comparison dimension
P-0737,/angel-numbers/111,/angel-numbers,parent,(writer chooses descriptive anchor),proposed,angel numbers index
P-0737,/angel-numbers/111,/crystals/crystals-for-meditation,bridge,(writer chooses descriptive anchor),proposed,stones used while reflecting on the number
P-0737,/angel-numbers/111,/learn/crystal-journaling,bridge,(writer chooses descriptive anchor),proposed,recording sightings
P-0738,/angel-numbers/222,/angel-numbers,parent,(writer chooses descriptive anchor),proposed,angel numbers index
P-0738,/angel-numbers/222,/crystals/crystals-for-meditation,bridge,(writer chooses descriptive anchor),proposed,stones used while reflecting on the number
P-0738,/angel-numbers/222,/learn/crystal-journaling,bridge,(writer chooses descriptive anchor),proposed,recording sightings
P-0739,/angel-numbers/333,/angel-numbers,parent,(writer chooses descriptive anchor),proposed,angel numbers index
P-0739,/angel-numbers/333,/crystals/crystals-for-meditation,bridge,(writer chooses descriptive anchor),proposed,stones used while reflecting on the number
P-0739,/angel-numbers/333,/learn/crystal-journaling,bridge,(writer chooses descriptive anchor),proposed,recording sightings
P-0740,/angel-numbers/444,/angel-numbers,parent,(writer chooses descriptive anchor),proposed,angel numbers index
P-0740,/angel-numbers/444,/crystals/crystals-for-meditation,bridge,(writer chooses descriptive anchor),proposed,stones used while reflecting on the number
P-0740,/angel-numbers/444,/learn/crystal-journaling,bridge,(writer chooses descriptive anchor),proposed,recording sightings
P-0741,/angel-numbers/555,/angel-numbers,parent,(writer chooses descriptive anchor),proposed,angel numbers index
P-0741,/angel-numbers/555,/crystals/crystals-for-meditation,bridge,(writer chooses descriptive anchor),proposed,stones used while reflecting on the number
P-0741,/angel-numbers/555,/learn/crystal-journaling,bridge,(writer chooses descriptive anchor),proposed,recording sightings
P-0742,/angel-numbers/666,/angel-numbers,parent,(writer chooses descriptive anchor),proposed,angel numbers index
P-0742,/angel-numbers/666,/crystals/crystals-for-meditation,bridge,(writer chooses descriptive anchor),proposed,stones used while reflecting on the number
P-0742,/angel-numbers/666,/learn/crystal-journaling,bridge,(writer chooses descriptive anchor),proposed,recording sightings
P-0743,/angel-numbers/777,/angel-numbers,parent,(writer chooses descriptive anchor),proposed,angel numbers index
P-0743,/angel-numbers/777,/crystals/crystals-for-meditation,bridge,(writer chooses descriptive anchor),proposed,stones used while reflecting on the number
P-0743,/angel-numbers/777,/learn/crystal-journaling,bridge,(writer chooses descriptive anchor),proposed,recording sightings
P-0744,/angel-numbers/888,/angel-numbers,parent,(writer chooses descriptive anchor),proposed,angel numbers index
P-0744,/angel-numbers/888,/crystals/crystals-for-meditation,bridge,(writer chooses descriptive anchor),proposed,stones used while reflecting on the number
P-0744,/angel-numbers/888,/learn/crystal-journaling,bridge,(writer chooses descriptive anchor),proposed,recording sightings
P-0745,/angel-numbers/999,/angel-numbers,parent,(writer chooses descriptive anchor),proposed,angel numbers index
P-0745,/angel-numbers/999,/crystals/crystals-for-meditation,bridge,(writer chooses descriptive anchor),proposed,stones used while reflecting on the number
P-0745,/angel-numbers/999,/learn/crystal-journaling,bridge,(writer chooses descriptive anchor),proposed,recording sightings
P-0746,/angel-numbers/1111,/angel-numbers,parent,(writer chooses descriptive anchor),proposed,angel numbers index
P-0746,/angel-numbers/1111,/crystals/crystals-for-meditation,bridge,(writer chooses descriptive anchor),proposed,stones used while reflecting on the number
P-0746,/angel-numbers/1111,/learn/crystal-journaling,bridge,(writer chooses descriptive anchor),proposed,recording sightings
P-0747,/angel-numbers/1010,/angel-numbers,parent,(writer chooses descriptive anchor),proposed,angel numbers index
P-0747,/angel-numbers/1010,/crystals/crystals-for-meditation,bridge,(writer chooses descriptive anchor),proposed,stones used while reflecting on the number
P-0747,/angel-numbers/1010,/learn/crystal-journaling,bridge,(writer chooses descriptive anchor),proposed,recording sightings
P-0748,/angel-numbers/1212,/angel-numbers,parent,(writer chooses descriptive anchor),proposed,angel numbers index
P-0748,/angel-numbers/1212,/crystals/crystals-for-meditation,bridge,(writer chooses descriptive anchor),proposed,stones used while reflecting on the number
P-0748,/angel-numbers/1212,/learn/crystal-journaling,bridge,(writer chooses descriptive anchor),proposed,recording sightings
P-0749,/angel-numbers/1234,/angel-numbers,parent,(writer chooses descriptive anchor),proposed,angel numbers index
P-0749,/angel-numbers/1234,/crystals/crystals-for-meditation,bridge,(writer chooses descriptive anchor),proposed,stones used while reflecting on the number
P-0749,/angel-numbers/1234,/learn/crystal-journaling,bridge,(writer chooses descriptive anchor),proposed,recording sightings
P-0750,/angel-numbers/0,/angel-numbers,parent,(writer chooses descriptive anchor),proposed,angel numbers index
P-0750,/angel-numbers/0,/crystals/crystals-for-meditation,bridge,(writer chooses descriptive anchor),proposed,stones used while reflecting on the number
P-0750,/angel-numbers/0,/learn/crystal-journaling,bridge,(writer chooses descriptive anchor),proposed,recording sightings
P-0751,/angel-numbers/1122,/angel-numbers,parent,(writer chooses descriptive anchor),proposed,angel numbers index
P-0751,/angel-numbers/1122,/crystals/crystals-for-meditation,bridge,(writer chooses descriptive anchor),proposed,stones used while reflecting on the number
P-0751,/angel-numbers/1122,/learn/crystal-journaling,bridge,(writer chooses descriptive anchor),proposed,recording sightings
P-0752,/angel-numbers/11,/angel-numbers,parent,(writer chooses descriptive anchor),proposed,angel numbers index
P-0752,/angel-numbers/11,/crystals/crystals-for-meditation,bridge,(writer chooses descriptive anchor),proposed,stones used while reflecting on the number
P-0752,/angel-numbers/11,/learn/crystal-journaling,bridge,(writer chooses descriptive anchor),proposed,recording sightings
P-0753,/angel-numbers/22,/angel-numbers,parent,(writer chooses descriptive anchor),proposed,angel numbers index
P-0753,/angel-numbers/22,/crystals/crystals-for-meditation,bridge,(writer chooses descriptive anchor),proposed,stones used while reflecting on the number
P-0753,/angel-numbers/22,/learn/crystal-journaling,bridge,(writer chooses descriptive anchor),proposed,recording sightings
P-0754,/angel-numbers/33,/angel-numbers,parent,(writer chooses descriptive anchor),proposed,angel numbers index
P-0754,/angel-numbers/33,/crystals/crystals-for-meditation,bridge,(writer chooses descriptive anchor),proposed,stones used while reflecting on the number
P-0754,/angel-numbers/33,/learn/crystal-journaling,bridge,(writer chooses descriptive anchor),proposed,recording sightings
P-0755,/angel-numbers/44,/angel-numbers,parent,(writer chooses descriptive anchor),proposed,angel numbers index
P-0755,/angel-numbers/44,/crystals/crystals-for-meditation,bridge,(writer chooses descriptive anchor),proposed,stones used while reflecting on the number
P-0755,/angel-numbers/44,/learn/crystal-journaling,bridge,(writer chooses descriptive anchor),proposed,recording sightings
P-0756,/angel-numbers/55,/angel-numbers,parent,(writer chooses descriptive anchor),proposed,angel numbers index
P-0756,/angel-numbers/55,/crystals/crystals-for-meditation,bridge,(writer chooses descriptive anchor),proposed,stones used while reflecting on the number
P-0756,/angel-numbers/55,/learn/crystal-journaling,bridge,(writer chooses descriptive anchor),proposed,recording sightings
P-0757,/angel-numbers/66,/angel-numbers,parent,(writer chooses descriptive anchor),proposed,angel numbers index
P-0757,/angel-numbers/66,/crystals/crystals-for-meditation,bridge,(writer chooses descriptive anchor),proposed,stones used while reflecting on the number
P-0757,/angel-numbers/66,/learn/crystal-journaling,bridge,(writer chooses descriptive anchor),proposed,recording sightings
P-0758,/angel-numbers/77,/angel-numbers,parent,(writer chooses descriptive anchor),proposed,angel numbers index
P-0758,/angel-numbers/77,/crystals/crystals-for-meditation,bridge,(writer chooses descriptive anchor),proposed,stones used while reflecting on the number
P-0758,/angel-numbers/77,/learn/crystal-journaling,bridge,(writer chooses descriptive anchor),proposed,recording sightings
P-0759,/angel-numbers/88,/angel-numbers,parent,(writer chooses descriptive anchor),proposed,angel numbers index
P-0759,/angel-numbers/88,/crystals/crystals-for-meditation,bridge,(writer chooses descriptive anchor),proposed,stones used while reflecting on the number
P-0759,/angel-numbers/88,/learn/crystal-journaling,bridge,(writer chooses descriptive anchor),proposed,recording sightings
P-0760,/angel-numbers/99,/angel-numbers,parent,(writer chooses descriptive anchor),proposed,angel numbers index
P-0760,/angel-numbers/99,/crystals/crystals-for-meditation,bridge,(writer chooses descriptive anchor),proposed,stones used while reflecting on the number
P-0760,/angel-numbers/99,/learn/crystal-journaling,bridge,(writer chooses descriptive anchor),proposed,recording sightings
P-0761,/angel-numbers/100,/angel-numbers,parent,(writer chooses descriptive anchor),proposed,angel numbers index
P-0761,/angel-numbers/100,/crystals/crystals-for-meditation,bridge,(writer chooses descriptive anchor),proposed,stones used while reflecting on the number
P-0761,/angel-numbers/100,/learn/crystal-journaling,bridge,(writer chooses descriptive anchor),proposed,recording sightings
P-0762,/angel-numbers/200,/angel-numbers,parent,(writer chooses descriptive anchor),proposed,angel numbers index
P-0762,/angel-numbers/200,/crystals/crystals-for-meditation,bridge,(writer chooses descriptive anchor),proposed,stones used while reflecting on the number
P-0762,/angel-numbers/200,/learn/crystal-journaling,bridge,(writer chooses descriptive anchor),proposed,recording sightings
P-0763,/angel-numbers/300,/angel-numbers,parent,(writer chooses descriptive anchor),proposed,angel numbers index
P-0763,/angel-numbers/300,/crystals/crystals-for-meditation,bridge,(writer chooses descriptive anchor),proposed,stones used while reflecting on the number
P-0763,/angel-numbers/300,/learn/crystal-journaling,bridge,(writer chooses descriptive anchor),proposed,recording sightings
P-0764,/angel-numbers/400,/angel-numbers,parent,(writer chooses descriptive anchor),proposed,angel numbers index
P-0764,/angel-numbers/400,/crystals/crystals-for-meditation,bridge,(writer chooses descriptive anchor),proposed,stones used while reflecting on the number
P-0764,/angel-numbers/400,/learn/crystal-journaling,bridge,(writer chooses descriptive anchor),proposed,recording sightings
P-0765,/angel-numbers/500,/angel-numbers,parent,(writer chooses descriptive anchor),proposed,angel numbers index
P-0765,/angel-numbers/500,/crystals/crystals-for-meditation,bridge,(writer chooses descriptive anchor),proposed,stones used while reflecting on the number
P-0765,/angel-numbers/500,/learn/crystal-journaling,bridge,(writer chooses descriptive anchor),proposed,recording sightings
P-0766,/angel-numbers/911,/angel-numbers,parent,(writer chooses descriptive anchor),proposed,angel numbers index
P-0766,/angel-numbers/911,/crystals/crystals-for-meditation,bridge,(writer chooses descriptive anchor),proposed,stones used while reflecting on the number
P-0766,/angel-numbers/911,/learn/crystal-journaling,bridge,(writer chooses descriptive anchor),proposed,recording sightings
P-0767,/learn/what-crystals-can-go-in-water,/learn/gemstone-vs-crystal-vs-mineral,lateral,(writer chooses descriptive anchor),proposed,foundational definitions
P-0767,/learn/what-crystals-can-go-in-water,/learn/how-to-cleanse-crystals,sibling,(writer chooses descriptive anchor),proposed,care cluster
P-0767,/learn/what-crystals-can-go-in-water,/learn/how-to-charge-crystals,sibling,(writer chooses descriptive anchor),proposed,care cluster
P-0767,/learn/what-crystals-can-go-in-water,/learn/salt-safe-crystals,sibling,(writer chooses descriptive anchor),proposed,care cluster
P-0767,/learn/what-crystals-can-go-in-water,/learn/sun-safe-crystals,sibling,(writer chooses descriptive anchor),proposed,care cluster
P-0768,/learn/how-to-cleanse-crystals,/learn/gemstone-vs-crystal-vs-mineral,lateral,(writer chooses descriptive anchor),proposed,foundational definitions
P-0768,/learn/how-to-cleanse-crystals,/learn/how-to-charge-crystals,sibling,(writer chooses descriptive anchor),proposed,care cluster
P-0768,/learn/how-to-cleanse-crystals,/learn/what-crystals-can-go-in-water,sibling,(writer chooses descriptive anchor),proposed,care cluster
P-0768,/learn/how-to-cleanse-crystals,/learn/salt-safe-crystals,sibling,(writer chooses descriptive anchor),proposed,care cluster
P-0768,/learn/how-to-cleanse-crystals,/learn/sun-safe-crystals,sibling,(writer chooses descriptive anchor),proposed,care cluster
P-0769,/learn/how-to-charge-crystals,/learn/gemstone-vs-crystal-vs-mineral,lateral,(writer chooses descriptive anchor),proposed,foundational definitions
P-0769,/learn/how-to-charge-crystals,/learn/how-to-cleanse-crystals,sibling,(writer chooses descriptive anchor),proposed,care cluster
P-0769,/learn/how-to-charge-crystals,/learn/what-crystals-can-go-in-water,sibling,(writer chooses descriptive anchor),proposed,care cluster
P-0769,/learn/how-to-charge-crystals,/learn/salt-safe-crystals,sibling,(writer chooses descriptive anchor),proposed,care cluster
P-0769,/learn/how-to-charge-crystals,/learn/sun-safe-crystals,sibling,(writer chooses descriptive anchor),proposed,care cluster
P-0770,/learn/how-to-know-if-a-chakra-bracelet-is-real,/learn/gemstone-vs-crystal-vs-mineral,lateral,(writer chooses descriptive anchor),proposed,foundational definitions
P-0771,/gemstones/tortoise-ring/meaning,/gemstones/tortoise-ring,parent,(writer chooses descriptive anchor),proposed,hub page
P-0771,/gemstones/tortoise-ring/meaning,/gemstones/tortoise-ring/who-should-not-wear,sibling,(writer chooses descriptive anchor),proposed,live cautions page
P-0771,/gemstones/tortoise-ring/meaning,/gemstones/jade,lateral,(writer chooses descriptive anchor),proposed,jade tortoise carvings are the common stone variant
P-0771,/gemstones/tortoise-ring/meaning,/gemstones/pyrite/meaning,lateral,(writer chooses descriptive anchor),proposed,other prosperity talismans
P-0772,/gemstones/tortoise-ring/how-to-cleanse,/gemstones/tortoise-ring,parent,(writer chooses descriptive anchor),proposed,hub page
P-0772,/gemstones/tortoise-ring/how-to-cleanse,/gemstones/tortoise-ring/who-should-not-wear,sibling,(writer chooses descriptive anchor),proposed,live cautions page
P-0772,/gemstones/tortoise-ring/how-to-cleanse,/gemstones/jade,lateral,(writer chooses descriptive anchor),proposed,jade tortoise carvings are the common stone variant
P-0772,/gemstones/tortoise-ring/how-to-cleanse,/gemstones/pyrite/meaning,lateral,(writer chooses descriptive anchor),proposed,other prosperity talismans
P-0773,/gemstones/tortoise-ring/can-go-in-water,/gemstones/tortoise-ring,parent,(writer chooses descriptive anchor),proposed,hub page
P-0773,/gemstones/tortoise-ring/can-go-in-water,/gemstones/tortoise-ring/who-should-not-wear,sibling,(writer chooses descriptive anchor),proposed,live cautions page
P-0773,/gemstones/tortoise-ring/can-go-in-water,/gemstones/jade,lateral,(writer chooses descriptive anchor),proposed,jade tortoise carvings are the common stone variant
P-0773,/gemstones/tortoise-ring/can-go-in-water,/gemstones/pyrite/meaning,lateral,(writer chooses descriptive anchor),proposed,other prosperity talismans
P-0774,/gemstones/tortoise-ring/how-to-identify,/gemstones/tortoise-ring,parent,(writer chooses descriptive anchor),proposed,hub page
P-0774,/gemstones/tortoise-ring/how-to-identify,/gemstones/tortoise-ring/who-should-not-wear,sibling,(writer chooses descriptive anchor),proposed,live cautions page
P-0774,/gemstones/tortoise-ring/how-to-identify,/gemstones/jade,lateral,(writer chooses descriptive anchor),proposed,jade tortoise carvings are the common stone variant
P-0774,/gemstones/tortoise-ring/how-to-identify,/gemstones/pyrite/meaning,lateral,(writer chooses descriptive anchor),proposed,other prosperity talismans
P-0775,/gemstones/tortoise-ring/price-guide,/gemstones/tortoise-ring,parent,(writer chooses descriptive anchor),proposed,hub page
P-0775,/gemstones/tortoise-ring/price-guide,/gemstones/tortoise-ring/who-should-not-wear,sibling,(writer chooses descriptive anchor),proposed,live cautions page
P-0775,/gemstones/tortoise-ring/price-guide,/gemstones/jade,lateral,(writer chooses descriptive anchor),proposed,jade tortoise carvings are the common stone variant
P-0775,/gemstones/tortoise-ring/price-guide,/gemstones/pyrite/meaning,lateral,(writer chooses descriptive anchor),proposed,other prosperity talismans
P-0776,/gemstones/tortoise-ring/combinations,/gemstones/tortoise-ring,parent,(writer chooses descriptive anchor),proposed,hub page
P-0776,/gemstones/tortoise-ring/combinations,/gemstones/tortoise-ring/who-should-not-wear,sibling,(writer chooses descriptive anchor),proposed,live cautions page
P-0776,/gemstones/tortoise-ring/combinations,/gemstones/jade,lateral,(writer chooses descriptive anchor),proposed,jade tortoise carvings are the common stone variant
P-0776,/gemstones/tortoise-ring/combinations,/gemstones/pyrite/meaning,lateral,(writer chooses descriptive anchor),proposed,other prosperity talismans
