page_id,url,level,macro,seed,intent_id,frame,question,stone,status,priority,decision,drive_folder
P-0001,/gemstones/pyrite/meaning,Node,M1 Stone Atlas,S1.1 meaning,INT-pyrite-meaning,Explanation,"What does Pyrite mean, what is it, and what is it traditionally used for?",pyrite,new,P1,draft,6 Gemstone Sub-pages
P-0002,/gemstones/pyrite/how-to-cleanse,Node,M1 Stone Atlas,S1.6 how-to-cleanse,INT-pyrite-how-to-cleanse,Instruction,How do I cleanse and recharge Pyrite without damaging it?,pyrite,new,P1,draft,6 Gemstone Sub-pages
P-0003,/gemstones/pyrite/price-guide,Node,M1 Stone Atlas,S1.9 price-guide,INT-pyrite-price-guide,Explanation,"How much does Pyrite cost, what drives its price, and how do I avoid overpaying?",pyrite,new,P1,draft,6 Gemstone Sub-pages
P-0004,/gemstones/pyrite/how-to-identify,Node,M1 Stone Atlas,S1.4 how-to-identify,INT-pyrite-how-to-identify,Instruction,"How do I tell real Pyrite from fakes, glass, dyed or imitation material?",pyrite,new,P1,draft,6 Gemstone Sub-pages
P-0005,/gemstones/pyrite/sleeping-with,Node,M1 Stone Atlas,S1.5 sleeping-with,INT-pyrite-sleeping-with,Explanation,"Is it sensible to sleep with Pyrite under the pillow or by the bed, and how is it done?",pyrite,new,P1,draft,6 Gemstone Sub-pages
P-0006,/gemstones/pyrite/combinations,Node,M1 Stone Atlas,S1.7 combinations,INT-pyrite-combinations,Evaluation,"Which crystals pair well with Pyrite, for which goals, and which pairings to avoid?",pyrite,new,P1,draft,6 Gemstone Sub-pages
P-0007,/gemstones/pyrite/affirmations,Node,M1 Stone Atlas,S1.8 affirmations,INT-pyrite-affirmations,Instruction,Which affirmations suit Pyrite and how do I use them with the stone?,pyrite,new,P1,draft,6 Gemstone Sub-pages
P-0008,/gemstones/amethyst/how-to-cleanse,Node,M1 Stone Atlas,S1.6 how-to-cleanse,INT-amethyst-how-to-cleanse,Instruction,How do I cleanse and recharge Amethyst without damaging it?,amethyst,new,P1,draft,6 Gemstone Sub-pages
P-0009,/gemstones/amethyst/price-guide,Node,M1 Stone Atlas,S1.9 price-guide,INT-amethyst-price-guide,Explanation,"How much does Amethyst cost, what drives its price, and how do I avoid overpaying?",amethyst,new,P1,draft,6 Gemstone Sub-pages
P-0010,/gemstones/amethyst/how-to-identify,Node,M1 Stone Atlas,S1.4 how-to-identify,INT-amethyst-how-to-identify,Instruction,"How do I tell real Amethyst from fakes, glass, dyed or imitation material?",amethyst,new,P1,draft,6 Gemstone Sub-pages
P-0011,/gemstones/amethyst/combinations,Node,M1 Stone Atlas,S1.7 combinations,INT-amethyst-combinations,Evaluation,"Which crystals pair well with Amethyst, for which goals, and which pairings to avoid?",amethyst,new,P1,draft,6 Gemstone Sub-pages
P-0012,/gemstones/amethyst/affirmations,Node,M1 Stone Atlas,S1.8 affirmations,INT-amethyst-affirmations,Instruction,Which affirmations suit Amethyst and how do I use them with the stone?,amethyst,new,P1,draft,6 Gemstone Sub-pages
P-0013,/gemstones/jade/price-guide,Node,M1 Stone Atlas,S1.9 price-guide,INT-jade-price-guide,Explanation,"How much does Jade cost, what drives its price, and how do I avoid overpaying?",jade,new,P1,draft,6 Gemstone Sub-pages
P-0014,/gemstones/jade/how-to-identify,Node,M1 Stone Atlas,S1.4 how-to-identify,INT-jade-how-to-identify,Instruction,"How do I tell real Jade from fakes, glass, dyed or imitation material?",jade,new,P1,draft,6 Gemstone Sub-pages
P-0015,/gemstones/jade/how-to-cleanse,Node,M1 Stone Atlas,S1.6 how-to-cleanse,INT-jade-how-to-cleanse,Instruction,How do I cleanse and recharge Jade without damaging it?,jade,new,P1,draft,6 Gemstone Sub-pages
P-0016,/gemstones/jade/sleeping-with,Node,M1 Stone Atlas,S1.5 sleeping-with,INT-jade-sleeping-with,Explanation,"Is it sensible to sleep with Jade under the pillow or by the bed, and how is it done?",jade,new,P1,draft,6 Gemstone Sub-pages
P-0017,/gemstones/jade/combinations,Node,M1 Stone Atlas,S1.7 combinations,INT-jade-combinations,Evaluation,"Which crystals pair well with Jade, for which goals, and which pairings to avoid?",jade,new,P1,draft,6 Gemstone Sub-pages
P-0018,/gemstones/jade/affirmations,Node,M1 Stone Atlas,S1.8 affirmations,INT-jade-affirmations,Instruction,Which affirmations suit Jade and how do I use them with the stone?,jade,new,P1,draft,6 Gemstone Sub-pages
P-0019,/gemstones/rose-quartz/how-to-cleanse,Node,M1 Stone Atlas,S1.6 how-to-cleanse,INT-rose-quartz-how-to-cleanse,Instruction,How do I cleanse and recharge Rose Quartz without damaging it?,rose-quartz,new,P1,draft,6 Gemstone Sub-pages
P-0020,/gemstones/tiger-eye/how-to-cleanse,Node,M1 Stone Atlas,S1.6 how-to-cleanse,INT-tiger-eye-how-to-cleanse,Instruction,How do I cleanse and recharge Tiger Eye without damaging it?,tiger-eye,new,P1,draft,6 Gemstone Sub-pages
P-0021,/gemstones/tiger-eye/how-to-identify,Node,M1 Stone Atlas,S1.4 how-to-identify,INT-tiger-eye-how-to-identify,Instruction,"How do I tell real Tiger Eye from fakes, glass, dyed or imitation material?",tiger-eye,new,P1,draft,6 Gemstone Sub-pages
P-0022,/gemstones/tiger-eye/price-guide,Node,M1 Stone Atlas,S1.9 price-guide,INT-tiger-eye-price-guide,Explanation,"How much does Tiger Eye cost, what drives its price, and how do I avoid overpaying?",tiger-eye,new,P1,draft,6 Gemstone Sub-pages
P-0023,/gemstones/tiger-eye/combinations,Node,M1 Stone Atlas,S1.7 combinations,INT-tiger-eye-combinations,Evaluation,"Which crystals pair well with Tiger Eye, for which goals, and which pairings to avoid?",tiger-eye,new,P2,draft,6 Gemstone Sub-pages
P-0024,/gemstones/tiger-eye/affirmations,Node,M1 Stone Atlas,S1.8 affirmations,INT-tiger-eye-affirmations,Instruction,Which affirmations suit Tiger Eye and how do I use them with the stone?,tiger-eye,new,P2,draft,6 Gemstone Sub-pages
P-0025,/gemstones/rose-quartz/how-to-identify,Node,M1 Stone Atlas,S1.4 how-to-identify,INT-rose-quartz-how-to-identify,Instruction,"How do I tell real Rose Quartz from fakes, glass, dyed or imitation material?",rose-quartz,new,P2,draft,6 Gemstone Sub-pages
P-0026,/gemstones/rose-quartz/price-guide,Node,M1 Stone Atlas,S1.9 price-guide,INT-rose-quartz-price-guide,Explanation,"How much does Rose Quartz cost, what drives its price, and how do I avoid overpaying?",rose-quartz,new,P2,draft,6 Gemstone Sub-pages
P-0027,/gemstones/rose-quartz/combinations,Node,M1 Stone Atlas,S1.7 combinations,INT-rose-quartz-combinations,Evaluation,"Which crystals pair well with Rose Quartz, for which goals, and which pairings to avoid?",rose-quartz,new,P2,draft,6 Gemstone Sub-pages
P-0028,/gemstones/rose-quartz/affirmations,Node,M1 Stone Atlas,S1.8 affirmations,INT-rose-quartz-affirmations,Instruction,Which affirmations suit Rose Quartz and how do I use them with the stone?,rose-quartz,new,P2,draft,6 Gemstone Sub-pages
P-0029,/gemstones/garnet/meaning,Node,M1 Stone Atlas,S1.1 meaning,INT-garnet-meaning,Explanation,"What does Garnet mean, what is it, and what is it traditionally used for?",garnet,new,P2,draft,6 Gemstone Sub-pages
P-0030,/gemstones/lava-stone/price-guide,Node,M1 Stone Atlas,S1.9 price-guide,INT-lava-stone-price-guide,Explanation,"How much does Lava Stone cost, what drives its price, and how do I avoid overpaying?",lava-stone,new,P2,draft,6 Gemstone Sub-pages
P-0031,/gemstones/lava-stone/how-to-cleanse,Node,M1 Stone Atlas,S1.6 how-to-cleanse,INT-lava-stone-how-to-cleanse,Instruction,How do I cleanse and recharge Lava Stone without damaging it?,lava-stone,new,P2,draft,6 Gemstone Sub-pages
P-0032,/gemstones/lava-stone/can-go-in-water,Node,M1 Stone Atlas,S1.3 can-go-in-water,INT-lava-stone-can-go-in-water,Explanation,"Can Lava Stone go in water safely, and how should it be cleaned without damage?",lava-stone,new,P2,draft,6 Gemstone Sub-pages
P-0033,/gemstones/lava-stone/sleeping-with,Node,M1 Stone Atlas,S1.5 sleeping-with,INT-lava-stone-sleeping-with,Explanation,"Is it sensible to sleep with Lava Stone under the pillow or by the bed, and how is it done?",lava-stone,new,P2,draft,6 Gemstone Sub-pages
P-0034,/gemstones/lava-stone/how-to-identify,Node,M1 Stone Atlas,S1.4 how-to-identify,INT-lava-stone-how-to-identify,Instruction,"How do I tell real Lava Stone from fakes, glass, dyed or imitation material?",lava-stone,new,P2,draft,6 Gemstone Sub-pages
P-0035,/gemstones/lava-stone/combinations,Node,M1 Stone Atlas,S1.7 combinations,INT-lava-stone-combinations,Evaluation,"Which crystals pair well with Lava Stone, for which goals, and which pairings to avoid?",lava-stone,new,P2,draft,6 Gemstone Sub-pages
P-0036,/gemstones/lava-stone/affirmations,Node,M1 Stone Atlas,S1.8 affirmations,INT-lava-stone-affirmations,Instruction,Which affirmations suit Lava Stone and how do I use them with the stone?,lava-stone,new,P2,draft,6 Gemstone Sub-pages
P-0037,/gemstones/lapis-lazuli/meaning,Node,M1 Stone Atlas,S1.1 meaning,INT-lapis-lazuli-meaning,Explanation,"What does Lapis Lazuli mean, what is it, and what is it traditionally used for?",lapis-lazuli,new,P2,draft,6 Gemstone Sub-pages
P-0038,/gemstones/lapis-lazuli/how-to-cleanse,Node,M1 Stone Atlas,S1.6 how-to-cleanse,INT-lapis-lazuli-how-to-cleanse,Instruction,How do I cleanse and recharge Lapis Lazuli without damaging it?,lapis-lazuli,new,P2,draft,6 Gemstone Sub-pages
P-0039,/gemstones/lapis-lazuli/sleeping-with,Node,M1 Stone Atlas,S1.5 sleeping-with,INT-lapis-lazuli-sleeping-with,Explanation,"Is it sensible to sleep with Lapis Lazuli under the pillow or by the bed, and how is it done?",lapis-lazuli,new,P2,draft,6 Gemstone Sub-pages
P-0040,/gemstones/lapis-lazuli/how-to-identify,Node,M1 Stone Atlas,S1.4 how-to-identify,INT-lapis-lazuli-how-to-identify,Instruction,"How do I tell real Lapis Lazuli from fakes, glass, dyed or imitation material?",lapis-lazuli,new,P2,draft,6 Gemstone Sub-pages
P-0041,/gemstones/lapis-lazuli/price-guide,Node,M1 Stone Atlas,S1.9 price-guide,INT-lapis-lazuli-price-guide,Explanation,"How much does Lapis Lazuli cost, what drives its price, and how do I avoid overpaying?",lapis-lazuli,new,P2,draft,6 Gemstone Sub-pages
P-0042,/gemstones/lapis-lazuli/combinations,Node,M1 Stone Atlas,S1.7 combinations,INT-lapis-lazuli-combinations,Evaluation,"Which crystals pair well with Lapis Lazuli, for which goals, and which pairings to avoid?",lapis-lazuli,new,P2,draft,6 Gemstone Sub-pages
P-0043,/gemstones/lapis-lazuli/affirmations,Node,M1 Stone Atlas,S1.8 affirmations,INT-lapis-lazuli-affirmations,Instruction,Which affirmations suit Lapis Lazuli and how do I use them with the stone?,lapis-lazuli,new,P2,draft,6 Gemstone Sub-pages
P-0044,/gemstones/black-tourmaline/who-should-not-wear,Node,M1 Stone Atlas,S1.2 who-should-not-wear,INT-black-tourmaline-who-should-not-wear,Evaluation,"Who should be cautious about wearing Black Tourmaline, and why (physical safety, tradition, astrology)?",black-tourmaline,new,P2,draft,6 Gemstone Sub-pages
P-0045,/gemstones/black-onyx/how-to-cleanse,Node,M1 Stone Atlas,S1.6 how-to-cleanse,INT-black-onyx-how-to-cleanse,Instruction,How do I cleanse and recharge Black Onyx without damaging it?,black-onyx,new,P2,draft,6 Gemstone Sub-pages
P-0046,/gemstones/peridot/meaning,Node,M1 Stone Atlas,S1.1 meaning,INT-peridot-meaning,Explanation,"What does Peridot mean, what is it, and what is it traditionally used for?",peridot,new,P2,draft,6 Gemstone Sub-pages
P-0047,/gemstones/garnet/how-to-cleanse,Node,M1 Stone Atlas,S1.6 how-to-cleanse,INT-garnet-how-to-cleanse,Instruction,How do I cleanse and recharge Garnet without damaging it?,garnet,new,P2,draft,6 Gemstone Sub-pages
P-0048,/gemstones/garnet/sleeping-with,Node,M1 Stone Atlas,S1.5 sleeping-with,INT-garnet-sleeping-with,Explanation,"Is it sensible to sleep with Garnet under the pillow or by the bed, and how is it done?",garnet,new,P2,draft,6 Gemstone Sub-pages
P-0049,/gemstones/garnet/how-to-identify,Node,M1 Stone Atlas,S1.4 how-to-identify,INT-garnet-how-to-identify,Instruction,"How do I tell real Garnet from fakes, glass, dyed or imitation material?",garnet,new,P2,draft,6 Gemstone Sub-pages
P-0050,/gemstones/garnet/price-guide,Node,M1 Stone Atlas,S1.9 price-guide,INT-garnet-price-guide,Explanation,"How much does Garnet cost, what drives its price, and how do I avoid overpaying?",garnet,new,P2,draft,6 Gemstone Sub-pages
P-0051,/gemstones/garnet/combinations,Node,M1 Stone Atlas,S1.7 combinations,INT-garnet-combinations,Evaluation,"Which crystals pair well with Garnet, for which goals, and which pairings to avoid?",garnet,new,P2,draft,6 Gemstone Sub-pages
P-0052,/gemstones/garnet/affirmations,Node,M1 Stone Atlas,S1.8 affirmations,INT-garnet-affirmations,Instruction,Which affirmations suit Garnet and how do I use them with the stone?,garnet,new,P2,draft,6 Gemstone Sub-pages
P-0053,/gemstones/black-onyx/sleeping-with,Node,M1 Stone Atlas,S1.5 sleeping-with,INT-black-onyx-sleeping-with,Explanation,"Is it sensible to sleep with Black Onyx under the pillow or by the bed, and how is it done?",black-onyx,new,P2,draft,6 Gemstone Sub-pages
P-0054,/gemstones/black-onyx/how-to-identify,Node,M1 Stone Atlas,S1.4 how-to-identify,INT-black-onyx-how-to-identify,Instruction,"How do I tell real Black Onyx from fakes, glass, dyed or imitation material?",black-onyx,new,P2,draft,6 Gemstone Sub-pages
P-0055,/gemstones/black-onyx/price-guide,Node,M1 Stone Atlas,S1.9 price-guide,INT-black-onyx-price-guide,Explanation,"How much does Black Onyx cost, what drives its price, and how do I avoid overpaying?",black-onyx,new,P2,draft,6 Gemstone Sub-pages
P-0056,/gemstones/black-onyx/combinations,Node,M1 Stone Atlas,S1.7 combinations,INT-black-onyx-combinations,Evaluation,"Which crystals pair well with Black Onyx, for which goals, and which pairings to avoid?",black-onyx,new,P2,draft,6 Gemstone Sub-pages
P-0057,/gemstones/black-onyx/affirmations,Node,M1 Stone Atlas,S1.8 affirmations,INT-black-onyx-affirmations,Instruction,Which affirmations suit Black Onyx and how do I use them with the stone?,black-onyx,new,P2,draft,6 Gemstone Sub-pages
P-0058,/gemstones/aquamarine/meaning,Node,M1 Stone Atlas,S1.1 meaning,INT-aquamarine-meaning,Explanation,"What does Aquamarine mean, what is it, and what is it traditionally used for?",aquamarine,new,P2,draft,6 Gemstone Sub-pages
P-0059,/gemstones/aquamarine/how-to-cleanse,Node,M1 Stone Atlas,S1.6 how-to-cleanse,INT-aquamarine-how-to-cleanse,Instruction,How do I cleanse and recharge Aquamarine without damaging it?,aquamarine,new,P2,draft,6 Gemstone Sub-pages
P-0060,/gemstones/aquamarine/sleeping-with,Node,M1 Stone Atlas,S1.5 sleeping-with,INT-aquamarine-sleeping-with,Explanation,"Is it sensible to sleep with Aquamarine under the pillow or by the bed, and how is it done?",aquamarine,new,P2,draft,6 Gemstone Sub-pages
P-0061,/gemstones/aquamarine/how-to-identify,Node,M1 Stone Atlas,S1.4 how-to-identify,INT-aquamarine-how-to-identify,Instruction,"How do I tell real Aquamarine from fakes, glass, dyed or imitation material?",aquamarine,new,P2,draft,6 Gemstone Sub-pages
P-0062,/gemstones/aquamarine/price-guide,Node,M1 Stone Atlas,S1.9 price-guide,INT-aquamarine-price-guide,Explanation,"How much does Aquamarine cost, what drives its price, and how do I avoid overpaying?",aquamarine,new,P2,draft,6 Gemstone Sub-pages
P-0063,/gemstones/aquamarine/combinations,Node,M1 Stone Atlas,S1.7 combinations,INT-aquamarine-combinations,Evaluation,"Which crystals pair well with Aquamarine, for which goals, and which pairings to avoid?",aquamarine,new,P2,draft,6 Gemstone Sub-pages
P-0064,/gemstones/aquamarine/affirmations,Node,M1 Stone Atlas,S1.8 affirmations,INT-aquamarine-affirmations,Instruction,Which affirmations suit Aquamarine and how do I use them with the stone?,aquamarine,new,P2,draft,6 Gemstone Sub-pages
P-0065,/gemstones/black-tourmaline/how-to-cleanse,Node,M1 Stone Atlas,S1.6 how-to-cleanse,INT-black-tourmaline-how-to-cleanse,Instruction,How do I cleanse and recharge Black Tourmaline without damaging it?,black-tourmaline,new,P2,draft,6 Gemstone Sub-pages
P-0066,/gemstones/black-tourmaline/how-to-identify,Node,M1 Stone Atlas,S1.4 how-to-identify,INT-black-tourmaline-how-to-identify,Instruction,"How do I tell real Black Tourmaline from fakes, glass, dyed or imitation material?",black-tourmaline,new+absorb legacy,P2,draft,6 Gemstone Sub-pages
P-0067,/gemstones/black-tourmaline/price-guide,Node,M1 Stone Atlas,S1.9 price-guide,INT-black-tourmaline-price-guide,Explanation,"How much does Black Tourmaline cost, what drives its price, and how do I avoid overpaying?",black-tourmaline,new,P2,draft,6 Gemstone Sub-pages
P-0068,/gemstones/black-tourmaline/combinations,Node,M1 Stone Atlas,S1.7 combinations,INT-black-tourmaline-combinations,Evaluation,"Which crystals pair well with Black Tourmaline, for which goals, and which pairings to avoid?",black-tourmaline,new,P2,draft,6 Gemstone Sub-pages
P-0069,/gemstones/black-tourmaline/affirmations,Node,M1 Stone Atlas,S1.8 affirmations,INT-black-tourmaline-affirmations,Instruction,Which affirmations suit Black Tourmaline and how do I use them with the stone?,black-tourmaline,new,P2,draft,6 Gemstone Sub-pages
P-0070,/gemstones/peridot/price-guide,Node,M1 Stone Atlas,S1.9 price-guide,INT-peridot-price-guide,Explanation,"How much does Peridot cost, what drives its price, and how do I avoid overpaying?",peridot,new,P2,draft,6 Gemstone Sub-pages
P-0071,/gemstones/peridot/how-to-cleanse,Node,M1 Stone Atlas,S1.6 how-to-cleanse,INT-peridot-how-to-cleanse,Instruction,How do I cleanse and recharge Peridot without damaging it?,peridot,new,P2,draft,6 Gemstone Sub-pages
P-0072,/gemstones/peridot/can-go-in-water,Node,M1 Stone Atlas,S1.3 can-go-in-water,INT-peridot-can-go-in-water,Explanation,"Can Peridot go in water safely, and how should it be cleaned without damage?",peridot,new,P2,draft,6 Gemstone Sub-pages
P-0073,/gemstones/peridot/sleeping-with,Node,M1 Stone Atlas,S1.5 sleeping-with,INT-peridot-sleeping-with,Explanation,"Is it sensible to sleep with Peridot under the pillow or by the bed, and how is it done?",peridot,new,P2,draft,6 Gemstone Sub-pages
P-0074,/gemstones/peridot/how-to-identify,Node,M1 Stone Atlas,S1.4 how-to-identify,INT-peridot-how-to-identify,Instruction,"How do I tell real Peridot from fakes, glass, dyed or imitation material?",peridot,new,P2,draft,6 Gemstone Sub-pages
P-0075,/gemstones/peridot/combinations,Node,M1 Stone Atlas,S1.7 combinations,INT-peridot-combinations,Evaluation,"Which crystals pair well with Peridot, for which goals, and which pairings to avoid?",peridot,new,P2,draft,6 Gemstone Sub-pages
P-0076,/gemstones/peridot/affirmations,Node,M1 Stone Atlas,S1.8 affirmations,INT-peridot-affirmations,Instruction,Which affirmations suit Peridot and how do I use them with the stone?,peridot,new,P2,draft,6 Gemstone Sub-pages
P-0077,/gemstones/turquoise/how-to-cleanse,Node,M1 Stone Atlas,S1.6 how-to-cleanse,INT-turquoise-how-to-cleanse,Instruction,How do I cleanse and recharge Turquoise without damaging it?,turquoise,new,P2,draft,6 Gemstone Sub-pages
P-0078,/gemstones/turquoise/can-go-in-water,Node,M1 Stone Atlas,S1.3 can-go-in-water,INT-turquoise-can-go-in-water,Explanation,"Can Turquoise go in water safely, and how should it be cleaned without damage?",turquoise,new,P2,draft,6 Gemstone Sub-pages
P-0079,/gemstones/turquoise/sleeping-with,Node,M1 Stone Atlas,S1.5 sleeping-with,INT-turquoise-sleeping-with,Explanation,"Is it sensible to sleep with Turquoise under the pillow or by the bed, and how is it done?",turquoise,new,P2,draft,6 Gemstone Sub-pages
P-0080,/gemstones/turquoise/meaning,Node,M1 Stone Atlas,S1.1 meaning,INT-turquoise-meaning,Explanation,"What does Turquoise mean, what is it, and what is it traditionally used for?",turquoise,new,P2,draft,6 Gemstone Sub-pages
P-0081,/gemstones/turquoise/how-to-identify,Node,M1 Stone Atlas,S1.4 how-to-identify,INT-turquoise-how-to-identify,Instruction,"How do I tell real Turquoise from fakes, glass, dyed or imitation material?",turquoise,new,P2,draft,6 Gemstone Sub-pages
P-0082,/gemstones/turquoise/price-guide,Node,M1 Stone Atlas,S1.9 price-guide,INT-turquoise-price-guide,Explanation,"How much does Turquoise cost, what drives its price, and how do I avoid overpaying?",turquoise,new,P2,draft,6 Gemstone Sub-pages
P-0083,/gemstones/turquoise/combinations,Node,M1 Stone Atlas,S1.7 combinations,INT-turquoise-combinations,Evaluation,"Which crystals pair well with Turquoise, for which goals, and which pairings to avoid?",turquoise,new,P2,draft,6 Gemstone Sub-pages
P-0084,/gemstones/turquoise/affirmations,Node,M1 Stone Atlas,S1.8 affirmations,INT-turquoise-affirmations,Instruction,Which affirmations suit Turquoise and how do I use them with the stone?,turquoise,new,P2,draft,6 Gemstone Sub-pages
P-0085,/gemstones/moldavite/how-to-cleanse,Node,M1 Stone Atlas,S1.6 how-to-cleanse,INT-moldavite-how-to-cleanse,Instruction,How do I cleanse and recharge Moldavite without damaging it?,moldavite,new,P2,draft,6 Gemstone Sub-pages
P-0086,/gemstones/black-obsidian/can-go-in-water,Node,M1 Stone Atlas,S1.3 can-go-in-water,INT-black-obsidian-can-go-in-water,Explanation,"Can Black Obsidian go in water safely, and how should it be cleaned without damage?",black-obsidian,new,P2,draft,6 Gemstone Sub-pages
P-0087,/gemstones/obsidian/how-to-cleanse,Node,M1 Stone Atlas,S1.6 how-to-cleanse,INT-obsidian-how-to-cleanse,Instruction,How do I cleanse and recharge Obsidian without damaging it?,obsidian,new,P2,draft,6 Gemstone Sub-pages
P-0088,/gemstones/aventurine/how-to-cleanse,Node,M1 Stone Atlas,S1.6 how-to-cleanse,INT-aventurine-how-to-cleanse,Instruction,How do I cleanse and recharge Aventurine without damaging it?,aventurine,new,P2,draft,6 Gemstone Sub-pages
P-0089,/gemstones/larvikite/who-should-not-wear,Node,M1 Stone Atlas,S1.2 who-should-not-wear,INT-larvikite-who-should-not-wear,Evaluation,"Who should be cautious about wearing Larvikite, and why (physical safety, tradition, astrology)?",larvikite,new,P2,draft,6 Gemstone Sub-pages
P-0090,/gemstones/larvikite/how-to-cleanse,Node,M1 Stone Atlas,S1.6 how-to-cleanse,INT-larvikite-how-to-cleanse,Instruction,How do I cleanse and recharge Larvikite without damaging it?,larvikite,new,P2,draft,6 Gemstone Sub-pages
P-0091,/gemstones/larvikite/can-go-in-water,Node,M1 Stone Atlas,S1.3 can-go-in-water,INT-larvikite-can-go-in-water,Explanation,"Can Larvikite go in water safely, and how should it be cleaned without damage?",larvikite,new,P2,draft,6 Gemstone Sub-pages
P-0092,/gemstones/larvikite/sleeping-with,Node,M1 Stone Atlas,S1.5 sleeping-with,INT-larvikite-sleeping-with,Explanation,"Is it sensible to sleep with Larvikite under the pillow or by the bed, and how is it done?",larvikite,new,P2,draft,6 Gemstone Sub-pages
P-0093,/gemstones/larvikite/how-to-identify,Node,M1 Stone Atlas,S1.4 how-to-identify,INT-larvikite-how-to-identify,Instruction,"How do I tell real Larvikite from fakes, glass, dyed or imitation material?",larvikite,new,P3,draft,6 Gemstone Sub-pages
P-0094,/gemstones/larvikite/price-guide,Node,M1 Stone Atlas,S1.9 price-guide,INT-larvikite-price-guide,Explanation,"How much does Larvikite cost, what drives its price, and how do I avoid overpaying?",larvikite,new,P3,draft,6 Gemstone Sub-pages
P-0095,/gemstones/larvikite/combinations,Node,M1 Stone Atlas,S1.7 combinations,INT-larvikite-combinations,Evaluation,"Which crystals pair well with Larvikite, for which goals, and which pairings to avoid?",larvikite,new,P3,draft,6 Gemstone Sub-pages
P-0096,/gemstones/larvikite/affirmations,Node,M1 Stone Atlas,S1.8 affirmations,INT-larvikite-affirmations,Instruction,Which affirmations suit Larvikite and how do I use them with the stone?,larvikite,new,P3,draft,6 Gemstone Sub-pages
P-0097,/gemstones/diamond/how-to-identify,Node,M1 Stone Atlas,S1.4 how-to-identify,INT-diamond-how-to-identify,Instruction,"How do I tell real Diamond from fakes, glass, dyed or imitation material?",diamond,new,P3,draft,6 Gemstone Sub-pages
P-0098,/gemstones/labradorite/who-should-not-wear,Node,M1 Stone Atlas,S1.2 who-should-not-wear,INT-labradorite-who-should-not-wear,Evaluation,"Who should be cautious about wearing Labradorite, and why (physical safety, tradition, astrology)?",labradorite,new,P3,draft,6 Gemstone Sub-pages
P-0099,/gemstones/labradorite/how-to-cleanse,Node,M1 Stone Atlas,S1.6 how-to-cleanse,INT-labradorite-how-to-cleanse,Instruction,How do I cleanse and recharge Labradorite without damaging it?,labradorite,new,P3,draft,6 Gemstone Sub-pages
P-0100,/gemstones/labradorite/sleeping-with,Node,M1 Stone Atlas,S1.5 sleeping-with,INT-labradorite-sleeping-with,Explanation,"Is it sensible to sleep with Labradorite under the pillow or by the bed, and how is it done?",labradorite,new,P3,draft,6 Gemstone Sub-pages
P-0101,/gemstones/labradorite/how-to-identify,Node,M1 Stone Atlas,S1.4 how-to-identify,INT-labradorite-how-to-identify,Instruction,"How do I tell real Labradorite from fakes, glass, dyed or imitation material?",labradorite,new,P3,draft,6 Gemstone Sub-pages
P-0102,/gemstones/labradorite/price-guide,Node,M1 Stone Atlas,S1.9 price-guide,INT-labradorite-price-guide,Explanation,"How much does Labradorite cost, what drives its price, and how do I avoid overpaying?",labradorite,new,P3,draft,6 Gemstone Sub-pages
P-0103,/gemstones/labradorite/combinations,Node,M1 Stone Atlas,S1.7 combinations,INT-labradorite-combinations,Evaluation,"Which crystals pair well with Labradorite, for which goals, and which pairings to avoid?",labradorite,new,P3,draft,6 Gemstone Sub-pages
P-0104,/gemstones/labradorite/affirmations,Node,M1 Stone Atlas,S1.8 affirmations,INT-labradorite-affirmations,Instruction,Which affirmations suit Labradorite and how do I use them with the stone?,labradorite,new,P3,draft,6 Gemstone Sub-pages
P-0105,/gemstones/cats-eye/meaning,Node,M1 Stone Atlas,S1.1 meaning,INT-cats-eye-meaning,Explanation,"What does Cat's Eye mean, what is it, and what is it traditionally used for?",cats-eye,new,P3,draft,6 Gemstone Sub-pages
P-0106,/gemstones/opalite/how-to-cleanse,Node,M1 Stone Atlas,S1.6 how-to-cleanse,INT-opalite-how-to-cleanse,Instruction,How do I cleanse and recharge Opalite without damaging it?,opalite,new,P3,draft,6 Gemstone Sub-pages
P-0107,/gemstones/malachite/how-to-cleanse,Node,M1 Stone Atlas,S1.6 how-to-cleanse,INT-malachite-how-to-cleanse,Instruction,How do I cleanse and recharge Malachite without damaging it?,malachite,new,P3,draft,6 Gemstone Sub-pages
P-0108,/gemstones/aventurine/who-should-not-wear,Node,M1 Stone Atlas,S1.2 who-should-not-wear,INT-aventurine-who-should-not-wear,Evaluation,"Who should be cautious about wearing Aventurine, and why (physical safety, tradition, astrology)?",aventurine,new,P3,draft,6 Gemstone Sub-pages
P-0109,/gemstones/aventurine/how-to-identify,Node,M1 Stone Atlas,S1.4 how-to-identify,INT-aventurine-how-to-identify,Instruction,"How do I tell real Aventurine from fakes, glass, dyed or imitation material?",aventurine,new,P3,draft,6 Gemstone Sub-pages
P-0110,/gemstones/aventurine/price-guide,Node,M1 Stone Atlas,S1.9 price-guide,INT-aventurine-price-guide,Explanation,"How much does Aventurine cost, what drives its price, and how do I avoid overpaying?",aventurine,new,P3,draft,6 Gemstone Sub-pages
P-0111,/gemstones/aventurine/combinations,Node,M1 Stone Atlas,S1.7 combinations,INT-aventurine-combinations,Evaluation,"Which crystals pair well with Aventurine, for which goals, and which pairings to avoid?",aventurine,new,P3,draft,6 Gemstone Sub-pages
P-0112,/gemstones/aventurine/affirmations,Node,M1 Stone Atlas,S1.8 affirmations,INT-aventurine-affirmations,Instruction,Which affirmations suit Aventurine and how do I use them with the stone?,aventurine,new,P3,draft,6 Gemstone Sub-pages
P-0113,/gemstones/lepidolite/how-to-cleanse,Node,M1 Stone Atlas,S1.6 how-to-cleanse,INT-lepidolite-how-to-cleanse,Instruction,How do I cleanse and recharge Lepidolite without damaging it?,lepidolite,new,P3,draft,6 Gemstone Sub-pages
P-0114,/gemstones/cats-eye/price-guide,Node,M1 Stone Atlas,S1.9 price-guide,INT-cats-eye-price-guide,Explanation,"How much does Cat's Eye cost, what drives its price, and how do I avoid overpaying?",cats-eye,new,P3,draft,6 Gemstone Sub-pages
P-0115,/gemstones/cats-eye/how-to-cleanse,Node,M1 Stone Atlas,S1.6 how-to-cleanse,INT-cats-eye-how-to-cleanse,Instruction,How do I cleanse and recharge Cat's Eye without damaging it?,cats-eye,new,P3,draft,6 Gemstone Sub-pages
P-0116,/gemstones/cats-eye/can-go-in-water,Node,M1 Stone Atlas,S1.3 can-go-in-water,INT-cats-eye-can-go-in-water,Explanation,"Can Cat's Eye go in water safely, and how should it be cleaned without damage?",cats-eye,new,P3,draft,6 Gemstone Sub-pages
P-0117,/gemstones/cats-eye/sleeping-with,Node,M1 Stone Atlas,S1.5 sleeping-with,INT-cats-eye-sleeping-with,Explanation,"Is it sensible to sleep with Cat's Eye under the pillow or by the bed, and how is it done?",cats-eye,new,P3,draft,6 Gemstone Sub-pages
P-0118,/gemstones/cats-eye/how-to-identify,Node,M1 Stone Atlas,S1.4 how-to-identify,INT-cats-eye-how-to-identify,Instruction,"How do I tell real Cat's Eye from fakes, glass, dyed or imitation material?",cats-eye,new,P3,draft,6 Gemstone Sub-pages
P-0119,/gemstones/cats-eye/combinations,Node,M1 Stone Atlas,S1.7 combinations,INT-cats-eye-combinations,Evaluation,"Which crystals pair well with Cat's Eye, for which goals, and which pairings to avoid?",cats-eye,new,P3,draft,6 Gemstone Sub-pages
P-0120,/gemstones/cats-eye/affirmations,Node,M1 Stone Atlas,S1.8 affirmations,INT-cats-eye-affirmations,Instruction,Which affirmations suit Cat's Eye and how do I use them with the stone?,cats-eye,new,P3,draft,6 Gemstone Sub-pages
P-0121,/gemstones/citrine/how-to-cleanse,Node,M1 Stone Atlas,S1.6 how-to-cleanse,INT-citrine-how-to-cleanse,Instruction,How do I cleanse and recharge Citrine without damaging it?,citrine,new,P3,draft,6 Gemstone Sub-pages
P-0122,/gemstones/citrine/sleeping-with,Node,M1 Stone Atlas,S1.5 sleeping-with,INT-citrine-sleeping-with,Explanation,"Is it sensible to sleep with Citrine under the pillow or by the bed, and how is it done?",citrine,new,P3,draft,6 Gemstone Sub-pages
P-0123,/gemstones/citrine/meaning,Node,M1 Stone Atlas,S1.1 meaning,INT-citrine-meaning,Explanation,"What does Citrine mean, what is it, and what is it traditionally used for?",citrine,new,P3,draft,6 Gemstone Sub-pages
P-0124,/gemstones/citrine/how-to-identify,Node,M1 Stone Atlas,S1.4 how-to-identify,INT-citrine-how-to-identify,Instruction,"How do I tell real Citrine from fakes, glass, dyed or imitation material?",citrine,new,P3,draft,6 Gemstone Sub-pages
P-0125,/gemstones/citrine/price-guide,Node,M1 Stone Atlas,S1.9 price-guide,INT-citrine-price-guide,Explanation,"How much does Citrine cost, what drives its price, and how do I avoid overpaying?",citrine,new,P3,draft,6 Gemstone Sub-pages
P-0126,/gemstones/citrine/combinations,Node,M1 Stone Atlas,S1.7 combinations,INT-citrine-combinations,Evaluation,"Which crystals pair well with Citrine, for which goals, and which pairings to avoid?",citrine,new,P3,draft,6 Gemstone Sub-pages
P-0127,/gemstones/citrine/affirmations,Node,M1 Stone Atlas,S1.8 affirmations,INT-citrine-affirmations,Instruction,Which affirmations suit Citrine and how do I use them with the stone?,citrine,new,P3,draft,6 Gemstone Sub-pages
P-0128,/gemstones/opal/meaning,Node,M1 Stone Atlas,S1.1 meaning,INT-opal-meaning,Explanation,"What does Opal mean, what is it, and what is it traditionally used for?",opal,new,P3,draft,6 Gemstone Sub-pages
P-0129,/gemstones/moldavite/who-should-not-wear,Node,M1 Stone Atlas,S1.2 who-should-not-wear,INT-moldavite-who-should-not-wear,Evaluation,"Who should be cautious about wearing Moldavite, and why (physical safety, tradition, astrology)?",moldavite,new,P3,draft,6 Gemstone Sub-pages
P-0130,/gemstones/moldavite/how-to-identify,Node,M1 Stone Atlas,S1.4 how-to-identify,INT-moldavite-how-to-identify,Instruction,"How do I tell real Moldavite from fakes, glass, dyed or imitation material?",moldavite,new,P3,draft,6 Gemstone Sub-pages
P-0131,/gemstones/moldavite/price-guide,Node,M1 Stone Atlas,S1.9 price-guide,INT-moldavite-price-guide,Explanation,"How much does Moldavite cost, what drives its price, and how do I avoid overpaying?",moldavite,new,P3,draft,6 Gemstone Sub-pages
P-0132,/gemstones/moldavite/combinations,Node,M1 Stone Atlas,S1.7 combinations,INT-moldavite-combinations,Evaluation,"Which crystals pair well with Moldavite, for which goals, and which pairings to avoid?",moldavite,new,P3,draft,6 Gemstone Sub-pages
P-0133,/gemstones/moldavite/affirmations,Node,M1 Stone Atlas,S1.8 affirmations,INT-moldavite-affirmations,Instruction,Which affirmations suit Moldavite and how do I use them with the stone?,moldavite,new,P3,draft,6 Gemstone Sub-pages
P-0134,/gemstones/opal/how-to-cleanse,Node,M1 Stone Atlas,S1.6 how-to-cleanse,INT-opal-how-to-cleanse,Instruction,How do I cleanse and recharge Opal without damaging it?,opal,new,P3,draft,6 Gemstone Sub-pages
P-0135,/gemstones/opal/sleeping-with,Node,M1 Stone Atlas,S1.5 sleeping-with,INT-opal-sleeping-with,Explanation,"Is it sensible to sleep with Opal under the pillow or by the bed, and how is it done?",opal,new,P3,draft,6 Gemstone Sub-pages
P-0136,/gemstones/opal/how-to-identify,Node,M1 Stone Atlas,S1.4 how-to-identify,INT-opal-how-to-identify,Instruction,"How do I tell real Opal from fakes, glass, dyed or imitation material?",opal,new,P3,draft,6 Gemstone Sub-pages
P-0137,/gemstones/opal/price-guide,Node,M1 Stone Atlas,S1.9 price-guide,INT-opal-price-guide,Explanation,"How much does Opal cost, what drives its price, and how do I avoid overpaying?",opal,new,P3,draft,6 Gemstone Sub-pages
P-0138,/gemstones/opal/combinations,Node,M1 Stone Atlas,S1.7 combinations,INT-opal-combinations,Evaluation,"Which crystals pair well with Opal, for which goals, and which pairings to avoid?",opal,new,P3,draft,6 Gemstone Sub-pages
P-0139,/gemstones/opal/affirmations,Node,M1 Stone Atlas,S1.8 affirmations,INT-opal-affirmations,Instruction,Which affirmations suit Opal and how do I use them with the stone?,opal,new,P3,draft,6 Gemstone Sub-pages
P-0140,/gemstones/howlite/how-to-cleanse,Node,M1 Stone Atlas,S1.6 how-to-cleanse,INT-howlite-how-to-cleanse,Instruction,How do I cleanse and recharge Howlite without damaging it?,howlite,new,P3,draft,6 Gemstone Sub-pages
P-0141,/gemstones/moss-agate/who-should-not-wear,Node,M1 Stone Atlas,S1.2 who-should-not-wear,INT-moss-agate-who-should-not-wear,Evaluation,"Who should be cautious about wearing Moss Agate, and why (physical safety, tradition, astrology)?",moss-agate,new,P3,draft,6 Gemstone Sub-pages
P-0142,/gemstones/moss-agate/how-to-cleanse,Node,M1 Stone Atlas,S1.6 how-to-cleanse,INT-moss-agate-how-to-cleanse,Instruction,How do I cleanse and recharge Moss Agate without damaging it?,moss-agate,new,P3,draft,6 Gemstone Sub-pages
P-0143,/gemstones/moss-agate/sleeping-with,Node,M1 Stone Atlas,S1.5 sleeping-with,INT-moss-agate-sleeping-with,Explanation,"Is it sensible to sleep with Moss Agate under the pillow or by the bed, and how is it done?",moss-agate,new,P3,draft,6 Gemstone Sub-pages
P-0144,/gemstones/moss-agate/how-to-identify,Node,M1 Stone Atlas,S1.4 how-to-identify,INT-moss-agate-how-to-identify,Instruction,"How do I tell real Moss Agate from fakes, glass, dyed or imitation material?",moss-agate,new,P3,draft,6 Gemstone Sub-pages
P-0145,/gemstones/moss-agate/price-guide,Node,M1 Stone Atlas,S1.9 price-guide,INT-moss-agate-price-guide,Explanation,"How much does Moss Agate cost, what drives its price, and how do I avoid overpaying?",moss-agate,new,P3,draft,6 Gemstone Sub-pages
P-0146,/gemstones/moss-agate/combinations,Node,M1 Stone Atlas,S1.7 combinations,INT-moss-agate-combinations,Evaluation,"Which crystals pair well with Moss Agate, for which goals, and which pairings to avoid?",moss-agate,new,P3,draft,6 Gemstone Sub-pages
P-0147,/gemstones/moss-agate/affirmations,Node,M1 Stone Atlas,S1.8 affirmations,INT-moss-agate-affirmations,Instruction,Which affirmations suit Moss Agate and how do I use them with the stone?,moss-agate,new,P3,draft,6 Gemstone Sub-pages
P-0148,/gemstones/obsidian/meaning,Node,M1 Stone Atlas,S1.1 meaning,INT-obsidian-meaning,Explanation,"What does Obsidian mean, what is it, and what is it traditionally used for?",obsidian,new,P3,draft,6 Gemstone Sub-pages
P-0149,/gemstones/obsidian/who-should-not-wear,Node,M1 Stone Atlas,S1.2 who-should-not-wear,INT-obsidian-who-should-not-wear,Evaluation,"Who should be cautious about wearing Obsidian, and why (physical safety, tradition, astrology)?",obsidian,new,P3,draft,6 Gemstone Sub-pages
P-0150,/gemstones/obsidian/sleeping-with,Node,M1 Stone Atlas,S1.5 sleeping-with,INT-obsidian-sleeping-with,Explanation,"Is it sensible to sleep with Obsidian under the pillow or by the bed, and how is it done?",obsidian,new,P3,draft,6 Gemstone Sub-pages
P-0151,/gemstones/obsidian/how-to-identify,Node,M1 Stone Atlas,S1.4 how-to-identify,INT-obsidian-how-to-identify,Instruction,"How do I tell real Obsidian from fakes, glass, dyed or imitation material?",obsidian,new,P3,draft,6 Gemstone Sub-pages
P-0152,/gemstones/obsidian/price-guide,Node,M1 Stone Atlas,S1.9 price-guide,INT-obsidian-price-guide,Explanation,"How much does Obsidian cost, what drives its price, and how do I avoid overpaying?",obsidian,new,P3,draft,6 Gemstone Sub-pages
P-0153,/gemstones/obsidian/combinations,Node,M1 Stone Atlas,S1.7 combinations,INT-obsidian-combinations,Evaluation,"Which crystals pair well with Obsidian, for which goals, and which pairings to avoid?",obsidian,new,P3,draft,6 Gemstone Sub-pages
P-0154,/gemstones/obsidian/affirmations,Node,M1 Stone Atlas,S1.8 affirmations,INT-obsidian-affirmations,Instruction,Which affirmations suit Obsidian and how do I use them with the stone?,obsidian,new,P3,draft,6 Gemstone Sub-pages
P-0155,/gemstones/opalite/who-should-not-wear,Node,M1 Stone Atlas,S1.2 who-should-not-wear,INT-opalite-who-should-not-wear,Evaluation,"Who should be cautious about wearing Opalite, and why (physical safety, tradition, astrology)?",opalite,new,P3,draft,6 Gemstone Sub-pages
P-0156,/gemstones/opalite/sleeping-with,Node,M1 Stone Atlas,S1.5 sleeping-with,INT-opalite-sleeping-with,Explanation,"Is it sensible to sleep with Opalite under the pillow or by the bed, and how is it done?",opalite,new,P3,draft,6 Gemstone Sub-pages
P-0157,/gemstones/opalite/how-to-identify,Node,M1 Stone Atlas,S1.4 how-to-identify,INT-opalite-how-to-identify,Instruction,"How do I tell real Opalite from fakes, glass, dyed or imitation material?",opalite,new,P3,draft,6 Gemstone Sub-pages
P-0158,/gemstones/opalite/price-guide,Node,M1 Stone Atlas,S1.9 price-guide,INT-opalite-price-guide,Explanation,"How much does Opalite cost, what drives its price, and how do I avoid overpaying?",opalite,new,P3,draft,6 Gemstone Sub-pages
P-0159,/gemstones/opalite/combinations,Node,M1 Stone Atlas,S1.7 combinations,INT-opalite-combinations,Evaluation,"Which crystals pair well with Opalite, for which goals, and which pairings to avoid?",opalite,new,P3,draft,6 Gemstone Sub-pages
P-0160,/gemstones/opalite/affirmations,Node,M1 Stone Atlas,S1.8 affirmations,INT-opalite-affirmations,Instruction,Which affirmations suit Opalite and how do I use them with the stone?,opalite,new,P3,draft,6 Gemstone Sub-pages
P-0161,/gemstones/moonstone/who-should-not-wear,Node,M1 Stone Atlas,S1.2 who-should-not-wear,INT-moonstone-who-should-not-wear,Evaluation,"Who should be cautious about wearing Moonstone, and why (physical safety, tradition, astrology)?",moonstone,new,P3,draft,6 Gemstone Sub-pages
P-0162,/gemstones/moonstone/how-to-cleanse,Node,M1 Stone Atlas,S1.6 how-to-cleanse,INT-moonstone-how-to-cleanse,Instruction,How do I cleanse and recharge Moonstone without damaging it?,moonstone,new,P3,draft,6 Gemstone Sub-pages
P-0163,/gemstones/moonstone/sleeping-with,Node,M1 Stone Atlas,S1.5 sleeping-with,INT-moonstone-sleeping-with,Explanation,"Is it sensible to sleep with Moonstone under the pillow or by the bed, and how is it done?",moonstone,new,P3,draft,6 Gemstone Sub-pages
P-0164,/gemstones/moonstone/how-to-identify,Node,M1 Stone Atlas,S1.4 how-to-identify,INT-moonstone-how-to-identify,Instruction,"How do I tell real Moonstone from fakes, glass, dyed or imitation material?",moonstone,new,P3,draft,6 Gemstone Sub-pages
P-0165,/gemstones/moonstone/price-guide,Node,M1 Stone Atlas,S1.9 price-guide,INT-moonstone-price-guide,Explanation,"How much does Moonstone cost, what drives its price, and how do I avoid overpaying?",moonstone,new,P3,draft,6 Gemstone Sub-pages
P-0166,/gemstones/moonstone/combinations,Node,M1 Stone Atlas,S1.7 combinations,INT-moonstone-combinations,Evaluation,"Which crystals pair well with Moonstone, for which goals, and which pairings to avoid?",moonstone,new,P3,draft,6 Gemstone Sub-pages
P-0167,/gemstones/moonstone/affirmations,Node,M1 Stone Atlas,S1.8 affirmations,INT-moonstone-affirmations,Instruction,Which affirmations suit Moonstone and how do I use them with the stone?,moonstone,new,P3,draft,6 Gemstone Sub-pages
P-0168,/gemstones/indian-agate/who-should-not-wear,Node,M1 Stone Atlas,S1.2 who-should-not-wear,INT-indian-agate-who-should-not-wear,Evaluation,"Who should be cautious about wearing Indian Agate, and why (physical safety, tradition, astrology)?",indian-agate,new,P3,draft,6 Gemstone Sub-pages
P-0169,/gemstones/indian-agate/how-to-cleanse,Node,M1 Stone Atlas,S1.6 how-to-cleanse,INT-indian-agate-how-to-cleanse,Instruction,How do I cleanse and recharge Indian Agate without damaging it?,indian-agate,new,P3,draft,6 Gemstone Sub-pages
P-0170,/gemstones/indian-agate/can-go-in-water,Node,M1 Stone Atlas,S1.3 can-go-in-water,INT-indian-agate-can-go-in-water,Explanation,"Can Indian Agate go in water safely, and how should it be cleaned without damage?",indian-agate,new,P3,draft,6 Gemstone Sub-pages
P-0171,/gemstones/indian-agate/sleeping-with,Node,M1 Stone Atlas,S1.5 sleeping-with,INT-indian-agate-sleeping-with,Explanation,"Is it sensible to sleep with Indian Agate under the pillow or by the bed, and how is it done?",indian-agate,new,P3,draft,6 Gemstone Sub-pages
P-0172,/gemstones/indian-agate/how-to-identify,Node,M1 Stone Atlas,S1.4 how-to-identify,INT-indian-agate-how-to-identify,Instruction,"How do I tell real Indian Agate from fakes, glass, dyed or imitation material?",indian-agate,new,P3,draft,6 Gemstone Sub-pages
P-0173,/gemstones/indian-agate/price-guide,Node,M1 Stone Atlas,S1.9 price-guide,INT-indian-agate-price-guide,Explanation,"How much does Indian Agate cost, what drives its price, and how do I avoid overpaying?",indian-agate,new,P3,draft,6 Gemstone Sub-pages
P-0174,/gemstones/indian-agate/combinations,Node,M1 Stone Atlas,S1.7 combinations,INT-indian-agate-combinations,Evaluation,"Which crystals pair well with Indian Agate, for which goals, and which pairings to avoid?",indian-agate,new,P3,draft,6 Gemstone Sub-pages
P-0175,/gemstones/indian-agate/affirmations,Node,M1 Stone Atlas,S1.8 affirmations,INT-indian-agate-affirmations,Instruction,Which affirmations suit Indian Agate and how do I use them with the stone?,indian-agate,new,P3,draft,6 Gemstone Sub-pages
P-0176,/gemstones/malachite/who-should-not-wear,Node,M1 Stone Atlas,S1.2 who-should-not-wear,INT-malachite-who-should-not-wear,Evaluation,"Who should be cautious about wearing Malachite, and why (physical safety, tradition, astrology)?",malachite,new,P3,draft,6 Gemstone Sub-pages
P-0177,/gemstones/malachite/sleeping-with,Node,M1 Stone Atlas,S1.5 sleeping-with,INT-malachite-sleeping-with,Explanation,"Is it sensible to sleep with Malachite under the pillow or by the bed, and how is it done?",malachite,new,P3,draft,6 Gemstone Sub-pages
P-0178,/gemstones/malachite/meaning,Node,M1 Stone Atlas,S1.1 meaning,INT-malachite-meaning,Explanation,"What does Malachite mean, what is it, and what is it traditionally used for?",malachite,new,P3,draft,6 Gemstone Sub-pages
P-0179,/gemstones/malachite/how-to-identify,Node,M1 Stone Atlas,S1.4 how-to-identify,INT-malachite-how-to-identify,Instruction,"How do I tell real Malachite from fakes, glass, dyed or imitation material?",malachite,new,P3,draft,6 Gemstone Sub-pages
P-0180,/gemstones/malachite/price-guide,Node,M1 Stone Atlas,S1.9 price-guide,INT-malachite-price-guide,Explanation,"How much does Malachite cost, what drives its price, and how do I avoid overpaying?",malachite,new,P3,draft,6 Gemstone Sub-pages
P-0181,/gemstones/malachite/combinations,Node,M1 Stone Atlas,S1.7 combinations,INT-malachite-combinations,Evaluation,"Which crystals pair well with Malachite, for which goals, and which pairings to avoid?",malachite,new,P3,draft,6 Gemstone Sub-pages
P-0182,/gemstones/malachite/affirmations,Node,M1 Stone Atlas,S1.8 affirmations,INT-malachite-affirmations,Instruction,Which affirmations suit Malachite and how do I use them with the stone?,malachite,new,P3,draft,6 Gemstone Sub-pages
P-0183,/gemstones/hematite/who-should-not-wear,Node,M1 Stone Atlas,S1.2 who-should-not-wear,INT-hematite-who-should-not-wear,Evaluation,"Who should be cautious about wearing Hematite, and why (physical safety, tradition, astrology)?",hematite,new,P3,draft,6 Gemstone Sub-pages
P-0184,/gemstones/hematite/how-to-cleanse,Node,M1 Stone Atlas,S1.6 how-to-cleanse,INT-hematite-how-to-cleanse,Instruction,How do I cleanse and recharge Hematite without damaging it?,hematite,new,P3,draft,6 Gemstone Sub-pages
P-0185,/gemstones/hematite/sleeping-with,Node,M1 Stone Atlas,S1.5 sleeping-with,INT-hematite-sleeping-with,Explanation,"Is it sensible to sleep with Hematite under the pillow or by the bed, and how is it done?",hematite,new,P3,draft,6 Gemstone Sub-pages
P-0186,/gemstones/hematite/how-to-identify,Node,M1 Stone Atlas,S1.4 how-to-identify,INT-hematite-how-to-identify,Instruction,"How do I tell real Hematite from fakes, glass, dyed or imitation material?",hematite,new,P3,draft,6 Gemstone Sub-pages
P-0187,/gemstones/hematite/price-guide,Node,M1 Stone Atlas,S1.9 price-guide,INT-hematite-price-guide,Explanation,"How much does Hematite cost, what drives its price, and how do I avoid overpaying?",hematite,new,P3,draft,6 Gemstone Sub-pages
P-0188,/gemstones/hematite/combinations,Node,M1 Stone Atlas,S1.7 combinations,INT-hematite-combinations,Evaluation,"Which crystals pair well with Hematite, for which goals, and which pairings to avoid?",hematite,new,P3,draft,6 Gemstone Sub-pages
P-0189,/gemstones/hematite/affirmations,Node,M1 Stone Atlas,S1.8 affirmations,INT-hematite-affirmations,Instruction,Which affirmations suit Hematite and how do I use them with the stone?,hematite,new,P3,draft,6 Gemstone Sub-pages
P-0190,/gemstones/black-obsidian/who-should-not-wear,Node,M1 Stone Atlas,S1.2 who-should-not-wear,INT-black-obsidian-who-should-not-wear,Evaluation,"Who should be cautious about wearing Black Obsidian, and why (physical safety, tradition, astrology)?",black-obsidian,new,P3,draft,6 Gemstone Sub-pages
P-0191,/gemstones/black-obsidian/how-to-cleanse,Node,M1 Stone Atlas,S1.6 how-to-cleanse,INT-black-obsidian-how-to-cleanse,Instruction,How do I cleanse and recharge Black Obsidian without damaging it?,black-obsidian,new,P3,draft,6 Gemstone Sub-pages
P-0192,/gemstones/black-obsidian/sleeping-with,Node,M1 Stone Atlas,S1.5 sleeping-with,INT-black-obsidian-sleeping-with,Explanation,"Is it sensible to sleep with Black Obsidian under the pillow or by the bed, and how is it done?",black-obsidian,new,P3,draft,6 Gemstone Sub-pages
P-0193,/gemstones/black-obsidian/how-to-identify,Node,M1 Stone Atlas,S1.4 how-to-identify,INT-black-obsidian-how-to-identify,Instruction,"How do I tell real Black Obsidian from fakes, glass, dyed or imitation material?",black-obsidian,new,P3,draft,6 Gemstone Sub-pages
P-0194,/gemstones/black-obsidian/price-guide,Node,M1 Stone Atlas,S1.9 price-guide,INT-black-obsidian-price-guide,Explanation,"How much does Black Obsidian cost, what drives its price, and how do I avoid overpaying?",black-obsidian,new,P3,draft,6 Gemstone Sub-pages
P-0195,/gemstones/black-obsidian/combinations,Node,M1 Stone Atlas,S1.7 combinations,INT-black-obsidian-combinations,Evaluation,"Which crystals pair well with Black Obsidian, for which goals, and which pairings to avoid?",black-obsidian,new,P3,draft,6 Gemstone Sub-pages
P-0196,/gemstones/black-obsidian/affirmations,Node,M1 Stone Atlas,S1.8 affirmations,INT-black-obsidian-affirmations,Instruction,Which affirmations suit Black Obsidian and how do I use them with the stone?,black-obsidian,new,P3,draft,6 Gemstone Sub-pages
P-0197,/gemstones/hematoid-quartz/who-should-not-wear,Node,M1 Stone Atlas,S1.2 who-should-not-wear,INT-hematoid-quartz-who-should-not-wear,Evaluation,"Who should be cautious about wearing Hematoid Quartz, and why (physical safety, tradition, astrology)?",hematoid-quartz,new,P3,draft,6 Gemstone Sub-pages
P-0198,/gemstones/hematoid-quartz/how-to-cleanse,Node,M1 Stone Atlas,S1.6 how-to-cleanse,INT-hematoid-quartz-how-to-cleanse,Instruction,How do I cleanse and recharge Hematoid Quartz without damaging it?,hematoid-quartz,new,P3,draft,6 Gemstone Sub-pages
P-0199,/gemstones/hematoid-quartz/can-go-in-water,Node,M1 Stone Atlas,S1.3 can-go-in-water,INT-hematoid-quartz-can-go-in-water,Explanation,"Can Hematoid Quartz go in water safely, and how should it be cleaned without damage?",hematoid-quartz,new,P3,draft,6 Gemstone Sub-pages
P-0200,/gemstones/hematoid-quartz/sleeping-with,Node,M1 Stone Atlas,S1.5 sleeping-with,INT-hematoid-quartz-sleeping-with,Explanation,"Is it sensible to sleep with Hematoid Quartz under the pillow or by the bed, and how is it done?",hematoid-quartz,new,P3,draft,6 Gemstone Sub-pages
P-0201,/gemstones/hematoid-quartz/how-to-identify,Node,M1 Stone Atlas,S1.4 how-to-identify,INT-hematoid-quartz-how-to-identify,Instruction,"How do I tell real Hematoid Quartz from fakes, glass, dyed or imitation material?",hematoid-quartz,new,P3,draft,6 Gemstone Sub-pages
P-0202,/gemstones/hematoid-quartz/price-guide,Node,M1 Stone Atlas,S1.9 price-guide,INT-hematoid-quartz-price-guide,Explanation,"How much does Hematoid Quartz cost, what drives its price, and how do I avoid overpaying?",hematoid-quartz,new,P3,draft,6 Gemstone Sub-pages
P-0203,/gemstones/hematoid-quartz/combinations,Node,M1 Stone Atlas,S1.7 combinations,INT-hematoid-quartz-combinations,Evaluation,"Which crystals pair well with Hematoid Quartz, for which goals, and which pairings to avoid?",hematoid-quartz,new,P3,draft,6 Gemstone Sub-pages
P-0204,/gemstones/hematoid-quartz/affirmations,Node,M1 Stone Atlas,S1.8 affirmations,INT-hematoid-quartz-affirmations,Instruction,Which affirmations suit Hematoid Quartz and how do I use them with the stone?,hematoid-quartz,new,P3,draft,6 Gemstone Sub-pages
P-0205,/gemstones/enhydro-agate/who-should-not-wear,Node,M1 Stone Atlas,S1.2 who-should-not-wear,INT-enhydro-agate-who-should-not-wear,Evaluation,"Who should be cautious about wearing Enhydro Agate, and why (physical safety, tradition, astrology)?",enhydro-agate,new,P3,draft,6 Gemstone Sub-pages
P-0206,/gemstones/enhydro-agate/how-to-cleanse,Node,M1 Stone Atlas,S1.6 how-to-cleanse,INT-enhydro-agate-how-to-cleanse,Instruction,How do I cleanse and recharge Enhydro Agate without damaging it?,enhydro-agate,new,P3,draft,6 Gemstone Sub-pages
P-0207,/gemstones/enhydro-agate/can-go-in-water,Node,M1 Stone Atlas,S1.3 can-go-in-water,INT-enhydro-agate-can-go-in-water,Explanation,"Can Enhydro Agate go in water safely, and how should it be cleaned without damage?",enhydro-agate,new,P3,draft,6 Gemstone Sub-pages
P-0208,/gemstones/enhydro-agate/sleeping-with,Node,M1 Stone Atlas,S1.5 sleeping-with,INT-enhydro-agate-sleeping-with,Explanation,"Is it sensible to sleep with Enhydro Agate under the pillow or by the bed, and how is it done?",enhydro-agate,new,P3,draft,6 Gemstone Sub-pages
P-0209,/gemstones/enhydro-agate/how-to-identify,Node,M1 Stone Atlas,S1.4 how-to-identify,INT-enhydro-agate-how-to-identify,Instruction,"How do I tell real Enhydro Agate from fakes, glass, dyed or imitation material?",enhydro-agate,new,P3,draft,6 Gemstone Sub-pages
P-0210,/gemstones/enhydro-agate/price-guide,Node,M1 Stone Atlas,S1.9 price-guide,INT-enhydro-agate-price-guide,Explanation,"How much does Enhydro Agate cost, what drives its price, and how do I avoid overpaying?",enhydro-agate,new,P3,draft,6 Gemstone Sub-pages
P-0211,/gemstones/enhydro-agate/combinations,Node,M1 Stone Atlas,S1.7 combinations,INT-enhydro-agate-combinations,Evaluation,"Which crystals pair well with Enhydro Agate, for which goals, and which pairings to avoid?",enhydro-agate,new,P3,draft,6 Gemstone Sub-pages
P-0212,/gemstones/enhydro-agate/affirmations,Node,M1 Stone Atlas,S1.8 affirmations,INT-enhydro-agate-affirmations,Instruction,Which affirmations suit Enhydro Agate and how do I use them with the stone?,enhydro-agate,new,P3,draft,6 Gemstone Sub-pages
P-0213,/gemstones/selenite/who-should-not-wear,Node,M1 Stone Atlas,S1.2 who-should-not-wear,INT-selenite-who-should-not-wear,Evaluation,"Who should be cautious about wearing Selenite, and why (physical safety, tradition, astrology)?",selenite,new,P3,draft,6 Gemstone Sub-pages
P-0214,/gemstones/selenite/how-to-cleanse,Node,M1 Stone Atlas,S1.6 how-to-cleanse,INT-selenite-how-to-cleanse,Instruction,How do I cleanse and recharge Selenite without damaging it?,selenite,new,P3,draft,6 Gemstone Sub-pages
P-0215,/gemstones/selenite/sleeping-with,Node,M1 Stone Atlas,S1.5 sleeping-with,INT-selenite-sleeping-with,Explanation,"Is it sensible to sleep with Selenite under the pillow or by the bed, and how is it done?",selenite,new,P3,draft,6 Gemstone Sub-pages
P-0216,/gemstones/selenite/meaning,Node,M1 Stone Atlas,S1.1 meaning,INT-selenite-meaning,Explanation,"What does Selenite mean, what is it, and what is it traditionally used for?",selenite,new,P3,draft,6 Gemstone Sub-pages
P-0217,/gemstones/selenite/how-to-identify,Node,M1 Stone Atlas,S1.4 how-to-identify,INT-selenite-how-to-identify,Instruction,"How do I tell real Selenite from fakes, glass, dyed or imitation material?",selenite,new,P3,draft,6 Gemstone Sub-pages
P-0218,/gemstones/selenite/price-guide,Node,M1 Stone Atlas,S1.9 price-guide,INT-selenite-price-guide,Explanation,"How much does Selenite cost, what drives its price, and how do I avoid overpaying?",selenite,new,P3,draft,6 Gemstone Sub-pages
P-0219,/gemstones/selenite/combinations,Node,M1 Stone Atlas,S1.7 combinations,INT-selenite-combinations,Evaluation,"Which crystals pair well with Selenite, for which goals, and which pairings to avoid?",selenite,new,P3,draft,6 Gemstone Sub-pages
P-0220,/gemstones/selenite/affirmations,Node,M1 Stone Atlas,S1.8 affirmations,INT-selenite-affirmations,Instruction,Which affirmations suit Selenite and how do I use them with the stone?,selenite,new,P3,draft,6 Gemstone Sub-pages
P-0221,/gemstones/crazy-lace-agate/who-should-not-wear,Node,M1 Stone Atlas,S1.2 who-should-not-wear,INT-crazy-lace-agate-who-should-not-wear,Evaluation,"Who should be cautious about wearing Crazy Lace Agate, and why (physical safety, tradition, astrology)?",crazy-lace-agate,new,P3,draft,6 Gemstone Sub-pages
P-0222,/gemstones/crazy-lace-agate/how-to-cleanse,Node,M1 Stone Atlas,S1.6 how-to-cleanse,INT-crazy-lace-agate-how-to-cleanse,Instruction,How do I cleanse and recharge Crazy Lace Agate without damaging it?,crazy-lace-agate,new,P3,draft,6 Gemstone Sub-pages
P-0223,/gemstones/crazy-lace-agate/can-go-in-water,Node,M1 Stone Atlas,S1.3 can-go-in-water,INT-crazy-lace-agate-can-go-in-water,Explanation,"Can Crazy Lace Agate go in water safely, and how should it be cleaned without damage?",crazy-lace-agate,new,P3,draft,6 Gemstone Sub-pages
P-0224,/gemstones/crazy-lace-agate/sleeping-with,Node,M1 Stone Atlas,S1.5 sleeping-with,INT-crazy-lace-agate-sleeping-with,Explanation,"Is it sensible to sleep with Crazy Lace Agate under the pillow or by the bed, and how is it done?",crazy-lace-agate,new,P3,draft,6 Gemstone Sub-pages
P-0225,/gemstones/crazy-lace-agate/how-to-identify,Node,M1 Stone Atlas,S1.4 how-to-identify,INT-crazy-lace-agate-how-to-identify,Instruction,"How do I tell real Crazy Lace Agate from fakes, glass, dyed or imitation material?",crazy-lace-agate,new,P3,draft,6 Gemstone Sub-pages
P-0226,/gemstones/crazy-lace-agate/price-guide,Node,M1 Stone Atlas,S1.9 price-guide,INT-crazy-lace-agate-price-guide,Explanation,"How much does Crazy Lace Agate cost, what drives its price, and how do I avoid overpaying?",crazy-lace-agate,new,P3,draft,6 Gemstone Sub-pages
P-0227,/gemstones/crazy-lace-agate/combinations,Node,M1 Stone Atlas,S1.7 combinations,INT-crazy-lace-agate-combinations,Evaluation,"Which crystals pair well with Crazy Lace Agate, for which goals, and which pairings to avoid?",crazy-lace-agate,new,P3,draft,6 Gemstone Sub-pages
P-0228,/gemstones/crazy-lace-agate/affirmations,Node,M1 Stone Atlas,S1.8 affirmations,INT-crazy-lace-agate-affirmations,Instruction,Which affirmations suit Crazy Lace Agate and how do I use them with the stone?,crazy-lace-agate,new,P3,draft,6 Gemstone Sub-pages
P-0229,/gemstones/green-opal/who-should-not-wear,Node,M1 Stone Atlas,S1.2 who-should-not-wear,INT-green-opal-who-should-not-wear,Evaluation,"Who should be cautious about wearing Green Opal, and why (physical safety, tradition, astrology)?",green-opal,new,P3,draft,6 Gemstone Sub-pages
P-0230,/gemstones/green-opal/how-to-cleanse,Node,M1 Stone Atlas,S1.6 how-to-cleanse,INT-green-opal-how-to-cleanse,Instruction,How do I cleanse and recharge Green Opal without damaging it?,green-opal,new,P3,draft,6 Gemstone Sub-pages
P-0231,/gemstones/green-opal/can-go-in-water,Node,M1 Stone Atlas,S1.3 can-go-in-water,INT-green-opal-can-go-in-water,Explanation,"Can Green Opal go in water safely, and how should it be cleaned without damage?",green-opal,new,P3,draft,6 Gemstone Sub-pages
P-0232,/gemstones/green-opal/sleeping-with,Node,M1 Stone Atlas,S1.5 sleeping-with,INT-green-opal-sleeping-with,Explanation,"Is it sensible to sleep with Green Opal under the pillow or by the bed, and how is it done?",green-opal,new,P3,draft,6 Gemstone Sub-pages
P-0233,/gemstones/green-opal/how-to-identify,Node,M1 Stone Atlas,S1.4 how-to-identify,INT-green-opal-how-to-identify,Instruction,"How do I tell real Green Opal from fakes, glass, dyed or imitation material?",green-opal,new,P3,draft,6 Gemstone Sub-pages
P-0234,/gemstones/green-opal/price-guide,Node,M1 Stone Atlas,S1.9 price-guide,INT-green-opal-price-guide,Explanation,"How much does Green Opal cost, what drives its price, and how do I avoid overpaying?",green-opal,new,P3,draft,6 Gemstone Sub-pages
P-0235,/gemstones/green-opal/combinations,Node,M1 Stone Atlas,S1.7 combinations,INT-green-opal-combinations,Evaluation,"Which crystals pair well with Green Opal, for which goals, and which pairings to avoid?",green-opal,new,P3,draft,6 Gemstone Sub-pages
P-0236,/gemstones/green-opal/affirmations,Node,M1 Stone Atlas,S1.8 affirmations,INT-green-opal-affirmations,Instruction,Which affirmations suit Green Opal and how do I use them with the stone?,green-opal,new,P3,draft,6 Gemstone Sub-pages
P-0237,/gemstones/lepidolite/who-should-not-wear,Node,M1 Stone Atlas,S1.2 who-should-not-wear,INT-lepidolite-who-should-not-wear,Evaluation,"Who should be cautious about wearing Lepidolite, and why (physical safety, tradition, astrology)?",lepidolite,new,P3,draft,6 Gemstone Sub-pages
P-0238,/gemstones/lepidolite/sleeping-with,Node,M1 Stone Atlas,S1.5 sleeping-with,INT-lepidolite-sleeping-with,Explanation,"Is it sensible to sleep with Lepidolite under the pillow or by the bed, and how is it done?",lepidolite,new,P3,draft,6 Gemstone Sub-pages
P-0239,/gemstones/lepidolite/how-to-identify,Node,M1 Stone Atlas,S1.4 how-to-identify,INT-lepidolite-how-to-identify,Instruction,"How do I tell real Lepidolite from fakes, glass, dyed or imitation material?",lepidolite,new,P3,draft,6 Gemstone Sub-pages
P-0240,/gemstones/lepidolite/price-guide,Node,M1 Stone Atlas,S1.9 price-guide,INT-lepidolite-price-guide,Explanation,"How much does Lepidolite cost, what drives its price, and how do I avoid overpaying?",lepidolite,new,P3,draft,6 Gemstone Sub-pages
P-0241,/gemstones/lepidolite/combinations,Node,M1 Stone Atlas,S1.7 combinations,INT-lepidolite-combinations,Evaluation,"Which crystals pair well with Lepidolite, for which goals, and which pairings to avoid?",lepidolite,new,P3,draft,6 Gemstone Sub-pages
P-0242,/gemstones/lepidolite/affirmations,Node,M1 Stone Atlas,S1.8 affirmations,INT-lepidolite-affirmations,Instruction,Which affirmations suit Lepidolite and how do I use them with the stone?,lepidolite,new,P3,draft,6 Gemstone Sub-pages
P-0243,/gemstones/howlite/who-should-not-wear,Node,M1 Stone Atlas,S1.2 who-should-not-wear,INT-howlite-who-should-not-wear,Evaluation,"Who should be cautious about wearing Howlite, and why (physical safety, tradition, astrology)?",howlite,new,P3,draft,6 Gemstone Sub-pages
P-0244,/gemstones/howlite/sleeping-with,Node,M1 Stone Atlas,S1.5 sleeping-with,INT-howlite-sleeping-with,Explanation,"Is it sensible to sleep with Howlite under the pillow or by the bed, and how is it done?",howlite,new,P3,draft,6 Gemstone Sub-pages
P-0245,/gemstones/howlite/meaning,Node,M1 Stone Atlas,S1.1 meaning,INT-howlite-meaning,Explanation,"What does Howlite mean, what is it, and what is it traditionally used for?",howlite,new,P3,draft,6 Gemstone Sub-pages
P-0246,/gemstones/howlite/how-to-identify,Node,M1 Stone Atlas,S1.4 how-to-identify,INT-howlite-how-to-identify,Instruction,"How do I tell real Howlite from fakes, glass, dyed or imitation material?",howlite,new,P3,draft,6 Gemstone Sub-pages
P-0247,/gemstones/howlite/price-guide,Node,M1 Stone Atlas,S1.9 price-guide,INT-howlite-price-guide,Explanation,"How much does Howlite cost, what drives its price, and how do I avoid overpaying?",howlite,new,P3,draft,6 Gemstone Sub-pages
P-0248,/gemstones/howlite/combinations,Node,M1 Stone Atlas,S1.7 combinations,INT-howlite-combinations,Evaluation,"Which crystals pair well with Howlite, for which goals, and which pairings to avoid?",howlite,new,P3,draft,6 Gemstone Sub-pages
P-0249,/gemstones/howlite/affirmations,Node,M1 Stone Atlas,S1.8 affirmations,INT-howlite-affirmations,Instruction,Which affirmations suit Howlite and how do I use them with the stone?,howlite,new,P3,draft,6 Gemstone Sub-pages
P-0250,/gemstones/amazonite/who-should-not-wear,Node,M1 Stone Atlas,S1.2 who-should-not-wear,INT-amazonite-who-should-not-wear,Evaluation,"Who should be cautious about wearing Amazonite, and why (physical safety, tradition, astrology)?",amazonite,new,P3,draft,6 Gemstone Sub-pages
P-0251,/gemstones/amazonite/how-to-cleanse,Node,M1 Stone Atlas,S1.6 how-to-cleanse,INT-amazonite-how-to-cleanse,Instruction,How do I cleanse and recharge Amazonite without damaging it?,amazonite,new,P3,draft,6 Gemstone Sub-pages
P-0252,/gemstones/amazonite/sleeping-with,Node,M1 Stone Atlas,S1.5 sleeping-with,INT-amazonite-sleeping-with,Explanation,"Is it sensible to sleep with Amazonite under the pillow or by the bed, and how is it done?",amazonite,new,P3,draft,6 Gemstone Sub-pages
P-0253,/gemstones/amazonite/meaning,Node,M1 Stone Atlas,S1.1 meaning,INT-amazonite-meaning,Explanation,"What does Amazonite mean, what is it, and what is it traditionally used for?",amazonite,new,P3,draft,6 Gemstone Sub-pages
P-0254,/gemstones/amazonite/how-to-identify,Node,M1 Stone Atlas,S1.4 how-to-identify,INT-amazonite-how-to-identify,Instruction,"How do I tell real Amazonite from fakes, glass, dyed or imitation material?",amazonite,new,P3,draft,6 Gemstone Sub-pages
P-0255,/gemstones/amazonite/price-guide,Node,M1 Stone Atlas,S1.9 price-guide,INT-amazonite-price-guide,Explanation,"How much does Amazonite cost, what drives its price, and how do I avoid overpaying?",amazonite,new,P3,draft,6 Gemstone Sub-pages
P-0256,/gemstones/amazonite/combinations,Node,M1 Stone Atlas,S1.7 combinations,INT-amazonite-combinations,Evaluation,"Which crystals pair well with Amazonite, for which goals, and which pairings to avoid?",amazonite,new,P3,draft,6 Gemstone Sub-pages
P-0257,/gemstones/amazonite/affirmations,Node,M1 Stone Atlas,S1.8 affirmations,INT-amazonite-affirmations,Instruction,Which affirmations suit Amazonite and how do I use them with the stone?,amazonite,new,P3,draft,6 Gemstone Sub-pages
P-0258,/gemstones/diamond/who-should-not-wear,Node,M1 Stone Atlas,S1.2 who-should-not-wear,INT-diamond-who-should-not-wear,Evaluation,"Who should be cautious about wearing Diamond, and why (physical safety, tradition, astrology)?",diamond,new,P3,draft,6 Gemstone Sub-pages
P-0259,/gemstones/diamond/how-to-cleanse,Node,M1 Stone Atlas,S1.6 how-to-cleanse,INT-diamond-how-to-cleanse,Instruction,How do I cleanse and recharge Diamond without damaging it?,diamond,new,P3,draft,6 Gemstone Sub-pages
P-0260,/gemstones/diamond/can-go-in-water,Node,M1 Stone Atlas,S1.3 can-go-in-water,INT-diamond-can-go-in-water,Explanation,"Can Diamond go in water safely, and how should it be cleaned without damage?",diamond,new,P3,draft,6 Gemstone Sub-pages
P-0261,/gemstones/diamond/sleeping-with,Node,M1 Stone Atlas,S1.5 sleeping-with,INT-diamond-sleeping-with,Explanation,"Is it sensible to sleep with Diamond under the pillow or by the bed, and how is it done?",diamond,new,P3,draft,6 Gemstone Sub-pages
P-0262,/gemstones/diamond/meaning,Node,M1 Stone Atlas,S1.1 meaning,INT-diamond-meaning,Explanation,"What does Diamond mean, what is it, and what is it traditionally used for?",diamond,new,P3,draft,6 Gemstone Sub-pages
P-0263,/gemstones/diamond/price-guide,Node,M1 Stone Atlas,S1.9 price-guide,INT-diamond-price-guide,Explanation,"How much does Diamond cost, what drives its price, and how do I avoid overpaying?",diamond,new,P3,draft,6 Gemstone Sub-pages
P-0264,/gemstones/diamond/combinations,Node,M1 Stone Atlas,S1.7 combinations,INT-diamond-combinations,Evaluation,"Which crystals pair well with Diamond, for which goals, and which pairings to avoid?",diamond,new,P3,draft,6 Gemstone Sub-pages
P-0265,/gemstones/diamond/affirmations,Node,M1 Stone Atlas,S1.8 affirmations,INT-diamond-affirmations,Instruction,Which affirmations suit Diamond and how do I use them with the stone?,diamond,new,P3,draft,6 Gemstone Sub-pages
P-0266,/gemstones/fluorite/who-should-not-wear,Node,M1 Stone Atlas,S1.2 who-should-not-wear,INT-fluorite-who-should-not-wear,Evaluation,"Who should be cautious about wearing Fluorite, and why (physical safety, tradition, astrology)?",fluorite,new,P3,draft,6 Gemstone Sub-pages
P-0267,/gemstones/fluorite/how-to-cleanse,Node,M1 Stone Atlas,S1.6 how-to-cleanse,INT-fluorite-how-to-cleanse,Instruction,How do I cleanse and recharge Fluorite without damaging it?,fluorite,new,P3,draft,6 Gemstone Sub-pages
P-0268,/gemstones/fluorite/sleeping-with,Node,M1 Stone Atlas,S1.5 sleeping-with,INT-fluorite-sleeping-with,Explanation,"Is it sensible to sleep with Fluorite under the pillow or by the bed, and how is it done?",fluorite,new,P3,draft,6 Gemstone Sub-pages
P-0269,/gemstones/fluorite/meaning,Node,M1 Stone Atlas,S1.1 meaning,INT-fluorite-meaning,Explanation,"What does Fluorite mean, what is it, and what is it traditionally used for?",fluorite,new,P3,draft,6 Gemstone Sub-pages
P-0270,/gemstones/fluorite/how-to-identify,Node,M1 Stone Atlas,S1.4 how-to-identify,INT-fluorite-how-to-identify,Instruction,"How do I tell real Fluorite from fakes, glass, dyed or imitation material?",fluorite,new,P3,draft,6 Gemstone Sub-pages
P-0271,/gemstones/fluorite/price-guide,Node,M1 Stone Atlas,S1.9 price-guide,INT-fluorite-price-guide,Explanation,"How much does Fluorite cost, what drives its price, and how do I avoid overpaying?",fluorite,new,P3,draft,6 Gemstone Sub-pages
P-0272,/gemstones/fluorite/combinations,Node,M1 Stone Atlas,S1.7 combinations,INT-fluorite-combinations,Evaluation,"Which crystals pair well with Fluorite, for which goals, and which pairings to avoid?",fluorite,new,P3,draft,6 Gemstone Sub-pages
P-0273,/gemstones/fluorite/affirmations,Node,M1 Stone Atlas,S1.8 affirmations,INT-fluorite-affirmations,Instruction,Which affirmations suit Fluorite and how do I use them with the stone?,fluorite,new,P3,draft,6 Gemstone Sub-pages
P-0274,/gemstones/blue-tigers-eye/who-should-not-wear,Node,M1 Stone Atlas,S1.2 who-should-not-wear,INT-blue-tigers-eye-who-should-not-wear,Evaluation,"Who should be cautious about wearing Blue Tiger's Eye, and why (physical safety, tradition, astrology)?",blue-tigers-eye,new,P3,draft,6 Gemstone Sub-pages
P-0275,/gemstones/blue-tigers-eye/how-to-cleanse,Node,M1 Stone Atlas,S1.6 how-to-cleanse,INT-blue-tigers-eye-how-to-cleanse,Instruction,How do I cleanse and recharge Blue Tiger's Eye without damaging it?,blue-tigers-eye,new,P3,draft,6 Gemstone Sub-pages
P-0276,/gemstones/blue-tigers-eye/can-go-in-water,Node,M1 Stone Atlas,S1.3 can-go-in-water,INT-blue-tigers-eye-can-go-in-water,Explanation,"Can Blue Tiger's Eye go in water safely, and how should it be cleaned without damage?",blue-tigers-eye,new,P3,draft,6 Gemstone Sub-pages
P-0277,/gemstones/blue-tigers-eye/sleeping-with,Node,M1 Stone Atlas,S1.5 sleeping-with,INT-blue-tigers-eye-sleeping-with,Explanation,"Is it sensible to sleep with Blue Tiger's Eye under the pillow or by the bed, and how is it done?",blue-tigers-eye,new,P3,draft,6 Gemstone Sub-pages
P-0278,/gemstones/blue-tigers-eye/how-to-identify,Node,M1 Stone Atlas,S1.4 how-to-identify,INT-blue-tigers-eye-how-to-identify,Instruction,"How do I tell real Blue Tiger's Eye from fakes, glass, dyed or imitation material?",blue-tigers-eye,new,P3,draft,6 Gemstone Sub-pages
P-0279,/gemstones/blue-tigers-eye/price-guide,Node,M1 Stone Atlas,S1.9 price-guide,INT-blue-tigers-eye-price-guide,Explanation,"How much does Blue Tiger's Eye cost, what drives its price, and how do I avoid overpaying?",blue-tigers-eye,new,P3,draft,6 Gemstone Sub-pages
P-0280,/gemstones/blue-tigers-eye/combinations,Node,M1 Stone Atlas,S1.7 combinations,INT-blue-tigers-eye-combinations,Evaluation,"Which crystals pair well with Blue Tiger's Eye, for which goals, and which pairings to avoid?",blue-tigers-eye,new,P3,draft,6 Gemstone Sub-pages
P-0281,/gemstones/blue-tigers-eye/affirmations,Node,M1 Stone Atlas,S1.8 affirmations,INT-blue-tigers-eye-affirmations,Instruction,Which affirmations suit Blue Tiger's Eye and how do I use them with the stone?,blue-tigers-eye,new,P3,draft,6 Gemstone Sub-pages
P-0282,/gemstones/blue-lace-agate/who-should-not-wear,Node,M1 Stone Atlas,S1.2 who-should-not-wear,INT-blue-lace-agate-who-should-not-wear,Evaluation,"Who should be cautious about wearing Blue Lace Agate, and why (physical safety, tradition, astrology)?",blue-lace-agate,new,P3,draft,6 Gemstone Sub-pages
P-0283,/gemstones/blue-lace-agate/how-to-cleanse,Node,M1 Stone Atlas,S1.6 how-to-cleanse,INT-blue-lace-agate-how-to-cleanse,Instruction,How do I cleanse and recharge Blue Lace Agate without damaging it?,blue-lace-agate,new,P3,draft,6 Gemstone Sub-pages
P-0284,/gemstones/blue-lace-agate/sleeping-with,Node,M1 Stone Atlas,S1.5 sleeping-with,INT-blue-lace-agate-sleeping-with,Explanation,"Is it sensible to sleep with Blue Lace Agate under the pillow or by the bed, and how is it done?",blue-lace-agate,new,P3,draft,6 Gemstone Sub-pages
P-0285,/gemstones/blue-lace-agate/how-to-identify,Node,M1 Stone Atlas,S1.4 how-to-identify,INT-blue-lace-agate-how-to-identify,Instruction,"How do I tell real Blue Lace Agate from fakes, glass, dyed or imitation material?",blue-lace-agate,new,P3,draft,6 Gemstone Sub-pages
P-0286,/gemstones/blue-lace-agate/price-guide,Node,M1 Stone Atlas,S1.9 price-guide,INT-blue-lace-agate-price-guide,Explanation,"How much does Blue Lace Agate cost, what drives its price, and how do I avoid overpaying?",blue-lace-agate,new,P3,draft,6 Gemstone Sub-pages
P-0287,/gemstones/blue-lace-agate/combinations,Node,M1 Stone Atlas,S1.7 combinations,INT-blue-lace-agate-combinations,Evaluation,"Which crystals pair well with Blue Lace Agate, for which goals, and which pairings to avoid?",blue-lace-agate,new,P3,draft,6 Gemstone Sub-pages
P-0288,/gemstones/blue-lace-agate/affirmations,Node,M1 Stone Atlas,S1.8 affirmations,INT-blue-lace-agate-affirmations,Instruction,Which affirmations suit Blue Lace Agate and how do I use them with the stone?,blue-lace-agate,new,P3,draft,6 Gemstone Sub-pages
P-0289,/gemstones/pink-agate/who-should-not-wear,Node,M1 Stone Atlas,S1.2 who-should-not-wear,INT-pink-agate-who-should-not-wear,Evaluation,"Who should be cautious about wearing Pink Agate, and why (physical safety, tradition, astrology)?",pink-agate,new,P3,draft,6 Gemstone Sub-pages
P-0290,/gemstones/pink-agate/how-to-cleanse,Node,M1 Stone Atlas,S1.6 how-to-cleanse,INT-pink-agate-how-to-cleanse,Instruction,How do I cleanse and recharge Pink Agate without damaging it?,pink-agate,new,P3,draft,6 Gemstone Sub-pages
P-0291,/gemstones/pink-agate/can-go-in-water,Node,M1 Stone Atlas,S1.3 can-go-in-water,INT-pink-agate-can-go-in-water,Explanation,"Can Pink Agate go in water safely, and how should it be cleaned without damage?",pink-agate,new,P3,draft,6 Gemstone Sub-pages
P-0292,/gemstones/pink-agate/sleeping-with,Node,M1 Stone Atlas,S1.5 sleeping-with,INT-pink-agate-sleeping-with,Explanation,"Is it sensible to sleep with Pink Agate under the pillow or by the bed, and how is it done?",pink-agate,new,P3,draft,6 Gemstone Sub-pages
P-0293,/gemstones/pink-agate/how-to-identify,Node,M1 Stone Atlas,S1.4 how-to-identify,INT-pink-agate-how-to-identify,Instruction,"How do I tell real Pink Agate from fakes, glass, dyed or imitation material?",pink-agate,new,P3,draft,6 Gemstone Sub-pages
P-0294,/gemstones/pink-agate/price-guide,Node,M1 Stone Atlas,S1.9 price-guide,INT-pink-agate-price-guide,Explanation,"How much does Pink Agate cost, what drives its price, and how do I avoid overpaying?",pink-agate,new,P3,draft,6 Gemstone Sub-pages
P-0295,/gemstones/pink-agate/combinations,Node,M1 Stone Atlas,S1.7 combinations,INT-pink-agate-combinations,Evaluation,"Which crystals pair well with Pink Agate, for which goals, and which pairings to avoid?",pink-agate,new,P3,draft,6 Gemstone Sub-pages
P-0296,/gemstones/pink-agate/affirmations,Node,M1 Stone Atlas,S1.8 affirmations,INT-pink-agate-affirmations,Instruction,Which affirmations suit Pink Agate and how do I use them with the stone?,pink-agate,new,P3,draft,6 Gemstone Sub-pages
P-0297,/gemstones/green-goldstone/who-should-not-wear,Node,M1 Stone Atlas,S1.2 who-should-not-wear,INT-green-goldstone-who-should-not-wear,Evaluation,"Who should be cautious about wearing Green Goldstone, and why (physical safety, tradition, astrology)?",green-goldstone,new,P3,draft,6 Gemstone Sub-pages
P-0298,/gemstones/green-goldstone/how-to-cleanse,Node,M1 Stone Atlas,S1.6 how-to-cleanse,INT-green-goldstone-how-to-cleanse,Instruction,How do I cleanse and recharge Green Goldstone without damaging it?,green-goldstone,new,P3,draft,6 Gemstone Sub-pages
P-0299,/gemstones/green-goldstone/can-go-in-water,Node,M1 Stone Atlas,S1.3 can-go-in-water,INT-green-goldstone-can-go-in-water,Explanation,"Can Green Goldstone go in water safely, and how should it be cleaned without damage?",green-goldstone,new,P3,draft,6 Gemstone Sub-pages
P-0300,/gemstones/green-goldstone/sleeping-with,Node,M1 Stone Atlas,S1.5 sleeping-with,INT-green-goldstone-sleeping-with,Explanation,"Is it sensible to sleep with Green Goldstone under the pillow or by the bed, and how is it done?",green-goldstone,new,P3,draft,6 Gemstone Sub-pages
P-0301,/gemstones/green-goldstone/how-to-identify,Node,M1 Stone Atlas,S1.4 how-to-identify,INT-green-goldstone-how-to-identify,Instruction,"How do I tell real Green Goldstone from fakes, glass, dyed or imitation material?",green-goldstone,new,P3,draft,6 Gemstone Sub-pages
P-0302,/gemstones/green-goldstone/price-guide,Node,M1 Stone Atlas,S1.9 price-guide,INT-green-goldstone-price-guide,Explanation,"How much does Green Goldstone cost, what drives its price, and how do I avoid overpaying?",green-goldstone,new,P3,draft,6 Gemstone Sub-pages
P-0303,/gemstones/green-goldstone/combinations,Node,M1 Stone Atlas,S1.7 combinations,INT-green-goldstone-combinations,Evaluation,"Which crystals pair well with Green Goldstone, for which goals, and which pairings to avoid?",green-goldstone,new,P3,draft,6 Gemstone Sub-pages
P-0304,/gemstones/green-goldstone/affirmations,Node,M1 Stone Atlas,S1.8 affirmations,INT-green-goldstone-affirmations,Instruction,Which affirmations suit Green Goldstone and how do I use them with the stone?,green-goldstone,new,P3,draft,6 Gemstone Sub-pages
P-0305,/gemstones/calcite/who-should-not-wear,Node,M1 Stone Atlas,S1.2 who-should-not-wear,INT-calcite-who-should-not-wear,Evaluation,"Who should be cautious about wearing Calcite, and why (physical safety, tradition, astrology)?",calcite,new,P3,draft,6 Gemstone Sub-pages
P-0306,/gemstones/calcite/how-to-cleanse,Node,M1 Stone Atlas,S1.6 how-to-cleanse,INT-calcite-how-to-cleanse,Instruction,How do I cleanse and recharge Calcite without damaging it?,calcite,new,P3,draft,6 Gemstone Sub-pages
P-0307,/gemstones/calcite/sleeping-with,Node,M1 Stone Atlas,S1.5 sleeping-with,INT-calcite-sleeping-with,Explanation,"Is it sensible to sleep with Calcite under the pillow or by the bed, and how is it done?",calcite,new,P3,draft,6 Gemstone Sub-pages
P-0308,/gemstones/calcite/meaning,Node,M1 Stone Atlas,S1.1 meaning,INT-calcite-meaning,Explanation,"What does Calcite mean, what is it, and what is it traditionally used for?",calcite,new,P3,draft,6 Gemstone Sub-pages
P-0309,/gemstones/calcite/how-to-identify,Node,M1 Stone Atlas,S1.4 how-to-identify,INT-calcite-how-to-identify,Instruction,"How do I tell real Calcite from fakes, glass, dyed or imitation material?",calcite,new,P3,draft,6 Gemstone Sub-pages
P-0310,/gemstones/calcite/price-guide,Node,M1 Stone Atlas,S1.9 price-guide,INT-calcite-price-guide,Explanation,"How much does Calcite cost, what drives its price, and how do I avoid overpaying?",calcite,new,P3,draft,6 Gemstone Sub-pages
P-0311,/gemstones/calcite/combinations,Node,M1 Stone Atlas,S1.7 combinations,INT-calcite-combinations,Evaluation,"Which crystals pair well with Calcite, for which goals, and which pairings to avoid?",calcite,new,P3,draft,6 Gemstone Sub-pages
P-0312,/gemstones/calcite/affirmations,Node,M1 Stone Atlas,S1.8 affirmations,INT-calcite-affirmations,Instruction,Which affirmations suit Calcite and how do I use them with the stone?,calcite,new,P3,draft,6 Gemstone Sub-pages
P-0313,/gemstones/black-agate/who-should-not-wear,Node,M1 Stone Atlas,S1.2 who-should-not-wear,INT-black-agate-who-should-not-wear,Evaluation,"Who should be cautious about wearing Black Agate, and why (physical safety, tradition, astrology)?",black-agate,new,P3,draft,6 Gemstone Sub-pages
P-0314,/gemstones/black-agate/how-to-cleanse,Node,M1 Stone Atlas,S1.6 how-to-cleanse,INT-black-agate-how-to-cleanse,Instruction,How do I cleanse and recharge Black Agate without damaging it?,black-agate,new,P3,draft,6 Gemstone Sub-pages
P-0315,/gemstones/black-agate/can-go-in-water,Node,M1 Stone Atlas,S1.3 can-go-in-water,INT-black-agate-can-go-in-water,Explanation,"Can Black Agate go in water safely, and how should it be cleaned without damage?",black-agate,new,P3,draft,6 Gemstone Sub-pages
P-0316,/gemstones/black-agate/sleeping-with,Node,M1 Stone Atlas,S1.5 sleeping-with,INT-black-agate-sleeping-with,Explanation,"Is it sensible to sleep with Black Agate under the pillow or by the bed, and how is it done?",black-agate,new,P3,draft,6 Gemstone Sub-pages
P-0317,/gemstones/black-agate/how-to-identify,Node,M1 Stone Atlas,S1.4 how-to-identify,INT-black-agate-how-to-identify,Instruction,"How do I tell real Black Agate from fakes, glass, dyed or imitation material?",black-agate,new,P3,draft,6 Gemstone Sub-pages
P-0318,/gemstones/black-agate/price-guide,Node,M1 Stone Atlas,S1.9 price-guide,INT-black-agate-price-guide,Explanation,"How much does Black Agate cost, what drives its price, and how do I avoid overpaying?",black-agate,new,P3,draft,6 Gemstone Sub-pages
P-0319,/gemstones/black-agate/combinations,Node,M1 Stone Atlas,S1.7 combinations,INT-black-agate-combinations,Evaluation,"Which crystals pair well with Black Agate, for which goals, and which pairings to avoid?",black-agate,new,P3,draft,6 Gemstone Sub-pages
P-0320,/gemstones/black-agate/affirmations,Node,M1 Stone Atlas,S1.8 affirmations,INT-black-agate-affirmations,Instruction,Which affirmations suit Black Agate and how do I use them with the stone?,black-agate,new,P3,draft,6 Gemstone Sub-pages
P-0321,/gemstones/botswana-agate/who-should-not-wear,Node,M1 Stone Atlas,S1.2 who-should-not-wear,INT-botswana-agate-who-should-not-wear,Evaluation,"Who should be cautious about wearing Botswana Agate, and why (physical safety, tradition, astrology)?",botswana-agate,new,P3,draft,6 Gemstone Sub-pages
P-0322,/gemstones/botswana-agate/how-to-cleanse,Node,M1 Stone Atlas,S1.6 how-to-cleanse,INT-botswana-agate-how-to-cleanse,Instruction,How do I cleanse and recharge Botswana Agate without damaging it?,botswana-agate,new,P3,draft,6 Gemstone Sub-pages
P-0323,/gemstones/botswana-agate/can-go-in-water,Node,M1 Stone Atlas,S1.3 can-go-in-water,INT-botswana-agate-can-go-in-water,Explanation,"Can Botswana Agate go in water safely, and how should it be cleaned without damage?",botswana-agate,new,P3,draft,6 Gemstone Sub-pages
P-0324,/gemstones/botswana-agate/sleeping-with,Node,M1 Stone Atlas,S1.5 sleeping-with,INT-botswana-agate-sleeping-with,Explanation,"Is it sensible to sleep with Botswana Agate under the pillow or by the bed, and how is it done?",botswana-agate,new,P3,draft,6 Gemstone Sub-pages
P-0325,/gemstones/botswana-agate/how-to-identify,Node,M1 Stone Atlas,S1.4 how-to-identify,INT-botswana-agate-how-to-identify,Instruction,"How do I tell real Botswana Agate from fakes, glass, dyed or imitation material?",botswana-agate,new,P3,draft,6 Gemstone Sub-pages
P-0326,/gemstones/botswana-agate/price-guide,Node,M1 Stone Atlas,S1.9 price-guide,INT-botswana-agate-price-guide,Explanation,"How much does Botswana Agate cost, what drives its price, and how do I avoid overpaying?",botswana-agate,new,P3,draft,6 Gemstone Sub-pages
P-0327,/gemstones/botswana-agate/combinations,Node,M1 Stone Atlas,S1.7 combinations,INT-botswana-agate-combinations,Evaluation,"Which crystals pair well with Botswana Agate, for which goals, and which pairings to avoid?",botswana-agate,new,P3,draft,6 Gemstone Sub-pages
P-0328,/gemstones/botswana-agate/affirmations,Node,M1 Stone Atlas,S1.8 affirmations,INT-botswana-agate-affirmations,Instruction,Which affirmations suit Botswana Agate and how do I use them with the stone?,botswana-agate,new,P3,draft,6 Gemstone Sub-pages
P-0329,/gemstones/yellow-calcite/who-should-not-wear,Node,M1 Stone Atlas,S1.2 who-should-not-wear,INT-yellow-calcite-who-should-not-wear,Evaluation,"Who should be cautious about wearing Yellow Calcite, and why (physical safety, tradition, astrology)?",yellow-calcite,new,P3,draft,6 Gemstone Sub-pages
P-0330,/gemstones/yellow-calcite/how-to-cleanse,Node,M1 Stone Atlas,S1.6 how-to-cleanse,INT-yellow-calcite-how-to-cleanse,Instruction,How do I cleanse and recharge Yellow Calcite without damaging it?,yellow-calcite,new,P3,draft,6 Gemstone Sub-pages
P-0331,/gemstones/yellow-calcite/can-go-in-water,Node,M1 Stone Atlas,S1.3 can-go-in-water,INT-yellow-calcite-can-go-in-water,Explanation,"Can Yellow Calcite go in water safely, and how should it be cleaned without damage?",yellow-calcite,new,P3,draft,6 Gemstone Sub-pages
P-0332,/gemstones/yellow-calcite/sleeping-with,Node,M1 Stone Atlas,S1.5 sleeping-with,INT-yellow-calcite-sleeping-with,Explanation,"Is it sensible to sleep with Yellow Calcite under the pillow or by the bed, and how is it done?",yellow-calcite,new,P3,draft,6 Gemstone Sub-pages
P-0333,/gemstones/yellow-calcite/how-to-identify,Node,M1 Stone Atlas,S1.4 how-to-identify,INT-yellow-calcite-how-to-identify,Instruction,"How do I tell real Yellow Calcite from fakes, glass, dyed or imitation material?",yellow-calcite,new,P3,draft,6 Gemstone Sub-pages
P-0334,/gemstones/yellow-calcite/price-guide,Node,M1 Stone Atlas,S1.9 price-guide,INT-yellow-calcite-price-guide,Explanation,"How much does Yellow Calcite cost, what drives its price, and how do I avoid overpaying?",yellow-calcite,new,P3,draft,6 Gemstone Sub-pages
P-0335,/gemstones/yellow-calcite/combinations,Node,M1 Stone Atlas,S1.7 combinations,INT-yellow-calcite-combinations,Evaluation,"Which crystals pair well with Yellow Calcite, for which goals, and which pairings to avoid?",yellow-calcite,new,P3,draft,6 Gemstone Sub-pages
P-0336,/gemstones/yellow-calcite/affirmations,Node,M1 Stone Atlas,S1.8 affirmations,INT-yellow-calcite-affirmations,Instruction,Which affirmations suit Yellow Calcite and how do I use them with the stone?,yellow-calcite,new,P3,draft,6 Gemstone Sub-pages
P-0337,/gemstones/clear-quartz/how-to-identify,Node,M1 Stone Atlas,S1.4 how-to-identify,INT-clear-quartz-how-to-identify,Instruction,"How do I tell real Clear Quartz from fakes, glass, dyed or imitation material?",clear-quartz,new,P3,draft,6 Gemstone Sub-pages
P-0338,/gemstones/clear-quartz/who-should-not-wear,Node,M1 Stone Atlas,S1.2 who-should-not-wear,INT-clear-quartz-who-should-not-wear,Evaluation,"Who should be cautious about wearing Clear Quartz, and why (physical safety, tradition, astrology)?",clear-quartz,new,P3,draft,6 Gemstone Sub-pages
P-0339,/gemstones/clear-quartz/how-to-cleanse,Node,M1 Stone Atlas,S1.6 how-to-cleanse,INT-clear-quartz-how-to-cleanse,Instruction,How do I cleanse and recharge Clear Quartz without damaging it?,clear-quartz,new,P3,draft,6 Gemstone Sub-pages
P-0340,/gemstones/clear-quartz/sleeping-with,Node,M1 Stone Atlas,S1.5 sleeping-with,INT-clear-quartz-sleeping-with,Explanation,"Is it sensible to sleep with Clear Quartz under the pillow or by the bed, and how is it done?",clear-quartz,new,P3,draft,6 Gemstone Sub-pages
P-0341,/gemstones/clear-quartz/meaning,Node,M1 Stone Atlas,S1.1 meaning,INT-clear-quartz-meaning,Explanation,"What does Clear Quartz mean, what is it, and what is it traditionally used for?",clear-quartz,new,P3,draft,6 Gemstone Sub-pages
P-0342,/gemstones/clear-quartz/price-guide,Node,M1 Stone Atlas,S1.9 price-guide,INT-clear-quartz-price-guide,Explanation,"How much does Clear Quartz cost, what drives its price, and how do I avoid overpaying?",clear-quartz,new,P3,draft,6 Gemstone Sub-pages
P-0343,/gemstones/clear-quartz/combinations,Node,M1 Stone Atlas,S1.7 combinations,INT-clear-quartz-combinations,Evaluation,"Which crystals pair well with Clear Quartz, for which goals, and which pairings to avoid?",clear-quartz,new,P3,draft,6 Gemstone Sub-pages
P-0344,/gemstones/clear-quartz/affirmations,Node,M1 Stone Atlas,S1.8 affirmations,INT-clear-quartz-affirmations,Instruction,Which affirmations suit Clear Quartz and how do I use them with the stone?,clear-quartz,new,P3,draft,6 Gemstone Sub-pages
P-0345,/gemstones/carnelian/who-should-not-wear,Node,M1 Stone Atlas,S1.2 who-should-not-wear,INT-carnelian-who-should-not-wear,Evaluation,"Who should be cautious about wearing Carnelian, and why (physical safety, tradition, astrology)?",carnelian,new,P3,draft,6 Gemstone Sub-pages
P-0346,/gemstones/carnelian/how-to-cleanse,Node,M1 Stone Atlas,S1.6 how-to-cleanse,INT-carnelian-how-to-cleanse,Instruction,How do I cleanse and recharge Carnelian without damaging it?,carnelian,new,P3,draft,6 Gemstone Sub-pages
P-0347,/gemstones/carnelian/sleeping-with,Node,M1 Stone Atlas,S1.5 sleeping-with,INT-carnelian-sleeping-with,Explanation,"Is it sensible to sleep with Carnelian under the pillow or by the bed, and how is it done?",carnelian,new,P3,draft,6 Gemstone Sub-pages
P-0348,/gemstones/carnelian/meaning,Node,M1 Stone Atlas,S1.1 meaning,INT-carnelian-meaning,Explanation,"What does Carnelian mean, what is it, and what is it traditionally used for?",carnelian,new,P3,draft,6 Gemstone Sub-pages
P-0349,/gemstones/carnelian/how-to-identify,Node,M1 Stone Atlas,S1.4 how-to-identify,INT-carnelian-how-to-identify,Instruction,"How do I tell real Carnelian from fakes, glass, dyed or imitation material?",carnelian,new,P3,draft,6 Gemstone Sub-pages
P-0350,/gemstones/carnelian/price-guide,Node,M1 Stone Atlas,S1.9 price-guide,INT-carnelian-price-guide,Explanation,"How much does Carnelian cost, what drives its price, and how do I avoid overpaying?",carnelian,new,P3,draft,6 Gemstone Sub-pages
P-0351,/gemstones/carnelian/combinations,Node,M1 Stone Atlas,S1.7 combinations,INT-carnelian-combinations,Evaluation,"Which crystals pair well with Carnelian, for which goals, and which pairings to avoid?",carnelian,new,P3,draft,6 Gemstone Sub-pages
P-0352,/gemstones/carnelian/affirmations,Node,M1 Stone Atlas,S1.8 affirmations,INT-carnelian-affirmations,Instruction,Which affirmations suit Carnelian and how do I use them with the stone?,carnelian,new,P3,draft,6 Gemstone Sub-pages
P-0353,/gemstones/larimar/who-should-not-wear,Node,M1 Stone Atlas,S1.2 who-should-not-wear,INT-larimar-who-should-not-wear,Evaluation,"Who should be cautious about wearing Larimar, and why (physical safety, tradition, astrology)?",larimar,new,P3,draft,6 Gemstone Sub-pages
P-0354,/gemstones/larimar/how-to-cleanse,Node,M1 Stone Atlas,S1.6 how-to-cleanse,INT-larimar-how-to-cleanse,Instruction,How do I cleanse and recharge Larimar without damaging it?,larimar,new,P3,draft,6 Gemstone Sub-pages
P-0355,/gemstones/larimar/sleeping-with,Node,M1 Stone Atlas,S1.5 sleeping-with,INT-larimar-sleeping-with,Explanation,"Is it sensible to sleep with Larimar under the pillow or by the bed, and how is it done?",larimar,new,P3,draft,6 Gemstone Sub-pages
P-0356,/gemstones/larimar/how-to-identify,Node,M1 Stone Atlas,S1.4 how-to-identify,INT-larimar-how-to-identify,Instruction,"How do I tell real Larimar from fakes, glass, dyed or imitation material?",larimar,new,P3,draft,6 Gemstone Sub-pages
P-0357,/gemstones/larimar/price-guide,Node,M1 Stone Atlas,S1.9 price-guide,INT-larimar-price-guide,Explanation,"How much does Larimar cost, what drives its price, and how do I avoid overpaying?",larimar,new,P3,draft,6 Gemstone Sub-pages
P-0358,/gemstones/larimar/combinations,Node,M1 Stone Atlas,S1.7 combinations,INT-larimar-combinations,Evaluation,"Which crystals pair well with Larimar, for which goals, and which pairings to avoid?",larimar,new,P3,draft,6 Gemstone Sub-pages
P-0359,/gemstones/larimar/affirmations,Node,M1 Stone Atlas,S1.8 affirmations,INT-larimar-affirmations,Instruction,Which affirmations suit Larimar and how do I use them with the stone?,larimar,new,P3,draft,6 Gemstone Sub-pages
P-0360,/gemstones/agate/who-should-not-wear,Node,M1 Stone Atlas,S1.2 who-should-not-wear,INT-agate-who-should-not-wear,Evaluation,"Who should be cautious about wearing Agate, and why (physical safety, tradition, astrology)?",agate,new,P3,draft,6 Gemstone Sub-pages
P-0361,/gemstones/agate/how-to-cleanse,Node,M1 Stone Atlas,S1.6 how-to-cleanse,INT-agate-how-to-cleanse,Instruction,How do I cleanse and recharge Agate without damaging it?,agate,new,P3,draft,6 Gemstone Sub-pages
P-0362,/gemstones/agate/sleeping-with,Node,M1 Stone Atlas,S1.5 sleeping-with,INT-agate-sleeping-with,Explanation,"Is it sensible to sleep with Agate under the pillow or by the bed, and how is it done?",agate,new,P3,draft,6 Gemstone Sub-pages
P-0363,/gemstones/agate/meaning,Node,M1 Stone Atlas,S1.1 meaning,INT-agate-meaning,Explanation,"What does Agate mean, what is it, and what is it traditionally used for?",agate,new,P3,draft,6 Gemstone Sub-pages
P-0364,/gemstones/agate/how-to-identify,Node,M1 Stone Atlas,S1.4 how-to-identify,INT-agate-how-to-identify,Instruction,"How do I tell real Agate from fakes, glass, dyed or imitation material?",agate,new,P3,draft,6 Gemstone Sub-pages
P-0365,/gemstones/agate/price-guide,Node,M1 Stone Atlas,S1.9 price-guide,INT-agate-price-guide,Explanation,"How much does Agate cost, what drives its price, and how do I avoid overpaying?",agate,new,P3,draft,6 Gemstone Sub-pages
P-0366,/gemstones/agate/combinations,Node,M1 Stone Atlas,S1.7 combinations,INT-agate-combinations,Evaluation,"Which crystals pair well with Agate, for which goals, and which pairings to avoid?",agate,new,P3,draft,6 Gemstone Sub-pages
P-0367,/gemstones/agate/affirmations,Node,M1 Stone Atlas,S1.8 affirmations,INT-agate-affirmations,Instruction,Which affirmations suit Agate and how do I use them with the stone?,agate,new,P3,draft,6 Gemstone Sub-pages
P-0368,/gemstones/angel-aura-quartz/who-should-not-wear,Node,M1 Stone Atlas,S1.2 who-should-not-wear,INT-angel-aura-quartz-who-should-not-wear,Evaluation,"Who should be cautious about wearing Angel Aura Quartz, and why (physical safety, tradition, astrology)?",angel-aura-quartz,new,P3,draft,6 Gemstone Sub-pages
P-0369,/gemstones/angel-aura-quartz/how-to-cleanse,Node,M1 Stone Atlas,S1.6 how-to-cleanse,INT-angel-aura-quartz-how-to-cleanse,Instruction,How do I cleanse and recharge Angel Aura Quartz without damaging it?,angel-aura-quartz,new,P3,draft,6 Gemstone Sub-pages
P-0370,/gemstones/angel-aura-quartz/can-go-in-water,Node,M1 Stone Atlas,S1.3 can-go-in-water,INT-angel-aura-quartz-can-go-in-water,Explanation,"Can Angel Aura Quartz go in water safely, and how should it be cleaned without damage?",angel-aura-quartz,new,P3,draft,6 Gemstone Sub-pages
P-0371,/gemstones/angel-aura-quartz/sleeping-with,Node,M1 Stone Atlas,S1.5 sleeping-with,INT-angel-aura-quartz-sleeping-with,Explanation,"Is it sensible to sleep with Angel Aura Quartz under the pillow or by the bed, and how is it done?",angel-aura-quartz,new,P3,draft,6 Gemstone Sub-pages
P-0372,/gemstones/angel-aura-quartz/how-to-identify,Node,M1 Stone Atlas,S1.4 how-to-identify,INT-angel-aura-quartz-how-to-identify,Instruction,"How do I tell real Angel Aura Quartz from fakes, glass, dyed or imitation material?",angel-aura-quartz,new,P3,draft,6 Gemstone Sub-pages
P-0373,/gemstones/angel-aura-quartz/price-guide,Node,M1 Stone Atlas,S1.9 price-guide,INT-angel-aura-quartz-price-guide,Explanation,"How much does Angel Aura Quartz cost, what drives its price, and how do I avoid overpaying?",angel-aura-quartz,new,P3,draft,6 Gemstone Sub-pages
P-0374,/gemstones/angel-aura-quartz/combinations,Node,M1 Stone Atlas,S1.7 combinations,INT-angel-aura-quartz-combinations,Evaluation,"Which crystals pair well with Angel Aura Quartz, for which goals, and which pairings to avoid?",angel-aura-quartz,new,P3,draft,6 Gemstone Sub-pages
P-0375,/gemstones/angel-aura-quartz/affirmations,Node,M1 Stone Atlas,S1.8 affirmations,INT-angel-aura-quartz-affirmations,Instruction,Which affirmations suit Angel Aura Quartz and how do I use them with the stone?,angel-aura-quartz,new,P3,draft,6 Gemstone Sub-pages
P-0376,/gemstones/black-moonstone/who-should-not-wear,Node,M1 Stone Atlas,S1.2 who-should-not-wear,INT-black-moonstone-who-should-not-wear,Evaluation,"Who should be cautious about wearing Black Moonstone, and why (physical safety, tradition, astrology)?",black-moonstone,new,P3,draft,6 Gemstone Sub-pages
P-0377,/gemstones/black-moonstone/how-to-cleanse,Node,M1 Stone Atlas,S1.6 how-to-cleanse,INT-black-moonstone-how-to-cleanse,Instruction,How do I cleanse and recharge Black Moonstone without damaging it?,black-moonstone,new,P3,draft,6 Gemstone Sub-pages
P-0378,/gemstones/black-moonstone/can-go-in-water,Node,M1 Stone Atlas,S1.3 can-go-in-water,INT-black-moonstone-can-go-in-water,Explanation,"Can Black Moonstone go in water safely, and how should it be cleaned without damage?",black-moonstone,new,P3,draft,6 Gemstone Sub-pages
P-0379,/gemstones/black-moonstone/sleeping-with,Node,M1 Stone Atlas,S1.5 sleeping-with,INT-black-moonstone-sleeping-with,Explanation,"Is it sensible to sleep with Black Moonstone under the pillow or by the bed, and how is it done?",black-moonstone,new,P3,draft,6 Gemstone Sub-pages
P-0380,/gemstones/black-moonstone/how-to-identify,Node,M1 Stone Atlas,S1.4 how-to-identify,INT-black-moonstone-how-to-identify,Instruction,"How do I tell real Black Moonstone from fakes, glass, dyed or imitation material?",black-moonstone,new,P3,draft,6 Gemstone Sub-pages
P-0381,/gemstones/black-moonstone/price-guide,Node,M1 Stone Atlas,S1.9 price-guide,INT-black-moonstone-price-guide,Explanation,"How much does Black Moonstone cost, what drives its price, and how do I avoid overpaying?",black-moonstone,new,P3,draft,6 Gemstone Sub-pages
P-0382,/gemstones/black-moonstone/combinations,Node,M1 Stone Atlas,S1.7 combinations,INT-black-moonstone-combinations,Evaluation,"Which crystals pair well with Black Moonstone, for which goals, and which pairings to avoid?",black-moonstone,new,P3,draft,6 Gemstone Sub-pages
P-0383,/gemstones/black-moonstone/affirmations,Node,M1 Stone Atlas,S1.8 affirmations,INT-black-moonstone-affirmations,Instruction,Which affirmations suit Black Moonstone and how do I use them with the stone?,black-moonstone,new,P3,draft,6 Gemstone Sub-pages
P-0384,/gemstones/blue-onyx/who-should-not-wear,Node,M1 Stone Atlas,S1.2 who-should-not-wear,INT-blue-onyx-who-should-not-wear,Evaluation,"Who should be cautious about wearing Blue Onyx, and why (physical safety, tradition, astrology)?",blue-onyx,new,P3,draft,6 Gemstone Sub-pages
P-0385,/gemstones/blue-onyx/how-to-cleanse,Node,M1 Stone Atlas,S1.6 how-to-cleanse,INT-blue-onyx-how-to-cleanse,Instruction,How do I cleanse and recharge Blue Onyx without damaging it?,blue-onyx,new,P3,draft,6 Gemstone Sub-pages
P-0386,/gemstones/blue-onyx/can-go-in-water,Node,M1 Stone Atlas,S1.3 can-go-in-water,INT-blue-onyx-can-go-in-water,Explanation,"Can Blue Onyx go in water safely, and how should it be cleaned without damage?",blue-onyx,new,P3,draft,6 Gemstone Sub-pages
P-0387,/gemstones/blue-onyx/sleeping-with,Node,M1 Stone Atlas,S1.5 sleeping-with,INT-blue-onyx-sleeping-with,Explanation,"Is it sensible to sleep with Blue Onyx under the pillow or by the bed, and how is it done?",blue-onyx,new,P3,draft,6 Gemstone Sub-pages
P-0388,/gemstones/blue-onyx/how-to-identify,Node,M1 Stone Atlas,S1.4 how-to-identify,INT-blue-onyx-how-to-identify,Instruction,"How do I tell real Blue Onyx from fakes, glass, dyed or imitation material?",blue-onyx,new,P3,draft,6 Gemstone Sub-pages
P-0389,/gemstones/blue-onyx/price-guide,Node,M1 Stone Atlas,S1.9 price-guide,INT-blue-onyx-price-guide,Explanation,"How much does Blue Onyx cost, what drives its price, and how do I avoid overpaying?",blue-onyx,new,P3,draft,6 Gemstone Sub-pages
P-0390,/gemstones/blue-onyx/combinations,Node,M1 Stone Atlas,S1.7 combinations,INT-blue-onyx-combinations,Evaluation,"Which crystals pair well with Blue Onyx, for which goals, and which pairings to avoid?",blue-onyx,new,P3,draft,6 Gemstone Sub-pages
P-0391,/gemstones/blue-onyx/affirmations,Node,M1 Stone Atlas,S1.8 affirmations,INT-blue-onyx-affirmations,Instruction,Which affirmations suit Blue Onyx and how do I use them with the stone?,blue-onyx,new,P3,draft,6 Gemstone Sub-pages
P-0392,/gemstones/blue-sandstone/who-should-not-wear,Node,M1 Stone Atlas,S1.2 who-should-not-wear,INT-blue-sandstone-who-should-not-wear,Evaluation,"Who should be cautious about wearing Blue Sandstone, and why (physical safety, tradition, astrology)?",blue-sandstone,new,P3,draft,6 Gemstone Sub-pages
P-0393,/gemstones/blue-sandstone/how-to-cleanse,Node,M1 Stone Atlas,S1.6 how-to-cleanse,INT-blue-sandstone-how-to-cleanse,Instruction,How do I cleanse and recharge Blue Sandstone without damaging it?,blue-sandstone,new,P3,draft,6 Gemstone Sub-pages
P-0394,/gemstones/blue-sandstone/can-go-in-water,Node,M1 Stone Atlas,S1.3 can-go-in-water,INT-blue-sandstone-can-go-in-water,Explanation,"Can Blue Sandstone go in water safely, and how should it be cleaned without damage?",blue-sandstone,new,P3,draft,6 Gemstone Sub-pages
P-0395,/gemstones/blue-sandstone/sleeping-with,Node,M1 Stone Atlas,S1.5 sleeping-with,INT-blue-sandstone-sleeping-with,Explanation,"Is it sensible to sleep with Blue Sandstone under the pillow or by the bed, and how is it done?",blue-sandstone,new,P3,draft,6 Gemstone Sub-pages
P-0396,/gemstones/blue-sandstone/how-to-identify,Node,M1 Stone Atlas,S1.4 how-to-identify,INT-blue-sandstone-how-to-identify,Instruction,"How do I tell real Blue Sandstone from fakes, glass, dyed or imitation material?",blue-sandstone,new,P3,draft,6 Gemstone Sub-pages
P-0397,/gemstones/blue-sandstone/price-guide,Node,M1 Stone Atlas,S1.9 price-guide,INT-blue-sandstone-price-guide,Explanation,"How much does Blue Sandstone cost, what drives its price, and how do I avoid overpaying?",blue-sandstone,new,P3,draft,6 Gemstone Sub-pages
P-0398,/gemstones/blue-sandstone/combinations,Node,M1 Stone Atlas,S1.7 combinations,INT-blue-sandstone-combinations,Evaluation,"Which crystals pair well with Blue Sandstone, for which goals, and which pairings to avoid?",blue-sandstone,new,P3,draft,6 Gemstone Sub-pages
P-0399,/gemstones/blue-sandstone/affirmations,Node,M1 Stone Atlas,S1.8 affirmations,INT-blue-sandstone-affirmations,Instruction,Which affirmations suit Blue Sandstone and how do I use them with the stone?,blue-sandstone,new,P3,draft,6 Gemstone Sub-pages
P-0400,/gemstones/brazilian-agate/who-should-not-wear,Node,M1 Stone Atlas,S1.2 who-should-not-wear,INT-brazilian-agate-who-should-not-wear,Evaluation,"Who should be cautious about wearing Brazilian Agate, and why (physical safety, tradition, astrology)?",brazilian-agate,new,P3,draft,6 Gemstone Sub-pages
P-0401,/gemstones/brazilian-agate/how-to-cleanse,Node,M1 Stone Atlas,S1.6 how-to-cleanse,INT-brazilian-agate-how-to-cleanse,Instruction,How do I cleanse and recharge Brazilian Agate without damaging it?,brazilian-agate,new,P3,draft,6 Gemstone Sub-pages
P-0402,/gemstones/brazilian-agate/can-go-in-water,Node,M1 Stone Atlas,S1.3 can-go-in-water,INT-brazilian-agate-can-go-in-water,Explanation,"Can Brazilian Agate go in water safely, and how should it be cleaned without damage?",brazilian-agate,new,P3,draft,6 Gemstone Sub-pages
P-0403,/gemstones/brazilian-agate/sleeping-with,Node,M1 Stone Atlas,S1.5 sleeping-with,INT-brazilian-agate-sleeping-with,Explanation,"Is it sensible to sleep with Brazilian Agate under the pillow or by the bed, and how is it done?",brazilian-agate,new,P3,draft,6 Gemstone Sub-pages
P-0404,/gemstones/brazilian-agate/how-to-identify,Node,M1 Stone Atlas,S1.4 how-to-identify,INT-brazilian-agate-how-to-identify,Instruction,"How do I tell real Brazilian Agate from fakes, glass, dyed or imitation material?",brazilian-agate,new,P3,draft,6 Gemstone Sub-pages
P-0405,/gemstones/brazilian-agate/price-guide,Node,M1 Stone Atlas,S1.9 price-guide,INT-brazilian-agate-price-guide,Explanation,"How much does Brazilian Agate cost, what drives its price, and how do I avoid overpaying?",brazilian-agate,new,P3,draft,6 Gemstone Sub-pages
P-0406,/gemstones/brazilian-agate/combinations,Node,M1 Stone Atlas,S1.7 combinations,INT-brazilian-agate-combinations,Evaluation,"Which crystals pair well with Brazilian Agate, for which goals, and which pairings to avoid?",brazilian-agate,new,P3,draft,6 Gemstone Sub-pages
P-0407,/gemstones/brazilian-agate/affirmations,Node,M1 Stone Atlas,S1.8 affirmations,INT-brazilian-agate-affirmations,Instruction,Which affirmations suit Brazilian Agate and how do I use them with the stone?,brazilian-agate,new,P3,draft,6 Gemstone Sub-pages
P-0408,/gemstones/caribbean-calcite/who-should-not-wear,Node,M1 Stone Atlas,S1.2 who-should-not-wear,INT-caribbean-calcite-who-should-not-wear,Evaluation,"Who should be cautious about wearing Caribbean Calcite, and why (physical safety, tradition, astrology)?",caribbean-calcite,new,P3,draft,6 Gemstone Sub-pages
P-0409,/gemstones/caribbean-calcite/how-to-cleanse,Node,M1 Stone Atlas,S1.6 how-to-cleanse,INT-caribbean-calcite-how-to-cleanse,Instruction,How do I cleanse and recharge Caribbean Calcite without damaging it?,caribbean-calcite,new,P3,draft,6 Gemstone Sub-pages
P-0410,/gemstones/caribbean-calcite/can-go-in-water,Node,M1 Stone Atlas,S1.3 can-go-in-water,INT-caribbean-calcite-can-go-in-water,Explanation,"Can Caribbean Calcite go in water safely, and how should it be cleaned without damage?",caribbean-calcite,new,P3,draft,6 Gemstone Sub-pages
P-0411,/gemstones/caribbean-calcite/sleeping-with,Node,M1 Stone Atlas,S1.5 sleeping-with,INT-caribbean-calcite-sleeping-with,Explanation,"Is it sensible to sleep with Caribbean Calcite under the pillow or by the bed, and how is it done?",caribbean-calcite,new,P3,draft,6 Gemstone Sub-pages
P-0412,/gemstones/caribbean-calcite/how-to-identify,Node,M1 Stone Atlas,S1.4 how-to-identify,INT-caribbean-calcite-how-to-identify,Instruction,"How do I tell real Caribbean Calcite from fakes, glass, dyed or imitation material?",caribbean-calcite,new,P3,draft,6 Gemstone Sub-pages
P-0413,/gemstones/caribbean-calcite/price-guide,Node,M1 Stone Atlas,S1.9 price-guide,INT-caribbean-calcite-price-guide,Explanation,"How much does Caribbean Calcite cost, what drives its price, and how do I avoid overpaying?",caribbean-calcite,new,P3,draft,6 Gemstone Sub-pages
P-0414,/gemstones/caribbean-calcite/combinations,Node,M1 Stone Atlas,S1.7 combinations,INT-caribbean-calcite-combinations,Evaluation,"Which crystals pair well with Caribbean Calcite, for which goals, and which pairings to avoid?",caribbean-calcite,new,P3,draft,6 Gemstone Sub-pages
P-0415,/gemstones/caribbean-calcite/affirmations,Node,M1 Stone Atlas,S1.8 affirmations,INT-caribbean-calcite-affirmations,Instruction,Which affirmations suit Caribbean Calcite and how do I use them with the stone?,caribbean-calcite,new,P3,draft,6 Gemstone Sub-pages
P-0416,/gemstones/carnelian-agate/who-should-not-wear,Node,M1 Stone Atlas,S1.2 who-should-not-wear,INT-carnelian-agate-who-should-not-wear,Evaluation,"Who should be cautious about wearing Carnelian Agate, and why (physical safety, tradition, astrology)?",carnelian-agate,new,P3,draft,6 Gemstone Sub-pages
P-0417,/gemstones/carnelian-agate/how-to-cleanse,Node,M1 Stone Atlas,S1.6 how-to-cleanse,INT-carnelian-agate-how-to-cleanse,Instruction,How do I cleanse and recharge Carnelian Agate without damaging it?,carnelian-agate,new,P3,draft,6 Gemstone Sub-pages
P-0418,/gemstones/carnelian-agate/can-go-in-water,Node,M1 Stone Atlas,S1.3 can-go-in-water,INT-carnelian-agate-can-go-in-water,Explanation,"Can Carnelian Agate go in water safely, and how should it be cleaned without damage?",carnelian-agate,new,P3,draft,6 Gemstone Sub-pages
P-0419,/gemstones/carnelian-agate/sleeping-with,Node,M1 Stone Atlas,S1.5 sleeping-with,INT-carnelian-agate-sleeping-with,Explanation,"Is it sensible to sleep with Carnelian Agate under the pillow or by the bed, and how is it done?",carnelian-agate,new,P3,draft,6 Gemstone Sub-pages
P-0420,/gemstones/carnelian-agate/how-to-identify,Node,M1 Stone Atlas,S1.4 how-to-identify,INT-carnelian-agate-how-to-identify,Instruction,"How do I tell real Carnelian Agate from fakes, glass, dyed or imitation material?",carnelian-agate,new,P3,draft,6 Gemstone Sub-pages
P-0421,/gemstones/carnelian-agate/price-guide,Node,M1 Stone Atlas,S1.9 price-guide,INT-carnelian-agate-price-guide,Explanation,"How much does Carnelian Agate cost, what drives its price, and how do I avoid overpaying?",carnelian-agate,new,P3,draft,6 Gemstone Sub-pages
P-0422,/gemstones/carnelian-agate/combinations,Node,M1 Stone Atlas,S1.7 combinations,INT-carnelian-agate-combinations,Evaluation,"Which crystals pair well with Carnelian Agate, for which goals, and which pairings to avoid?",carnelian-agate,new,P3,draft,6 Gemstone Sub-pages
P-0423,/gemstones/carnelian-agate/affirmations,Node,M1 Stone Atlas,S1.8 affirmations,INT-carnelian-agate-affirmations,Instruction,Which affirmations suit Carnelian Agate and how do I use them with the stone?,carnelian-agate,new,P3,draft,6 Gemstone Sub-pages
P-0424,/gemstones/cherry-quartz/who-should-not-wear,Node,M1 Stone Atlas,S1.2 who-should-not-wear,INT-cherry-quartz-who-should-not-wear,Evaluation,"Who should be cautious about wearing Cherry Quartz, and why (physical safety, tradition, astrology)?",cherry-quartz,new,P3,draft,6 Gemstone Sub-pages
P-0425,/gemstones/cherry-quartz/how-to-cleanse,Node,M1 Stone Atlas,S1.6 how-to-cleanse,INT-cherry-quartz-how-to-cleanse,Instruction,How do I cleanse and recharge Cherry Quartz without damaging it?,cherry-quartz,new,P3,draft,6 Gemstone Sub-pages
P-0426,/gemstones/cherry-quartz/can-go-in-water,Node,M1 Stone Atlas,S1.3 can-go-in-water,INT-cherry-quartz-can-go-in-water,Explanation,"Can Cherry Quartz go in water safely, and how should it be cleaned without damage?",cherry-quartz,new,P3,draft,6 Gemstone Sub-pages
P-0427,/gemstones/cherry-quartz/sleeping-with,Node,M1 Stone Atlas,S1.5 sleeping-with,INT-cherry-quartz-sleeping-with,Explanation,"Is it sensible to sleep with Cherry Quartz under the pillow or by the bed, and how is it done?",cherry-quartz,new,P3,draft,6 Gemstone Sub-pages
P-0428,/gemstones/cherry-quartz/how-to-identify,Node,M1 Stone Atlas,S1.4 how-to-identify,INT-cherry-quartz-how-to-identify,Instruction,"How do I tell real Cherry Quartz from fakes, glass, dyed or imitation material?",cherry-quartz,new,P3,draft,6 Gemstone Sub-pages
P-0429,/gemstones/cherry-quartz/price-guide,Node,M1 Stone Atlas,S1.9 price-guide,INT-cherry-quartz-price-guide,Explanation,"How much does Cherry Quartz cost, what drives its price, and how do I avoid overpaying?",cherry-quartz,new,P3,draft,6 Gemstone Sub-pages
P-0430,/gemstones/cherry-quartz/combinations,Node,M1 Stone Atlas,S1.7 combinations,INT-cherry-quartz-combinations,Evaluation,"Which crystals pair well with Cherry Quartz, for which goals, and which pairings to avoid?",cherry-quartz,new,P3,draft,6 Gemstone Sub-pages
P-0431,/gemstones/cherry-quartz/affirmations,Node,M1 Stone Atlas,S1.8 affirmations,INT-cherry-quartz-affirmations,Instruction,Which affirmations suit Cherry Quartz and how do I use them with the stone?,cherry-quartz,new,P3,draft,6 Gemstone Sub-pages
P-0432,/gemstones/crackle-quartz/who-should-not-wear,Node,M1 Stone Atlas,S1.2 who-should-not-wear,INT-crackle-quartz-who-should-not-wear,Evaluation,"Who should be cautious about wearing Crackle Quartz, and why (physical safety, tradition, astrology)?",crackle-quartz,new,P3,draft,6 Gemstone Sub-pages
P-0433,/gemstones/crackle-quartz/how-to-cleanse,Node,M1 Stone Atlas,S1.6 how-to-cleanse,INT-crackle-quartz-how-to-cleanse,Instruction,How do I cleanse and recharge Crackle Quartz without damaging it?,crackle-quartz,new,P3,draft,6 Gemstone Sub-pages
P-0434,/gemstones/crackle-quartz/can-go-in-water,Node,M1 Stone Atlas,S1.3 can-go-in-water,INT-crackle-quartz-can-go-in-water,Explanation,"Can Crackle Quartz go in water safely, and how should it be cleaned without damage?",crackle-quartz,new,P3,draft,6 Gemstone Sub-pages
P-0435,/gemstones/crackle-quartz/sleeping-with,Node,M1 Stone Atlas,S1.5 sleeping-with,INT-crackle-quartz-sleeping-with,Explanation,"Is it sensible to sleep with Crackle Quartz under the pillow or by the bed, and how is it done?",crackle-quartz,new,P3,draft,6 Gemstone Sub-pages
P-0436,/gemstones/crackle-quartz/how-to-identify,Node,M1 Stone Atlas,S1.4 how-to-identify,INT-crackle-quartz-how-to-identify,Instruction,"How do I tell real Crackle Quartz from fakes, glass, dyed or imitation material?",crackle-quartz,new,P3,draft,6 Gemstone Sub-pages
P-0437,/gemstones/crackle-quartz/price-guide,Node,M1 Stone Atlas,S1.9 price-guide,INT-crackle-quartz-price-guide,Explanation,"How much does Crackle Quartz cost, what drives its price, and how do I avoid overpaying?",crackle-quartz,new,P3,draft,6 Gemstone Sub-pages
P-0438,/gemstones/crackle-quartz/combinations,Node,M1 Stone Atlas,S1.7 combinations,INT-crackle-quartz-combinations,Evaluation,"Which crystals pair well with Crackle Quartz, for which goals, and which pairings to avoid?",crackle-quartz,new,P3,draft,6 Gemstone Sub-pages
P-0439,/gemstones/crackle-quartz/affirmations,Node,M1 Stone Atlas,S1.8 affirmations,INT-crackle-quartz-affirmations,Instruction,Which affirmations suit Crackle Quartz and how do I use them with the stone?,crackle-quartz,new,P3,draft,6 Gemstone Sub-pages
P-0440,/gemstones/druzy-quartz/who-should-not-wear,Node,M1 Stone Atlas,S1.2 who-should-not-wear,INT-druzy-quartz-who-should-not-wear,Evaluation,"Who should be cautious about wearing Druzy Quartz, and why (physical safety, tradition, astrology)?",druzy-quartz,new,P3,draft,6 Gemstone Sub-pages
P-0441,/gemstones/druzy-quartz/how-to-cleanse,Node,M1 Stone Atlas,S1.6 how-to-cleanse,INT-druzy-quartz-how-to-cleanse,Instruction,How do I cleanse and recharge Druzy Quartz without damaging it?,druzy-quartz,new,P3,draft,6 Gemstone Sub-pages
P-0442,/gemstones/druzy-quartz/can-go-in-water,Node,M1 Stone Atlas,S1.3 can-go-in-water,INT-druzy-quartz-can-go-in-water,Explanation,"Can Druzy Quartz go in water safely, and how should it be cleaned without damage?",druzy-quartz,new,P3,draft,6 Gemstone Sub-pages
P-0443,/gemstones/druzy-quartz/sleeping-with,Node,M1 Stone Atlas,S1.5 sleeping-with,INT-druzy-quartz-sleeping-with,Explanation,"Is it sensible to sleep with Druzy Quartz under the pillow or by the bed, and how is it done?",druzy-quartz,new,P3,draft,6 Gemstone Sub-pages
P-0444,/gemstones/druzy-quartz/how-to-identify,Node,M1 Stone Atlas,S1.4 how-to-identify,INT-druzy-quartz-how-to-identify,Instruction,"How do I tell real Druzy Quartz from fakes, glass, dyed or imitation material?",druzy-quartz,new,P3,draft,6 Gemstone Sub-pages
P-0445,/gemstones/druzy-quartz/price-guide,Node,M1 Stone Atlas,S1.9 price-guide,INT-druzy-quartz-price-guide,Explanation,"How much does Druzy Quartz cost, what drives its price, and how do I avoid overpaying?",druzy-quartz,new,P3,draft,6 Gemstone Sub-pages
P-0446,/gemstones/druzy-quartz/combinations,Node,M1 Stone Atlas,S1.7 combinations,INT-druzy-quartz-combinations,Evaluation,"Which crystals pair well with Druzy Quartz, for which goals, and which pairings to avoid?",druzy-quartz,new,P3,draft,6 Gemstone Sub-pages
P-0447,/gemstones/druzy-quartz/affirmations,Node,M1 Stone Atlas,S1.8 affirmations,INT-druzy-quartz-affirmations,Instruction,Which affirmations suit Druzy Quartz and how do I use them with the stone?,druzy-quartz,new,P3,draft,6 Gemstone Sub-pages
P-0448,/gemstones/emerald/how-to-cleanse,Node,M1 Stone Atlas,S1.6 how-to-cleanse,INT-emerald-how-to-cleanse,Instruction,How do I cleanse and recharge Emerald without damaging it?,emerald,new,P3,draft,6 Gemstone Sub-pages
P-0449,/gemstones/emerald/can-go-in-water,Node,M1 Stone Atlas,S1.3 can-go-in-water,INT-emerald-can-go-in-water,Explanation,"Can Emerald go in water safely, and how should it be cleaned without damage?",emerald,new,P3,draft,6 Gemstone Sub-pages
P-0450,/gemstones/emerald/sleeping-with,Node,M1 Stone Atlas,S1.5 sleeping-with,INT-emerald-sleeping-with,Explanation,"Is it sensible to sleep with Emerald under the pillow or by the bed, and how is it done?",emerald,new,P3,draft,6 Gemstone Sub-pages
P-0451,/gemstones/emerald/meaning,Node,M1 Stone Atlas,S1.1 meaning,INT-emerald-meaning,Explanation,"What does Emerald mean, what is it, and what is it traditionally used for?",emerald,new,P3,draft,6 Gemstone Sub-pages
P-0452,/gemstones/emerald/how-to-identify,Node,M1 Stone Atlas,S1.4 how-to-identify,INT-emerald-how-to-identify,Instruction,"How do I tell real Emerald from fakes, glass, dyed or imitation material?",emerald,new,P3,draft,6 Gemstone Sub-pages
P-0453,/gemstones/emerald/price-guide,Node,M1 Stone Atlas,S1.9 price-guide,INT-emerald-price-guide,Explanation,"How much does Emerald cost, what drives its price, and how do I avoid overpaying?",emerald,new,P3,draft,6 Gemstone Sub-pages
P-0454,/gemstones/emerald/combinations,Node,M1 Stone Atlas,S1.7 combinations,INT-emerald-combinations,Evaluation,"Which crystals pair well with Emerald, for which goals, and which pairings to avoid?",emerald,new,P3,draft,6 Gemstone Sub-pages
P-0455,/gemstones/emerald/affirmations,Node,M1 Stone Atlas,S1.8 affirmations,INT-emerald-affirmations,Instruction,Which affirmations suit Emerald and how do I use them with the stone?,emerald,new,P3,draft,6 Gemstone Sub-pages
P-0456,/gemstones/fancy-jasper/who-should-not-wear,Node,M1 Stone Atlas,S1.2 who-should-not-wear,INT-fancy-jasper-who-should-not-wear,Evaluation,"Who should be cautious about wearing Fancy Jasper, and why (physical safety, tradition, astrology)?",fancy-jasper,new,P3,draft,6 Gemstone Sub-pages
P-0457,/gemstones/fancy-jasper/how-to-cleanse,Node,M1 Stone Atlas,S1.6 how-to-cleanse,INT-fancy-jasper-how-to-cleanse,Instruction,How do I cleanse and recharge Fancy Jasper without damaging it?,fancy-jasper,new,P3,draft,6 Gemstone Sub-pages
P-0458,/gemstones/fancy-jasper/can-go-in-water,Node,M1 Stone Atlas,S1.3 can-go-in-water,INT-fancy-jasper-can-go-in-water,Explanation,"Can Fancy Jasper go in water safely, and how should it be cleaned without damage?",fancy-jasper,new,P3,draft,6 Gemstone Sub-pages
P-0459,/gemstones/fancy-jasper/sleeping-with,Node,M1 Stone Atlas,S1.5 sleeping-with,INT-fancy-jasper-sleeping-with,Explanation,"Is it sensible to sleep with Fancy Jasper under the pillow or by the bed, and how is it done?",fancy-jasper,new,P3,draft,6 Gemstone Sub-pages
P-0460,/gemstones/fancy-jasper/how-to-identify,Node,M1 Stone Atlas,S1.4 how-to-identify,INT-fancy-jasper-how-to-identify,Instruction,"How do I tell real Fancy Jasper from fakes, glass, dyed or imitation material?",fancy-jasper,new,P3,draft,6 Gemstone Sub-pages
P-0461,/gemstones/fancy-jasper/price-guide,Node,M1 Stone Atlas,S1.9 price-guide,INT-fancy-jasper-price-guide,Explanation,"How much does Fancy Jasper cost, what drives its price, and how do I avoid overpaying?",fancy-jasper,new,P3,draft,6 Gemstone Sub-pages
P-0462,/gemstones/fancy-jasper/combinations,Node,M1 Stone Atlas,S1.7 combinations,INT-fancy-jasper-combinations,Evaluation,"Which crystals pair well with Fancy Jasper, for which goals, and which pairings to avoid?",fancy-jasper,new,P3,draft,6 Gemstone Sub-pages
P-0463,/gemstones/fancy-jasper/affirmations,Node,M1 Stone Atlas,S1.8 affirmations,INT-fancy-jasper-affirmations,Instruction,Which affirmations suit Fancy Jasper and how do I use them with the stone?,fancy-jasper,new,P3,draft,6 Gemstone Sub-pages
P-0464,/gemstones/flower-agate/who-should-not-wear,Node,M1 Stone Atlas,S1.2 who-should-not-wear,INT-flower-agate-who-should-not-wear,Evaluation,"Who should be cautious about wearing Flower Agate, and why (physical safety, tradition, astrology)?",flower-agate,new,P3,draft,6 Gemstone Sub-pages
P-0465,/gemstones/flower-agate/how-to-cleanse,Node,M1 Stone Atlas,S1.6 how-to-cleanse,INT-flower-agate-how-to-cleanse,Instruction,How do I cleanse and recharge Flower Agate without damaging it?,flower-agate,new,P3,draft,6 Gemstone Sub-pages
P-0466,/gemstones/flower-agate/sleeping-with,Node,M1 Stone Atlas,S1.5 sleeping-with,INT-flower-agate-sleeping-with,Explanation,"Is it sensible to sleep with Flower Agate under the pillow or by the bed, and how is it done?",flower-agate,new,P3,draft,6 Gemstone Sub-pages
P-0467,/gemstones/flower-agate/how-to-identify,Node,M1 Stone Atlas,S1.4 how-to-identify,INT-flower-agate-how-to-identify,Instruction,"How do I tell real Flower Agate from fakes, glass, dyed or imitation material?",flower-agate,new,P3,draft,6 Gemstone Sub-pages
P-0468,/gemstones/flower-agate/price-guide,Node,M1 Stone Atlas,S1.9 price-guide,INT-flower-agate-price-guide,Explanation,"How much does Flower Agate cost, what drives its price, and how do I avoid overpaying?",flower-agate,new,P3,draft,6 Gemstone Sub-pages
P-0469,/gemstones/flower-agate/combinations,Node,M1 Stone Atlas,S1.7 combinations,INT-flower-agate-combinations,Evaluation,"Which crystals pair well with Flower Agate, for which goals, and which pairings to avoid?",flower-agate,new,P3,draft,6 Gemstone Sub-pages
P-0470,/gemstones/flower-agate/affirmations,Node,M1 Stone Atlas,S1.8 affirmations,INT-flower-agate-affirmations,Instruction,Which affirmations suit Flower Agate and how do I use them with the stone?,flower-agate,new,P3,draft,6 Gemstone Sub-pages
P-0471,/gemstones/garden-quartz/who-should-not-wear,Node,M1 Stone Atlas,S1.2 who-should-not-wear,INT-garden-quartz-who-should-not-wear,Evaluation,"Who should be cautious about wearing Garden Quartz, and why (physical safety, tradition, astrology)?",garden-quartz,new,P3,draft,6 Gemstone Sub-pages
P-0472,/gemstones/garden-quartz/how-to-cleanse,Node,M1 Stone Atlas,S1.6 how-to-cleanse,INT-garden-quartz-how-to-cleanse,Instruction,How do I cleanse and recharge Garden Quartz without damaging it?,garden-quartz,new,P3,draft,6 Gemstone Sub-pages
P-0473,/gemstones/garden-quartz/can-go-in-water,Node,M1 Stone Atlas,S1.3 can-go-in-water,INT-garden-quartz-can-go-in-water,Explanation,"Can Garden Quartz go in water safely, and how should it be cleaned without damage?",garden-quartz,new,P3,draft,6 Gemstone Sub-pages
P-0474,/gemstones/garden-quartz/sleeping-with,Node,M1 Stone Atlas,S1.5 sleeping-with,INT-garden-quartz-sleeping-with,Explanation,"Is it sensible to sleep with Garden Quartz under the pillow or by the bed, and how is it done?",garden-quartz,new,P3,draft,6 Gemstone Sub-pages
P-0475,/gemstones/garden-quartz/how-to-identify,Node,M1 Stone Atlas,S1.4 how-to-identify,INT-garden-quartz-how-to-identify,Instruction,"How do I tell real Garden Quartz from fakes, glass, dyed or imitation material?",garden-quartz,new,P3,draft,6 Gemstone Sub-pages
P-0476,/gemstones/garden-quartz/price-guide,Node,M1 Stone Atlas,S1.9 price-guide,INT-garden-quartz-price-guide,Explanation,"How much does Garden Quartz cost, what drives its price, and how do I avoid overpaying?",garden-quartz,new,P3,draft,6 Gemstone Sub-pages
P-0477,/gemstones/garden-quartz/combinations,Node,M1 Stone Atlas,S1.7 combinations,INT-garden-quartz-combinations,Evaluation,"Which crystals pair well with Garden Quartz, for which goals, and which pairings to avoid?",garden-quartz,new,P3,draft,6 Gemstone Sub-pages
P-0478,/gemstones/garden-quartz/affirmations,Node,M1 Stone Atlas,S1.8 affirmations,INT-garden-quartz-affirmations,Instruction,Which affirmations suit Garden Quartz and how do I use them with the stone?,garden-quartz,new,P3,draft,6 Gemstone Sub-pages
P-0479,/gemstones/grape-agate/who-should-not-wear,Node,M1 Stone Atlas,S1.2 who-should-not-wear,INT-grape-agate-who-should-not-wear,Evaluation,"Who should be cautious about wearing Grape Agate, and why (physical safety, tradition, astrology)?",grape-agate,new,P3,draft,6 Gemstone Sub-pages
P-0480,/gemstones/grape-agate/how-to-cleanse,Node,M1 Stone Atlas,S1.6 how-to-cleanse,INT-grape-agate-how-to-cleanse,Instruction,How do I cleanse and recharge Grape Agate without damaging it?,grape-agate,new,P3,draft,6 Gemstone Sub-pages
P-0481,/gemstones/grape-agate/can-go-in-water,Node,M1 Stone Atlas,S1.3 can-go-in-water,INT-grape-agate-can-go-in-water,Explanation,"Can Grape Agate go in water safely, and how should it be cleaned without damage?",grape-agate,new,P3,draft,6 Gemstone Sub-pages
P-0482,/gemstones/grape-agate/sleeping-with,Node,M1 Stone Atlas,S1.5 sleeping-with,INT-grape-agate-sleeping-with,Explanation,"Is it sensible to sleep with Grape Agate under the pillow or by the bed, and how is it done?",grape-agate,new,P3,draft,6 Gemstone Sub-pages
P-0483,/gemstones/grape-agate/how-to-identify,Node,M1 Stone Atlas,S1.4 how-to-identify,INT-grape-agate-how-to-identify,Instruction,"How do I tell real Grape Agate from fakes, glass, dyed or imitation material?",grape-agate,new,P3,draft,6 Gemstone Sub-pages
P-0484,/gemstones/grape-agate/price-guide,Node,M1 Stone Atlas,S1.9 price-guide,INT-grape-agate-price-guide,Explanation,"How much does Grape Agate cost, what drives its price, and how do I avoid overpaying?",grape-agate,new,P3,draft,6 Gemstone Sub-pages
P-0485,/gemstones/grape-agate/combinations,Node,M1 Stone Atlas,S1.7 combinations,INT-grape-agate-combinations,Evaluation,"Which crystals pair well with Grape Agate, for which goals, and which pairings to avoid?",grape-agate,new,P3,draft,6 Gemstone Sub-pages
P-0486,/gemstones/grape-agate/affirmations,Node,M1 Stone Atlas,S1.8 affirmations,INT-grape-agate-affirmations,Instruction,Which affirmations suit Grape Agate and how do I use them with the stone?,grape-agate,new,P3,draft,6 Gemstone Sub-pages
P-0487,/gemstones/honey-calcite/who-should-not-wear,Node,M1 Stone Atlas,S1.2 who-should-not-wear,INT-honey-calcite-who-should-not-wear,Evaluation,"Who should be cautious about wearing Honey Calcite, and why (physical safety, tradition, astrology)?",honey-calcite,new,P3,draft,6 Gemstone Sub-pages
P-0488,/gemstones/honey-calcite/how-to-cleanse,Node,M1 Stone Atlas,S1.6 how-to-cleanse,INT-honey-calcite-how-to-cleanse,Instruction,How do I cleanse and recharge Honey Calcite without damaging it?,honey-calcite,new,P3,draft,6 Gemstone Sub-pages
P-0489,/gemstones/honey-calcite/can-go-in-water,Node,M1 Stone Atlas,S1.3 can-go-in-water,INT-honey-calcite-can-go-in-water,Explanation,"Can Honey Calcite go in water safely, and how should it be cleaned without damage?",honey-calcite,new,P3,draft,6 Gemstone Sub-pages
P-0490,/gemstones/honey-calcite/sleeping-with,Node,M1 Stone Atlas,S1.5 sleeping-with,INT-honey-calcite-sleeping-with,Explanation,"Is it sensible to sleep with Honey Calcite under the pillow or by the bed, and how is it done?",honey-calcite,new,P3,draft,6 Gemstone Sub-pages
P-0491,/gemstones/honey-calcite/how-to-identify,Node,M1 Stone Atlas,S1.4 how-to-identify,INT-honey-calcite-how-to-identify,Instruction,"How do I tell real Honey Calcite from fakes, glass, dyed or imitation material?",honey-calcite,new,P3,draft,6 Gemstone Sub-pages
P-0492,/gemstones/honey-calcite/price-guide,Node,M1 Stone Atlas,S1.9 price-guide,INT-honey-calcite-price-guide,Explanation,"How much does Honey Calcite cost, what drives its price, and how do I avoid overpaying?",honey-calcite,new,P3,draft,6 Gemstone Sub-pages
P-0493,/gemstones/honey-calcite/combinations,Node,M1 Stone Atlas,S1.7 combinations,INT-honey-calcite-combinations,Evaluation,"Which crystals pair well with Honey Calcite, for which goals, and which pairings to avoid?",honey-calcite,new,P3,draft,6 Gemstone Sub-pages
P-0494,/gemstones/honey-calcite/affirmations,Node,M1 Stone Atlas,S1.8 affirmations,INT-honey-calcite-affirmations,Instruction,Which affirmations suit Honey Calcite and how do I use them with the stone?,honey-calcite,new,P3,draft,6 Gemstone Sub-pages
P-0495,/gemstones/kyanite/who-should-not-wear,Node,M1 Stone Atlas,S1.2 who-should-not-wear,INT-kyanite-who-should-not-wear,Evaluation,"Who should be cautious about wearing Kyanite, and why (physical safety, tradition, astrology)?",kyanite,new,P3,draft,6 Gemstone Sub-pages
P-0496,/gemstones/kyanite/how-to-cleanse,Node,M1 Stone Atlas,S1.6 how-to-cleanse,INT-kyanite-how-to-cleanse,Instruction,How do I cleanse and recharge Kyanite without damaging it?,kyanite,new,P3,draft,6 Gemstone Sub-pages
P-0497,/gemstones/kyanite/can-go-in-water,Node,M1 Stone Atlas,S1.3 can-go-in-water,INT-kyanite-can-go-in-water,Explanation,"Can Kyanite go in water safely, and how should it be cleaned without damage?",kyanite,new,P3,draft,6 Gemstone Sub-pages
P-0498,/gemstones/kyanite/sleeping-with,Node,M1 Stone Atlas,S1.5 sleeping-with,INT-kyanite-sleeping-with,Explanation,"Is it sensible to sleep with Kyanite under the pillow or by the bed, and how is it done?",kyanite,new,P3,draft,6 Gemstone Sub-pages
P-0499,/gemstones/kyanite/meaning,Node,M1 Stone Atlas,S1.1 meaning,INT-kyanite-meaning,Explanation,"What does Kyanite mean, what is it, and what is it traditionally used for?",kyanite,new,P3,draft,6 Gemstone Sub-pages
P-0500,/gemstones/kyanite/how-to-identify,Node,M1 Stone Atlas,S1.4 how-to-identify,INT-kyanite-how-to-identify,Instruction,"How do I tell real Kyanite from fakes, glass, dyed or imitation material?",kyanite,new,P3,draft,6 Gemstone Sub-pages
P-0501,/gemstones/kyanite/price-guide,Node,M1 Stone Atlas,S1.9 price-guide,INT-kyanite-price-guide,Explanation,"How much does Kyanite cost, what drives its price, and how do I avoid overpaying?",kyanite,new,P3,draft,6 Gemstone Sub-pages
P-0502,/gemstones/kyanite/combinations,Node,M1 Stone Atlas,S1.7 combinations,INT-kyanite-combinations,Evaluation,"Which crystals pair well with Kyanite, for which goals, and which pairings to avoid?",kyanite,new,P3,draft,6 Gemstone Sub-pages
P-0503,/gemstones/kyanite/affirmations,Node,M1 Stone Atlas,S1.8 affirmations,INT-kyanite-affirmations,Instruction,Which affirmations suit Kyanite and how do I use them with the stone?,kyanite,new,P3,draft,6 Gemstone Sub-pages
P-0504,/gemstones/peach-moonstone/who-should-not-wear,Node,M1 Stone Atlas,S1.2 who-should-not-wear,INT-peach-moonstone-who-should-not-wear,Evaluation,"Who should be cautious about wearing Peach Moonstone, and why (physical safety, tradition, astrology)?",peach-moonstone,new,P3,draft,6 Gemstone Sub-pages
P-0505,/gemstones/peach-moonstone/how-to-cleanse,Node,M1 Stone Atlas,S1.6 how-to-cleanse,INT-peach-moonstone-how-to-cleanse,Instruction,How do I cleanse and recharge Peach Moonstone without damaging it?,peach-moonstone,new,P3,draft,6 Gemstone Sub-pages
P-0506,/gemstones/peach-moonstone/can-go-in-water,Node,M1 Stone Atlas,S1.3 can-go-in-water,INT-peach-moonstone-can-go-in-water,Explanation,"Can Peach Moonstone go in water safely, and how should it be cleaned without damage?",peach-moonstone,new,P3,draft,6 Gemstone Sub-pages
P-0507,/gemstones/peach-moonstone/sleeping-with,Node,M1 Stone Atlas,S1.5 sleeping-with,INT-peach-moonstone-sleeping-with,Explanation,"Is it sensible to sleep with Peach Moonstone under the pillow or by the bed, and how is it done?",peach-moonstone,new,P3,draft,6 Gemstone Sub-pages
P-0508,/gemstones/peach-moonstone/how-to-identify,Node,M1 Stone Atlas,S1.4 how-to-identify,INT-peach-moonstone-how-to-identify,Instruction,"How do I tell real Peach Moonstone from fakes, glass, dyed or imitation material?",peach-moonstone,new,P3,draft,6 Gemstone Sub-pages
P-0509,/gemstones/peach-moonstone/price-guide,Node,M1 Stone Atlas,S1.9 price-guide,INT-peach-moonstone-price-guide,Explanation,"How much does Peach Moonstone cost, what drives its price, and how do I avoid overpaying?",peach-moonstone,new,P3,draft,6 Gemstone Sub-pages
P-0510,/gemstones/peach-moonstone/combinations,Node,M1 Stone Atlas,S1.7 combinations,INT-peach-moonstone-combinations,Evaluation,"Which crystals pair well with Peach Moonstone, for which goals, and which pairings to avoid?",peach-moonstone,new,P3,draft,6 Gemstone Sub-pages
P-0511,/gemstones/peach-moonstone/affirmations,Node,M1 Stone Atlas,S1.8 affirmations,INT-peach-moonstone-affirmations,Instruction,Which affirmations suit Peach Moonstone and how do I use them with the stone?,peach-moonstone,new,P3,draft,6 Gemstone Sub-pages
P-0512,/gemstones/rainbow-hematite/who-should-not-wear,Node,M1 Stone Atlas,S1.2 who-should-not-wear,INT-rainbow-hematite-who-should-not-wear,Evaluation,"Who should be cautious about wearing Rainbow Hematite, and why (physical safety, tradition, astrology)?",rainbow-hematite,new,P3,draft,6 Gemstone Sub-pages
P-0513,/gemstones/rainbow-hematite/how-to-cleanse,Node,M1 Stone Atlas,S1.6 how-to-cleanse,INT-rainbow-hematite-how-to-cleanse,Instruction,How do I cleanse and recharge Rainbow Hematite without damaging it?,rainbow-hematite,new,P3,draft,6 Gemstone Sub-pages
P-0514,/gemstones/rainbow-hematite/can-go-in-water,Node,M1 Stone Atlas,S1.3 can-go-in-water,INT-rainbow-hematite-can-go-in-water,Explanation,"Can Rainbow Hematite go in water safely, and how should it be cleaned without damage?",rainbow-hematite,new,P3,draft,6 Gemstone Sub-pages
P-0515,/gemstones/rainbow-hematite/sleeping-with,Node,M1 Stone Atlas,S1.5 sleeping-with,INT-rainbow-hematite-sleeping-with,Explanation,"Is it sensible to sleep with Rainbow Hematite under the pillow or by the bed, and how is it done?",rainbow-hematite,new,P3,draft,6 Gemstone Sub-pages
P-0516,/gemstones/rainbow-hematite/how-to-identify,Node,M1 Stone Atlas,S1.4 how-to-identify,INT-rainbow-hematite-how-to-identify,Instruction,"How do I tell real Rainbow Hematite from fakes, glass, dyed or imitation material?",rainbow-hematite,new,P3,draft,6 Gemstone Sub-pages
P-0517,/gemstones/rainbow-hematite/price-guide,Node,M1 Stone Atlas,S1.9 price-guide,INT-rainbow-hematite-price-guide,Explanation,"How much does Rainbow Hematite cost, what drives its price, and how do I avoid overpaying?",rainbow-hematite,new,P3,draft,6 Gemstone Sub-pages
P-0518,/gemstones/rainbow-hematite/combinations,Node,M1 Stone Atlas,S1.7 combinations,INT-rainbow-hematite-combinations,Evaluation,"Which crystals pair well with Rainbow Hematite, for which goals, and which pairings to avoid?",rainbow-hematite,new,P3,draft,6 Gemstone Sub-pages
P-0519,/gemstones/rainbow-hematite/affirmations,Node,M1 Stone Atlas,S1.8 affirmations,INT-rainbow-hematite-affirmations,Instruction,Which affirmations suit Rainbow Hematite and how do I use them with the stone?,rainbow-hematite,new,P3,draft,6 Gemstone Sub-pages
P-0520,/gemstones/red-agate/who-should-not-wear,Node,M1 Stone Atlas,S1.2 who-should-not-wear,INT-red-agate-who-should-not-wear,Evaluation,"Who should be cautious about wearing Red Agate, and why (physical safety, tradition, astrology)?",red-agate,new,P3,draft,6 Gemstone Sub-pages
P-0521,/gemstones/red-agate/how-to-cleanse,Node,M1 Stone Atlas,S1.6 how-to-cleanse,INT-red-agate-how-to-cleanse,Instruction,How do I cleanse and recharge Red Agate without damaging it?,red-agate,new,P3,draft,6 Gemstone Sub-pages
P-0522,/gemstones/red-agate/can-go-in-water,Node,M1 Stone Atlas,S1.3 can-go-in-water,INT-red-agate-can-go-in-water,Explanation,"Can Red Agate go in water safely, and how should it be cleaned without damage?",red-agate,new,P3,draft,6 Gemstone Sub-pages
P-0523,/gemstones/red-agate/sleeping-with,Node,M1 Stone Atlas,S1.5 sleeping-with,INT-red-agate-sleeping-with,Explanation,"Is it sensible to sleep with Red Agate under the pillow or by the bed, and how is it done?",red-agate,new,P3,draft,6 Gemstone Sub-pages
P-0524,/gemstones/red-agate/how-to-identify,Node,M1 Stone Atlas,S1.4 how-to-identify,INT-red-agate-how-to-identify,Instruction,"How do I tell real Red Agate from fakes, glass, dyed or imitation material?",red-agate,new,P3,draft,6 Gemstone Sub-pages
P-0525,/gemstones/red-agate/price-guide,Node,M1 Stone Atlas,S1.9 price-guide,INT-red-agate-price-guide,Explanation,"How much does Red Agate cost, what drives its price, and how do I avoid overpaying?",red-agate,new,P3,draft,6 Gemstone Sub-pages
P-0526,/gemstones/red-agate/combinations,Node,M1 Stone Atlas,S1.7 combinations,INT-red-agate-combinations,Evaluation,"Which crystals pair well with Red Agate, for which goals, and which pairings to avoid?",red-agate,new,P3,draft,6 Gemstone Sub-pages
P-0527,/gemstones/red-agate/affirmations,Node,M1 Stone Atlas,S1.8 affirmations,INT-red-agate-affirmations,Instruction,Which affirmations suit Red Agate and how do I use them with the stone?,red-agate,new,P3,draft,6 Gemstone Sub-pages
P-0528,/gemstones/red-jasper/who-should-not-wear,Node,M1 Stone Atlas,S1.2 who-should-not-wear,INT-red-jasper-who-should-not-wear,Evaluation,"Who should be cautious about wearing Red Jasper, and why (physical safety, tradition, astrology)?",red-jasper,new,P3,draft,6 Gemstone Sub-pages
P-0529,/gemstones/red-jasper/how-to-cleanse,Node,M1 Stone Atlas,S1.6 how-to-cleanse,INT-red-jasper-how-to-cleanse,Instruction,How do I cleanse and recharge Red Jasper without damaging it?,red-jasper,new,P3,draft,6 Gemstone Sub-pages
P-0530,/gemstones/red-jasper/sleeping-with,Node,M1 Stone Atlas,S1.5 sleeping-with,INT-red-jasper-sleeping-with,Explanation,"Is it sensible to sleep with Red Jasper under the pillow or by the bed, and how is it done?",red-jasper,new,P3,draft,6 Gemstone Sub-pages
P-0531,/gemstones/red-jasper/meaning,Node,M1 Stone Atlas,S1.1 meaning,INT-red-jasper-meaning,Explanation,"What does Red Jasper mean, what is it, and what is it traditionally used for?",red-jasper,new,P3,draft,6 Gemstone Sub-pages
P-0532,/gemstones/red-jasper/how-to-identify,Node,M1 Stone Atlas,S1.4 how-to-identify,INT-red-jasper-how-to-identify,Instruction,"How do I tell real Red Jasper from fakes, glass, dyed or imitation material?",red-jasper,new,P3,draft,6 Gemstone Sub-pages
P-0533,/gemstones/red-jasper/price-guide,Node,M1 Stone Atlas,S1.9 price-guide,INT-red-jasper-price-guide,Explanation,"How much does Red Jasper cost, what drives its price, and how do I avoid overpaying?",red-jasper,new,P3,draft,6 Gemstone Sub-pages
P-0534,/gemstones/red-jasper/combinations,Node,M1 Stone Atlas,S1.7 combinations,INT-red-jasper-combinations,Evaluation,"Which crystals pair well with Red Jasper, for which goals, and which pairings to avoid?",red-jasper,new,P3,draft,6 Gemstone Sub-pages
P-0535,/gemstones/red-jasper/affirmations,Node,M1 Stone Atlas,S1.8 affirmations,INT-red-jasper-affirmations,Instruction,Which affirmations suit Red Jasper and how do I use them with the stone?,red-jasper,new,P3,draft,6 Gemstone Sub-pages
P-0536,/gemstones/red-tigers-eye/who-should-not-wear,Node,M1 Stone Atlas,S1.2 who-should-not-wear,INT-red-tigers-eye-who-should-not-wear,Evaluation,"Who should be cautious about wearing Red Tiger's Eye, and why (physical safety, tradition, astrology)?",red-tigers-eye,new,P3,draft,6 Gemstone Sub-pages
P-0537,/gemstones/red-tigers-eye/how-to-cleanse,Node,M1 Stone Atlas,S1.6 how-to-cleanse,INT-red-tigers-eye-how-to-cleanse,Instruction,How do I cleanse and recharge Red Tiger's Eye without damaging it?,red-tigers-eye,new,P3,draft,6 Gemstone Sub-pages
P-0538,/gemstones/red-tigers-eye/can-go-in-water,Node,M1 Stone Atlas,S1.3 can-go-in-water,INT-red-tigers-eye-can-go-in-water,Explanation,"Can Red Tiger's Eye go in water safely, and how should it be cleaned without damage?",red-tigers-eye,new,P3,draft,6 Gemstone Sub-pages
P-0539,/gemstones/red-tigers-eye/sleeping-with,Node,M1 Stone Atlas,S1.5 sleeping-with,INT-red-tigers-eye-sleeping-with,Explanation,"Is it sensible to sleep with Red Tiger's Eye under the pillow or by the bed, and how is it done?",red-tigers-eye,new,P3,draft,6 Gemstone Sub-pages
P-0540,/gemstones/red-tigers-eye/how-to-identify,Node,M1 Stone Atlas,S1.4 how-to-identify,INT-red-tigers-eye-how-to-identify,Instruction,"How do I tell real Red Tiger's Eye from fakes, glass, dyed or imitation material?",red-tigers-eye,new,P3,draft,6 Gemstone Sub-pages
P-0541,/gemstones/red-tigers-eye/price-guide,Node,M1 Stone Atlas,S1.9 price-guide,INT-red-tigers-eye-price-guide,Explanation,"How much does Red Tiger's Eye cost, what drives its price, and how do I avoid overpaying?",red-tigers-eye,new,P3,draft,6 Gemstone Sub-pages
P-0542,/gemstones/red-tigers-eye/combinations,Node,M1 Stone Atlas,S1.7 combinations,INT-red-tigers-eye-combinations,Evaluation,"Which crystals pair well with Red Tiger's Eye, for which goals, and which pairings to avoid?",red-tigers-eye,new,P3,draft,6 Gemstone Sub-pages
P-0543,/gemstones/red-tigers-eye/affirmations,Node,M1 Stone Atlas,S1.8 affirmations,INT-red-tigers-eye-affirmations,Instruction,Which affirmations suit Red Tiger's Eye and how do I use them with the stone?,red-tigers-eye,new,P3,draft,6 Gemstone Sub-pages
P-0544,/gemstones/rhodonite/who-should-not-wear,Node,M1 Stone Atlas,S1.2 who-should-not-wear,INT-rhodonite-who-should-not-wear,Evaluation,"Who should be cautious about wearing Rhodonite, and why (physical safety, tradition, astrology)?",rhodonite,new,P3,draft,6 Gemstone Sub-pages
P-0545,/gemstones/rhodonite/how-to-cleanse,Node,M1 Stone Atlas,S1.6 how-to-cleanse,INT-rhodonite-how-to-cleanse,Instruction,How do I cleanse and recharge Rhodonite without damaging it?,rhodonite,new,P3,draft,6 Gemstone Sub-pages
P-0546,/gemstones/rhodonite/sleeping-with,Node,M1 Stone Atlas,S1.5 sleeping-with,INT-rhodonite-sleeping-with,Explanation,"Is it sensible to sleep with Rhodonite under the pillow or by the bed, and how is it done?",rhodonite,new,P3,draft,6 Gemstone Sub-pages
P-0547,/gemstones/rhodonite/meaning,Node,M1 Stone Atlas,S1.1 meaning,INT-rhodonite-meaning,Explanation,"What does Rhodonite mean, what is it, and what is it traditionally used for?",rhodonite,new,P3,draft,6 Gemstone Sub-pages
P-0548,/gemstones/rhodonite/how-to-identify,Node,M1 Stone Atlas,S1.4 how-to-identify,INT-rhodonite-how-to-identify,Instruction,"How do I tell real Rhodonite from fakes, glass, dyed or imitation material?",rhodonite,new,P3,draft,6 Gemstone Sub-pages
P-0549,/gemstones/rhodonite/price-guide,Node,M1 Stone Atlas,S1.9 price-guide,INT-rhodonite-price-guide,Explanation,"How much does Rhodonite cost, what drives its price, and how do I avoid overpaying?",rhodonite,new,P3,draft,6 Gemstone Sub-pages
P-0550,/gemstones/rhodonite/combinations,Node,M1 Stone Atlas,S1.7 combinations,INT-rhodonite-combinations,Evaluation,"Which crystals pair well with Rhodonite, for which goals, and which pairings to avoid?",rhodonite,new,P3,draft,6 Gemstone Sub-pages
P-0551,/gemstones/rhodonite/affirmations,Node,M1 Stone Atlas,S1.8 affirmations,INT-rhodonite-affirmations,Instruction,Which affirmations suit Rhodonite and how do I use them with the stone?,rhodonite,new,P3,draft,6 Gemstone Sub-pages
P-0552,/gemstones/ruby/who-should-not-wear,Node,M1 Stone Atlas,S1.2 who-should-not-wear,INT-ruby-who-should-not-wear,Evaluation,"Who should be cautious about wearing Ruby, and why (physical safety, tradition, astrology)?",ruby,new,P3,draft,6 Gemstone Sub-pages
P-0553,/gemstones/ruby/how-to-cleanse,Node,M1 Stone Atlas,S1.6 how-to-cleanse,INT-ruby-how-to-cleanse,Instruction,How do I cleanse and recharge Ruby without damaging it?,ruby,new,P3,draft,6 Gemstone Sub-pages
P-0554,/gemstones/ruby/can-go-in-water,Node,M1 Stone Atlas,S1.3 can-go-in-water,INT-ruby-can-go-in-water,Explanation,"Can Ruby go in water safely, and how should it be cleaned without damage?",ruby,new,P3,draft,6 Gemstone Sub-pages
P-0555,/gemstones/ruby/sleeping-with,Node,M1 Stone Atlas,S1.5 sleeping-with,INT-ruby-sleeping-with,Explanation,"Is it sensible to sleep with Ruby under the pillow or by the bed, and how is it done?",ruby,new,P3,draft,6 Gemstone Sub-pages
P-0556,/gemstones/ruby/meaning,Node,M1 Stone Atlas,S1.1 meaning,INT-ruby-meaning,Explanation,"What does Ruby mean, what is it, and what is it traditionally used for?",ruby,new,P3,draft,6 Gemstone Sub-pages
P-0557,/gemstones/ruby/how-to-identify,Node,M1 Stone Atlas,S1.4 how-to-identify,INT-ruby-how-to-identify,Instruction,"How do I tell real Ruby from fakes, glass, dyed or imitation material?",ruby,new,P3,draft,6 Gemstone Sub-pages
P-0558,/gemstones/ruby/price-guide,Node,M1 Stone Atlas,S1.9 price-guide,INT-ruby-price-guide,Explanation,"How much does Ruby cost, what drives its price, and how do I avoid overpaying?",ruby,new,P3,draft,6 Gemstone Sub-pages
P-0559,/gemstones/ruby/combinations,Node,M1 Stone Atlas,S1.7 combinations,INT-ruby-combinations,Evaluation,"Which crystals pair well with Ruby, for which goals, and which pairings to avoid?",ruby,new,P3,draft,6 Gemstone Sub-pages
P-0560,/gemstones/ruby/affirmations,Node,M1 Stone Atlas,S1.8 affirmations,INT-ruby-affirmations,Instruction,Which affirmations suit Ruby and how do I use them with the stone?,ruby,new,P3,draft,6 Gemstone Sub-pages
P-0561,/gemstones/ruby-zoisite/who-should-not-wear,Node,M1 Stone Atlas,S1.2 who-should-not-wear,INT-ruby-zoisite-who-should-not-wear,Evaluation,"Who should be cautious about wearing Ruby Zoisite, and why (physical safety, tradition, astrology)?",ruby-zoisite,new,P3,draft,6 Gemstone Sub-pages
P-0562,/gemstones/ruby-zoisite/how-to-cleanse,Node,M1 Stone Atlas,S1.6 how-to-cleanse,INT-ruby-zoisite-how-to-cleanse,Instruction,How do I cleanse and recharge Ruby Zoisite without damaging it?,ruby-zoisite,new,P3,draft,6 Gemstone Sub-pages
P-0563,/gemstones/ruby-zoisite/can-go-in-water,Node,M1 Stone Atlas,S1.3 can-go-in-water,INT-ruby-zoisite-can-go-in-water,Explanation,"Can Ruby Zoisite go in water safely, and how should it be cleaned without damage?",ruby-zoisite,new,P3,draft,6 Gemstone Sub-pages
P-0564,/gemstones/ruby-zoisite/sleeping-with,Node,M1 Stone Atlas,S1.5 sleeping-with,INT-ruby-zoisite-sleeping-with,Explanation,"Is it sensible to sleep with Ruby Zoisite under the pillow or by the bed, and how is it done?",ruby-zoisite,new,P3,draft,6 Gemstone Sub-pages
P-0565,/gemstones/ruby-zoisite/how-to-identify,Node,M1 Stone Atlas,S1.4 how-to-identify,INT-ruby-zoisite-how-to-identify,Instruction,"How do I tell real Ruby Zoisite from fakes, glass, dyed or imitation material?",ruby-zoisite,new,P3,draft,6 Gemstone Sub-pages
P-0566,/gemstones/ruby-zoisite/price-guide,Node,M1 Stone Atlas,S1.9 price-guide,INT-ruby-zoisite-price-guide,Explanation,"How much does Ruby Zoisite cost, what drives its price, and how do I avoid overpaying?",ruby-zoisite,new,P3,draft,6 Gemstone Sub-pages
P-0567,/gemstones/ruby-zoisite/combinations,Node,M1 Stone Atlas,S1.7 combinations,INT-ruby-zoisite-combinations,Evaluation,"Which crystals pair well with Ruby Zoisite, for which goals, and which pairings to avoid?",ruby-zoisite,new,P3,draft,6 Gemstone Sub-pages
P-0568,/gemstones/ruby-zoisite/affirmations,Node,M1 Stone Atlas,S1.8 affirmations,INT-ruby-zoisite-affirmations,Instruction,Which affirmations suit Ruby Zoisite and how do I use them with the stone?,ruby-zoisite,new,P3,draft,6 Gemstone Sub-pages
P-0569,/gemstones/sapphire/who-should-not-wear,Node,M1 Stone Atlas,S1.2 who-should-not-wear,INT-sapphire-who-should-not-wear,Evaluation,"Who should be cautious about wearing Sapphire, and why (physical safety, tradition, astrology)?",sapphire,new,P3,draft,6 Gemstone Sub-pages
P-0570,/gemstones/sapphire/how-to-cleanse,Node,M1 Stone Atlas,S1.6 how-to-cleanse,INT-sapphire-how-to-cleanse,Instruction,How do I cleanse and recharge Sapphire without damaging it?,sapphire,new,P3,draft,6 Gemstone Sub-pages
P-0571,/gemstones/sapphire/can-go-in-water,Node,M1 Stone Atlas,S1.3 can-go-in-water,INT-sapphire-can-go-in-water,Explanation,"Can Sapphire go in water safely, and how should it be cleaned without damage?",sapphire,new,P3,draft,6 Gemstone Sub-pages
P-0572,/gemstones/sapphire/sleeping-with,Node,M1 Stone Atlas,S1.5 sleeping-with,INT-sapphire-sleeping-with,Explanation,"Is it sensible to sleep with Sapphire under the pillow or by the bed, and how is it done?",sapphire,new,P3,draft,6 Gemstone Sub-pages
P-0573,/gemstones/sapphire/meaning,Node,M1 Stone Atlas,S1.1 meaning,INT-sapphire-meaning,Explanation,"What does Sapphire mean, what is it, and what is it traditionally used for?",sapphire,new,P3,draft,6 Gemstone Sub-pages
P-0574,/gemstones/sapphire/how-to-identify,Node,M1 Stone Atlas,S1.4 how-to-identify,INT-sapphire-how-to-identify,Instruction,"How do I tell real Sapphire from fakes, glass, dyed or imitation material?",sapphire,new,P3,draft,6 Gemstone Sub-pages
P-0575,/gemstones/sapphire/price-guide,Node,M1 Stone Atlas,S1.9 price-guide,INT-sapphire-price-guide,Explanation,"How much does Sapphire cost, what drives its price, and how do I avoid overpaying?",sapphire,new,P3,draft,6 Gemstone Sub-pages
P-0576,/gemstones/sapphire/combinations,Node,M1 Stone Atlas,S1.7 combinations,INT-sapphire-combinations,Evaluation,"Which crystals pair well with Sapphire, for which goals, and which pairings to avoid?",sapphire,new,P3,draft,6 Gemstone Sub-pages
P-0577,/gemstones/sapphire/affirmations,Node,M1 Stone Atlas,S1.8 affirmations,INT-sapphire-affirmations,Instruction,Which affirmations suit Sapphire and how do I use them with the stone?,sapphire,new,P3,draft,6 Gemstone Sub-pages
P-0578,/gemstones/smoky-quartz/who-should-not-wear,Node,M1 Stone Atlas,S1.2 who-should-not-wear,INT-smoky-quartz-who-should-not-wear,Evaluation,"Who should be cautious about wearing Smoky Quartz, and why (physical safety, tradition, astrology)?",smoky-quartz,new,P3,draft,6 Gemstone Sub-pages
P-0579,/gemstones/smoky-quartz/how-to-cleanse,Node,M1 Stone Atlas,S1.6 how-to-cleanse,INT-smoky-quartz-how-to-cleanse,Instruction,How do I cleanse and recharge Smoky Quartz without damaging it?,smoky-quartz,new,P3,draft,6 Gemstone Sub-pages
P-0580,/gemstones/smoky-quartz/sleeping-with,Node,M1 Stone Atlas,S1.5 sleeping-with,INT-smoky-quartz-sleeping-with,Explanation,"Is it sensible to sleep with Smoky Quartz under the pillow or by the bed, and how is it done?",smoky-quartz,new,P3,draft,6 Gemstone Sub-pages
P-0581,/gemstones/smoky-quartz/how-to-identify,Node,M1 Stone Atlas,S1.4 how-to-identify,INT-smoky-quartz-how-to-identify,Instruction,"How do I tell real Smoky Quartz from fakes, glass, dyed or imitation material?",smoky-quartz,new,P3,draft,6 Gemstone Sub-pages
P-0582,/gemstones/smoky-quartz/price-guide,Node,M1 Stone Atlas,S1.9 price-guide,INT-smoky-quartz-price-guide,Explanation,"How much does Smoky Quartz cost, what drives its price, and how do I avoid overpaying?",smoky-quartz,new,P3,draft,6 Gemstone Sub-pages
P-0583,/gemstones/smoky-quartz/combinations,Node,M1 Stone Atlas,S1.7 combinations,INT-smoky-quartz-combinations,Evaluation,"Which crystals pair well with Smoky Quartz, for which goals, and which pairings to avoid?",smoky-quartz,new,P3,draft,6 Gemstone Sub-pages
P-0584,/gemstones/smoky-quartz/affirmations,Node,M1 Stone Atlas,S1.8 affirmations,INT-smoky-quartz-affirmations,Instruction,Which affirmations suit Smoky Quartz and how do I use them with the stone?,smoky-quartz,new,P3,draft,6 Gemstone Sub-pages
P-0585,/gemstones/sodalite/who-should-not-wear,Node,M1 Stone Atlas,S1.2 who-should-not-wear,INT-sodalite-who-should-not-wear,Evaluation,"Who should be cautious about wearing Sodalite, and why (physical safety, tradition, astrology)?",sodalite,new,P3,draft,6 Gemstone Sub-pages
P-0586,/gemstones/sodalite/how-to-cleanse,Node,M1 Stone Atlas,S1.6 how-to-cleanse,INT-sodalite-how-to-cleanse,Instruction,How do I cleanse and recharge Sodalite without damaging it?,sodalite,new,P3,draft,6 Gemstone Sub-pages
P-0587,/gemstones/sodalite/sleeping-with,Node,M1 Stone Atlas,S1.5 sleeping-with,INT-sodalite-sleeping-with,Explanation,"Is it sensible to sleep with Sodalite under the pillow or by the bed, and how is it done?",sodalite,new,P3,draft,6 Gemstone Sub-pages
P-0588,/gemstones/sodalite/meaning,Node,M1 Stone Atlas,S1.1 meaning,INT-sodalite-meaning,Explanation,"What does Sodalite mean, what is it, and what is it traditionally used for?",sodalite,new,P3,draft,6 Gemstone Sub-pages
P-0589,/gemstones/sodalite/how-to-identify,Node,M1 Stone Atlas,S1.4 how-to-identify,INT-sodalite-how-to-identify,Instruction,"How do I tell real Sodalite from fakes, glass, dyed or imitation material?",sodalite,new,P3,draft,6 Gemstone Sub-pages
P-0590,/gemstones/sodalite/price-guide,Node,M1 Stone Atlas,S1.9 price-guide,INT-sodalite-price-guide,Explanation,"How much does Sodalite cost, what drives its price, and how do I avoid overpaying?",sodalite,new,P3,draft,6 Gemstone Sub-pages
P-0591,/gemstones/sodalite/combinations,Node,M1 Stone Atlas,S1.7 combinations,INT-sodalite-combinations,Evaluation,"Which crystals pair well with Sodalite, for which goals, and which pairings to avoid?",sodalite,new,P3,draft,6 Gemstone Sub-pages
P-0592,/gemstones/sodalite/affirmations,Node,M1 Stone Atlas,S1.8 affirmations,INT-sodalite-affirmations,Instruction,Which affirmations suit Sodalite and how do I use them with the stone?,sodalite,new,P3,draft,6 Gemstone Sub-pages
P-0593,/gemstones/strawberry-quartz/who-should-not-wear,Node,M1 Stone Atlas,S1.2 who-should-not-wear,INT-strawberry-quartz-who-should-not-wear,Evaluation,"Who should be cautious about wearing Strawberry Quartz, and why (physical safety, tradition, astrology)?",strawberry-quartz,new,P3,draft,6 Gemstone Sub-pages
P-0594,/gemstones/strawberry-quartz/how-to-cleanse,Node,M1 Stone Atlas,S1.6 how-to-cleanse,INT-strawberry-quartz-how-to-cleanse,Instruction,How do I cleanse and recharge Strawberry Quartz without damaging it?,strawberry-quartz,new,P3,draft,6 Gemstone Sub-pages
P-0595,/gemstones/strawberry-quartz/sleeping-with,Node,M1 Stone Atlas,S1.5 sleeping-with,INT-strawberry-quartz-sleeping-with,Explanation,"Is it sensible to sleep with Strawberry Quartz under the pillow or by the bed, and how is it done?",strawberry-quartz,new,P3,draft,6 Gemstone Sub-pages
P-0596,/gemstones/strawberry-quartz/how-to-identify,Node,M1 Stone Atlas,S1.4 how-to-identify,INT-strawberry-quartz-how-to-identify,Instruction,"How do I tell real Strawberry Quartz from fakes, glass, dyed or imitation material?",strawberry-quartz,new,P3,draft,6 Gemstone Sub-pages
P-0597,/gemstones/strawberry-quartz/price-guide,Node,M1 Stone Atlas,S1.9 price-guide,INT-strawberry-quartz-price-guide,Explanation,"How much does Strawberry Quartz cost, what drives its price, and how do I avoid overpaying?",strawberry-quartz,new,P3,draft,6 Gemstone Sub-pages
P-0598,/gemstones/strawberry-quartz/combinations,Node,M1 Stone Atlas,S1.7 combinations,INT-strawberry-quartz-combinations,Evaluation,"Which crystals pair well with Strawberry Quartz, for which goals, and which pairings to avoid?",strawberry-quartz,new,P3,draft,6 Gemstone Sub-pages
P-0599,/gemstones/strawberry-quartz/affirmations,Node,M1 Stone Atlas,S1.8 affirmations,INT-strawberry-quartz-affirmations,Instruction,Which affirmations suit Strawberry Quartz and how do I use them with the stone?,strawberry-quartz,new,P3,draft,6 Gemstone Sub-pages
P-0600,/gemstones/sunstone/who-should-not-wear,Node,M1 Stone Atlas,S1.2 who-should-not-wear,INT-sunstone-who-should-not-wear,Evaluation,"Who should be cautious about wearing Sunstone, and why (physical safety, tradition, astrology)?",sunstone,new,P3,draft,6 Gemstone Sub-pages
P-0601,/gemstones/sunstone/how-to-cleanse,Node,M1 Stone Atlas,S1.6 how-to-cleanse,INT-sunstone-how-to-cleanse,Instruction,How do I cleanse and recharge Sunstone without damaging it?,sunstone,new,P3,draft,6 Gemstone Sub-pages
P-0602,/gemstones/sunstone/sleeping-with,Node,M1 Stone Atlas,S1.5 sleeping-with,INT-sunstone-sleeping-with,Explanation,"Is it sensible to sleep with Sunstone under the pillow or by the bed, and how is it done?",sunstone,new,P3,draft,6 Gemstone Sub-pages
P-0603,/gemstones/sunstone/how-to-identify,Node,M1 Stone Atlas,S1.4 how-to-identify,INT-sunstone-how-to-identify,Instruction,"How do I tell real Sunstone from fakes, glass, dyed or imitation material?",sunstone,new,P3,draft,6 Gemstone Sub-pages
P-0604,/gemstones/sunstone/price-guide,Node,M1 Stone Atlas,S1.9 price-guide,INT-sunstone-price-guide,Explanation,"How much does Sunstone cost, what drives its price, and how do I avoid overpaying?",sunstone,new,P3,draft,6 Gemstone Sub-pages
P-0605,/gemstones/sunstone/combinations,Node,M1 Stone Atlas,S1.7 combinations,INT-sunstone-combinations,Evaluation,"Which crystals pair well with Sunstone, for which goals, and which pairings to avoid?",sunstone,new,P3,draft,6 Gemstone Sub-pages
P-0606,/gemstones/sunstone/affirmations,Node,M1 Stone Atlas,S1.8 affirmations,INT-sunstone-affirmations,Instruction,Which affirmations suit Sunstone and how do I use them with the stone?,sunstone,new,P3,draft,6 Gemstone Sub-pages
P-0607,/gemstones/tree-agate/who-should-not-wear,Node,M1 Stone Atlas,S1.2 who-should-not-wear,INT-tree-agate-who-should-not-wear,Evaluation,"Who should be cautious about wearing Tree Agate, and why (physical safety, tradition, astrology)?",tree-agate,new,P3,draft,6 Gemstone Sub-pages
P-0608,/gemstones/tree-agate/how-to-cleanse,Node,M1 Stone Atlas,S1.6 how-to-cleanse,INT-tree-agate-how-to-cleanse,Instruction,How do I cleanse and recharge Tree Agate without damaging it?,tree-agate,new,P3,draft,6 Gemstone Sub-pages
P-0609,/gemstones/tree-agate/can-go-in-water,Node,M1 Stone Atlas,S1.3 can-go-in-water,INT-tree-agate-can-go-in-water,Explanation,"Can Tree Agate go in water safely, and how should it be cleaned without damage?",tree-agate,new,P3,draft,6 Gemstone Sub-pages
P-0610,/gemstones/tree-agate/sleeping-with,Node,M1 Stone Atlas,S1.5 sleeping-with,INT-tree-agate-sleeping-with,Explanation,"Is it sensible to sleep with Tree Agate under the pillow or by the bed, and how is it done?",tree-agate,new,P3,draft,6 Gemstone Sub-pages
P-0611,/gemstones/tree-agate/how-to-identify,Node,M1 Stone Atlas,S1.4 how-to-identify,INT-tree-agate-how-to-identify,Instruction,"How do I tell real Tree Agate from fakes, glass, dyed or imitation material?",tree-agate,new,P3,draft,6 Gemstone Sub-pages
P-0612,/gemstones/tree-agate/price-guide,Node,M1 Stone Atlas,S1.9 price-guide,INT-tree-agate-price-guide,Explanation,"How much does Tree Agate cost, what drives its price, and how do I avoid overpaying?",tree-agate,new,P3,draft,6 Gemstone Sub-pages
P-0613,/gemstones/tree-agate/combinations,Node,M1 Stone Atlas,S1.7 combinations,INT-tree-agate-combinations,Evaluation,"Which crystals pair well with Tree Agate, for which goals, and which pairings to avoid?",tree-agate,new,P3,draft,6 Gemstone Sub-pages
P-0614,/gemstones/tree-agate/affirmations,Node,M1 Stone Atlas,S1.8 affirmations,INT-tree-agate-affirmations,Instruction,Which affirmations suit Tree Agate and how do I use them with the stone?,tree-agate,new,P3,draft,6 Gemstone Sub-pages
P-0615,/gemstones/white-agate/who-should-not-wear,Node,M1 Stone Atlas,S1.2 who-should-not-wear,INT-white-agate-who-should-not-wear,Evaluation,"Who should be cautious about wearing White Agate, and why (physical safety, tradition, astrology)?",white-agate,new,P3,draft,6 Gemstone Sub-pages
P-0616,/gemstones/white-agate/how-to-cleanse,Node,M1 Stone Atlas,S1.6 how-to-cleanse,INT-white-agate-how-to-cleanse,Instruction,How do I cleanse and recharge White Agate without damaging it?,white-agate,new,P3,draft,6 Gemstone Sub-pages
P-0617,/gemstones/white-agate/can-go-in-water,Node,M1 Stone Atlas,S1.3 can-go-in-water,INT-white-agate-can-go-in-water,Explanation,"Can White Agate go in water safely, and how should it be cleaned without damage?",white-agate,new,P3,draft,6 Gemstone Sub-pages
P-0618,/gemstones/white-agate/sleeping-with,Node,M1 Stone Atlas,S1.5 sleeping-with,INT-white-agate-sleeping-with,Explanation,"Is it sensible to sleep with White Agate under the pillow or by the bed, and how is it done?",white-agate,new,P3,draft,6 Gemstone Sub-pages
P-0619,/gemstones/white-agate/how-to-identify,Node,M1 Stone Atlas,S1.4 how-to-identify,INT-white-agate-how-to-identify,Instruction,"How do I tell real White Agate from fakes, glass, dyed or imitation material?",white-agate,new,P3,draft,6 Gemstone Sub-pages
P-0620,/gemstones/white-agate/price-guide,Node,M1 Stone Atlas,S1.9 price-guide,INT-white-agate-price-guide,Explanation,"How much does White Agate cost, what drives its price, and how do I avoid overpaying?",white-agate,new,P3,draft,6 Gemstone Sub-pages
P-0621,/gemstones/white-agate/combinations,Node,M1 Stone Atlas,S1.7 combinations,INT-white-agate-combinations,Evaluation,"Which crystals pair well with White Agate, for which goals, and which pairings to avoid?",white-agate,new,P3,draft,6 Gemstone Sub-pages
P-0622,/gemstones/white-agate/affirmations,Node,M1 Stone Atlas,S1.8 affirmations,INT-white-agate-affirmations,Instruction,Which affirmations suit White Agate and how do I use them with the stone?,white-agate,new,P3,draft,6 Gemstone Sub-pages
P-0623,/gemstones/white-quartz/who-should-not-wear,Node,M1 Stone Atlas,S1.2 who-should-not-wear,INT-white-quartz-who-should-not-wear,Evaluation,"Who should be cautious about wearing White Quartz, and why (physical safety, tradition, astrology)?",white-quartz,new,P3,draft,6 Gemstone Sub-pages
P-0624,/gemstones/white-quartz/how-to-cleanse,Node,M1 Stone Atlas,S1.6 how-to-cleanse,INT-white-quartz-how-to-cleanse,Instruction,How do I cleanse and recharge White Quartz without damaging it?,white-quartz,new,P3,draft,6 Gemstone Sub-pages
P-0625,/gemstones/white-quartz/can-go-in-water,Node,M1 Stone Atlas,S1.3 can-go-in-water,INT-white-quartz-can-go-in-water,Explanation,"Can White Quartz go in water safely, and how should it be cleaned without damage?",white-quartz,new,P3,draft,6 Gemstone Sub-pages
P-0626,/gemstones/white-quartz/sleeping-with,Node,M1 Stone Atlas,S1.5 sleeping-with,INT-white-quartz-sleeping-with,Explanation,"Is it sensible to sleep with White Quartz under the pillow or by the bed, and how is it done?",white-quartz,new,P3,draft,6 Gemstone Sub-pages
P-0627,/gemstones/white-quartz/how-to-identify,Node,M1 Stone Atlas,S1.4 how-to-identify,INT-white-quartz-how-to-identify,Instruction,"How do I tell real White Quartz from fakes, glass, dyed or imitation material?",white-quartz,new,P3,draft,6 Gemstone Sub-pages
P-0628,/gemstones/white-quartz/price-guide,Node,M1 Stone Atlas,S1.9 price-guide,INT-white-quartz-price-guide,Explanation,"How much does White Quartz cost, what drives its price, and how do I avoid overpaying?",white-quartz,new,P3,draft,6 Gemstone Sub-pages
P-0629,/gemstones/white-quartz/combinations,Node,M1 Stone Atlas,S1.7 combinations,INT-white-quartz-combinations,Evaluation,"Which crystals pair well with White Quartz, for which goals, and which pairings to avoid?",white-quartz,new,P3,draft,6 Gemstone Sub-pages
P-0630,/gemstones/white-quartz/affirmations,Node,M1 Stone Atlas,S1.8 affirmations,INT-white-quartz-affirmations,Instruction,Which affirmations suit White Quartz and how do I use them with the stone?,white-quartz,new,P3,draft,6 Gemstone Sub-pages
P-0631,/crystals/crystals-for-anxiety,Node,M2 Crystals by Purpose,S2.1 Emotional wellbeing,INT-crystals-crystals-for-anxiety,Evaluation,Best Crystals for Anxiety: Complete Guide,,rewrite,MEDIUM,draft,1 Crystals For (purpose guides)
P-0632,/crystals/crystals-for-sleep,Node,M2 Crystals by Purpose,S2.1 Emotional wellbeing,INT-crystals-crystals-for-sleep,Evaluation,Best Crystals for Sleep: Complete Guide,,rewrite+consolidate,MEDIUM,draft,1 Crystals For (purpose guides)
P-0633,/crystals/crystals-for-protection,Node,M2 Crystals by Purpose,S2.3 Protection and grounding,INT-crystals-crystals-for-protection,Evaluation,Best Crystals for Protection: Complete Guide,,rewrite,MEDIUM,draft,1 Crystals For (purpose guides)
P-0634,/crystals/crystals-for-love,Node,M2 Crystals by Purpose,S2.2 Relationships,INT-crystals-crystals-for-love,Evaluation,Best Crystals for Love: Complete Guide,,new,MEDIUM,draft,1 Crystals For (purpose guides)
P-0635,/crystals/crystals-for-grief,Node,M2 Crystals by Purpose,S2.1 Emotional wellbeing,INT-crystals-crystals-for-grief,Evaluation,Best Crystals for Grief: Complete Guide,,rewrite,MEDIUM,draft,1 Crystals For (purpose guides)
P-0636,/crystals/crystals-for-concentration,Node,M2 Crystals by Purpose,"S2.4 Confidence, focus and success",INT-crystals-crystals-for-concentration,Evaluation,Best Crystals for Concentration: Complete Guide,,new,MEDIUM,draft,1 Crystals For (purpose guides)
P-0637,/crystals/crystals-for-money,Node,M2 Crystals by Purpose,"S2.4 Confidence, focus and success",INT-crystals-crystals-for-money,Evaluation,Best Crystals for Money: Complete Guide,,new,MEDIUM,draft,1 Crystals For (purpose guides)
P-0638,/crystals/crystals-for-confidence,Node,M2 Crystals by Purpose,"S2.4 Confidence, focus and success",INT-crystals-crystals-for-confidence,Evaluation,Best Crystals for Confidence: Complete Guide,,new,MEDIUM,draft,1 Crystals For (purpose guides)
P-0639,/crystals/crystals-for-meditation,Node,M2 Crystals by Purpose,S2.5 Practice and spirituality,INT-crystals-crystals-for-meditation,Evaluation,Best Crystals for Meditation: Complete Guide,,new,MEDIUM,draft,1 Crystals For (purpose guides)
P-0640,/crystals/crystals-for-healing,Node,M2 Crystals by Purpose,S2.5 Practice and spirituality,INT-crystals-crystals-for-healing,Evaluation,Best Crystals for Healing: Complete Guide,,new,MEDIUM,draft,1 Crystals For (purpose guides)
P-0641,/crystals/crystals-for-creativity,Node,M2 Crystals by Purpose,"S2.4 Confidence, focus and success",INT-crystals-crystals-for-creativity,Evaluation,Best Crystals for Creativity: Complete Guide,,new,MEDIUM,draft,1 Crystals For (purpose guides)
P-0642,/crystals/crystals-for-grounding,Node,M2 Crystals by Purpose,S2.3 Protection and grounding,INT-crystals-crystals-for-grounding,Evaluation,Best Crystals for Grounding: Complete Guide,,new,MEDIUM,draft,1 Crystals For (purpose guides)
P-0643,/crystals/crystals-for-pregnancy,Node,M2 Crystals by Purpose,S2.1 Emotional wellbeing,INT-crystals-crystals-for-pregnancy,Evaluation,Best Crystals for Pregnancy: Complete Guide,,new,MEDIUM,draft,1 Crystals For (purpose guides)
P-0644,/crystals/crystals-for-students,Node,M2 Crystals by Purpose,"S2.4 Confidence, focus and success",INT-crystals-crystals-for-students,Evaluation,Best Crystals for Students: Complete Guide,,new,MEDIUM,draft,1 Crystals For (purpose guides)
P-0645,/crystals/crystals-for-travel,Node,M2 Crystals by Purpose,S2.3 Protection and grounding,INT-crystals-crystals-for-travel,Evaluation,Best Crystals for Travel: Complete Guide,,new,MEDIUM,draft,1 Crystals For (purpose guides)
P-0646,/crystals/crystals-for-beginners,Node,M2 Crystals by Purpose,S2.5 Practice and spirituality,INT-crystals-crystals-for-beginners,Evaluation,Best Crystals for Beginners: Complete Guide,,new,MEDIUM,draft,1 Crystals For (purpose guides)
P-0647,/crystals/crystals-for-new-home,Node,M2 Crystals by Purpose,S2.3 Protection and grounding,INT-crystals-crystals-for-new-home,Evaluation,Best Crystals for New Home: Complete Guide,,new,MEDIUM,draft,1 Crystals For (purpose guides)
P-0648,/crystals/crystals-for-workplace,Node,M2 Crystals by Purpose,"S2.4 Confidence, focus and success",INT-crystals-crystals-for-workplace,Evaluation,Best Crystals for Workplace: Complete Guide,,new,MEDIUM,draft,1 Crystals For (purpose guides)
P-0649,/crystals/crystals-for-jealousy,Node,M2 Crystals by Purpose,S2.2 Relationships,INT-crystals-crystals-for-jealousy,Evaluation,Best Crystals for Jealousy: Complete Guide,,rewrite,MEDIUM,draft,1 Crystals For (purpose guides)
P-0650,/crystals/crystals-for-independence,Node,M2 Crystals by Purpose,"S2.4 Confidence, focus and success",INT-crystals-crystals-for-independence,Evaluation,Best Crystals for Independence: Complete Guide,,rewrite,MEDIUM,draft,1 Crystals For (purpose guides)
P-0651,/crystals/crystals-for-tarot,Node,M2 Crystals by Purpose,S2.5 Practice and spirituality,INT-crystals-crystals-for-tarot,Evaluation,Best Crystals for Tarot: Complete Guide,,new,MEDIUM,draft,1 Crystals For (purpose guides)
P-0652,/crystals/crystals-for-self-love,Node,M2 Crystals by Purpose,S2.1 Emotional wellbeing,INT-crystals-crystals-for-self-love,Evaluation,Best Crystals for Self-Love: Complete Guide,,new,MEDIUM,draft,1 Crystals For (purpose guides)
P-0653,/crystals/crystals-for-nightmares,Node,M2 Crystals by Purpose,S2.1 Emotional wellbeing,INT-crystals-crystals-for-nightmares,Evaluation,Best Crystals for Nightmares: Complete Guide,,new,MEDIUM,draft,1 Crystals For (purpose guides)
P-0654,/crystals/crystals-for-nurses,Node,M2 Crystals by Purpose,"S2.4 Confidence, focus and success",INT-crystals-crystals-for-nurses,Evaluation,Best Crystals for Nurses: Complete Guide,,rewrite,MEDIUM,draft,1 Crystals For (purpose guides)
P-0655,/crystals/crystals-for-connection,Node,M2 Crystals by Purpose,S2.2 Relationships,INT-crystals-crystals-for-connection,Evaluation,Best Crystals for Connection: Complete Guide,,rewrite,MEDIUM,draft,1 Crystals For (purpose guides)
P-0656,/crystals/citrine-and-amethyst-together,Node,M5 Crystal Combinations,S5.citrine,INT-crystals-citrine-and-amethyst-together,Evaluation,Citrine and Amethyst Together: Meaning & Benefits,,new,MEDIUM,draft,2 Crystal Pairs
P-0657,/crystals/rose-quartz-and-amethyst-together,Node,M5 Crystal Combinations,S5.rose-quartz,INT-crystals-rose-quartz-and-amethyst-together,Evaluation,Rose Quartz and Amethyst Together: Meaning & Benefits,,new,MEDIUM,draft,2 Crystal Pairs
P-0658,/crystals/black-tourmaline-and-amethyst-together,Node,M5 Crystal Combinations,S5.black-tourmaline,INT-crystals-black-tourmaline-and-amethyst-together,Evaluation,Black Tourmaline and Amethyst Together: Meaning & Benefits,,new,MEDIUM,draft,2 Crystal Pairs
P-0659,/crystals/turquoise-and-amethyst-together,Node,M5 Crystal Combinations,S5.turquoise,INT-crystals-turquoise-and-amethyst-together,Evaluation,Turquoise and Amethyst Together: Meaning & Benefits,,new,MEDIUM,draft,2 Crystal Pairs
P-0660,/crystals/tiger-eye-and-citrine-together,Node,M5 Crystal Combinations,S5.tiger-eye,INT-crystals-tiger-eye-and-citrine-together,Evaluation,Tiger Eye and Citrine Together: Meaning & Benefits,,new,MEDIUM,draft,2 Crystal Pairs
P-0661,/crystals/moldavite-and-rose-quartz-together,Node,M5 Crystal Combinations,S5.moldavite,INT-crystals-moldavite-and-rose-quartz-together,Evaluation,Moldavite and Rose Quartz Together: Meaning & Benefits,,new,MEDIUM,draft,2 Crystal Pairs
P-0662,/crystals/pyrite-and-citrine-together,Node,M5 Crystal Combinations,S5.pyrite,INT-crystals-pyrite-and-citrine-together,Evaluation,Pyrite and Citrine Together: Meaning & Benefits,,new,MEDIUM,draft,2 Crystal Pairs
P-0663,/crystals/lapis-lazuli-and-amethyst-together,Node,M5 Crystal Combinations,S5.lapis-lazuli,INT-crystals-lapis-lazuli-and-amethyst-together,Evaluation,Lapis Lazuli and Amethyst Together: Meaning & Benefits,,new,MEDIUM,draft,2 Crystal Pairs
P-0664,/crystals/obsidian-and-black-tourmaline-together,Node,M5 Crystal Combinations,S5.obsidian,INT-crystals-obsidian-and-black-tourmaline-together,Evaluation,Obsidian and Black Tourmaline Together: Meaning & Benefits,,new,MEDIUM,draft,2 Crystal Pairs
P-0665,/crystals/selenite-and-amethyst-together,Node,M5 Crystal Combinations,S5.selenite,INT-crystals-selenite-and-amethyst-together,Evaluation,Selenite and Amethyst Together: Meaning & Benefits,,new,MEDIUM,draft,2 Crystal Pairs
P-0666,/crystals/carnelian-and-citrine-together,Node,M5 Crystal Combinations,S5.carnelian,INT-crystals-carnelian-and-citrine-together,Evaluation,Carnelian and Citrine Together: Meaning & Benefits,,new,MEDIUM,draft,2 Crystal Pairs
P-0667,/crystals/moonstone-and-labradorite-together,Node,M5 Crystal Combinations,S5.moonstone,INT-crystals-moonstone-and-labradorite-together,Evaluation,Moonstone and Labradorite Together: Meaning & Benefits,,new,MEDIUM,draft,2 Crystal Pairs
P-0668,/crystals/rose-quartz-and-citrine-together,Node,M5 Crystal Combinations,S5.rose-quartz,INT-crystals-rose-quartz-and-citrine-together,Evaluation,Rose Quartz and Citrine Together: Meaning & Benefits,,new,MEDIUM,draft,2 Crystal Pairs
P-0669,/crystals/jade-and-pyrite-together,Node,M5 Crystal Combinations,S5.jade,INT-crystals-jade-and-pyrite-together,Evaluation,Jade and Pyrite Together: Meaning & Benefits,,new,MEDIUM,draft,2 Crystal Pairs
P-0670,/crystals/amethyst-and-clear-quartz-together,Node,M5 Crystal Combinations,S5.amethyst,INT-crystals-amethyst-and-clear-quartz-together,Evaluation,Amethyst and Clear Quartz Together: Meaning & Benefits,,new,MEDIUM,draft,2 Crystal Pairs
P-0671,/crystals/hematite-and-black-tourmaline-together,Node,M5 Crystal Combinations,S5.hematite,INT-crystals-hematite-and-black-tourmaline-together,Evaluation,Hematite and Black Tourmaline Together: Meaning & Benefits,,new,MEDIUM,draft,2 Crystal Pairs
P-0672,/crystals/aventurine-and-citrine-together,Node,M5 Crystal Combinations,S5.aventurine,INT-crystals-aventurine-and-citrine-together,Evaluation,Aventurine and Citrine Together: Meaning & Benefits,,new,MEDIUM,draft,2 Crystal Pairs
P-0673,/crystals/lapis-lazuli-and-sodalite-together,Node,M5 Crystal Combinations,S5.lapis-lazuli,INT-crystals-lapis-lazuli-and-sodalite-together,Evaluation,Lapis Lazuli and Sodalite Together: Meaning & Benefits,,new,MEDIUM,draft,2 Crystal Pairs
P-0674,/crystals/rose-quartz-and-rhodonite-together,Node,M5 Crystal Combinations,S5.rose-quartz,INT-crystals-rose-quartz-and-rhodonite-together,Evaluation,Rose Quartz and Rhodonite Together: Meaning & Benefits,,new,MEDIUM,draft,2 Crystal Pairs
P-0675,/crystals/tiger-eye-and-hematite-together,Node,M5 Crystal Combinations,S5.tiger-eye,INT-crystals-tiger-eye-and-hematite-together,Evaluation,Tiger Eye and Hematite Together: Meaning & Benefits,,new,MEDIUM,draft,2 Crystal Pairs
P-0676,/crystals/moldavite-and-herkimer-diamond-together,Node,M5 Crystal Combinations,S5.moldavite,INT-crystals-moldavite-and-herkimer-diamond-together,Evaluation,Moldavite and Herkimer Diamond Together: Meaning & Benefits,,new,MEDIUM,draft,2 Crystal Pairs
P-0677,/crystals/moldavite-and-black-tourmaline-together,Node,M5 Crystal Combinations,S5.moldavite,INT-crystals-moldavite-and-black-tourmaline-together,Evaluation,Moldavite and Black Tourmaline Together: Meaning & Benefits,,new,MEDIUM,draft,2 Crystal Pairs
P-0678,/crystals/moldavite-and-amethyst-together,Node,M5 Crystal Combinations,S5.moldavite,INT-crystals-moldavite-and-amethyst-together,Evaluation,Moldavite and Amethyst Together: Meaning & Benefits,,new,MEDIUM,draft,2 Crystal Pairs
P-0679,/crystals/moldavite-and-citrine-together,Node,M5 Crystal Combinations,S5.moldavite,INT-crystals-moldavite-and-citrine-together,Evaluation,Moldavite and Citrine Together: Meaning & Benefits,,new,MEDIUM,draft,2 Crystal Pairs
P-0680,/crystals/rose-quartz-and-moonstone-together,Node,M5 Crystal Combinations,S5.rose-quartz,INT-crystals-rose-quartz-and-moonstone-together,Evaluation,Rose Quartz and Moonstone Together: Meaning & Benefits,,new,MEDIUM,draft,2 Crystal Pairs
P-0681,/crystals/carnelian-and-rose-quartz-together,Node,M5 Crystal Combinations,S5.carnelian,INT-crystals-carnelian-and-rose-quartz-together,Evaluation,Carnelian and Rose Quartz Together: Meaning & Benefits,,new,MEDIUM,draft,2 Crystal Pairs
P-0682,/crystals/selenite-and-black-tourmaline-together,Node,M5 Crystal Combinations,S5.selenite,INT-crystals-selenite-and-black-tourmaline-together,Evaluation,Selenite and Black Tourmaline Together: Meaning & Benefits,,new,MEDIUM,draft,2 Crystal Pairs
P-0683,/crystals/amethyst-and-moonstone-together,Node,M5 Crystal Combinations,S5.amethyst,INT-crystals-amethyst-and-moonstone-together,Evaluation,Amethyst and Moonstone Together: Meaning & Benefits,,new,MEDIUM,draft,2 Crystal Pairs
P-0684,/crystals/citrine-and-pyrite-together,Node,M5 Crystal Combinations,S5.citrine,INT-crystals-citrine-and-pyrite-together,Evaluation,Citrine and Pyrite Together: Meaning & Benefits,,new,MEDIUM,draft,2 Crystal Pairs
P-0685,/crystals/clear-quartz-and-rose-quartz-together,Node,M5 Crystal Combinations,S5.clear-quartz,INT-crystals-clear-quartz-and-rose-quartz-together,Evaluation,Clear Quartz and Rose Quartz Together: Meaning & Benefits,,new,MEDIUM,draft,2 Crystal Pairs
P-0686,/crystals/labradorite-and-amethyst-together,Node,M5 Crystal Combinations,S5.labradorite,INT-crystals-labradorite-and-amethyst-together,Evaluation,Labradorite and Amethyst Together: Meaning & Benefits,,new,MEDIUM,draft,2 Crystal Pairs
P-0687,/crystals/obsidian-and-selenite-together,Node,M5 Crystal Combinations,S5.obsidian,INT-crystals-obsidian-and-selenite-together,Evaluation,Obsidian and Selenite Together: Meaning & Benefits,,new,MEDIUM,draft,2 Crystal Pairs
P-0688,/crystals/fluorite-and-amethyst-together,Node,M5 Crystal Combinations,S5.fluorite,INT-crystals-fluorite-and-amethyst-together,Evaluation,Fluorite and Amethyst Together: Meaning & Benefits,,new,MEDIUM,draft,2 Crystal Pairs
P-0689,/crystals/amazonite-and-rose-quartz-together,Node,M5 Crystal Combinations,S5.amazonite,INT-crystals-amazonite-and-rose-quartz-together,Evaluation,Amazonite and Rose Quartz Together: Meaning & Benefits,,new,MEDIUM,draft,2 Crystal Pairs
P-0690,/crystals/garnet-and-rose-quartz-together,Node,M5 Crystal Combinations,S5.garnet,INT-crystals-garnet-and-rose-quartz-together,Evaluation,Garnet and Rose Quartz Together: Meaning & Benefits,,new,MEDIUM,draft,2 Crystal Pairs
P-0691,/crystals/peridot-and-citrine-together,Node,M5 Crystal Combinations,S5.peridot,INT-crystals-peridot-and-citrine-together,Evaluation,Peridot and Citrine Together: Meaning & Benefits,,new,MEDIUM,draft,2 Crystal Pairs
P-0692,/crystals/aquamarine-and-moonstone-together,Node,M5 Crystal Combinations,S5.aquamarine,INT-crystals-aquamarine-and-moonstone-together,Evaluation,Aquamarine and Moonstone Together: Meaning & Benefits,,new,MEDIUM,draft,2 Crystal Pairs
P-0693,/crystals/jade-and-rose-quartz-together,Node,M5 Crystal Combinations,S5.jade,INT-crystals-jade-and-rose-quartz-together,Evaluation,Jade and Rose Quartz Together: Meaning & Benefits,,new,MEDIUM,draft,2 Crystal Pairs
P-0694,/crystals/tiger-eye-and-black-tourmaline-together,Node,M5 Crystal Combinations,S5.tiger-eye,INT-crystals-tiger-eye-and-black-tourmaline-together,Evaluation,Tiger Eye and Black Tourmaline Together: Meaning & Benefits,,new,MEDIUM,draft,2 Crystal Pairs
P-0695,/crystals/lava-stone-and-black-tourmaline-together,Node,M5 Crystal Combinations,S5.lava-stone,INT-crystals-lava-stone-and-black-tourmaline-together,Evaluation,Lava Stone and Black Tourmaline Together: Meaning & Benefits,,new,MEDIUM,draft,2 Crystal Pairs
P-0696,/crystals/howlite-and-amethyst-together,Node,M5 Crystal Combinations,S5.howlite,INT-crystals-howlite-and-amethyst-together,Evaluation,Howlite and Amethyst Together: Meaning & Benefits,,new,MEDIUM,draft,2 Crystal Pairs
P-0697,/crystals/sodalite-and-amethyst-together,Node,M5 Crystal Combinations,S5.sodalite,INT-crystals-sodalite-and-amethyst-together,Evaluation,Sodalite and Amethyst Together: Meaning & Benefits,,new,MEDIUM,draft,2 Crystal Pairs
P-0698,/crystals/malachite-and-rose-quartz-together,Node,M5 Crystal Combinations,S5.malachite,INT-crystals-malachite-and-rose-quartz-together,Evaluation,Malachite and Rose Quartz Together: Meaning & Benefits,,new,MEDIUM,draft,2 Crystal Pairs
P-0699,/crystals/kunzite-and-rose-quartz-together,Node,M5 Crystal Combinations,S5.kunzite,INT-crystals-kunzite-and-rose-quartz-together,Evaluation,Kunzite and Rose Quartz Together: Meaning & Benefits,,new,MEDIUM,draft,2 Crystal Pairs
P-0700,/crystals/bloodstone-and-carnelian-together,Node,M5 Crystal Combinations,S5.bloodstone,INT-crystals-bloodstone-and-carnelian-together,Evaluation,Bloodstone and Carnelian Together: Meaning & Benefits,,new,MEDIUM,draft,2 Crystal Pairs
P-0701,/crystals/lepidolite-and-amethyst-together,Node,M5 Crystal Combinations,S5.lepidolite,INT-crystals-lepidolite-and-amethyst-together,Evaluation,Lepidolite and Amethyst Together: Meaning & Benefits,,new,MEDIUM,draft,2 Crystal Pairs
P-0702,/crystals/rhodonite-and-black-tourmaline-together,Node,M5 Crystal Combinations,S5.rhodonite,INT-crystals-rhodonite-and-black-tourmaline-together,Evaluation,Rhodonite and Black Tourmaline Together: Meaning & Benefits,,new,MEDIUM,draft,2 Crystal Pairs
P-0703,/crystals/chrysocolla-and-lapis-lazuli-together,Node,M5 Crystal Combinations,S5.chrysocolla,INT-crystals-chrysocolla-and-lapis-lazuli-together,Evaluation,Chrysocolla and Lapis Lazuli Together: Meaning & Benefits,,new,MEDIUM,draft,2 Crystal Pairs
P-0704,/crystals/calcite-and-clear-quartz-together,Node,M5 Crystal Combinations,S5.calcite,INT-crystals-calcite-and-clear-quartz-together,Evaluation,Calcite and Clear Quartz Together: Meaning & Benefits,,new,MEDIUM,draft,2 Crystal Pairs
P-0705,/crystals/kyanite-and-selenite-together,Node,M5 Crystal Combinations,S5.kyanite,INT-crystals-kyanite-and-selenite-together,Evaluation,Kyanite and Selenite Together: Meaning & Benefits,,new,MEDIUM,draft,2 Crystal Pairs
P-0706,/learn/how-are-gemstones-formed,Node,"M4 Gemstone Science, Identification and Buying",S4.3 gemstone science,INT-learn-how-are-gemstones-formed,Explanation,How Are Gemstones Formed? Complete Geological Guide,,new,LOW,draft,3 Learn
P-0707,/learn/mohs-hardness-scale,Node,"M4 Gemstone Science, Identification and Buying",S4.3 gemstone science,INT-learn-mohs-hardness-scale,Explanation,Mohs Hardness Scale: Complete Guide for Gemstone Buyers,,new,LOW,draft,3 Learn
P-0708,/learn/gemstone-vs-crystal-vs-mineral,Node,"M4 Gemstone Science, Identification and Buying",S4.3 gemstone science,INT-learn-gemstone-vs-crystal-vs-mineral,Comparison,Gemstone vs Crystal vs Mineral: Key Differences,,new,MEDIUM,draft,3 Learn
P-0709,/learn/types-of-gemstone-cuts,Node,"M4 Gemstone Science, Identification and Buying",S4.3 gemstone science,INT-learn-types-of-gemstone-cuts,Explanation,Types of Gemstone Cuts: Complete Visual Guide,,new,LOW,draft,3 Learn
P-0710,/learn/types-of-gemstone-lustre,Node,"M4 Gemstone Science, Identification and Buying",S4.3 gemstone science,INT-learn-types-of-gemstone-lustre,Explanation,Types of Gemstone Lustre: Identification Guide,,new,LOW,draft,3 Learn
P-0711,/learn/how-to-start-crystal-collection,Node,M3 Crystal Care and Practice,S3.2 practices,INT-learn-how-to-start-crystal-collection,Instruction,How to Start a Crystal Collection: Beginner's Guide,,new,MEDIUM,draft,3 Learn
P-0712,/learn/crystal-grids,Node,M3 Crystal Care and Practice,S3.2 practices,INT-learn-crystal-grids,Instruction,How to Create a Crystal Grid: Step-by-Step Guide,,new,MEDIUM,draft,3 Learn
P-0713,/learn/crystal-pendulums,Node,M3 Crystal Care and Practice,S3.2 practices,INT-learn-crystal-pendulums,Instruction,Crystal Pendulum Guide: How to Use & Choose,,new,MEDIUM,draft,3 Learn
P-0714,/learn/crystal-meditation,Node,M3 Crystal Care and Practice,S3.2 practices,INT-learn-crystal-meditation,Instruction,Crystal Meditation Guide: Techniques & Best Stones,,new,MEDIUM,draft,3 Learn
P-0715,/learn/crystal-sprays,Node,M3 Crystal Care and Practice,S3.2 practices,INT-learn-crystal-sprays,Instruction,How to Make a Crystal Spray: DIY Guide,,new,MEDIUM,draft,3 Learn
P-0716,/learn/crystal-journaling,Node,M3 Crystal Care and Practice,S3.2 practices,INT-learn-crystal-journaling,Instruction,Crystal Journaling Guide: Track Your Healing Journey,,new,MEDIUM,draft,3 Learn
P-0717,/learn/how-to-program-crystals,Node,M3 Crystal Care and Practice,"S3.1 cleansing, charging and safety",INT-learn-how-to-program-crystals,Instruction,How to Program a Crystal: Step-by-Step Guide,,new,MEDIUM,draft,3 Learn
P-0718,/learn/crystal-storage,Node,M3 Crystal Care and Practice,"S3.1 cleansing, charging and safety",INT-learn-crystal-storage,Instruction,Crystal Storage Guide: Best Ways to Store Your Collection,,new,MEDIUM,draft,3 Learn
P-0719,/learn/chakra-crystals-guide,Node,M3 Crystal Care and Practice,S3.2 practices,INT-learn-chakra-crystals-guide,Explanation,Complete Guide to Chakra Crystals & Healing,,new,MEDIUM,draft,3 Learn
P-0720,/learn/birthstone-guide,Node,M3 Crystal Care and Practice,S3.2 practices,INT-learn-birthstone-guide,Explanation,Complete Birthstone Guide: Gemstones by Month,,new,LOW,draft,3 Learn
P-0721,/learn/salt-safe-crystals,Node,M3 Crystal Care and Practice,"S3.1 cleansing, charging and safety",INT-learn-salt-safe-crystals,Explanation,Salt Safe Crystals: Which Crystals Can Go in Salt?,,rewrite,MEDIUM,draft,3 Learn
P-0722,/learn/ethical-crystal-sourcing,Node,"M4 Gemstone Science, Identification and Buying",S4.2 identification and buying,INT-learn-ethical-crystal-sourcing,Explanation,Ethical Crystal Sourcing: How to Buy Responsibly,,new,MEDIUM,draft,3 Learn
P-0723,/learn/are-online-crystals-real,Node,"M4 Gemstone Science, Identification and Buying",S4.2 identification and buying,INT-learn-are-online-crystals-real,Explanation,Are Crystals on Shein/Amazon Real? How to Tell,,new,MEDIUM,draft,3 Learn
P-0724,/learn/crystal-healing-science,Node,"M4 Gemstone Science, Identification and Buying",S4.3 gemstone science,INT-learn-crystal-healing-science,Explanation,Crystal Healing: What Does Science Say?,,new,MEDIUM,draft,3 Learn
P-0725,/learn/are-rocks-alive,Node,"M4 Gemstone Science, Identification and Buying",S4.3 gemstone science,INT-learn-are-rocks-alive,Explanation,Are Crystals & Rocks Alive? The Science Explained,,rewrite,LOW,draft,3 Learn
P-0726,/learn/sun-safe-crystals,Node,M3 Crystal Care and Practice,"S3.1 cleansing, charging and safety",INT-learn-sun-safe-crystals,Explanation,Sun Safe Crystals: Which Crystals Can Go in Sunlight?,,rewrite,MEDIUM,draft,3 Learn
P-0727,/compare/purple-quartz-vs-amethyst,Node,"M4 Gemstone Science, Identification and Buying",S4.1 comparisons,INT-compare-purple-quartz-vs-amethyst,Comparison,Amethyst vs Purple Quartz: Key Differences & Comparison,,rewrite,LOW,draft,4 Compare
P-0728,/compare/larvikite-vs-labradorite,Node,"M4 Gemstone Science, Identification and Buying",S4.1 comparisons,INT-compare-larvikite-vs-labradorite,Comparison,Larvikite vs Labradorite: Key Differences & Comparison,,rewrite,LOW,draft,4 Compare
P-0729,/compare/tree-agate-vs-moss-agate,Node,"M4 Gemstone Science, Identification and Buying",S4.1 comparisons,INT-compare-tree-agate-vs-moss-agate,Comparison,Tree Agate vs Moss Agate: Key Differences & Comparison,,rewrite,LOW,draft,4 Compare
P-0730,/compare/rose-quartz-vs-pink-quartz,Node,"M4 Gemstone Science, Identification and Buying",S4.1 comparisons,INT-compare-rose-quartz-vs-pink-quartz,Comparison,Rose Quartz vs Pink Quartz: Key Differences & Comparison,,new,LOW,draft,4 Compare
P-0731,/compare/lab-created-vs-natural-gemstones,Node,"M4 Gemstone Science, Identification and Buying",S4.1 comparisons,INT-compare-lab-created-vs-natural-gemstones,Comparison,Lab Created vs Natural Gemstones: Key Differences & Comparison,,new,LOW,draft,4 Compare
P-0732,/compare/citrine-vs-yellow-topaz,Node,"M4 Gemstone Science, Identification and Buying",S4.1 comparisons,INT-compare-citrine-vs-yellow-topaz,Comparison,Citrine vs Yellow Topaz: Key Differences & Comparison,,new,LOW,draft,4 Compare
P-0733,/compare/black-tourmaline-vs-obsidian,Node,"M4 Gemstone Science, Identification and Buying",S4.1 comparisons,INT-compare-black-tourmaline-vs-obsidian,Comparison,Black Tourmaline vs Black Obsidian: Key Differences & Comparison,,rewrite,LOW,draft,4 Compare
P-0734,/compare/ruby-vs-garnet,Node,"M4 Gemstone Science, Identification and Buying",S4.1 comparisons,INT-compare-ruby-vs-garnet,Comparison,Ruby vs Garnet: Key Differences & Comparison,,new,LOW,draft,4 Compare
P-0735,/compare/sapphire-vs-tanzanite,Node,"M4 Gemstone Science, Identification and Buying",S4.1 comparisons,INT-compare-sapphire-vs-tanzanite,Comparison,Sapphire vs Tanzanite: Key Differences & Comparison,,new,LOW,draft,4 Compare
P-0736,/compare/moonstone-vs-opal,Node,"M4 Gemstone Science, Identification and Buying",S4.1 comparisons,INT-compare-moonstone-vs-opal,Comparison,Moonstone vs Opal: Key Differences & Comparison,,new,LOW,draft,4 Compare
P-0737,/angel-numbers/111,Node,M6 Angel Numbers (outer),S6.1 repeating numbers,INT-angel-numbers-111,Explanation,"Angel Number 111: Meaning, Love & Spiritual Significance",,new,MEDIUM,draft,5 Angel Numbers
P-0738,/angel-numbers/222,Node,M6 Angel Numbers (outer),S6.1 repeating numbers,INT-angel-numbers-222,Explanation,"Angel Number 222: Meaning, Love & Spiritual Significance",,new,MEDIUM,draft,5 Angel Numbers
P-0739,/angel-numbers/333,Node,M6 Angel Numbers (outer),S6.1 repeating numbers,INT-angel-numbers-333,Explanation,"Angel Number 333: Meaning, Love & Spiritual Significance",,new,MEDIUM,draft,5 Angel Numbers
P-0740,/angel-numbers/444,Node,M6 Angel Numbers (outer),S6.1 repeating numbers,INT-angel-numbers-444,Explanation,"Angel Number 444: Meaning, Love & Spiritual Significance",,new,MEDIUM,draft,5 Angel Numbers
P-0741,/angel-numbers/555,Node,M6 Angel Numbers (outer),S6.1 repeating numbers,INT-angel-numbers-555,Explanation,"Angel Number 555: Meaning, Love & Spiritual Significance",,new,MEDIUM,draft,5 Angel Numbers
P-0742,/angel-numbers/666,Node,M6 Angel Numbers (outer),S6.1 repeating numbers,INT-angel-numbers-666,Explanation,"Angel Number 666: Meaning, Love & Spiritual Significance",,new,LOW,draft,5 Angel Numbers
P-0743,/angel-numbers/777,Node,M6 Angel Numbers (outer),S6.1 repeating numbers,INT-angel-numbers-777,Explanation,"Angel Number 777: Meaning, Love & Spiritual Significance",,new,MEDIUM,draft,5 Angel Numbers
P-0744,/angel-numbers/888,Node,M6 Angel Numbers (outer),S6.1 repeating numbers,INT-angel-numbers-888,Explanation,"Angel Number 888: Meaning, Love & Spiritual Significance",,new,LOW,draft,5 Angel Numbers
P-0745,/angel-numbers/999,Node,M6 Angel Numbers (outer),S6.1 repeating numbers,INT-angel-numbers-999,Explanation,"Angel Number 999: Meaning, Love & Spiritual Significance",,new,LOW,draft,5 Angel Numbers
P-0746,/angel-numbers/1111,Node,M6 Angel Numbers (outer),S6.1 repeating numbers,INT-angel-numbers-1111,Explanation,"Angel Number 1111: Meaning, Love & Spiritual Significance",,new,MEDIUM,draft,5 Angel Numbers
P-0747,/angel-numbers/1010,Node,M6 Angel Numbers (outer),S6.2 mixed sequences,INT-angel-numbers-1010,Explanation,"Angel Number 1010: Meaning, Love & Spiritual Significance",,new,LOW,draft,5 Angel Numbers
P-0748,/angel-numbers/1212,Node,M6 Angel Numbers (outer),S6.2 mixed sequences,INT-angel-numbers-1212,Explanation,"Angel Number 1212: Meaning, Love & Spiritual Significance",,new,LOW,draft,5 Angel Numbers
P-0749,/angel-numbers/1234,Node,M6 Angel Numbers (outer),S6.2 mixed sequences,INT-angel-numbers-1234,Explanation,"Angel Number 1234: Meaning, Love & Spiritual Significance",,new,LOW,draft,5 Angel Numbers
P-0750,/angel-numbers/0,Node,M6 Angel Numbers (outer),S6.1 repeating numbers,INT-angel-numbers-0,Explanation,"Angel Number 0: Meaning, Love & Spiritual Significance",,new,LOW,draft,5 Angel Numbers
P-0751,/angel-numbers/1122,Node,M6 Angel Numbers (outer),S6.2 mixed sequences,INT-angel-numbers-1122,Explanation,"Angel Number 1122: Meaning, Love & Spiritual Significance",,new,LOW,draft,5 Angel Numbers
P-0752,/angel-numbers/11,Node,M6 Angel Numbers (outer),S6.1 repeating numbers,INT-angel-numbers-11,Explanation,"Angel Number 11: Meaning, Love & Spiritual Significance",,new,LOW,draft,5 Angel Numbers
P-0753,/angel-numbers/22,Node,M6 Angel Numbers (outer),S6.1 repeating numbers,INT-angel-numbers-22,Explanation,"Angel Number 22: Meaning, Love & Spiritual Significance",,new,LOW,draft,5 Angel Numbers
P-0754,/angel-numbers/33,Node,M6 Angel Numbers (outer),S6.1 repeating numbers,INT-angel-numbers-33,Explanation,"Angel Number 33: Meaning, Love & Spiritual Significance",,new,LOW,draft,5 Angel Numbers
P-0755,/angel-numbers/44,Node,M6 Angel Numbers (outer),S6.1 repeating numbers,INT-angel-numbers-44,Explanation,"Angel Number 44: Meaning, Love & Spiritual Significance",,new,LOW,draft,5 Angel Numbers
P-0756,/angel-numbers/55,Node,M6 Angel Numbers (outer),S6.1 repeating numbers,INT-angel-numbers-55,Explanation,"Angel Number 55: Meaning, Love & Spiritual Significance",,new,LOW,draft,5 Angel Numbers
P-0757,/angel-numbers/66,Node,M6 Angel Numbers (outer),S6.1 repeating numbers,INT-angel-numbers-66,Explanation,"Angel Number 66: Meaning, Love & Spiritual Significance",,new,LOW,draft,5 Angel Numbers
P-0758,/angel-numbers/77,Node,M6 Angel Numbers (outer),S6.1 repeating numbers,INT-angel-numbers-77,Explanation,"Angel Number 77: Meaning, Love & Spiritual Significance",,new,LOW,draft,5 Angel Numbers
P-0759,/angel-numbers/88,Node,M6 Angel Numbers (outer),S6.1 repeating numbers,INT-angel-numbers-88,Explanation,"Angel Number 88: Meaning, Love & Spiritual Significance",,new,LOW,draft,5 Angel Numbers
P-0760,/angel-numbers/99,Node,M6 Angel Numbers (outer),S6.1 repeating numbers,INT-angel-numbers-99,Explanation,"Angel Number 99: Meaning, Love & Spiritual Significance",,new,LOW,draft,5 Angel Numbers
P-0761,/angel-numbers/100,Node,M6 Angel Numbers (outer),S6.2 mixed sequences,INT-angel-numbers-100,Explanation,"Angel Number 100: Meaning, Love & Spiritual Significance",,new,LOW,draft,5 Angel Numbers
P-0762,/angel-numbers/200,Node,M6 Angel Numbers (outer),S6.2 mixed sequences,INT-angel-numbers-200,Explanation,"Angel Number 200: Meaning, Love & Spiritual Significance",,new,LOW,draft,5 Angel Numbers
P-0763,/angel-numbers/300,Node,M6 Angel Numbers (outer),S6.2 mixed sequences,INT-angel-numbers-300,Explanation,"Angel Number 300: Meaning, Love & Spiritual Significance",,new,LOW,draft,5 Angel Numbers
P-0764,/angel-numbers/400,Node,M6 Angel Numbers (outer),S6.2 mixed sequences,INT-angel-numbers-400,Explanation,"Angel Number 400: Meaning, Love & Spiritual Significance",,new,LOW,draft,5 Angel Numbers
P-0765,/angel-numbers/500,Node,M6 Angel Numbers (outer),S6.2 mixed sequences,INT-angel-numbers-500,Explanation,"Angel Number 500: Meaning, Love & Spiritual Significance",,new,LOW,draft,5 Angel Numbers
P-0766,/angel-numbers/911,Node,M6 Angel Numbers (outer),S6.2 mixed sequences,INT-angel-numbers-911,Explanation,"Angel Number 911: Meaning, Love & Spiritual Significance",,new,LOW,draft,5 Angel Numbers
P-0767,/learn/what-crystals-can-go-in-water,Node,M3 Crystal Care and Practice,"S3.1 cleansing, charging and safety",INT-learn-what-crystals-can-go-in-water,Explanation,What Crystals Can Go in Water? Water-Safe Crystals Guide,,rewrite,MEDIUM,draft,3 Learn
P-0768,/learn/how-to-cleanse-crystals,Node,M3 Crystal Care and Practice,"S3.1 cleansing, charging and safety",INT-learn-how-to-cleanse-crystals,Instruction,"How to Cleanse Crystals: Every Method, Which Stones It Suits",,rewrite,MEDIUM,draft,3 Learn
P-0769,/learn/how-to-charge-crystals,Node,M3 Crystal Care and Practice,"S3.1 cleansing, charging and safety",INT-learn-how-to-charge-crystals,Instruction,"How to Charge Crystals: Moonlight, Sunlight, Sound and Intention",,rewrite,MEDIUM,draft,3 Learn
P-0770,/learn/how-to-know-if-a-chakra-bracelet-is-real,Node,"M4 Gemstone Science, Identification and Buying",S4.2 identification and buying,INT-learn-how-to-know-if-a-chakra-bracelet-is-real,Instruction,How to Know If a Chakra Bracelet Is Real,,rewrite,MEDIUM,draft,3 Learn
,/learn/lab-grown-vs-natural,Node,M4,,,,,,dropped,,drop: duplicate intent; owner is /compare/lab-created-vs-natural-gemstones,
,/learn/how-to-identify-kimberlite,Node,M4,S4.3,,,,,retain,,"retain as-is; accurate, low demand, no rewrite",
,/gemstones/hematite-rings/*,Node,M1,,,,,hematite-rings,deferred,,"defer sub-pages: product page, not a mineral; permutations add no distinct value",
P-0771,/gemstones/tortoise-ring/meaning,Node,M1 Stone Atlas,S1.1 meaning,INT-tortoise-ring-meaning,Explanation,"What is a tortoise ring, what does it mean, and who wears it (Vedic / feng shui tradition)?",tortoise-ring,new,P1,draft (un-deferred on GSC evidence),6 Gemstone Sub-pages
P-0772,/gemstones/tortoise-ring/how-to-cleanse,Node,M1 Stone Atlas,S1.6 how-to-cleanse,INT-tortoise-ring-how-to-cleanse,Instruction,"How do I clean and energetically cleanse a tortoise ring (silver, gold, copper or stone) without damaging it?",tortoise-ring,new,P1,draft (un-deferred on GSC evidence),6 Gemstone Sub-pages
P-0773,/gemstones/tortoise-ring/can-go-in-water,Node,M1 Stone Atlas,S1.3 can-go-in-water,INT-tortoise-ring-can-go-in-water,Explanation,"Can a tortoise ring go in water; does it matter whether it is silver, gold, copper or set with a stone?",tortoise-ring,new,P1,draft (un-deferred on GSC evidence),6 Gemstone Sub-pages
P-0774,/gemstones/tortoise-ring/how-to-identify,Node,M1 Stone Atlas,S1.4 how-to-identify,INT-tortoise-ring-how-to-identify,Instruction,How do I tell a genuine silver or gold tortoise ring from plated or fake pieces?,tortoise-ring,new,P1,draft (un-deferred on GSC evidence),6 Gemstone Sub-pages
P-0775,/gemstones/tortoise-ring/price-guide,Node,M1 Stone Atlas,S1.9 price-guide,INT-tortoise-ring-price-guide,Explanation,"How much does a tortoise ring cost by metal and weight, and what drives the price?",tortoise-ring,new,P1,draft (un-deferred on GSC evidence),6 Gemstone Sub-pages
P-0776,/gemstones/tortoise-ring/combinations,Node,M1 Stone Atlas,S1.7 combinations,INT-tortoise-ring-combinations,Evaluation,"Which rings, stones or metals are traditionally worn with a tortoise ring, and which combinations are advised against?",tortoise-ring,new,P1,draft (un-deferred on GSC evidence),6 Gemstone Sub-pages
,"/gemstones/tortoise-ring/sleeping-with, /affirmations",Node,M1,,,,,tortoise-ring,deferred,,defer: no plausible user question for a metal ring,
